model,variable,coef,se_cluster_country,t_stat,p_value_normal,p_value_t_cluster_df,cluster_df,nobs,adj_r2,stars,ci_low,ci_high
M1_baseline_gdppc,L1_ln_broadband,0.06045832015248461,0.030106270394695142,2.0081637266879007,0.0446258961831614,0.046137886595403514,178,2067,0.9951280967956446,**,0.0014500301788821363,0.11946661012608709
M1_baseline_gdppc,L1_internet_10pct,-0.003280391167168089,0.008751483630958313,-0.3748382909114665,0.7077807349971746,0.7082269529932921,178,2067,0.9951280967956446,,-0.02043329908384638,0.013872516749510202
M3_labor_productivity,L1_ln_broadband,0.0841860188642721,0.030445903699741556,2.7651016601286407,0.005690505839593285,0.006355220683331565,161,1950,0.9928509977779431,***,0.02451204761277865,0.14385999011576556
M3_labor_productivity,L1_internet_10pct,-0.007882242611905458,0.008425528265066078,-0.9355190990916035,0.3495208452559701,0.35092192490404706,161,1950,0.9928509977779431,,-0.02439627801143497,0.008631792787624055
M4_add_education_control,L1_ln_broadband,0.07848298215584103,0.03430792295654866,2.287605176659646,0.022160524167695896,0.02353076774415525,153,1539,0.9966261664612805,**,0.011239453161005664,0.1457265111506764
M4_add_education_control,L1_internet_10pct,-0.008229959689474304,0.008571708355349,-0.960130623709166,0.3369894776211877,0.3385043292253802,153,1539,0.9966261664612805,,-0.025030508065958343,0.008570588687009733
