variable,vif_after_country_year_fe,corr_with_L1_ln_broadband_after_fe,corr_with_L1_internet_10pct_after_fe
L1_ln_broadband,1.2175712033471258,1.0,0.38740047081705137
L1_internet_10pct,1.257920443639269,0.38740047081705137,1.0
L1_gross_capital_formation_pct_gdp,1.103818855553677,0.06633282796464249,-0.11360976988214226
L1_trade_pct_gdp,1.0900747713779462,0.0055363438295062475,-0.10901039491406102
L1_urban_pop_pct,1.044350401535771,-0.06757854736252644,0.1521343082338678
