entry_id,doc_order,start_block_id,end_block_id,bucket,sub_bucket,core_point,question_title,question_ref,fields_present,missing_doc_fields,char_count,text_preview
Q0001,1,61,73,时代背景,机遇,和平与发展仍是时代主题,2026通州期末Q20,2026通州期末Q20,为什么能想到;同题组;材料触发点;答案落点;设问,,561,"1. 2026通州期末Q20
【材料触发点】 设问评价全球治理倡议为何“正逢其时”，题面呈现百年变局、地区动荡、逆全球化和治理赤字，说明全球治理倡议回应和平与发展、经济全球化和各国人民共同愿望的时代背景。
【设问】 结合材料，运用《当代国际政治与经济》知识，谈谈你对“全球治理倡议正逢其时、指引方向彰显担当”的理解。
【为什么能想到】 题目评价全球治理倡议为何“正逢其时”，关键在于它能否回应当下世界的共同难题。百年变局、地区动荡、逆全球化和治理赤字共同说明，各国仍需要在和平与发展主题下通过合作改进全球治理。因此可从时代主题和共同愿望切入，说明全球治理倡议顺应和平、发展、合作的大势。
【答案落点】 全球治理倡议回应世界变乱交织和治理赤字，符合和平与发展时代主题、经济全球化发展趋势和各国人民求和平、谋发展、促合作的共同愿望。
【同题组】 （按原题答题层次）
· 答题层次：本题8分，按六点答题层次组织
· 共商共建共享全球治理观（1分）
· 时代主题、经济全球化、顺应各国人民愿望等（2分）
· 符合《联合国宪章》宗旨和原则（1分）
· 推动构建国际新秩序、倡导国际关系民主化、践行多边主义、坚持"
Q0002,2,74,82,时代背景,机遇,和平与发展仍是时代主题,2025海淀期中Q21(2),2025海淀期中Q21,为什么能想到;同题组;材料触发点;答案落点;设问,,673,"2. 2025海淀期中Q21(2)
【材料触发点】 设问分析外交的“变”，题面把新中国外交放在不同历史阶段和国际格局演进中，说明外交内容和任务的调整与外部时代背景变化相联系。
【设问】 结合材料，运用《当代国际政治与经济》知识，分析新中国外交的“变”与“不变”。
【为什么能想到】 题面把新中国外交按历史阶段铺开，强调阶段之间存在差异；这些差异由外部国际格局的演进推动，不是中国主观偏好的变化。需要说明""变""的逻辑，重在解释外交为何随时代主题而调整，不能把外交阶段照搬罗列。先点出政治多极化、经济全球化深入发展、时代主题指向和平与发展，再把外交重点和合作方式的发展接为时代背景调整后的具体回应。
【答案落点】 新中国外交所处时代背景不断变化，政治多极化、经济全球化深入发展，和平与发展成为时代主题，外交重点和国际合作方式也随之发展。
【同题组】 （按原题答题层次）
· 答题层次：按答案链训练，不展示固定分值层次；围绕新中国外交的“变”与“不变”展开。
· 变的方面：新中国外交的时代背景不断变化，政治多极化、经济全球化深入发展，和平与发展成为时代主题；中国的综合国力不断增强，国际地位不断提升，承担"
Q0003,3,83,92,时代背景,机遇,和平与发展仍是时代主题,2024海淀二模Q18(1)多极化世界中的民主与全球治理,2024海淀二模Q18,为什么能想到;同题组;材料触发点;答案落点;设问,,738,"3. 2024海淀二模Q18(1)多极化世界中的民主与全球治理
【材料触发点】 资料包同时呈现全球南方崛起、人工智能与大数据带来的两极分化和全球治理代表性不足；要把这些现象解释为""全球治理民主化""的现实条件，必须先回到""和平与发展仍是时代主题""——只有时代主题没变，全球治理改革才能在和平合作的框架内推进，而不是走向阵营对抗。
【设问】 任选一个议题，参考资料包中的内容，运用《当代国际政治与经济》知识，围绕所选的议题写一篇时政述评。（8分）要求：观点明确；知识运用准确；论述合乎逻辑，条理清晰。
【为什么能想到】 资料包同时呈现全球南方崛起、人工智能与大数据带来的两极分化、全球治理代表性不足；这一组现象既是全球治理改革的压力源，也是合作而非对抗的现实条件。时政述评要""观点明确""""论述合乎逻辑""，必须先给改革定一个时代基底，再展开方向，否则容易写成现象罗列。先用和平与发展仍是时代主题立住和平合作框架，再点明AI治理缺口和全球南方诉求增多等现实，最后指向推动全球治理民主化。
【答案落点】 和平与发展仍是时代主题，人工智能、大数据带来的治理挑战和全球南方国家诉求上升，要求各方在和平合作框架内推进"
Q0004,4,93,104,时代背景,机遇,和平与发展仍是时代主题,"2025延庆一模Q20(2)外交部发言人回应""脱钩断链""",2025延庆一模Q20,为什么能想到;同题组;材料触发点;答案落点;设问,,796,"4. 2025延庆一模Q20(2)外交部发言人回应""脱钩断链""
【材料触发点】 材料二中个别国家鼓噪""脱钩断链""和供应链""去风险""，与近70个国家和地区企业到链博会寻找""链""通中外方案形成对照；要论证供应链合作的正当性，必须用时代主题判定""合作""才是符合潮流的方向，""脱钩""违背潮流。
【设问】 假如你是外交部发言人，请结合材料二，运用《当代国际政治与经济》知识，对上述提问做出回应。
【为什么能想到】 材料把""脱钩断链""""去风险""与近70个国家和地区企业齐聚链博会的事实做正反对照；对照本身就在暗示""合作""是潮流，""脱钩""逆潮流。以外交部发言人身份回应，要在政治表态层面立住正当性，必须先给出时代判定，再用国际社会的共同行动证明这种判定。先说明和平与发展仍是时代主题、维护产供链稳定符合共同利益，再举近70国企业齐聚链博会作为顺势合作的事实，最后否定""脱钩断链""逻辑。
【答案落点】 维护全球产供链韧性和稳定是世界经济可持续发展的重要保障，符合国际社会的共同利益，顺应和平与发展的时代主题。
【同题组】 （按原题答题层次）
· 答题层次：本题8分，四个角度，每角度2分。
· 时代主题：维护全球产供"
Q0005,5,105,113,时代背景,机遇,和平与发展仍是时代主题,2024西城二模Q19中国答案的国际关系新思路,2024西城二模Q19,为什么能想到;同题组;材料触发点;答案落点;设问,,670,"5. 2024西城二模Q19中国答案的国际关系新思路
【材料触发点】 题面把恃强凌弱、零和博弈、结盟对抗作为旧国际关系的问题，需要把中国答案放回当今世界主题之下，说明它顺应而非违背和平与发展的时代潮流。
【设问】 结合材料，阐述中国答案所体现的处理国际关系的新思路。
【为什么能想到】 题面把恃强凌弱、零和博弈、结盟对抗集中呈现为""旧""国际关系问题；这些""旧""问题与时代主题的方向相反，""新思路""必须放回时代潮流之中才能立住。设问需要说明中国答案的""新思路""，重在新旧对照；先要交代时代潮流仍是和平合作而非对抗，再展开中国答案的具体内容。先用和平与发展仍是时代主题立判，强调中国答案顺应时代而非违逆；再把题干中恃强凌弱、零和博弈、结盟对抗接为旧逻辑，最后承接中国答案的合作共赢内容。
【答案落点】 人类命运共同体理念顺应时代潮流，也可从和平与发展的时代主题角度展开，倡导全球协作，推动国际秩序朝着更加公正合理的方向发展。
【同题组】 （按原题答题层次）
· 答题层次：本题5分，1分总判断，4分任取二点
· 总判断（1分）：全人类是一个命运与共的大家庭，国与国之间利益交汇、命运交织、休戚与共；也可用"
Q0006,6,114,123,时代背景,机遇,和平与发展仍是时代主题,2025丰台期末Q20——中非达成战略性共识的理论逻辑和价值意蕴,2025丰台期末Q20,为什么能想到;同题组;材料触发点;答案落点;设问,,671,"6. 2025丰台期末Q20——中非达成战略性共识的理论逻辑和价值意蕴
【材料触发点】 题面写中非围绕落实全球发展、安全、文明倡议，共同反对脱钩断链、单边主义和保护主义形成共识，说明这一战略共识产生于发展中国家联合自强、共同维护和平与发展的时代背景。
【设问】 阅读材料，运用《当代国际政治与经济》知识，阐明中非达成一系列战略性共识的理论逻辑和价值意蕴。
【为什么能想到】 中非共同落实三大倡议并反对脱钩断链、单边主义和保护主义，体现的是发展中国家在外部压力下维护发展权和合作空间。要解释战略共识能够达成，不能只罗列共识内容，而要说明它顺应和平与发展的时代主题，并以共同利益、平等互利和新型国际关系作为支撑。
【答案落点】 中非达成一系列战略性共识符合和平与发展的时代主题，为发展中国家联合应对全球挑战提供合作土壤。
【同题组】 （按原题答题层次）
· 答题层次：本题8分，前四点各1分，后两点合计4分。
· 理论逻辑层（4分）：中非达成战略性共识符合和平与发展的时代主题1分；基于国家间共同利益构建中非命运共同体1分；在平等互利基础上开展合作1分；落实共商共建共享的全球治理观1分。
· 价值意蕴层"
Q0007,7,124,133,时代背景,机遇,和平与发展仍是时代主题,2026西城二模Q19(1),2026西城二模Q19,为什么能想到;同题组;材料触发点;答案落点;设问,,584,"7. 2026西城二模Q19(1)
【材料触发点】 数据跨境流动和数字经济发展形成全球性议题，中国参与全球数据治理要先说明全球化背景和共同价值基础。
【设问】 结合材料，运用当代国际政治知识，阐释中国参与全球数据治理的逻辑。
【为什么能想到】 数据跨境流动和数字经济发展正在变成全球性议题，单一国家无法独立解决；这种全球性正是中国参与治理的前提。设问问中国参与的""逻辑""，先要给治理为何成立的全球性框架，再展开中国主张。先用和平与发展、经济全球化趋势开题，再点出数据治理是各国共同面对的问题，最后承接中国参与的合理性。
【答案落点】 数字经济发展推动数据跨境流动，全球化发展趋势使数据治理成为各国共同面对的问题，中国参与全球数据治理符合和平与发展、全人类共同价值和人类共同利益。
【同题组】 （按原题答题层次）
· 答题层次：本题6分，按背景解释、宗旨原则、世界意义三层组织
· 背景解释（2分）：全球化发展趋势1分；替代可写和平与发展、全人类共同价值、人类共同利益；结合材料分析1分
· 宗旨原则说明（2分）：共商共建共享1分，变通可写国际关系民主化等；结合材料说明我国参与全球数据组织的实践1分，"
Q0008,8,134,145,时代背景,机遇,和平与发展仍是时代主题,2026朝阳期末Q20,2026朝阳期末Q20,为什么能想到;同题组;材料触发点;答案落点;设问,,841,"8. 2026朝阳期末Q20
【材料触发点】 题目指向分析中国特色大国外交更有作为的必要性，材料呈现“构建周边命运共同体—妥善管控矛盾分歧—让人民远离冲突和战争—共建安宁家园—培育战略互信”的关系链，要求从时代主题和中国外交的共同体目标说明主动作为的理由。
【设问】 结合材料，运用《当代国际政治与经济》知识，分析中国特色大国外交为什么要更有作为。
【为什么能想到】 材料呈现“构建周边命运共同体—妥善管控矛盾分歧—让人民远离冲突和战争—共建安宁家园—培育战略互信”的关系链，说明周边合作的目标不是短期交往，而是在和平发展主题下扩大互信、管控分歧、维护共同安全。由此可说明中国特色大国外交更有作为，是顺应和平与发展时代主题、服务命运共同体建设的必然要求。
【答案落点】 和平与发展是当今时代的主题，中国携手周边国家共建和平家园、安宁家园，妥善管控矛盾分歧，扩大共同利益，有利于推动周边命运共同体建设和全球治理更加公正合理。
【同题组】 （按原题答题层次）
· 本题8分，按四个角度组织，每个角度都写成“背景+目标”。
· 可先总起：中国特色大国外交主动作为，是顺应世界发展大势、服务国家发展大局的必然"
Q0009,9,146,157,时代背景,机遇,和平与发展仍是时代主题,2025朝阳期末Q21,2025朝阳期末Q21,为什么能想到;同题组;材料触发点;答案落点;设问,,1115,"9. 2025朝阳期末Q21
【材料触发点】 题面把世界动荡冲突、单边霸凌、脱钩断链和意识形态分歧作为外部风险，问中国特色大国外交如何营造外部环境；总体外部环境的根本前提是把答案先放回和平与发展的时代主题，再把促进世界和平与发展和维护和平稳定的国际环境作为方向。
【设问】 结合材料，运用《当代国际政治与经济》知识，说明如何通过开展中国特色大国外交为推进中国式现代化营造良好外部环境。
【为什么能想到】 题面把世界动荡冲突、单边霸凌、脱钩断链、意识形态分歧四类外部风险并列摆出；这些风险共同指向""营造外部环境""这件事不能只靠技术性应对，必须回到时代主题给方向。设问问""如何""为中国式现代化营造良好外部环境，重在指明方向；必须先用时代主题给出大势判断，再把外交动作接为方向上的回应。先说明和平与发展仍是时代主题、中国外交以促进世界和平与发展为目标，再点出维护和平稳定的国际环境，最后接四类外部风险的应对动作。
【答案落点】 中国开展中国特色大国外交，促进世界和平与发展，维护和平稳定的国际环境，回应单边霸凌、脱钩断链和意识形态分歧等外部风险，为推进中国式现代化营造稳定的外部条件。
【同题组】 （按原题"
Q0010,10,158,166,时代背景,机遇,和平与发展仍是时代主题,2026顺义一模Q20,2026顺义一模Q20,为什么能想到;同题组;材料触发点;答案落点;设问,,518,"10. 2026顺义一模Q20
【材料触发点】 设问问南南合作“典范”的深层逻辑，材料中的科技小院与发展中国家共享农业技术、降低成本、培养人才，说明南南合作通过具体项目回应全球南方农业发展、民生改善和共同发展需求。
【设问】 结合材料，运用《当代国际政治与经济》知识，阐述科技小院成为南南合作典范的深层逻辑。
【为什么能想到】 科技小院""扬帆出海""、让更多全球南方国家受益，各国合力谋发展的局面要靠和平与发展仍是时代主题这一大势托底，故用它点明其顺应世界潮流。
【答案落点】 和平与发展是当今时代主题，科技小院顺应世界大势，以农业合作助力发展中国家共同发展，成为南南合作典范。
【同题组】 （按原题答题层次）
· 本题7分，先写共同利益1分，这一层必须出现。
· 国际政治3分：可从和平与发展是当今时代主题写起；再写构建人类命运共同体，也可替换为独立自主的和平外交政策、维护世界和平促进共同发展的宗旨、正确义利观；还可写新型国际关系、合作共赢、互利共赢、共享发展成果。
· 国际经济3分：结合科技小院说明农业技术提高生产率、降低成本，带来发展动力；通过培养本土人才激发内生动力，推动可持续发展；体现经"
Q0011,11,167,175,时代背景,机遇,和平与发展仍是时代主题,2026石景山二模Q18,2026石景山二模Q18,为什么能想到;同题组;材料触发点;答案落点;设问,,572,"11. 2026石景山二模Q18
【材料触发点】 原卷写中国连续16年保持东盟第一大贸易伙伴地位、东盟连续5年成为中国第一大贸易伙伴，2025年双边贸易增长；材料还列出数字基础设施合作、绿色发展经验和自贸区3.0版规则共建，说明合作提质升级有经贸事实、共同利益和规则联通支撑。
【设问】 结合材料，运用《当代国际政治与经济》知识，分析中国与东盟经贸合作能够提质升级的原因。
【为什么能想到】 中国东盟合作在贸易保护抬头中仍逆势上扬、迈向规则共建，双方共谋发展的空间依托于和平与发展仍是时代主题，故以它说明提质升级的外部前提。
【答案落点】 中国与东盟经贸合作提质升级，顺应经济全球化趋势、符合和平与发展的时代主题，推动区域共同发展。
【同题组】 （按原题答题层次）
· 答题层次：本题8分，依据4分，意义4分
· 依据层（4分，从政治、经济各答出1个观点）：国家利益和国家实力是影响国际关系的决定性因素；中国与东盟经贸合作提质升级顺应经济全球化趋势，基于双方共同利益，符合时代发展主题
· 意义层（4分，任意2个维度）：对本国，有利于充分利用两个市场、两种资源，促进经济转型升级，使发展成果惠及人民；"
Q0012,12,176,184,时代背景,机遇,和平与发展仍是时代主题,"2026延庆一模Q19(2)——中国""推动重塑全球能源治理格局""的理论逻辑和价值意蕴",2026延庆一模Q19,为什么能想到;同题组;材料触发点;答案落点;设问,,648,"12. 2026延庆一模Q19(2)——中国""推动重塑全球能源治理格局""的理论逻辑和价值意蕴
【材料触发点】 题面写中国与共建国家围绕绿色能源开发、技术合作、绿色基建联动，构成绿色发展上的共同需求；设问问理论逻辑，必须先给出合作成立的理论解释。
【设问】 结合材料二，运用《当代国际政治与经济》知识，说明中国“推动重塑全球能源治理格局”的理论逻辑和价值意蕴。
【为什么能想到】 题目要求说明中国推动重塑全球能源治理格局的理论逻辑和价值意蕴，材料把“一带一路”能源合作放在和平、发展、合作、共赢的历史潮流中。全球能源治理不是单国事务，而是各国在共同发展背景下的合作议题。因而可从和平与发展仍是时代主题出发，说明中国以“一带一路”为平台推动能源治理，顺应和平、发展、合作、共赢的历史潮流。
【答案落点】 中国顺应和平、发展、合作、共赢的历史潮流，以""一带一路""为平台推动全球能源治理，符合国际交往与合作的基本逻辑。
【同题组】 （按原题答题层次）
· 答题层次：本题8分，按理论逻辑4分和价值意蕴4分组织。
· 理论逻辑（4分）：两个角度各2分，每个角度按观点1分+结合绿色能源合作材料说明1分。国家利益"
Q0013,13,185,194,时代背景,机遇,和平与发展仍是时代主题,2026朝阳一模Q20,2026朝阳一模Q20,为什么能想到;同题组;材料触发点;答案落点;设问,,740,"13. 2026朝阳一模Q20
【材料触发点】 题目问中国为什么能为全球发展注入稳定性和正能量，材料从创新、开放和发展合作三个镜头说明中国行动顺应和平与发展的时代需要。
【设问】 结合材料，运用《当代国际政治与经济》的知识，阐述中国为什么能为全球发展注入稳定性和正能量。
【为什么能想到】 全球发展面临不稳定不确定因素时，题目把“中国能注入稳定性和正能量”作为核心追问。中国的创新成果、开放政策和发展合作共同服务于世界发展，应先用和平与发展仍是时代主题统摄这一价值方向。
【答案落点】 中国坚定不移扩大高水平对外开放、推动贸易投资自由化便利化，顺应了和平与发展这一时代主题，为全球发展注入稳定性。
【同题组】 （按原题答题层次）
· 答题层次：本题8分，按必答点、共享发展经验、发展潜力三个层次组织；全题总分不超过8分，发展潜力角度最多5分。
· 必答点（2分）：当前国际竞争的实质是以经济和科技实力为基础的综合国力较量1分；中国坚持创新驱动战略，科技实力日益增强，成为全球创新策源地，为全球产业链供应链稳定提供坚实支撑1分。
· 共享发展经验（3分）：通过分享减贫经验、生态治理经验、职业教育经验等"
Q0014,14,195,204,时代背景,机遇,和平与发展仍是时代主题,2025东城二模Q20,2025东城二模Q20,为什么能想到;同题组;材料触发点;答案落点;设问,,520,"14. 2025东城二模Q20
【材料触发点】 题面开头集中呈现全球经济复苏乏力、贸易保护主义、地区冲突、阵营对抗、脱钩断链、恐怖主义和气候变化等挑战，小论文首层必须先交代“同球共济”提出的时代背景。
【设问】 结合材料，运用《当代国际政治与经济》知识，写一篇小论文。要求：自拟题目、观点明确、逻辑清晰，200字左右。
【为什么能想到】 论文开篇罗列经济复苏乏力、阵营对抗、脱钩断链等乱象，要给""同球共济""找时代坐标，须先点明乱局之下和平与发展仍是时代主题。
【答案落点】 当前国际局势变乱交织，而和平与发展仍是时代主题，需各国携手应对挑战、共谋发展。
【同题组】 （按原题答题层次）
· 答题层次：本题8分，按背景、精神、行动三层组织
· 第一层：背景（2分）：结合第一自然段简述国际局势，如国际局势变乱交织、局部动荡不断、面临诸多问题和挑战。若只笼统写和平与发展主题、世界多极化等学科背景，给1分
· 第二层：精神（4分）：“同球共济”精神丰富人类命运共同体内涵（2分）；符合各国共同利益（2分）
· 第三层：行动（2分）：为解决问题贡献中国智慧和中国方案（2分）；可替代为具体方案、行动，如推动"
Q0015,15,205,217,时代背景,机遇,和平与发展仍是时代主题,2026石景山一模Q20,2026石景山一模Q20,为什么能想到;同题组;材料触发点;答案落点;设问,,628,"15. 2026石景山一模Q20
【材料触发点】 题面""五个共同""列出共同维护多边贸易体制、共同推进贸易投资自由化便利化、共同建设产业链供应链、共同推动数字绿色贸易合作、共同促进区域繁荣等内容，问中国倡议如何助推亚太合作；亚太各国能在这些方向上联动合作，前提是它们具有相互交织的共同利益。
【设问】 运用《当代国际政治与经济》知识，任选两个关键词，说明中国倡议如何助推亚太合作。
【为什么能想到】 ""五个共同""里共建产业链供应链、共促区域繁荣，亚太各国愿意这样联动，前提是身处和平与发展仍是时代主题的大环境，故以它说明中国倡议顺势而为。
【答案落点】 中国倡议顺应和平、发展、合作、共赢的潮流，致力于亚太和平合作与共同发展。
【同题组】 （按原题答题层次）
· 本题8分：从1个关键词展开，可拿4分；从2个关键词展开，最多8分。
· 每个关键词都按“关键词+学科用语+结合材料分析”写，不只贴标签。
· 可选关键词：共商共建共享、人类命运共同体、经济全球化、和平发展合作共赢、维护共同利益；也可用材料中的“共同、开放、包容”组织。
· 高分表达要观点明确、紧扣问题、知识准确、逻辑清楚；只罗列知识、没"
Q0016,16,218,228,时代背景,机遇,和平与发展仍是时代主题,2026海淀二模Q20(2),2026海淀二模Q20,为什么能想到;同题组;材料触发点;答案落点;设问,,598,"16. 2026海淀二模Q20(2)
【材料触发点】 全球发展倡议本身就是题目主题，材料要求把中国倡议与国际发展合作实践连接起来。
【设问】 结合材料，运用《当代国际政治与经济》知识，围绕“全球发展倡议从合作理念到丰富实践”这一主题，撰写一篇短评。（7分）
【为什么能想到】 全球发展倡议正是题目主题，而材料强调""同球共济、团结合作才是正确选择""，这一判断只有放在和平与发展仍是时代主题的背景下才能成立，故以它打底。
【答案落点】 和平与发展仍是当今时代主题，面对全球发展新挑战，同球共济、团结合作才是正确选择，全球发展倡议顺应了这一潮流。
【同题组】 （按原题答题层次）
· 答题层次：本题7分，按短评答题层次组织
· 逻辑分层（1分）：分清“背景及原因”和“具体举措及其积极影响”，通过分段呈现
· 背景及原因/意义（3分）：必要性知识1分，可写时代主题、经济全球化/世界多极化、共同利益等；重要性知识1分，可写推动国际秩序朝更加公正合理方向发展、推动经济全球化朝开放包容普惠平衡共赢方向发展、增强发展中国家话语权和国际地位等任意一点；结合材料论述1分
· 具体举措（3分）：共商共建共享、完善全"
Q0017,17,229,238,时代背景,机遇,和平与发展仍是时代主题,2025房山一模Q18(2),2025房山一模Q18,为什么能想到;同题组;材料触发点;答案落点;设问,,574,"17. 2025房山一模Q18(2)
【材料触发点】 开源战略题要求阐释技术革新如何成为全球合作新模式，DeepSeek开源让全球开发者自由使用和改进，部分国家企业低成本开发本地化AI模型，说明科技开放可以推动开放型世界经济和经济全球化发展。
【设问】 “中国的开源战略不仅是技术上的革新，更是对全球合作新模式的一次积极探索和实践。”结合材料，运用《当代国际政治与经济》知识，谈谈你对这句话的理解。
【为什么能想到】 DeepSeek开源让140国开发者自由使用改进、有国家借此低成本做本地化模型，技术开放促成各国共进，这以和平与发展仍是时代主题为前提。
【答案落点】 顺应和平与发展的国际潮流，中国以开源战略加强国际交流合作，积极参与全球治理，推动全球合作新模式。
【同题组】 （按原题答题层次）
· 答题层次：本题8分，按两条链条加逻辑分组织
· 第一链（4分）：当前国际竞争的实质 -> 坚持高水平对外开放/对外开放基本国策 -> 以科学技术的发展推动建设创新型、开放型世界经济（不可替代） -> 促进经济全球化发展
· 第二链（3分）：和平与发展的国际潮流 -> 在联合国宗旨和原则框架下（不"
Q0018,18,239,246,时代背景,机遇,和平与发展仍是时代主题,2026顺义一模Q21,2026顺义一模Q21,为什么能想到;同题组;材料触发点;答案落点;设问,,433,"18. 2026顺义一模Q21
【材料触发点】 “审势、乘势、驭势”综合题可从国政经角度说明：中国式现代化走和平发展道路，坚持多边主义、互利共赢和人类命运共同体理念，为世界和平与发展提供中国智慧和中国方案。
【设问】 结合材料，综合运用所学，谈谈以中国式现代化全面推进中华民族伟大复兴，应如何运用“审势、乘势、驭势”的智慧。
【为什么能想到】 材料称中国式现代化“是走和平发展道路的现代化”，又说中国是“世界和平的稳定力量”；要审清复兴可乘之“势”，先得点出和平与发展仍是时代主题这一大方向。
【答案落点】 和平与发展是当今时代主题，中国式现代化是走和平发展道路的现代化，应顺应时代潮流乘势而上。
【同题组】 （按原题答题层次）
· 答题提醒：综合题，8分任意4个角度；本题选必一对应国政经角度2分
· 国政经角度：和平与发展是当今时代主题；中国式现代化是走和平发展道路的现代化；坚持多边主义，坚持互利共赢，倡导人类命运共同体；为世界和平与发展提供中国智慧、中国方案"
Q0019,19,247,260,时代背景,机遇,和平与发展仍是时代主题,2026丰台期末Q21,2026丰台期末Q21,为什么能想到;同题组;材料触发点;答案落点;设问,,823,"19. 2026丰台期末Q21
【材料触发点】 题目要求围绕“四大全球倡议为构建人类命运共同体凝聚磅礴合力”写短评，题干呈现四大全球倡议回应时代课题、凝聚国际共识与共同未来之间的关系。回答这一关系时，应先说明和平与发展仍是时代主题，各国人民求和平、谋发展、促合作、图共赢的愿望构成合作基础。
【设问】 结合材料，运用《当代国际政治与经济》知识，以“四大全球倡议为构建人类命运共同体凝聚磅礴合力”为主题，撰写一篇短评。
【为什么能想到】 四大倡议能“凝聚磅礴合力”，前提是各国想要的一致；先讲出这份求和平、谋发展的普遍愿望，才说得通和平与发展仍是时代主题这一合力底座。
【答案落点】 和平与发展仍是时代主题，四大全球倡议顺应各国人民求和平、谋发展、促合作、图共赢的共同愿望，为构建人类命运共同体凝聚合作力量。
【同题组】 （按原题答题层次）
· 答题层次：本题8分，短评题，围绕“四大全球倡议为构建人类命运共同体凝聚磅礴合力”展开，按整体回应和论证充分度定层级。
· 核心问题：不是简单罗列四个倡议，而是说明四大全球倡议如何推动构建人类命运共同体。
· 论证角度：可从四大全球倡议的本质、当前世界形势的"
Q0020,20,263,273,时代背景,机遇,和平与发展仍是时代主题,2026海淀期中Q22(1),2026海淀期中Q22,为什么能想到;同题组;材料触发点;答案落点;设问,,631,"20. 2026海淀期中Q22(1)
【材料触发点】 题目问全球治理倡议为何能获得国际社会认同，实质是在追问倡议的正当性和时代基础；全球治理处于十字路口，说明回答必须先判断它顺应和平、发展、合作的世界大势，而不是只复述倡议内容。
【设问】 运用《当代国际政治与经济》知识，说明全球治理倡议为什么能获得国际社会广泛认同，（6分）
【为什么能想到】 题面把""全球治理处于十字路口""作为大背景，再问倡议为何获得认同；十字路口的表述本身就在暗示倡议要顺大势才能立住。6分题问""为什么能获得广泛认同""，重在解释认同的正当性来源，不是罗列倡议条目。先以和平与发展仍是时代主题、合作共赢的世界大势打开答案，再点出倡议符合各国人民共同愿望，最后接获得广泛认同的结论。
【答案落点】 全球治理倡议顺应和平与发展的时代潮流，符合世界各国人民的共同愿望，因此能够获得国际社会广泛认同。
【同题组】 （按原题答题层次）
· 答题层次：本题6分，按答案链训练，不展示固定分值层次。
· 时代基础：全球治理倡议顺应和平与发展的时代潮流，符合世界各国人民共同愿望。
· 核心理念：奉行主权平等、遵守国际法治、践行多边主义、倡导以人"
Q0021,21,276,284,时代背景,机遇,和平与发展仍是时代主题,2026通州一模Q19,2026通州一模Q19,为什么能想到;同题组;材料触发点;答案落点;设问,,580,"21. 2026通州一模Q19
【材料触发点】 题目要求分析中国元首外交如何为世界注入稳定性与正能量；材料呈现中俄、中美、欧洲、周边国家和全球南方合作，说明答题不能只写外交活动本身，还要说明这些活动顺应和平、发展、合作、共赢的时代潮流。
【设问】 结合材料，运用《当代国际政治与经济》知识，分析中国元首外交如何为世界注入稳定性与正能量。（8分）
【为什么能想到】 题干直接把元首外交的作用概括为“稳定性与正能量”，这是时代主题题的信号。写法上先判断世界处在动荡变革中，再说明中国以对话合作回应共同愿望，为和平发展提供稳定支撑。
【答案落点】 中国元首外交顺应和平与发展的时代主题，通过沟通对话、互信合作和共同发展，为动荡变革的世界注入稳定性与正能量。
【同题组】 （按原题答题层次）
· 答题层次：本题8分，措施或知识4分，材料分析且必须答作用4分，落点指向为世界注入稳定性与正能量
· 可采知识：和平与发展时代主题、共同利益是合作的基础、兼顾他国合理关切、维护多边贸易体制、推动经济全球化朝开放包容普惠平衡共赢方向发展、坚持正确义利观、推动国际关系民主化和国际政治经济新秩序、共商共建共享全球治理观"
Q0022,22,289,298,时代背景,机遇,和平与发展仍是时代主题,2026西城期末Q20参与全球气候治理中的中国实践,2026西城期末Q20,为什么能想到;同题组;材料触发点;答案落点;设问,,601,"22. 2026西城期末Q20参与全球气候治理中的中国实践
【材料触发点】 答题要求角度2写明“国际背景：和平发展合作共赢是时代潮流/非传统安全威胁”，材料围绕全球气候治理这一跨国共同挑战展开。
【设问】 结合材料，运用《国际政治与经济》知识，阐释参与全球气候治理的中国实践。
【为什么能想到】 气候治理不是单纯国内绿色发展题，而是和平与发展时代主题下的全球共同治理议题。答题要求把时代潮流列为得分角度，提示应先交代中国参与治理的国际背景。
【答案落点】 和平与发展仍是时代主题，气候变化等非传统安全威胁需要国际社会合作应对，中国参与全球气候治理顺应和平、发展、合作、共赢的时代潮流。
【同题组】 （按原题答题层次）
· 本题8分，按“是什么—为什么—效果”三层写。
· 是什么2分：先说中国在全球气候治理中是建设者、引领者或负责任大国；再结合材料概括具体做法，如坚持绿色发展、新发展理念，发挥有为政府和有效市场作用。
· 为什么3分：从四类中写满三类即可：全球气候治理挑战或完善全球治理体系；世界各国共同利益；中国理念，如人类命运共同体、全人类共同价值、正确义利观、共商共建共享、真正的多边主义、互"
Q0023,23,304,313,时代背景,挑战,霸权主义和强权政治、单边主义是和平与发展的现实挑战,2024海淀二模Q18(1)多极化世界中的民主与全球治理,2024海淀二模Q18,为什么能想到;同题组;材料触发点;答案落点;设问,,606,"1. 2024海淀二模Q18(1)多极化世界中的民主与全球治理
【材料触发点】 资料包围绕多极化世界中的民主与全球治理展开，既写全球南方国家崛起、单极主导地位被削弱，也写全球治理代表性不足，说明旧有霸权和强权式治理结构已经难以回应各国共同参与治理的要求。
【设问】 任选一个议题，参考资料包中的内容，运用《当代国际政治与经济》知识，围绕所选的议题写一篇时政述评。（8分）要求：观点明确；知识运用准确；论述合乎逻辑，条理清晰。
【为什么能想到】 看到“单极主导地位”被削弱、全球治理代表性不足，就不能只写一般合作愿望；这些材料直接指向霸权主义和强权政治带来的治理失衡。时政述评要先说明这种现实挑战，再引出多极化和全球治理民主化的必要性。
【答案落点】 霸权主义和强权政治、单边主义等现实挑战造成全球治理代表性不足，各国应在世界多极化进程中推动全球治理更加民主公正。
【同题组】 （按原题答题层次）
· 答题层次：本题8分，时政述评等级题；原题没有把共同利益单列为固定得分层。
· 可用角度：可从时代主题、世界多极化、人类命运共同体、国际组织等角度作答。
· 定档要求：观点明确；知识运用准确；论述合乎逻"
Q0024,24,315,324,时代背景,挑战,百年变局与外部风险挑战,2025东城二模Q20,2025东城二模Q20,为什么能想到;同题组;材料触发点;答案落点;设问,,656,"1. 2025东城二模Q20
【材料触发点】 题面开头集中呈现全球经济复苏乏力、贸易保护主义、地区冲突、阵营对抗、脱钩断链、恐怖主义和气候变化等挑战，小论文首层必须先交代“同球共济”提出的时代背景。
【设问】 结合材料，运用《当代国际政治与经济》知识，写一篇小论文。要求：自拟题目、观点明确、逻辑清晰，200字左右。
【为什么能想到】 题面开头一口气列出经济复苏乏力、贸易保护主义、地区冲突、阵营对抗、脱钩断链、恐怖主义、气候变化等多类问题；这是典型的""变乱交织""信号。小论文要求论证""同球共济""为何提出，首层必须先把外部风险挑战交代到位，再讨论应对。先说明当今国际局势变乱交织、人类面临多重风险挑战，再把这些挑战接为""同球共济""必要性的来源，最后承接中国主张。
【答案落点】 当今国际局势变乱交织，局部动荡不断，人类面临经济复苏乏力、贸易保护主义、冲突动荡和非传统安全威胁等诸多问题和挑战，因此更需要弘扬“同球共济”精神。
【同题组】 （按原题答题层次）
· 答题层次：本题8分，按背景、精神、行动三层组织
· 第一层：背景（2分）：结合第一自然段简述国际局势，如国际局势变乱交织、局部动荡不断、面"
Q0025,25,325,336,时代背景,挑战,百年变局与外部风险挑战,2024朝阳一模Q21,2024朝阳一模Q21,为什么能想到;同题组;材料触发点;答案落点;设问,,897,"2. 2024朝阳一模Q21
【材料触发点】 题目先要求分析“变局”中的经济形势，题目评价重点提示我国发展的外部环境日趋严峻、风险挑战增多，因此要先说明外部风险压力。
【设问】 结合上述资料，在分析我国当前经济形势的基础上，运用《当代国际政治与经济》知识，谈谈如何推动中国经济在变局中开新局。
【为什么能想到】 题目评价重点集中在我国外部环境日趋严峻、风险挑战增多；这是典型的“变局”中分析经济形势的信号。设问指向先分析""变局""中的经济形势再谈开新局，分析形势就要把外部环境的严峻性立住。先说明我国外部环境日趋严峻、风险挑战增多，再把外部压力接为统筹发展与安全的必要性，最后承接以新安全格局保障新发展格局的开新局思路。
【答案落点】 我国发展的外部环境日趋严峻、风险挑战增多，使中国经济开新局必须统筹发展与安全。
【同题组】 （按原题答题层次）
· 答题层次：本题9分，按4+5结构组织；先用4分概括我国当前经济形势，再用5分回答如何在变局中开新局。
· 分析我国当前经济形势（4分）：经济总量持续增长、经济增速保持稳健；我国经济进入以新发展理念引领的高质量发展阶段；外部环境日趋严峻、风险挑战增多；"
Q0026,26,338,348,时代背景,挑战,气候变化给全人类带来巨大风险和挑战，气候治理已成为全球治理的重要议题之一,2024朝阳二模Q20,2024朝阳二模Q20,为什么能想到;同题组;材料触发点;答案落点;设问,,859,"1. 2024朝阳二模Q20
【材料触发点】 表格题先要求形成研讨共识，研讨背景集中呈现气温上升对粮食、生态、能源、基础设施和生命财产安全的威胁，因此必须先说明气候治理的全球公共问题属性。
【设问】 结合研讨背景，运用《当代国际政治与经济》知识，完成下表。
【为什么能想到】 研讨背景集中呈现气温上升对粮食、生态、能源、基础设施和生命财产安全的威胁；这些威胁是跨国、跨域、跨代的，单一国家无法独立解决。表格题要先填""基本原则""再填""共识""，原则部分必须先说明气候治理的全球公共属性，否则后面的共识缺少依据。先把气候变化定性为全人类共同风险和挑战、已成为全球治理重要议题，再把粮食/生态/能源等威胁接为风险表现，最后承接共同责任落点。
【答案落点】 气候变化给全人类带来巨大风险和挑战，已成为全球治理的重要议题，各国应把应对气候变化作为共同责任推进。
【同题组】 （按原题答题层次）
· 答题层次：本题8分，基本原则2分，各方达成共识6分。
· 基本原则（2分）：平等（1分；有平等/公平/公正/多边主义/协商一致一词即可）；开放（1分；有开放/合作/共享/共赢/包容/求同存异/共商共建一词即可）。
"
Q0027,27,352,361,理论,合作,国家间共同利益是国家合作的基础,2025东城一模Q20,2025东城一模Q20,为什么能想到;同题组;材料触发点;答案落点;设问,,638,"1. 2025东城一模Q20
【材料触发点】 此次出访中，中国同秘鲁签署自贸协定升级议定书和共建“一带一路”合作规划，并在11天内达成60多项合作文件，说明相关国家围绕贸易合作、区域合作和发展议题存在共同利益。
【设问】 结合材料，运用《当代国际政治与经济》知识，谈谈此次元首外交的“精彩”之处。
【为什么能想到】 题面给出自贸协定升级议定书、共建“一带一路”合作规划以及11天60多项合作文件等具体落点，呈现的是高密度、跨议题的双边务实合作。问元首外交的“精彩”之处，要求解释这些密集合作为什么能落地，而不是把签约成果罗列一遍。先把贸易、区域和发展议题统摄到双方共同利益上，再写国家间共同利益是国家合作的基础，进而接到此次出访拓展务实合作的具体表现。
【答案落点】 此次元首外交围绕自贸协定升级、共建“一带一路”合作规划和多项合作文件拓展务实合作，体现国家间共同利益是合作的基础。
【同题组】 （按原题答题层次）
· 答题层次：本题8分，按原题三层得分层次组织
· 第一层（4分）：①共同利益是合作的基础（2分；替代：具体合作，如共建“一带一路”、贸易自由化便利化，可给1分）；②推动高水平对外开放"
Q0028,28,362,374,理论,合作,国家间共同利益是国家合作的基础,2026石景山一模Q20,2026石景山一模Q20,为什么能想到;同题组;材料触发点;答案落点;设问,,781,"2. 2026石景山一模Q20
【材料触发点】 题面""五个共同""列出共同维护多边贸易体制、共同推进贸易投资自由化便利化、共同建设产业链供应链、共同推动数字绿色贸易合作、共同促进区域繁荣等内容，问中国倡议如何助推亚太合作；亚太各国能在这些方向上联动合作，前提是它们具有相互交织的共同利益。
【设问】 运用《当代国际政治与经济》知识，任选两个关键词，说明中国倡议如何助推亚太合作。
【为什么能想到】 题面用""五个共同""把多边贸易体制、贸易投资便利化、产业链供应链、数字绿色贸易、区域繁荣并排列出，五条都从""共同""切入，指向合作建立在亚太各国相互交织的利益之上。问""如何助推""，要把中国倡议与亚太合作的内在动力关联，不能只解释关键词字面。先点明亚太各国在多边贸易、产业链供应链和开放发展中存在共同利益，再写中国倡议凝聚共同维护、共同推进、共享繁荣三条共识，进而接到助推亚太合作走深走实。
【答案落点】 中国倡议立足亚太各国在多边贸易、产业链供应链和开放发展中的共同利益，凝聚共同维护、共同推进、共享繁荣的合作共识，助推亚太合作走深走实。
【同题组】 （按原题答题层次）
· 本题8分：从1个关键词展开，可拿"
Q0029,29,375,383,理论,合作,国家间共同利益是国家合作的基础,2026丰台一模Q19,2026丰台一模Q19,为什么能想到;同题组;材料触发点;答案落点;设问,,545,"3. 2026丰台一模Q19
【材料触发点】 题面用减贫国际合作、教育合作和卫生健康经验分享三组材料，说明中国把自身发展同各国发展利益结合起来；要回答中国大国情怀与担当，需要先解释中国为什么能与各国在可持续发展上形成合作。
【设问】 结合材料，运用《当代国际政治与经济》知识，说明中国在全球可持续发展中彰显了怎样的大国情怀与担当。
【为什么能想到】 题面把减贫国际合作、教育合作和卫生健康经验分享三组事实并排，呈现的是中国把自身发展成果与各国发展需求拼到同一张利益清单上。需要说明""大国情怀与担当""，必须先解释中国为什么能与各国一起做这些事，再说担当从何而来。先点明中国致力于扩大同各国利益的汇合点，再写减贫、教育、卫生健康等领域的合作是共同利益的具体落点，进而接到中国把自身发展成就转化为全球可持续发展的共同利益。
【答案落点】 中国致力于扩大同各国利益的汇合点，在消除贫困、教育普及和卫生健康等领域同各国合作，把自身发展成就转化为推动全球可持续发展的共同利益。
【同题组】 （同主题练习提醒）
· 本题适合作为同主题训练，不按固定得分层次展开。
· 可写方向：围绕全球治理、中国担当、人类命运共同"
Q0030,30,384,393,理论,合作,国家间共同利益是国家合作的基础,2025丰台期末Q20——中非达成战略性共识的理论逻辑和价值意蕴,2025丰台期末Q20,为什么能想到;同题组;材料触发点;答案落点;设问,,764,"4. 2025丰台期末Q20——中非达成战略性共识的理论逻辑和价值意蕴
【材料触发点】 题面写中非合力反对脱钩断链、提升发展中国家在全球治理体系中的代表性和发言权，并把战略共识嵌入南南合作；设问问理论逻辑，回答合作为什么能够成立时必须先说明共同利益。
【设问】 阅读材料，运用《当代国际政治与经济》知识，阐明中非达成一系列战略性共识的理论逻辑和价值意蕴。
【为什么能想到】 题面把""反对脱钩断链""和""提升发展中国家在全球治理体系中的代表性和发言权""并列摆出，并把战略共识嵌入南南合作框架，指向中非有一组重叠的利益与诉求。问""理论逻辑""，要解释战略共识为什么能达成；问""价值意蕴""，再带出对发展中国家整体的意义。先点明国家间共同利益是合作的基础，再写中非在维护发展中国家利益、反对脱钩断链、推进全球治理公平上的共同关切，进而接到双方能够达成一系列战略性共识。
【答案落点】 国家间共同利益是合作的基础，中非在维护发展中国家共同利益、反对脱钩断链、推进全球治理公平方面具有共同关切，因此能够达成战略性共识。
【同题组】 （按原题答题层次）
· 答题层次：本题8分，前四点各1分，后两点合计4分。
· 理论"
Q0031,31,394,402,理论,合作,国家间共同利益是国家合作的基础,"2026延庆一模Q19(2)——中国""推动重塑全球能源治理格局""的理论逻辑和价值意蕴",2026延庆一模Q19,为什么能想到;同题组;材料触发点;答案落点;设问,,674,"5. 2026延庆一模Q19(2)——中国""推动重塑全球能源治理格局""的理论逻辑和价值意蕴
【材料触发点】 题面写中国与共建国家围绕绿色能源开发、技术合作、绿色基建联动，构成绿色发展上的共同需求；设问问理论逻辑，必须先给出合作成立的理论解释。
【设问】 结合材料二，运用《当代国际政治与经济》知识，说明中国“推动重塑全球能源治理格局”的理论逻辑和价值意蕴。
【为什么能想到】 题面把绿色能源开发、技术合作、绿色基建放在中国与共建国家之间相互联动，指向双方在绿色发展方向上有相同需求。问""理论逻辑""，必须先解释这种联动为什么能成立，再带出价值意蕴。先点明中国与国际社会在绿色能源开发利用、应对气候变化和可持续发展上存在共同利益，再写共同利益是国家间合作的基础，进而接到中国能够推动重塑全球能源治理格局。
【答案落点】 中国与国际社会在绿色能源开发利用、应对气候变化和实现可持续发展方面存在共同利益，共同利益是国家间合作的基础，因此中国能够推动重塑全球能源治理格局。
【同题组】 （按原题答题层次）
· 答题层次：本题8分，按理论逻辑4分和价值意蕴4分组织。
· 理论逻辑（4分）：两个角度各2分，每个角"
Q0032,32,403,411,理论,合作,国家间共同利益是国家合作的基础,2026石景山二模Q18,2026石景山二模Q18,为什么能想到;同题组;材料触发点;答案落点;设问,,597,"6. 2026石景山二模Q18
【材料触发点】 原卷写中国连续16年保持东盟第一大贸易伙伴地位、东盟连续5年成为中国第一大贸易伙伴，2025年双边贸易增长；材料还列出数字基础设施合作、绿色发展经验和自贸区3.0版规则共建，说明合作提质升级有经贸事实、共同利益和规则联通支撑。
【设问】 结合材料，运用《当代国际政治与经济》知识，分析中国与东盟经贸合作能够提质升级的原因。
【为什么能想到】 互为第一大贸易伙伴、贸易额继续增长、自贸区持续升级，说明中国与东盟的合作不是单方让利，而是双方发展需求和合作收益高度交汇。设问问“能够提质升级的原因”，首先要说明共同利益为合作提供基础。
【答案落点】 中国与东盟经贸合作建立在双方共同利益基础上，顺应区域发展和时代发展主题，因此能够提质升级。
【同题组】 （按原题答题层次）
· 答题层次：本题8分，依据4分，意义4分
· 依据层（4分，从政治、经济各答出1个观点）：国家利益和国家实力是影响国际关系的决定性因素；中国与东盟经贸合作提质升级顺应经济全球化趋势，基于双方共同利益，符合时代发展主题
· 意义层（4分，任意2个维度）：对本国，有利于充分利用两个市场"
Q0033,33,412,421,理论,合作,国家间共同利益是国家合作的基础,2025东城二模Q20（同球共济精神）,2025东城二模Q20,为什么能想到;同题组;材料触发点;答案落点;设问,,643,"7. 2025东城二模Q20（同球共济精神）
【材料触发点】 题目指向论证“同球共济”精神为何能成立、为何能丰富人类命运共同体内涵，当材料呈现国际局势变乱交织、局部动荡不断时，要先回答各国在和平、安全、发展上存在共同利益。
【设问】 结合材料，运用《当代国际政治与经济》知识，写一篇小论文。要求：自拟题目、观点明确、逻辑清晰，200字左右。
【为什么能想到】 当今国际局势变乱交织、局部动荡不断，单靠精神口号不足以解释“同球共济”的国际接受度。小论文要说明“同球共济”精神和中国行动的关系，必须先解释这一精神为什么有共同基础。先说明各国在发展、安全、文明等问题上存在共同利益，再说明这使“同球共济”精神能够丰富人类命运共同体内涵并被国际社会接受。
【答案落点】 当今国际局势变乱交织，各国在发展、安全、文明等问题上存在共同利益，这是“同球共济”精神能够丰富人类命运共同体内涵、被各国接受的客观基础。
【同题组】 （按原题答题层次）
· 答题层次：本题8分，按背景、精神、行动三层组织
· 第一层：背景（2分）：结合第一自然段简述国际局势，如国际局势变乱交织、局部动荡不断、面临诸多问题和挑战。若只笼统"
Q0034,34,422,430,理论,合作,国家间共同利益是国家合作的基础,2026顺义一模Q20,2026顺义一模Q20,为什么能想到;同题组;材料触发点;答案落点;设问,,501,"8. 2026顺义一模Q20
【材料触发点】 设问问南南合作“典范”的深层逻辑，材料中的科技小院与发展中国家共享农业技术、降低成本、培养人才，说明南南合作通过具体项目回应全球南方农业发展、民生改善和共同发展需求。
【设问】 结合材料，运用《当代国际政治与经济》知识，阐述科技小院成为南南合作典范的深层逻辑。
【为什么能想到】 设问问南南合作""典范""的深层逻辑，材料显示相关国家有共同需求和共同收益，合作成立的依据在于共同利益。
【答案落点】 国家间共同利益是合作的基础，中国与南方国家在农业发展上利益交汇，科技小院正是基于共同利益的合作典范。
【同题组】 （按原题答题层次）
· 本题7分，先写共同利益1分，这一层必须出现。
· 国际政治3分：可从和平与发展是当今时代主题写起；再写构建人类命运共同体，也可替换为独立自主的和平外交政策、维护世界和平促进共同发展的宗旨、正确义利观；还可写新型国际关系、合作共赢、互利共赢、共享发展成果。
· 国际经济3分：结合科技小院说明农业技术提高生产率、降低成本，带来发展动力；通过培养本土人才激发内生动力，推动可持续发展；体现经济全球化朝普惠、平衡、共赢方向发展"
Q0035,35,431,441,理论,合作,国家间共同利益是国家合作的基础,2024朝阳二模Q20,2024朝阳二模Q20,为什么能想到;同题组;材料触发点;答案落点;设问,,755,"9. 2024朝阳二模Q20
【材料触发点】 表格题先要求形成研讨共识，研讨背景集中呈现气温上升对粮食、生态、能源、基础设施和生命财产安全的威胁，因此必须先说明气候治理的全球公共问题属性。
【设问】 结合研讨背景，运用《当代国际政治与经济》知识，完成下表。
【为什么能想到】 气温上升危及粮食、能源、生命财产，是各国躲不开的麻烦；之所以能坐下来共建治理体系，正因利益有交汇点，故用国家间共同利益是国家合作的基础解释共识达成。
【答案落点】 各方达成共识：气候治理是人类共同责任，各国基于共同利益携手建立公平合理、合作共赢的全球气候治理体系。
【同题组】 （按原题答题层次）
· 答题层次：本题8分，基本原则2分，各方达成共识6分。
· 基本原则（2分）：平等（1分；有平等/公平/公正/多边主义/协商一致一词即可）；开放（1分；有开放/合作/共享/共赢/包容/求同存异/共商共建一词即可）。
· 共识一：为什么完善全球气候治理（1分）：气候变化给全人类带来巨大风险和挑战，气候治理已成为全球治理的重要议题之一；或写气候变化是全球性挑战、应对气候变化是人类共同责任。
· 共识二：如何完善全球气候治理（"
Q0036,36,442,452,理论,合作,国家间共同利益是国家合作的基础,2026海淀二模Q20(2),2026海淀二模Q20,为什么能想到;同题组;材料触发点;答案落点;设问,,595,"10. 2026海淀二模Q20(2)
【材料触发点】 全球发展倡议本身就是题目主题，材料要求把中国倡议与国际发展合作实践连接起来。
【设问】 结合材料，运用《当代国际政治与经济》知识，围绕“全球发展倡议从合作理念到丰富实践”这一主题，撰写一篇短评。（7分）
【为什么能想到】 近百个国家、地区和国际组织同中方签署倡议合作文件、携手谋发展，众多主体愿聚到一起是因发展需求彼此契合，正对应国家间共同利益是国家合作的基础。
【答案落点】 全球发展倡议契合全人类共同利益，共同利益是国家合作的基础，近百个国家同中方签署合作文件、携手共谋发展。
【同题组】 （按原题答题层次）
· 答题层次：本题7分，按短评答题层次组织
· 逻辑分层（1分）：分清“背景及原因”和“具体举措及其积极影响”，通过分段呈现
· 背景及原因/意义（3分）：必要性知识1分，可写时代主题、经济全球化/世界多极化、共同利益等；重要性知识1分，可写推动国际秩序朝更加公正合理方向发展、推动经济全球化朝开放包容普惠平衡共赢方向发展、增强发展中国家话语权和国际地位等任意一点；结合材料论述1分
· 具体举措（3分）：共商共建共享、完善全球治理"
Q0037,37,453,461,理论,合作,国家间共同利益是国家合作的基础,2024西城二模Q19中国答案的国际关系新思路,2024西城二模Q19,为什么能想到;同题组;材料触发点;答案落点;设问,,506,"11. 2024西城二模Q19中国答案的国际关系新思路
【材料触发点】 题面把恃强凌弱、零和博弈、结盟对抗作为旧国际关系的问题，需要把中国答案放回当今世界主题之下，说明它顺应而非违背和平与发展的时代潮流。
【设问】 结合材料，阐述中国答案所体现的处理国际关系的新思路。
【为什么能想到】 题面批判恃强凌弱、零和博弈，中国答案转向利益交汇和命运交织，所以先抓国家间共同利益。
【答案落点】 全人类是命运与共的大家庭，国与国之间利益交汇、命运交织、休戚与共，共同利益是处理国际关系合作共赢的基础。
【同题组】 （按原题答题层次）
· 答题层次：本题5分，1分总判断，4分任取二点
· 总判断（1分）：全人类是一个命运与共的大家庭，国与国之间利益交汇、命运交织、休戚与共；也可用和平与发展作时代背景替代
· 新思路层（4分，以下任取二点，每点2分）：人类命运共同体理念超越集团政治的“小圈子”规则；超越实力至上的逻辑；超越少数国家定义“普世价值”的垄断；顺应时代潮流，倡导全球协作，推动国际秩序朝着更加公正合理的方向发展。正面解释可展开为赋予发展中国家更多发言权、推动国际关系民主化、坚持真正的多边主义、完"
Q0038,38,462,473,理论,合作,国家间共同利益是国家合作的基础,"2025延庆一模Q20(2)外交部发言人回应""脱钩断链""",2025延庆一模Q20,为什么能想到;同题组;材料触发点;答案落点;设问,,733,"12. 2025延庆一模Q20(2)外交部发言人回应""脱钩断链""
【材料触发点】 材料二中个别国家鼓噪""脱钩断链""和供应链""去风险""，与近70个国家和地区企业到链博会寻找""链""通中外方案形成对照；要论证供应链合作的正当性，必须用时代主题判定""合作""才是符合潮流的方向，""脱钩""违背潮流。
【设问】 假如你是外交部发言人，请结合材料二，运用《当代国际政治与经济》知识，对上述提问做出回应。
【为什么能想到】 外交部回应“脱钩断链”，材料一方面呈现链博会吸引70个国家参与，另一方面呈现“去风险”实为阻断合作。题目要求回应为什么维护产供链稳定符合各方利益，就要抓共同利益：各国在产供链安全、市场联通、发展机会上的共同需求，是反对脱钩断链、深化合作的基础。
【答案落点】 维护全球产供链韧性和稳定符合国际社会的共同利益，共同利益是国家合作的基础，各国应深化产供链合作共识。
【同题组】 （按原题答题层次）
· 答题层次：本题8分，四个角度，每角度2分。
· 时代主题：维护全球产供链韧性和稳定，是推动世界经济可持续发展的重要保障，符合国际社会共同利益，顺应和平与发展的时代主题。
· 经济全球化方向：中国坚"
Q0039,39,474,485,理论,合作,国家间共同利益是国家合作的基础,2026朝阳期末Q20,2026朝阳期末Q20,为什么能想到;同题组;材料触发点;答案落点;设问,,714,"13. 2026朝阳期末Q20
【材料触发点】 题目指向分析中国特色大国外交更有作为的必要性，材料呈现“构建周边命运共同体—妥善管控矛盾分歧—让人民远离冲突和战争—共建安宁家园—培育战略互信”的关系链，要求从时代主题和中国外交的共同体目标说明主动作为的理由。
【设问】 结合材料，运用《当代国际政治与经济》知识，分析中国特色大国外交为什么要更有作为。
【为什么能想到】 材料讲周边命运共同体、管控分歧和战略互信，说明中国作为建立在共同利益和共同安全上。
【答案落点】 国家间共同利益是国家合作的基础，中国更有作为正是顺应各国共谋发展的共同利益，为世界发展大局贡献力量。
【同题组】 （按原题答题层次）
· 本题8分，按四个角度组织，每个角度都写成“背景+目标”。
· 可先总起：中国特色大国外交主动作为，是顺应世界发展大势、服务国家发展大局的必然选择；后面角度不够完整时，这句可帮助兜住1分。
· 和平发展角度：和平与发展是当今时代主题；再结合材料说明推动人类命运共同体、维护共同利益、推动国际新秩序或完善全球治理。
· 国际政治角度：可写世界多极化深入发展，也可写单边主义、霸权主义和强权政治仍然存"
Q0040,40,488,498,理论,合作,国家间共同利益是国家合作的基础,2026朝阳二模Q20(2),2026朝阳二模Q20,为什么能想到;同题组;材料触发点;答案落点;设问,,571,"14. 2026朝阳二模Q20(2)
【材料触发点】 材料说人类命运共同体理念在民族国家之上强调全人类立场，推动各国在兼顾全人类共同利益的前提下维护自身主权和发展。
【设问】 结合材料，运用《当代国际政治与经济》知识，分析人类命运共同体理念为什么能维护世界和平与发展。
【为什么能想到】 材料说该理念在民族国家之上强调全人类立场、兼顾共同利益再护主权；之所以各国愿同行，是因有共同利益的交汇，故用国家间共同利益是国家合作的基础来解。
【答案落点】 人类命运共同体理念超越民族国家本位，在尊重国家主权的前提下强调全人类立场，维护全人类共同利益，为协调国家利益与全球共同利益提供价值指引。
【同题组】 （按原题答题层次）
· 答题层次：本题6分，按三个角度组织；每个角度2分，知识1分、结合材料1分。
· 角度一：符合共同利益和时代主题（2分）。可写人类命运共同体理念超越民族国家本位，维护全人类共同利益，顺应和平与发展；时代主题可作替代表达。
· 角度二：倡导合作共赢、坚持多边主义、共商共建共享（2分）。可写摒弃零和博弈，推动各方合作应对全球性问题。
· 角度三：提供中国方案，推动国际新秩序或新型国"
Q0041,41,503,512,理论,合作,国家间共同利益是国家合作的基础,2024海淀二模Q18(1)多极化世界中的民主与全球治理,2024海淀二模Q18,为什么能想到;同题组;材料触发点;答案落点;设问,,689,"15. 2024海淀二模Q18(1)多极化世界中的民主与全球治理
【材料触发点】 资料包呈现全球南方国家崛起、金砖国家等机制作用增强，以及人工智能、大数据带来的共同治理难题；各国之所以需要围绕民主与全球治理展开互鉴和协作，是因为在提升全球治理代表性、弥合技术治理缺口上存在共同利益。
【设问】 任选一个议题，参考资料包中的内容，运用《当代国际政治与经济》知识，围绕所选的议题写一篇时政述评。（8分）要求：观点明确；知识运用准确；论述合乎逻辑，条理清晰。
【为什么能想到】 题目要求围绕“多极化世界中的民主与全球治理”写时政述评，资料包把全球南方发声、国际组织作用增强和人工智能治理缺口放在一起，说明全球治理不是单个国家能独自完成的事务。回答各国为什么能够通过论坛和国际机制共同推动治理改革时，应先写国家间共同利益是国家合作的基础，再接到各方围绕共同挑战推动全球治理民主化。
【答案落点】 国家间共同利益是国家合作的基础，人工智能治理缺口、全球南方代表性不足等共同挑战，使各国需要依托国际组织和合作机制推动全球治理更加民主、有效。
【同题组】 （按原题答题层次）
· 答题层次：本题8分，时政述评等级题"
Q0042,42,515,524,理论,合作,国家间共同利益是国家合作的基础,2026西城期末Q20参与全球气候治理中的中国实践,2026西城期末Q20,为什么能想到;同题组;材料触发点;答案落点;设问,,597,"16. 2026西城期末Q20参与全球气候治理中的中国实践
【材料触发点】 答题要求角度2将“共同利益”单列为1分，材料中全球气候治理、可持续发展、清洁世界都指向各国共同利益。
【设问】 结合材料，运用《国际政治与经济》知识，阐释参与全球气候治理的中国实践。
【为什么能想到】 看到答题要求把共同利益单列，就不能只用大国担当或中国方案概括。气候变化影响所有国家，中国参与全球气候治理的合作基础正在于各国维护生态安全和可持续发展的共同利益。
【答案落点】 国家间共同利益是国家合作的基础。应对气候变化、促进全球可持续发展符合各国共同利益，中国参与全球气候治理有利于推动国际合作。
【同题组】 （按原题答题层次）
· 本题8分，按“是什么—为什么—效果”三层写。
· 是什么2分：先说中国在全球气候治理中是建设者、引领者或负责任大国；再结合材料概括具体做法，如坚持绿色发展、新发展理念，发挥有为政府和有效市场作用。
· 为什么3分：从四类中写满三类即可：全球气候治理挑战或完善全球治理体系；世界各国共同利益；中国理念，如人类命运共同体、全人类共同价值、正确义利观、共商共建共享、真正的多边主义、互利共赢；"
Q0043,43,526,534,理论,合作,共同利益是合作的基础,2026通州一模Q19,2026通州一模Q19,为什么能想到;同题组;材料触发点;答案落点;设问,,545,"1. 2026通州一模Q19
【材料触发点】 材料既有中俄关系稳定定位，也有中美关系穿越风浪、周边睦邻友好和全球南方合作，说明不同国家之间存在可以通过合作实现的共同利益。
【设问】 结合材料，运用《当代国际政治与经济》知识，分析中国元首外交如何为世界注入稳定性与正能量。（8分）
【为什么能想到】 题目问“如何注入稳定性与正能量”，不能只写中国单方面努力；多组双边和多边镜头共同出现，提示答案要抓国家间共同利益，通过扩大合作基础来解释稳定来源。
【答案落点】 中国元首外交立足各方共同利益，推动大国关系平稳前行、周边关系睦邻友好、全球南方团结合作，从而为国际关系稳定提供合作基础。
【同题组】 （按原题答题层次）
· 答题层次：本题8分，措施或知识4分，材料分析且必须答作用4分，落点指向为世界注入稳定性与正能量
· 可采知识：和平与发展时代主题、共同利益是合作的基础、兼顾他国合理关切、维护多边贸易体制、推动经济全球化朝开放包容普惠平衡共赢方向发展、坚持正确义利观、推动国际关系民主化和国际政治经济新秩序、共商共建共享全球治理观、推动构建人类命运共同体、中国特色大国外交
· 作答提醒：不能只罗列知"
Q0044,44,537,547,理论,合作,共同利益是合作的基础,2025朝阳二模Q21（周边工作新局面）,2025朝阳二模Q21,为什么能想到;同题组;材料触发点;答案落点;设问,,970,"2. 2025朝阳二模Q21（周边工作新局面）
【材料触发点】 题目要求说明我国为什么要努力开创周边工作新局面，材料呈现中国与周边国家在发展、安全、互联互通等方面互相需要，必须先点明共同利益是合作基础。
【设问】 结合材料，运用《当代国际政治与经济》知识，说明我国为什么要努力开创周边工作新局面。
【为什么能想到】 材料写周边国家合作、互联互通、安全发展和区域联动，不是单边施惠，而是共同利益驱动的区域合作。题目问“为什么要努力开创”，需要解释中国开展周边工作的现实依据，而不是只写中国外交口号。先说明中国与周边国家存在广泛共同利益，再接到和平发展、经济融合、国际关系民主化和人类命运共同体。
【答案落点】 共同的国家利益是国际合作的基础，中国与周边国家在发展、安全、互联互通等领域有广泛共同利益，这是我国努力开创周边工作新局面的客观依据。
【同题组】 （按原题答题层次）
· 答题层次：本题8分，按“中国的发展需要—区域的发展需要—世界的发展需要”三层组织；同一关键词不重复，语言要有层次、无知识错误
· 从中国的发展需要角度看（3分）：必要性1分，可写周边国家众多、符合我国与周边国家地理环境和文"
Q0045,45,550,563,理论,合作,共同利益是合作的基础,2026房山二模Q20,2026房山二模Q20,为什么能想到;同题组;材料触发点;答案落点;设问,,562,"3. 2026房山二模Q20
【材料触发点】 技术联合研发、标准对接互认和弥合数据鸿沟，体现多方围绕数字发展需求形成合作基础。
【设问】 结合材料，运用《当代国际政治与经济》知识，分析世界数据组织完善全球数据治理，服务全球数字经济发展的智慧。
【为什么能想到】 材料把技术联合研发、标准对接互认、弥合数据鸿沟并列，都指向各方在数字发展上的共同需求；要答“智慧”，先点共同利益是合作的基础，安排才接得上共同发展。
【答案落点】 各方在数据发展和数字经济繁荣上存在共同利益，世界数据组织推动技术联合研发、标准对接互认和数据鸿沟弥合，有利于实现共同发展。
【同题组】 （按原题答题层次）
· 答题层次：本题8分，围绕世界数据组织完善全球数据治理、服务全球数字经济发展的中国智慧展开；六个方向各1分，材料结合2分。
· 治理方向一：普惠包容的经济全球化（1分）。
· 治理方向二：平等有序的世界多极化（1分）。
· 利益基础：共同利益或共同发展（1分）。
· 合作关系：合作共赢或互利共赢（1分）。
· 治理方式：共商共建共享、全球治理观或真正的多边主义（1分）。
· 数据流动：推动数据要素在全球范围内流动"
Q0046,46,566,576,理论,合作,共同利益是合作的基础,2026西城一模Q20(2)（中国—东盟自贸区3.0版）,2026西城一模Q20,为什么能想到;同题组;材料触发点;答案落点;设问,,814,"4. 2026西城一模Q20(2)（中国—东盟自贸区3.0版）
【材料触发点】 题目要求分析中国—东盟自贸区3.0版如何为区域发展和世界经济注入动力。原卷材料二主要给出“高水平自贸协定”“关键产品和服务自由流通”等方向，结合中国—东盟合作背景，可从成员共同利益扩大解释区域合作动力。
【设问】 结合材料，运用《当代国际政治与经济》知识，分析中国—东盟自贸区3.0版是如何为区域发展和世界经济注入强劲动力的。
【为什么能想到】 设问中的“更高水平自贸协定”“为区域发展和世界经济注入动力”指向区域成员通过制度升级降低合作障碍、扩大共同收益。中国—东盟自贸区3.0版之所以能够推进，根基在于双方有共同发展需求和共同利益，因此可先用共同利益说明合作基础，再承接贸易投资便利化和多边贸易体制的外溢作用。
【答案落点】 中国—东盟自贸区3.0版通过更高水平自贸协定和贸易投资便利化安排，扩大成员共同利益，把区域合作转化为推动多边贸易体系完善与全球经济治理体系改革的世界动力。
【同题组】 （按原题答题层次）
· 答题层次：本题8分，按标准规则2分、产业链供应链3分、综合意义2分、联系材料1分组织。
· 标准规"
Q0047,47,581,591,理论,竞争,当前国际竞争的实质是以经济和科技实力为基础的综合国力较量,2024西城一模Q19(6),2024西城一模Q19,为什么能想到;同题组;材料触发点;答案落点;设问,,783,"1. 2024西城一模Q19(6)
【材料触发点】 题目同时追问未来产业的挑战，前沿科技竞争具有国家战略属性，答题要把技术、人才、资源竞争上升到综合国力较量和风险防范。
【设问】 结合材料，从经济角度分析我国未来产业发展的机遇和挑战，以及攻克“卡脖子”难题对经济开放发展的助推作用。
【为什么能想到】 题中各主要经济体都在加紧国家顶层科技战略布局，未来产业又被技术制裁、垄断包围；这种国家间科技角力，本质即以经济科技实力为基础的综合国力较量。
【答案落点】 未来产业处在激烈的国际竞争之中，当前国际竞争的实质是以经济和科技实力为基础的综合国力较量，面对技术制裁、技术垄断和贸易壁垒等风险，我国需要加强风险应对和防范，为未来产业开放发展筑牢安全屏障。
【同题组】 （按原题答题层次）
· 答题层次：本题10分，经济角度混合题，限缩到国际市场、国际竞争、国际规则与开放助推层。
· 机遇（2分）：我国未来产业有非常广阔的国际市场，为未来产业“走出去”提供了可能；可变通为经济全球化带来两个市场两种资源、技术交流合作等；只从国内大市场角度说且言之成理，可作为1分补充。
· 挑战（2分）：我国未来产业面临激"
Q0048,48,592,601,理论,竞争,当前国际竞争的实质是以经济和科技实力为基础的综合国力较量,2024顺义思政二模Q19(2),2024顺义思政二模Q19,为什么能想到;同题组;材料触发点;答案落点;设问,,719,"2. 2024顺义思政二模Q19(2)
【材料触发点】 题目把新质生产力放在世界新一轮科技革命和产业变革中考查，问中国积极推动发展的原因；涉及国际竞争中的科技和产业制高点，触发“国际竞争实质”这一能力来源分析。
【设问】 结合材料，综合运用《政治与法治》和《当代国际政治与经济》知识，说明我国积极推动新质生产力发展的原因。（8分）
【为什么能想到】 题面把新质生产力放在世界新一轮科技革命和产业变革的大背景里考察，涉及的是科技和产业制高点之争，不是一般性的经济建设问题。问“为什么要积极推动”，必须把推动新质生产力上升到国际竞争层面解释其内在动因。先点明国际竞争的实质是以经济和科技实力为基础的综合国力较量，再写发展新质生产力能增强我国科技和产业竞争力，进而接到这是我国积极推动其发展的内在原因。
【答案落点】 当前国际竞争的实质是以经济和科技实力为基础的综合国力的较量，发展新质生产力能够增强我国科技和产业竞争力。
【同题组】 （按原题答题层次）
· 答题层次：本题8分，综合运用《政治与法治》和《当代国际政治与经济》说明发展新质生产力原因
· 社会发展规律：生产力是最活跃、最革命的因素，是社会发"
Q0049,49,602,615,理论,竞争,当前国际竞争的实质是以经济和科技实力为基础的综合国力较量,2024西城二模Q17,2024西城二模Q17,为什么能想到;同题组;材料触发点;答案落点;设问,,875,"3. 2024西城二模Q17
【材料触发点】 题目把我国发展新质生产力放在“新一轮科技革命在全球范围内风起云涌”的背景下，要求分析我国作为世界上最大的发展中国家如何在科技革命和产业变革中提升综合国力与国际竞争力。
【设问】 新一轮科技革命在全球范围内风起云涌。结合材料，综合运用所学，谈谈在当今时代，我国作为世界上最大的发展中国家应当扮演的角色。
【为什么能想到】 北京、安徽、黑龙江等地发展量子信息、聚变能源、深空探测、制造业数字化转型，说明新质生产力已经进入全球科技和产业竞争的前沿。题目不只是问国内怎样发展新质生产力，而是问“当今时代”“最大的发展中国家”应扮演什么角色，必须把中国发展放到国际竞争和世界发展中定位。先说明当前国际竞争的实质是以经济和科技实力为基础的综合国力较量，再说明我国发展新质生产力有助于增强科技实力和综合国力，最后指向为世界发展贡献发展中国家力量。
【答案落点】 当前国际竞争的实质是以经济和科技实力为基础的综合国力较量，我国加快形成新质生产力、增强科技实力和综合国力，能够以世界上最大的发展中国家身份为世界发展贡献力量。
【同题组】 （按原题答题层次）
· 答题提醒："
Q0050,50,616,625,理论,竞争,当前国际竞争的实质是以经济和科技实力为基础的综合国力较量,2026朝阳一模Q20,2026朝阳一模Q20,为什么能想到;同题组;材料触发点;答案落点;设问,,784,"4. 2026朝阳一模Q20
【材料触发点】 设问问“为什么能”，要回答中国向世界释放稳定性和正能量的能力来源。材料镜头一列出人形机器人、AI眼镜、开源大模型下载量全球第一、创新药76款，说明中国创新势能持续迸发。
【设问】 结合材料，运用《当代国际政治与经济》的知识，阐述中国为什么能为全球发展注入稳定性和正能量。
【为什么能想到】 开源大模型下载量全球第一、创新药76款亮的是中国科技硬实力，能力之源正落在当前国际竞争的实质是以经济和科技实力为基础的综合国力较量。
【答案落点】 当前国际竞争的实质是以经济和科技实力为基础的综合国力较量。中国坚持创新驱动战略，科技实力日益增强，人形机器人、AI眼镜、开源大模型和创新药等创新成果为全球产业升级、民生改善和产业链供应链稳定提供支撑。
【同题组】 （按原题答题层次）
· 答题层次：本题8分，按必答点、共享发展经验、发展潜力三个层次组织；全题总分不超过8分，发展潜力角度最多5分。
· 必答点（2分）：当前国际竞争的实质是以经济和科技实力为基础的综合国力较量1分；中国坚持创新驱动战略，科技实力日益增强，成为全球创新策源地，为全球产业链供应链稳定提供"
Q0051,51,626,636,理论,竞争,当前国际竞争的实质是以经济和科技实力为基础的综合国力较量,2025东城一模Q21,2025东城一模Q21,为什么能想到;同题组;材料触发点;答案落点;设问,,718,"5. 2025东城一模Q21
【材料触发点】 教育强国题的材料二写到“当今世界变乱交织，大国博弈更加激烈复杂”，说明教育的战略支撑地位、人才培养和综合国力提升直接关系我国国际竞争力。
【设问】 结合材料，综合运用所学，谈谈你对“教育是强国建设、民族复兴之基”的理解。
【为什么能想到】 材料二点明世界变乱交织、大国博弈激烈复杂，而教育能提升劳动者素质与创新能力；其本质是以经济科技实力为基础的综合国力较量，教育正经此支撑复兴。
【答案落点】 教育具有战略支撑地位，能够促进人才培养、提升劳动者技术水平和创新能力，增强我国综合国力和国际竞争力，支撑强国建设和民族复兴。
【同题组】 （按原题答题层次）
· 答题层次：本题10分，按“是什么、为什么、怎么做”组织，不能只把“人才与国际竞争力”单独扩成固定同题组。
· 是什么（2分）：教育是培养人的社会活动；教育作为上层建筑，反作用于经济基础。
· 为什么（6分，任选三类角度，每类2分）：教育具有战略支撑地位，关系人才培养和国际竞争力；教育能坚定理想信念，增强听党话、跟党走的信心，巩固思想基础，培养责任担当；教育促进人才培养，提高劳动者技术水平，促进"
Q0052,52,637,645,理论,竞争,当前国际竞争的实质是以经济和科技实力为基础的综合国力较量,2026石景山二模Q18,2026石景山二模Q18,为什么能想到;同题组;材料触发点;答案落点;设问,,577,"6. 2026石景山二模Q18
【材料触发点】 原卷写中国连续16年保持东盟第一大贸易伙伴地位、东盟连续5年成为中国第一大贸易伙伴，2025年双边贸易增长；材料还列出数字基础设施合作、绿色发展经验和自贸区3.0版规则共建，说明合作提质升级有经贸事实、共同利益和规则联通支撑。
【设问】 结合材料，运用《当代国际政治与经济》知识，分析中国与东盟经贸合作能够提质升级的原因。
【为什么能想到】 中企承建数据中心、参与云计算赋能区域算力升级，凭的是中国数字技术与产业实力，正切合当前国际竞争的实质是以经济和科技实力为基础的综合国力较量。
【答案落点】 国家实力是影响国际关系的决定性因素，中国与东盟深化经贸合作可增强综合国力，在国际竞争中赢得主动。
【同题组】 （按原题答题层次）
· 答题层次：本题8分，依据4分，意义4分
· 依据层（4分，从政治、经济各答出1个观点）：国家利益和国家实力是影响国际关系的决定性因素；中国与东盟经贸合作提质升级顺应经济全球化趋势，基于双方共同利益，符合时代发展主题
· 意义层（4分，任意2个维度）：对本国，有利于充分利用两个市场、两种资源，促进经济转型升级，使发展成果"
Q0053,53,646,655,理论,竞争,当前国际竞争的实质是以经济和科技实力为基础的综合国力较量,2025房山一模Q18(2),2025房山一模Q18,为什么能想到;同题组;材料触发点;答案落点;设问,,577,"7. 2025房山一模Q18(2)
【材料触发点】 开源战略题要求阐释技术革新如何成为全球合作新模式，DeepSeek开源让全球开发者自由使用和改进，部分国家企业低成本开发本地化AI模型，说明科技开放可以推动开放型世界经济和经济全球化发展。
【设问】 “中国的开源战略不仅是技术上的革新，更是对全球合作新模式的一次积极探索和实践。”结合材料，运用《当代国际政治与经济》知识，谈谈你对这句话的理解。
【为什么能想到】 DeepSeek在140国应用市场同时登顶，凭的是中国人工智能技术实力，根基正落在当前国际竞争的实质是以经济和科技实力为基础的综合国力较量。
【答案落点】 当前国际竞争的实质是以经济和科技实力为基础的综合国力较量，中国以开源战略提升科技实力、推动技术革新。
【同题组】 （按原题答题层次）
· 答题层次：本题8分，按两条链条加逻辑分组织
· 第一链（4分）：当前国际竞争的实质 -> 坚持高水平对外开放/对外开放基本国策 -> 以科学技术的发展推动建设创新型、开放型世界经济（不可替代） -> 促进经济全球化发展
· 第二链（3分）：和平与发展的国际潮流 -> 在联合国宗旨和原则框架"
Q0054,54,657,667,理论,竞争,科教兴国战略与人才强国战略（人才与国际竞争力）,2025东城一模Q21,2025东城一模Q21,为什么能想到;同题组;材料触发点;答案落点;设问,,845,"1. 2025东城一模Q21
【材料触发点】 教育强国题的材料二写到“当今世界变乱交织，大国博弈更加激烈复杂”，说明教育的战略支撑地位、人才培养和综合国力提升直接关系我国国际竞争力。
【设问】 结合材料，综合运用所学，谈谈你对“教育是强国建设、民族复兴之基”的理解。
【为什么能想到】 题面用我国人才资源总量、科技人力资源、平均受教育年限等数据说明教育为国家发展提供人才支撑，又把它放到大国博弈和民族复兴背景下。理解“教育是强国建设、民族复兴之基”，不能只写教育公平和文化育人，还要说明教育如何转化为人才优势、科技优势和国际竞争力。先说明人才是第一资源、综合国力竞争说到底是人才竞争，再把教育提高劳动者素质、培育科技人才接上，最后指向增强综合国力和国际竞争力。
【答案落点】 人才是第一资源，综合国力竞争说到底是人才竞争，教育提高劳动者素质、培养科技人才，能够把人口规模优势转化为人才优势，增强我国综合国力和国际竞争力。
【同题组】 （按原题答题层次）
· 答题层次：本题10分，按“是什么、为什么、怎么做”组织，不能只把“人才与国际竞争力”单独扩成固定同题组。
· 是什么（2分）：教育是培养人的社"
Q0055,55,668,681,理论,竞争,科教兴国战略与人才强国战略（人才与国际竞争力）,2024西城二模Q17,2024西城二模Q17,为什么能想到;同题组;材料触发点;答案落点;设问,,709,"2. 2024西城二模Q17
【材料触发点】 题目把我国发展新质生产力放在“新一轮科技革命在全球范围内风起云涌”的背景下，要求分析我国作为世界上最大的发展中国家如何在科技革命和产业变革中提升综合国力与国际竞争力。
【设问】 新一轮科技革命在全球范围内风起云涌。结合材料，综合运用所学，谈谈在当今时代，我国作为世界上最大的发展中国家应当扮演的角色。
【为什么能想到】 题干要畅通教育科技人才循环、打造新质生产力所需的新型劳动者队伍，科技革命拼的是人才；科教兴国与人才强国战略正答这支队伍从何来，以增强竞争力。
【答案落点】 我国应实施科教兴国战略，强化现代化建设人才支撑，培养创新人才以增强国际竞争力，引领新一轮科技革命。
【同题组】 （按原题答题层次）
· 答题提醒：本题9分，是综合等级题，不能写成六要素罗列。
· 高档要求（7-9分）：观点鲜明，能围绕“我国作为世界上最大的发展中国家应当扮演的角色”深入或全面展开，知识工具恰当精准，逻辑结构合理。
· 中档要求（4-6分）：观点比较明确，能扣住问题展开，但知识准确度、分析深度或逻辑完整度不足。
· 低档提醒（0-3分）：观点不明确、罗列知识、"
Q0056,56,684,692,理论,国家安全,维护国家利益是主权国家对外活动的出发点和落脚点,2025海淀期中Q21(2),2025海淀期中Q21,为什么能想到;同题组;材料触发点;答案落点;设问,,664,"1. 2025海淀期中Q21(2)
【材料触发点】 设问分析“不变”，题面虽展示外交阶段变化，但外交的根本立足点仍是维护国家利益，尤其是主权、安全和发展利益。
【设问】 结合材料，运用《当代国际政治与经济》知识，分析新中国外交的“变”与“不变”。
【为什么能想到】 题目分析“不变”，题面虽展示外交阶段变化，但外交的根本立足点仍是维护国家利益，尤其是主权、安全和发展利益。 这类事实需要回答的是国家行为的根本立足点在于维护自身安全和发展利益，与“维护国家利益是主权国家对外活动的出发点和落脚点”相连。最后形成的表达是：无论外交阶段和任务怎样变化，新中国外交始终维护我国国家利益，维护我国主权、安全和发展利益。
【答案落点】 无论外交阶段和任务怎样变化，新中国外交始终维护我国国家利益，维护我国主权、安全和发展利益。
【同题组】 （按原题答题层次）
· 答题层次：按答案链训练，不展示固定分值层次；围绕新中国外交的“变”与“不变”展开。
· 变的方面：新中国外交的时代背景不断变化，政治多极化、经济全球化深入发展，和平与发展成为时代主题；中国的综合国力不断增强，国际地位不断提升，承担越来越多的国际责任"
Q0057,57,693,703,理论,国家安全,维护国家利益是主权国家对外活动的出发点和落脚点,2025东城期末Q20——评价欧盟对中国新能源汽车征收临时反补贴税,2025东城期末Q20,为什么能想到;同题组;材料触发点;答案落点;设问,,669,"2. 2025东城期末Q20——评价欧盟对中国新能源汽车征收临时反补贴税
【材料触发点】 题面写中方坚决反对欧方临时反补贴税并多次提出建设性解决方案；设问需要说明认识短文，谈到中国态度必须把""维护本国利益""明确写出。
【设问】 运用《当代国际政治与经济》知识，写一篇短文，谈谈你对上述材料的认识。要求：题目自拟，观点明确，逻辑清晰，200字左右。
【为什么能想到】 题面写中方坚决反对欧方临时反补贴税并多次提出建设性解决方案，这里要把具体做法追溯到国家利益这一根本立足点，说明主权、安全、发展利益如何决定国家对外选择。
【答案落点】 面对欧盟对中国新能源汽车的不当贸易限制，中方坚定维护本国利益和中国企业的正当权益，通过磋商方式解决争议，避免争端进一步升级。
【同题组】 （按原题答题层次）
· 答题层次：本题8分，短文题，先完成题目和分段，再按中国贡献、批判欧盟行为、中国态度或做法组织。
· 短文形式：题目1分；分三段1分。
· 中国贡献层（3分）：我国新能源汽车产业发展促进全球资源优化配置、国际贸易发展，或为世界新能源产业注入活力，写充分2分，写得不充分1分；我国用行动为世界气候、环境、绿色"
Q0058,58,704,715,理论,国家安全,维护国家利益是主权国家对外活动的出发点和落脚点,2026朝阳期末Q20,2026朝阳期末Q20,为什么能想到;同题组;材料触发点;答案落点;设问,,868,"3. 2026朝阳期末Q20
【材料触发点】 题目追问“捍卫国家利益”为什么构成大国外交更有作为的理由，材料呈现“维护国家主权、安全、发展利益”的关系链，触发国家利益理论作为中国特色大国外交主动作为的重要依据。
【设问】 结合材料，运用《当代国际政治与经济》知识，分析中国特色大国外交为什么要更有作为。
【为什么能想到】 题面把“捍卫国家利益”与“主权、安全、发展利益”三层并排展开，指向外交主动作为的根据来自国家利益本身，而不是单纯的姿态选择。分析“为什么要更有作为”，重在解释主动作为的内在依据，必须先从国家利益层面给出理论支点，再衔接外交动作。先点明国家利益是国际关系的决定性因素，再写维护国家利益是主权国家对外活动的出发点和落脚点，进而接到中国坚定维护主权、安全、发展利益、因此大国外交要更有作为。
【答案落点】 国家利益是国际关系的决定性因素，维护国家利益是主权国家对外活动的出发点和落脚点。中国必须坚定维护国家主权、安全、发展利益，因此中国特色大国外交要更有作为。
【同题组】 （按原题答题层次）
· 本题8分，按四个角度组织，每个角度都写成“背景+目标”。
· 可先总起：中国特色大国外"
Q0059,59,716,729,理论,国家安全,维护国家利益是主权国家对外活动的出发点和落脚点,2024西城二模Q17,2024西城二模Q17,为什么能想到;同题组;材料触发点;答案落点;设问,,711,"4. 2024西城二模Q17
【材料触发点】 题目把我国发展新质生产力放在“新一轮科技革命在全球范围内风起云涌”的背景下，要求分析我国作为世界上最大的发展中国家如何在科技革命和产业变革中提升综合国力与国际竞争力。
【设问】 新一轮科技革命在全球范围内风起云涌。结合材料，综合运用所学，谈谈在当今时代，我国作为世界上最大的发展中国家应当扮演的角色。
【为什么能想到】 面对科技革命全球角逐，最大发展中国家首先要守住科技主动权与安全；这正落在维护国家利益是主权国家对外活动出发点和落脚点上，故须坚守核心利益。
【答案落点】 维护国家利益是主权国家对外活动的出发点和落脚点，我国应坚定维护国家安全与核心利益，在科技竞争中掌握主动。
【同题组】 （按原题答题层次）
· 答题提醒：本题9分，是综合等级题，不能写成六要素罗列。
· 高档要求（7-9分）：观点鲜明，能围绕“我国作为世界上最大的发展中国家应当扮演的角色”深入或全面展开，知识工具恰当精准，逻辑结构合理。
· 中档要求（4-6分）：观点比较明确，能扣住问题展开，但知识准确度、分析深度或逻辑完整度不足。
· 低档提醒（0-3分）：观点不明确、罗列知"
Q0060,60,730,741,理论,国家安全,维护国家利益是主权国家对外活动的出发点和落脚点,2025朝阳期末Q21,2025朝阳期末Q21,为什么能想到;同题组;材料触发点;答案落点;设问,,994,"5. 2025朝阳期末Q21
【材料触发点】 题面把世界动荡冲突、单边霸凌、脱钩断链和意识形态分歧作为外部风险，问中国特色大国外交如何营造外部环境；总体外部环境的根本前提是把答案先放回和平与发展的时代主题，再把促进世界和平与发展和维护和平稳定的国际环境作为方向。
【设问】 结合材料，运用《当代国际政治与经济》知识，说明如何通过开展中国特色大国外交为推进中国式现代化营造良好外部环境。
【为什么能想到】 题目把大国外交放在“脱钩断链”等外部风险中，要求说明中国外交不变的根本立场。外部压力直接牵动主权、安全和发展利益，所以不能只写合作愿望，要写维护国家利益是主权国家对外活动的出发点和落脚点，并落到坚定维护我国主权、安全、发展利益。
【答案落点】 维护国家利益是主权国家对外活动的出发点和落脚点，大国外交要坚定维护我国主权安全发展利益。
【同题组】 （按原题答题层次）
· 答题层次：本题8分，要求总分或分总结构，层次清楚且四个外部环境角度齐全，结构与角度完整占1分。
· 总体外部环境（1分）：坚持和加强党对外交工作的领导，坚持以习近平外交思想为指导，全面贯彻总体国家安全观，推动构建人类命运共同体"
Q0061,61,742,751,理论,国家安全,维护国家利益是主权国家对外活动的出发点和落脚点,2024顺义思政二模Q19(2),2024顺义思政二模Q19,为什么能想到;同题组;材料触发点;答案落点;设问,,612,"6. 2024顺义思政二模Q19(2)
【材料触发点】 题目把新质生产力放在世界新一轮科技革命和产业变革中考查，问中国积极推动发展的原因；涉及国际竞争中的科技和产业制高点，触发“国际竞争实质”这一能力来源分析。
【设问】 结合材料，综合运用《政治与法治》和《当代国际政治与经济》知识，说明我国积极推动新质生产力发展的原因。（8分）
【为什么能想到】 题把推动新质生产力放在科技革命的国家竞争中问原因，发展它增强国家实力；国家这样做的根本动因，正是把维护国家利益作为对外活动的出发点和落脚点。
【答案落点】 当前国际竞争实质是综合国力较量，发展新质生产力增强国家实力，有利于维护国家利益、增强国际话语权。
【同题组】 （按原题答题层次）
· 答题层次：本题8分，综合运用《政治与法治》和《当代国际政治与经济》说明发展新质生产力原因
· 社会发展规律：生产力是最活跃、最革命的因素，是社会发展的最终决定力量；推动新质生产力发展是遵循人类社会发展规律的必然要求
· 国际竞争与国家利益：当前国际竞争的实质是以经济和科技实力为基础的综合国力较量；发展新质生产力有利于提高我国实力、增强核心竞争力，更好维护我国"
Q0062,62,752,762,理论,国家安全,维护国家利益是主权国家对外活动的出发点和落脚点,2026朝阳期中Q17,2026朝阳期中Q17,为什么能想到;同题组;材料触发点;答案落点;设问,,807,"7. 2026朝阳期中Q17
【材料触发点】 题面一方面强调芯片、算法、大模型等核心环节自主可控，另一方面说明自主可控不是闭门造车，体现人工智能发展要在维护核心利益的同时开展开放合作。
【设问】 结合材料，运用《当代国际政治与经济》知识阐述我国应如何处理好推进“人工智能+”发展过程中的重要关系。
【为什么能想到】 甲同学讲芯片大模型自主可控又申明不是闭门造车，丙同学要兼顾发展中国家需求；两头都回到一个根本——把维护本国利益作为对外活动的出发点和落脚点。
【答案落点】 处理好中国发展与世界发展关系，维护本国利益、谋求本国发展，满足我国人民日益增长的美好生活需要。
【同题组】 （按原题答题层次）
· 答题层次：本题8分；一层3分，两层6分，三层8分。每层按“关系概括1分+两端展开各1分”组织。
· 处理好自力更生和对外开放的关系（3分）：先概括二者关系，再分别写自力更生一端和对外开放一端。自力更生可联系核心技术自主可控、把握创新主动权、创新驱动、技术研发和核心竞争力；对外开放可联系国际交流合作、参与经济全球化和国际分工、发展开放型经济、共商共建共享、两个市场两种资源、国内国际双循环。
· "
Q0063,63,764,772,理论,国家安全,维护国家利益是主权国家对外活动的出发点和落脚点,2026石景山二模Q18,2026石景山二模Q18,为什么能想到;同题组;材料触发点;答案落点;设问,,575,"8. 2026石景山二模Q18
【材料触发点】 原卷写中国连续16年保持东盟第一大贸易伙伴地位、东盟连续5年成为中国第一大贸易伙伴，2025年双边贸易增长；材料还列出数字基础设施合作、绿色发展经验和自贸区3.0版规则共建，说明合作提质升级有经贸事实、共同利益和规则联通支撑。
【设问】 结合材料，运用《当代国际政治与经济》知识，分析中国与东盟经贸合作能够提质升级的原因。
【为什么能想到】 材料点出合作""建立在双方共同利益基础上""，双方愿持续深化是因发展利益在此交汇，正对应维护国家利益是主权国家对外活动的出发点和落脚点。
【答案落点】 国家利益是影响国际关系的决定性因素，中国与东盟经贸合作基于双方共同利益，符合各自维护国家利益的需要。
【同题组】 （按原题答题层次）
· 答题层次：本题8分，依据4分，意义4分
· 依据层（4分，从政治、经济各答出1个观点）：国家利益和国家实力是影响国际关系的决定性因素；中国与东盟经贸合作提质升级顺应经济全球化趋势，基于双方共同利益，符合时代发展主题
· 意义层（4分，任意2个维度）：对本国，有利于充分利用两个市场、两种资源，促进经济转型升级，使发展成果惠及"
Q0064,64,773,781,理论,国家安全,维护国家利益是主权国家对外活动的出发点和落脚点,"2026延庆一模Q19(2)——中国""推动重塑全球能源治理格局""的理论逻辑和价值意蕴",2026延庆一模Q19,为什么能想到;同题组;材料触发点;答案落点;设问,,630,"9. 2026延庆一模Q19(2)——中国""推动重塑全球能源治理格局""的理论逻辑和价值意蕴
【材料触发点】 题面写中国与共建国家围绕绿色能源开发、技术合作、绿色基建联动，构成绿色发展上的共同需求；设问问理论逻辑，必须先给出合作成立的理论解释。
【设问】 结合材料二，运用《当代国际政治与经济》知识，说明中国“推动重塑全球能源治理格局”的理论逻辑和价值意蕴。
【为什么能想到】 题目要求说明中国推动重塑全球能源治理格局的理论逻辑和价值意蕴，能源治理同时关系全球合作和我国能源安全、发展利益。材料中的重塑治理格局既有公共价值，也体现中国在开放合作中维护能源安全和发展主动权。因此应从维护国家利益这个根本出发，说明中国在维护自身利益基础上参与并推动全球能源治理。
【答案落点】 中国在维护自身能源安全与发展利益的基础上推动全球能源治理，将维护国家利益作为对外活动的出发点和落脚点。
【同题组】 （按原题答题层次）
· 答题层次：本题8分，按理论逻辑4分和价值意蕴4分组织。
· 理论逻辑（4分）：两个角度各2分，每个角度按观点1分+结合绿色能源合作材料说明1分。国家利益角度可写共同利益是国家间合作的基础、"
Q0065,65,782,793,理论,国家安全,维护国家利益是主权国家对外活动的出发点和落脚点,"2025延庆一模Q20(2)外交部发言人回应""脱钩断链""",2025延庆一模Q20,为什么能想到;同题组;材料触发点;答案落点;设问,,659,"10. 2025延庆一模Q20(2)外交部发言人回应""脱钩断链""
【材料触发点】 材料二中个别国家鼓噪""脱钩断链""和供应链""去风险""，与近70个国家和地区企业到链博会寻找""链""通中外方案形成对照；要论证供应链合作的正当性，必须用时代主题判定""合作""才是符合潮流的方向，""脱钩""违背潮流。
【设问】 假如你是外交部发言人，请结合材料二，运用《当代国际政治与经济》知识，对上述提问做出回应。
【为什么能想到】 脱钩断链与链博会“链通中外”形成对照，中国既维护本国产供链利益又兼顾各国合作需要，联到国家利益。
【答案落点】 维护国家利益是主权国家对外活动的出发点和落脚点，中国在追求本国利益时兼顾他国合理关切，实现互利共赢。
【同题组】 （按原题答题层次）
· 答题层次：本题8分，四个角度，每角度2分。
· 时代主题：维护全球产供链韧性和稳定，是推动世界经济可持续发展的重要保障，符合国际社会共同利益，顺应和平与发展的时代主题。
· 经济全球化方向：中国坚持高质量发展和高水平对外开放，反对“脱钩断链”，推动经济全球化朝开放、包容、普惠、平衡、共赢方向发展。
· 世界多极化：世界多极化是当今国际形势的突"
Q0066,66,796,804,理论,国家安全,维护国家利益是主权国家对外活动的出发点和落脚点,2026通州一模Q19中国元首外交为世界注入稳定性与正能量,2026通州一模Q19,为什么能想到;同题组;材料触发点;答案落点;设问,,560,"11. 2026通州一模Q19中国元首外交为世界注入稳定性与正能量
【材料触发点】 原题答题角度包括“兼顾他国合理关切”，材料要求分析中国元首外交如何为世界注入稳定性与正能量。
【设问】 结合材料，运用《当代国际政治与经济》知识，分析中国元首外交如何为世界注入稳定性与正能量。（8分）
【为什么能想到】 元首外交既维护我国发展和安全利益，也通过兼顾他国合理关切推动合作。看到答题要求中的“兼顾他国合理关切”，应迁移到国家利益与国际合作的关系，而不是只写一般外交贡献。
【答案落点】 维护国家利益是主权国家对外活动的出发点和落脚点。中国元首外交在维护我国国家利益的同时兼顾他国合理关切，为世界注入稳定性与正能量。
【同题组】 （按原题答题层次）
· 答题层次：本题8分，措施或知识4分，材料分析且必须答作用4分，落点指向为世界注入稳定性与正能量
· 可采知识：和平与发展时代主题、共同利益是合作的基础、兼顾他国合理关切、维护多边贸易体制、推动经济全球化朝开放包容普惠平衡共赢方向发展、坚持正确义利观、推动国际关系民主化和国际政治经济新秩序、共商共建共享全球治理观、推动构建人类命运共同体、中国特色大国外"
Q0067,67,807,817,理论,国家安全,维护国家利益是主权国家对外活动的出发点和落脚点,2025朝阳二模Q21周边工作服务中国特色大国外交,2025朝阳二模Q21,为什么能想到;同题组;材料触发点;答案落点;设问,,890,"12. 2025朝阳二模Q21周边工作服务中国特色大国外交
【材料触发点】 答题层次包含“维护国家安全的重点”和“独立自主和平外交政策”等变通方向，材料要求分析周边工作服务中国特色大国外交。
【设问】 结合材料，运用《当代国际政治与经济》知识，说明我国为什么要努力开创周边工作新局面。
【为什么能想到】 周边工作首先服务国家发展和安全，同时也通过合作机制兼顾地区稳定。看到“维护国家安全的重点”，应迁移到维护国家利益是对外活动的出发点和落脚点。
【答案落点】 维护国家利益是主权国家对外活动的出发点和落脚点。做好周边工作有利于维护我国国家安全和发展利益，也为地区和平稳定创造条件。
【同题组】 （按原题答题层次）
· 答题层次：本题8分，按“中国的发展需要—区域的发展需要—世界的发展需要”三层组织；同一关键词不重复，语言要有层次、无知识错误
· 从中国的发展需要角度看（3分）：必要性1分，可写周边国家众多、符合我国与周边国家地理环境和文化发展状况、国际形势出现深刻变化；重要性任意两点2分，可写实现发展繁荣的重要基础、提高开放型经济水平、维护国家安全、为国家发展创造良好外部环境、运筹外交全局、推"
Q0068,68,822,833,经济全球化,国：成员国和相关国家发展,共享经济全球化成果，促进世界经济共同繁荣,2026朝阳期末Q20,2026朝阳期末Q20,为什么能想到;同题组;材料触发点;答案落点;设问,,735,"1. 2026朝阳期末Q20
【材料触发点】 材料要求从中国特色大国外交的世界意义作答，经济维度不仅需要说明开放合作，还需要说明共享成果和共同繁荣。
【设问】 结合材料，运用《当代国际政治与经济》知识，分析中国特色大国外交为什么要更有作为。
【为什么能想到】 中国对外开放、共建“一带一路”和维护多边贸易体制都不是单方获利，而是让合作各方共享发展机遇。解释主动作为的价值，要把开放合作的结果指向共同繁荣。先说明中国维护开放合作，再写经济全球化成果共享，进而接到缩小发展差距、促进世界经济共同繁荣。
【答案落点】 中国推动经济全球化成果共享，有利于让更多国家分享开放合作机遇，缩小发展差距，促进世界经济共同繁荣。
【同题组】 （按原题答题层次）
· 本题8分，按四个角度组织，每个角度都写成“背景+目标”。
· 可先总起：中国特色大国外交主动作为，是顺应世界发展大势、服务国家发展大局的必然选择；后面角度不够完整时，这句可帮助兜住1分。
· 和平发展角度：和平与发展是当今时代主题；再结合材料说明推动人类命运共同体、维护共同利益、推动国际新秩序或完善全球治理。
· 国际政治角度：可写世界多极化深入发展"
Q0069,69,834,845,经济全球化,国：成员国和相关国家发展,共享经济全球化成果，促进世界经济共同繁荣,"2024朝阳期中Q20(3)""数字驱动商通全球""短评",2024朝阳期中Q20,为什么能想到;同题组;材料触发点;答案落点;设问,,842,"2. 2024朝阳期中Q20(3)""数字驱动商通全球""短评
【材料触发点】 数贸会一方面汇集数字首发首秀新产品并促进数字科技产品贸易（开放、创新），另一方面通过""智慧非洲""展台让非洲国家共享中国市场和数字红利（包容、普惠），并通过双向签约形成共赢；整体合力呈现的是数字贸易领域的开放、包容、普惠、平衡、共赢方向。
【设问】 结合材料，运用《当代国际政治与经济》知识，以“数字驱动 商通全球”为主题撰写一篇短评。
【为什么能想到】 智慧非洲展台让非洲留学生直播推介中非商品、共享中国市场与数字红利，说明数贸会把发展机会扩展到更多国家。非洲国家通过中国数字平台进入更广阔市场，体现共享经济全球化成果、促进世界经济共同繁荣。
【答案落点】 中国数字平台搭建全球贸易桥梁，让世界共享中国发展新机遇，推动经济全球化朝普惠、平衡、共赢方向发展。
【同题组】 （按原题答题层次）
· 答题层次：本题10分，短评题，按题目、三段材料分别点评、总结或总评、语言表达组织。
· 短评题目（1分）。
· 三段材料分别点评（6分，每段“事实1分+点评1分”）：汇集新产品，写数贸会推动数字科技产品贸易和使用，促进全球经济创新"
Q0070,70,846,856,经济全球化,国：成员国和相关国家发展,共享经济全球化成果，促进世界经济共同繁荣,2026门头沟一模Q20——海南自贸港全岛封关的国内国际意义,2026门头沟一模Q20,为什么能想到;同题组;材料触发点;答案落点;设问,,677,"3. 2026门头沟一模Q20——海南自贸港全岛封关的国内国际意义
【材料触发点】 题面列举零关税税目扩大、口岸管理优化、压缩""二线""出岛申报项目等具体机制；题目指向分析国内意义，封关机制直接降低企业贸易成本。
【设问】 结合材料，运用《当代国际政治与经济》知识，分析海南自贸港全岛封关为何能为中国经济发展注入新动能、为世界经济开放发展注入新活力。
【为什么能想到】 封关把零关税税目提到74%、加工增值达标可免税销往内地，既稳住产业链供应链，也让国内外企业共享海南自贸港开放机遇。门户敞开带来更广泛参与和收益，体现共享经济全球化成果、促进世界共同繁荣。
【答案落点】 全岛封关扩大市场准入、稳定全球产业链供应链，让世界共享中国发展机遇，促进世界经济开放发展与共同繁荣。
【同题组】 （按原题答题层次）
· 本题7分，按“原因2分—中国意义2分—世界意义2分—逻辑1分”写。
· 原因：用对外开放基本国策、互利共赢战略、经济全球化、高水平对外开放等术语，说明海南自贸港封关的必要性。
· 对中国：从扩大“零关税”商品范围、降低企业成本、促进贸易自由化便利化；吸引产业集聚、推动产业链升级、催生新质生产"
Q0071,71,859,869,经济全球化,环：经济环节与要素流动,处理好自力更生和对外开放的关系，参与经济全球化和国际分工,2026朝阳期中Q17,2026朝阳期中Q17,为什么能想到;同题组;材料触发点;答案落点;设问,,831,"1. 2026朝阳期中Q17
【材料触发点】 题面一方面强调芯片、算法、大模型等核心环节自主可控，另一方面说明自主可控不是闭门造车，体现人工智能发展要在维护核心利益的同时开展开放合作。
【设问】 结合材料，运用《当代国际政治与经济》知识阐述我国应如何处理好推进“人工智能+”发展过程中的重要关系。
【为什么能想到】 甲同学把自主可控与""不是闭门造车""并提，恰是自力更生与对外开放两面；处理好这层关系，就既握住核心技术创新主动权，又参与经济全球化和国际分工。
【答案落点】 推进“人工智能+”要处理好自力更生和对外开放的关系，既增强核心技术自主可控能力、把握创新主动权，又开展国际交流合作，参与经济全球化和国际分工。
【同题组】 （按原题答题层次）
· 答题层次：本题8分；一层3分，两层6分，三层8分。每层按“关系概括1分+两端展开各1分”组织。
· 处理好自力更生和对外开放的关系（3分）：先概括二者关系，再分别写自力更生一端和对外开放一端。自力更生可联系核心技术自主可控、把握创新主动权、创新驱动、技术研发和核心竞争力；对外开放可联系国际交流合作、参与经济全球化和国际分工、发展开放型经济、共商共"
Q0072,72,870,879,经济全球化,环：经济环节与要素流动,处理好自力更生和对外开放的关系，参与经济全球化和国际分工,2026东城一模Q19(3),2026东城一模Q19,为什么能想到;同题组;材料触发点;答案落点;设问,,699,"2. 2026东城一模Q19(3)
【材料触发点】 题目追问高水平开放与产业链韧性的关系，北京借助“两区”建设、国际科创交流和开放型经济平台接入全球创新资源，体现开放对未来产业韧性的支撑。
【设问】 结合材料二，运用《当代国际政治与经济》知识，分析在推动未来产业中，北京是如何统筹高水平对外开放与提升产业链韧性之间关系的。（8分）
【为什么能想到】 材料里北京既靠两区接全球资源，又强链补链让关键核心技术自主可控，一进一守，对应“处理好自力更生和对外开放的关系，参与经济全球化和国际分工”。
【答案落点】 北京既扩大高水平对外开放、积极参与全球产业链合作，又强化关键核心技术自主可控，实现自力更生与对外开放的有机统一。
【同题组】 （按原题答题层次）
· 答题层次：本题8分，按开放促进韧性4分、韧性支撑开放3分、开放与安全协同1分组织
· 开放促进韧性（4分）：高水平对外开放举措3分，写出任2点得3分，如坚持引进来与走出去相结合、对接国际高标准经贸规则为产业链韧性提升提供制度支撑、开展国际科创交流合作、发展更高层次开放型经济、打造国际化一流营商环境、稳步扩大制度型开放等；落点1分：以开放促进产"
Q0073,73,882,892,经济全球化,配：资源配置,促进全球资源优化配置和国际贸易发展,2025东城期末Q20,2025东城期末Q20,为什么能想到;同题组;材料触发点;答案落点;设问,,793,"1. 2025东城期末Q20
【材料触发点】 东城期末题面先呈现我国新能源汽车出口增长和在欧盟市场的竞争力，再让评价欧盟反补贴税，说明答案不能只批判欧盟，还要先说明中国新能源汽车产业对世界经济和新能源产业的积极贡献。
【设问】 运用《当代国际政治与经济》知识，写一篇短文，谈谈你对上述材料的认识。要求：题目自拟，观点明确，逻辑清晰，200字左右。
【为什么能想到】 题面先呈现中国新能源汽车出口快速增长、在欧盟市场具备竞争力，再抛出欧盟反补贴税——题目结构是""中国产业贡献""在前、""外部贸易摩擦""在后，决定了短文必须先正面写中国产业意义。需要说明""对材料的认识""，认识不能只是批评欧盟，必须先回应材料前半段：中国新能源汽车产业在世界经济和新能源转型上做了什么。先承认中国新能源汽车产业成功走向世界市场是国际分工合作的成果；再写它促进资源优化配置、促进国际贸易；进而接到提高世界经济运行效率。
【答案落点】 中国新能源汽车产业成功走向世界市场，有利于促进全球资源优化配置和国际贸易发展，提高世界经济运行效率。
【同题组】 （按原题答题层次）
· 答题层次：本题8分，短文题，先完成题目和分段，再按中国贡"
Q0074,74,893,904,经济全球化,配：资源配置,促进全球资源优化配置和国际贸易发展,"2024朝阳期中Q20(3)""数字驱动商通全球""短评",2024朝阳期中Q20,为什么能想到;同题组;材料触发点;答案落点;设问,,815,"2. 2024朝阳期中Q20(3)""数字驱动商通全球""短评
【材料触发点】 数贸会一方面汇集数字首发首秀新产品并促进数字科技产品贸易（开放、创新），另一方面通过""智慧非洲""展台让非洲国家共享中国市场和数字红利（包容、普惠），并通过双向签约形成共赢；整体合力呈现的是数字贸易领域的开放、包容、普惠、平衡、共赢方向。
【设问】 结合材料，运用《当代国际政治与经济》知识，以“数字驱动 商通全球”为主题撰写一篇短评。
【为什么能想到】 数贸会汇集400余项首发首秀新产品、又达成36个跨国投资项目；先进数字产品与投资在此对接流动，正是促进全球资源优化配置和国际贸易发展。
【答案落点】 博览会汇集全球先进数字产品、促进相互投资贸易，实现资源优化配置，推动新技术研发应用和国际贸易发展。
【同题组】 （按原题答题层次）
· 答题层次：本题10分，短评题，按题目、三段材料分别点评、总结或总评、语言表达组织。
· 短评题目（1分）。
· 三段材料分别点评（6分，每段“事实1分+点评1分”）：汇集新产品，写数贸会推动数字科技产品贸易和使用，促进全球经济创新发展；打造新平台，写数贸会搭建交流合作平台，促进相互投"
Q0075,75,905,914,经济全球化,配：资源配置,促进全球资源优化配置和国际贸易发展,2024海淀一模Q18(1),2024海淀一模Q18,为什么能想到;同题组;材料触发点;答案落点;设问,,501,"3. 2024海淀一模Q18(1)
【材料触发点】 免签、互免签证、简化签证手续和口岸签证便利化直接降低中外人员商贸往来成本，题目追问对开放的积极影响时，应先转化为贸易投资便利化和自由化。
【设问】 结合材料，运用《当代国际政治与经济》知识，预测上述举措对服务高水平对外开放的积极影响。（6分）
【为什么能想到】 材料给157国互免签证、放宽口岸签证，门槛一降，人员要素跨境流动随之活跃，正好用“促进全球资源优化配置和国际贸易发展”来承接。
【答案落点】 便利外国朋友来华，吸引全球资源要素流动，促进国际贸易、推动全球资源优化配置，激发经济发展活力。
【同题组】 （按原题答题层次）
· 答题层次：本题6分，按三项答题要求组织
· ①促进贸易投资便利化、自由化（2分；替代：促进贸易往来；促进对外合作交流/便利国内外交流/便利人员往来/降低活动成本可给1分，不重复给分）
· ②吸引全球资源要素自由流动（1分）；充分利用国内国际两种资源、两个市场（2分；替代：开放、包容、普惠、共赢/互利共赢/国内国际双循环）
· ③推进高水平对外开放/发展更高水平开放型经济（1分；替代：更大范围、更宽领域对外开放"
Q0076,76,915,924,经济全球化,配：资源配置,促进全球资源优化配置和国际贸易发展,2026朝阳一模Q20,2026朝阳一模Q20,为什么能想到;同题组;材料触发点;答案落点;设问,,768,"4. 2026朝阳一模Q20
【材料触发点】 中国消费市场、制造业规模、货物贸易、自贸协定和免签政策共同说明中国市场与全球资源要素双向联动。
【设问】 结合材料，运用《当代国际政治与经济》的知识，阐述中国为什么能为全球发展注入稳定性和正能量。
【为什么能想到】 设问问中国为什么能注入稳定性和正能量，材料中的超大规模市场、制造业规模、货物贸易、自贸协定和免签政策说明中国能够吸引和配置全球商品、服务、人才等要素。这里应从全球资源优化配置和国际贸易发展说明中国开放对世界的支撑。
【答案落点】 中国依托超大规模市场、制造业规模、自贸协定和免签政策，促进人才、商品、服务和生产要素在全球范围内流动，优化全球资源配置、带动国际贸易发展，为全球发展注入正能量。
【同题组】 （按原题答题层次）
· 答题层次：本题8分，按必答点、共享发展经验、发展潜力三个层次组织；全题总分不超过8分，发展潜力角度最多5分。
· 必答点（2分）：当前国际竞争的实质是以经济和科技实力为基础的综合国力较量1分；中国坚持创新驱动战略，科技实力日益增强，成为全球创新策源地，为全球产业链供应链稳定提供坚实支撑1分。
· 共享发展经验"
Q0077,77,927,935,经济全球化,贸资：贸易投资自由化便利化,对最不发达国家实行零关税，推动普惠包容的经济全球化,2025西城二模Q19(2),2025西城二模Q19,为什么能想到;同题组;材料触发点;答案落点;设问,,593,"1. 2025西城二模Q19(2)
【材料触发点】 对最不发达国家实行零关税，直接降低其进入中国市场的制度性成本，体现贸易自由化和普惠包容的经济全球化方向。
【设问】 结合材料，运用《当代国际政治与经济》知识，说明这一做法中的中国担当。
【为什么能想到】 材料给出""对最不发达国家实行零关税""这一具体单边让利安排，对象不是有竞争力的发达经济体，而是最弱势国家，价值取向直接落在""普惠""上。问""中国担当""，要把这一做法从政策表面上升到推动开放型世界经济和贸易自由化的高度，而不是只夸""对外援助""。先把零关税待遇的对象限定为最不发达国家，强调单边让利、降低其进入中国市场的制度成本，再写这一做法促进贸易自由化和普惠包容的全球化方向，最后指向展现中国担当、建设开放型世界经济。
【答案落点】 中国对最不发达国家实行零关税待遇，促进贸易自由化，推动建设开放型世界经济和普惠包容的经济全球化。
【同题组】 （按原题答题层次）
· 答题层次：本题5分，按中国担当3分和世界意义2分组织
· 中国担当（3分）：开放广阔的中国市场或坚持正确义利观（1分）；与发展中国家或最不发达国家共享发展新机遇，惠民生增福祉，实现"
Q0078,78,937,946,经济全球化,贸资：贸易投资自由化便利化,推进贸易和投资自由化便利化,2026朝阳一模Q20,2026朝阳一模Q20,为什么能想到;同题组;材料触发点;答案落点;设问,,701,"1. 2026朝阳一模Q20
【材料触发点】 中国同31个国家和地区签署自贸协定、对50个国家实施单方面免签，把自身发展空间转化为跨境贸易投资便利。
【设问】 结合材料，运用《当代国际政治与经济》的知识，阐述中国为什么能为全球发展注入稳定性和正能量。
【为什么能想到】 中国对50个国家单方面免签、签24项自贸协定，直接降低了跨境通行与贸易门槛，让要素更顺畅地流动，这恰是推进贸易和投资自由化便利化的现实做法。
【答案落点】 中国扩大自贸朋友圈、优化人员和要素流动条件，推动贸易投资自由化便利化，为全球发展释放新空间。
【同题组】 （按原题答题层次）
· 答题层次：本题8分，按必答点、共享发展经验、发展潜力三个层次组织；全题总分不超过8分，发展潜力角度最多5分。
· 必答点（2分）：当前国际竞争的实质是以经济和科技实力为基础的综合国力较量1分；中国坚持创新驱动战略，科技实力日益增强，成为全球创新策源地，为全球产业链供应链稳定提供坚实支撑1分。
· 共享发展经验（3分）：通过分享减贫经验、生态治理经验、职业教育经验等助力发展中国家持续发展，并展现大国责任担当、正确义利观、中国智慧或中国方案1分"
Q0079,79,947,956,经济全球化,贸资：贸易投资自由化便利化,推进贸易和投资自由化便利化,2025丰台一模Q20北京“两区”通关创新,2025丰台一模Q20,为什么能想到;同题组;材料触发点;答案落点;设问,,938,"2. 2025丰台一模Q20北京“两区”通关创新
【材料触发点】 题目要“两区”举措如何助力开放型经济迈上新台阶，题干中""分钟通关""等通关创新直接缩短跨境流程，需要把这些通关创新翻译为交易成本下降、通关效率提升、货物贸易规模扩大的便利化链，对应贸易投资自由化便利化机制。
【设问】 结合材料，运用《经济与社会》《当代国际政治与经济》知识，说明北京“两区”建设的举措是如何助力开放型经济迈上新台阶的。
【为什么能想到】 材料具体列出“分钟通关”等通关改革，时间和环节都被压缩，呈现的是跨境流程的直接简化。问如何“助力开放型经济迈上新台阶”，要把通关改革翻译为交易成本下降、通关效率提升、货物贸易规模扩大这一便利化链条。先把“分钟通关”等通关创新提炼为跨境通关流程的简化，再写其降低交易成本、提高通关效率、扩大货物贸易规模，进而接到推进贸易和投资自由化便利化、助力开放型经济迈上新台阶。
【答案落点】 北京“两区”创新通关模式，降低跨境交易成本，提高货物通关效率，扩大货物贸易规模，推动贸易投资便利化，助力开放型经济迈上新台阶。
【同题组】 （按原题答题层次）
· 答题层次：本题8分，混合模块题，限缩到"
Q0080,80,957,967,经济全球化,贸资：贸易投资自由化便利化,推进贸易和投资自由化便利化,"2026房山一模Q19海南""一线放开""自由便利",2026房山一模Q19,为什么能想到;同题组;材料触发点;答案落点;设问,,693,"3. 2026房山一模Q19海南""一线放开""自由便利
【材料触发点】 题目分析海南自贸港封关如何助力国际循环，题干中""一线放开""对应进出岛跨境自由便利措施，需要从消费角度把降低通关成本、提高通关效率、推动货物和服务贸易升级写出来，对接贸易投资自由化便利化与要素自由流动。
【设问】 结合材料，运用《当代国际政治与经济》知识，分析海南自贸港封关是如何助力国际循环的。
【为什么能想到】 材料写一线放开后零关税商品增至6600多种、进出岛通关便利，货物关税与流程门槛同步下降，正好用“推进贸易和投资自由化便利化”来概括。
【答案落点】 海南自贸港通过""一线放开""实施自由便利措施，降低通关成本、提高通关效率，促进货物和服务贸易升级，推动要素自由流动和资源优化配置，落实贸易投资自由化便利化，畅通国际循环消费端。
【同题组】 （按原题答题层次）
· 答题层次：本题8分，按消费/市场、生产/产业、投资/营商、中国方案四层组织；前三类开放链条合计按材料表现取分，不要超过6分，中国方案层另按2分处理。
· 消费/市场层（2分）：发挥超大规模市场优势；降低成本、提高效率，促进货物和服务贸易升级、要素自由流动、"
Q0081,81,968,977,经济全球化,贸资：贸易投资自由化便利化,推进贸易和投资自由化便利化,2024海淀一模Q18(1),2024海淀一模Q18,为什么能想到;同题组;材料触发点;答案落点;设问,,644,"4. 2024海淀一模Q18(1)
【材料触发点】 免签、互免签证、简化签证手续和口岸签证便利化直接降低中外人员商贸往来成本，题目追问对开放的积极影响时，应先转化为贸易投资便利化和自由化。
【设问】 结合材料，运用《当代国际政治与经济》知识，预测上述举措对服务高水平对外开放的积极影响。（6分）
【为什么能想到】 题面把免签、互免签证、简化签证手续、口岸签证便利化几类政策并排，焦点都集中在中外人员往来成本的下降，而不是签证制度本身。问对高水平对外开放的影响，需要把人员便利化转化为商贸合作、访问交流、投资创业等具体经贸往来的便利，再接到开放升级。先把签证便利化定位为降低人员商贸往来成本的制度安排，再写其便利外国朋友来华商贸合作、访问交流、投资创业，进而接到促进贸易投资便利化、自由化。
【答案落点】 扩大免签范围、简化签证手续和放宽口岸签证条件，有利于降低外国朋友来华商贸合作、访问交流、投资创业的成本，促进贸易投资便利化、自由化。
【同题组】 （按原题答题层次）
· 答题层次：本题6分，按三项答题要求组织
· ①促进贸易投资便利化、自由化（2分；替代：促进贸易往来；促进对外合作交流/便利国内"
Q0082,82,978,988,经济全球化,贸资：贸易投资自由化便利化,推进贸易和投资自由化便利化,2026门头沟一模Q20——海南自贸港全岛封关的国内国际意义,2026门头沟一模Q20,为什么能想到;同题组;材料触发点;答案落点;设问,,772,"5. 2026门头沟一模Q20——海南自贸港全岛封关的国内国际意义
【材料触发点】 题面列举零关税税目扩大、口岸管理优化、压缩""二线""出岛申报项目等具体机制；题目指向分析国内意义，封关机制直接降低企业贸易成本。
【设问】 结合材料，运用《当代国际政治与经济》知识，分析海南自贸港全岛封关为何能为中国经济发展注入新动能、为世界经济开放发展注入新活力。
【为什么能想到】 题面把""零关税税目扩大""""口岸管理优化""""压缩二线出岛申报项目""三条机制并排，落点都在企业跨境贸易的关税、流程和申报成本。问国内意义，要把这些封关机制翻译为企业贸易成本下降和便利化推进，而不是只描述政策清单。先把零关税扩围、口岸管理优化、申报项目压缩提炼为企业跨境贸易成本的全方位下降，再写其推进贸易自由化便利化，进而接到为企业经营释放空间、为经济发展注入新动能。
【答案落点】 海南自贸港全岛封关扩大""零关税""商品范围、优化口岸管理并压缩通关项目，有利于降低企业成本，促进贸易自由化便利化。
【同题组】 （按原题答题层次）
· 本题7分，按“原因2分—中国意义2分—世界意义2分—逻辑1分”写。
· 原因：用对外开放基本国策、互利"
Q0083,83,989,999,经济全球化,贸资：贸易投资自由化便利化,推进贸易和投资自由化便利化,2025昌平二模Q21,2025昌平二模Q21,为什么能想到;同题组;材料触发点;答案落点;设问,,686,"6. 2025昌平二模Q21
【材料触发点】 题目列出扩大免签、拓宽融资、激活双边投资促进工作组等稳外资举措，问其开放意义；这些措施把跨国人员往来、资本流动和贸易合作连接起来，指向更高水平开放中的经贸合作。
【设问】 结合材料，说明上述举措对我国建设更高水平的开放型经济具有什么重要意义。
【为什么能想到】 材料里加快互免签证、扩大单方面免签、激活双边投资促进工作组机制，都是降低跨境人员往来和资本合作成本的便利安排，因此可用推进贸易和投资自由化便利化来说明。
【答案落点】 扩大免签、完善涉外资服务和激活双边投资促进机制，有利于便利各国人员往来，进一步加强经贸合作，增强外资投资中国的信心。
【同题组】 （按原题答题层次）
· 答题层次：本题8分，按三项举措加意义组织。
· 扩大重点领域开放试点：电信、医疗等领域开放，放宽市场准入1分；吸引更多外资进入各领域，可引入先进技术和管理经验，有利于我国充分利用国内国际两个市场两种资源、建设现代化产业体系、提高对外开放的质量和效益，任选2个得2分。
· 加大服务保障力度：规范监管和保护知识产权、扩大免签范围等1分；有利于加强各国人员交流和经贸合作，营"
Q0084,84,1000,1011,经济全球化,贸资：贸易投资自由化便利化,推进贸易和投资自由化便利化,"2024朝阳期中Q20(3)""数字驱动商通全球""短评",2024朝阳期中Q20,为什么能想到;同题组;材料触发点;答案落点;设问,,816,"7. 2024朝阳期中Q20(3)""数字驱动商通全球""短评
【材料触发点】 数贸会一方面汇集数字首发首秀新产品并促进数字科技产品贸易（开放、创新），另一方面通过""智慧非洲""展台让非洲国家共享中国市场和数字红利（包容、普惠），并通过双向签约形成共赢；整体合力呈现的是数字贸易领域的开放、包容、普惠、平衡、共赢方向。
【设问】 结合材料，运用《当代国际政治与经济》知识，以“数字驱动 商通全球”为主题撰写一篇短评。
【为什么能想到】 数贸会作为聚焦数字经济的国际平台，把各国数字企业、资金、订单聚到一处；平台降低对接门槛与交易成本，对应推进数字经济投资和贸易自由化便利化。
【答案落点】 数字贸易博览会搭建交流合作平台，促进数字经济领域投资和贸易自由化便利化，为各国企业创造有利机遇。
【同题组】 （按原题答题层次）
· 答题层次：本题10分，短评题，按题目、三段材料分别点评、总结或总评、语言表达组织。
· 短评题目（1分）。
· 三段材料分别点评（6分，每段“事实1分+点评1分”）：汇集新产品，写数贸会推动数字科技产品贸易和使用，促进全球经济创新发展；打造新平台，写数贸会搭建交流合作平台，促进相互"
Q0085,85,1012,1021,经济全球化,贸资：贸易投资自由化便利化,推进贸易和投资自由化便利化,2025东城一模Q20,2025东城一模Q20,为什么能想到;同题组;材料触发点;答案落点;设问,,590,"8. 2025东城一模Q20
【材料触发点】 此次出访中，中国同秘鲁签署自贸协定升级议定书和共建“一带一路”合作规划，并在11天内达成60多项合作文件，说明相关国家围绕贸易合作、区域合作和发展议题存在共同利益。
【设问】 结合材料，运用《当代国际政治与经济》知识，谈谈此次元首外交的“精彩”之处。
【为什么能想到】 此次出访中，中国同秘鲁签署自贸协定升级议定书和共建“一带一路”合作规划，并在11天内达成60多项合作文件，说明相关国家围绕贸易合作、区域合作和发展议题存在共同利益。自贸协定、合作规划和人员往来都能降低跨境合作成本，因此可从推进贸易和投资自由化便利化说明互利共赢。
【答案落点】 此行签署自贸协定、深化“一带一路”合作，以共同利益为基础推进贸易自由化便利化，实现互利共赢。
【同题组】 （按原题答题层次）
· 答题层次：本题8分，按原题三层得分层次组织
· 第一层（4分）：①共同利益是合作的基础（2分；替代：具体合作，如共建“一带一路”、贸易自由化便利化，可给1分）；②推动高水平对外开放/促进高质量发展/推动经济全球化发展朝着更加开放、包容、普惠、平衡、共赢的方向发展（2分）
· "
Q0086,86,1022,1030,经济全球化,贸资：贸易投资自由化便利化,推进贸易和投资自由化便利化,2025西城二模Q19(2),2025西城二模Q19,为什么能想到;同题组;材料触发点;答案落点;设问,,452,"9. 2025西城二模Q19(2)
【材料触发点】 对最不发达国家实行零关税，直接降低其进入中国市场的制度性成本，体现贸易自由化和普惠包容的经济全球化方向。
【设问】 结合材料，运用《当代国际政治与经济》知识，说明这一做法中的中国担当。
【为什么能想到】 材料对最不发达国家100%税目产品零关税，直接抹掉它们进入中国市场的关税门槛，这种降低制度性成本的安排正是“推进贸易和投资自由化便利化”。
【答案落点】 我国对最不发达国家实行零关税、开放广阔中国市场，推进贸易自由化便利化，建设开放型世界经济。
【同题组】 （按原题答题层次）
· 答题层次：本题5分，按中国担当3分和世界意义2分组织
· 中国担当（3分）：开放广阔的中国市场或坚持正确义利观（1分）；与发展中国家或最不发达国家共享发展新机遇，惠民生增福祉，实现互利共赢（2分，需有对象和具体说明）
· 世界意义（2分）：推动普惠包容的经济全球化/建设开放型世界经济/促进贸易自由化，促进共同发展、维护持久和平，共同推进现代化；任意1点1分，共2分"
Q0087,87,1031,1041,经济全球化,贸资：贸易投资自由化便利化,推进贸易和投资自由化便利化,2025东城期末Q20——评价欧盟对中国新能源汽车征收临时反补贴税,2025东城期末Q20,为什么能想到;同题组;材料触发点;答案落点;设问,,670,"10. 2025东城期末Q20——评价欧盟对中国新能源汽车征收临时反补贴税
【材料触发点】 题面写中方坚决反对欧方临时反补贴税并多次提出建设性解决方案；设问需要说明认识短文，谈到中国态度必须把""维护本国利益""明确写出。
【设问】 运用《当代国际政治与经济》知识，写一篇短文，谈谈你对上述材料的认识。要求：题目自拟，观点明确，逻辑清晰，200字左右。
【为什么能想到】 题面写中方坚决反对欧方临时反补贴税并多次提出建设性解决方案，材料呈现的是跨境交易流程、成本或市场准入的变化；这些事实的教材落点不是一般开放口号，而是贸易和投资自由化便利化对开放型经济的推动。
【答案落点】 我国新能源汽车走向世界，推进贸易和投资自由化便利化，促进国际贸易、为世界经济注入活力。
【同题组】 （按原题答题层次）
· 答题层次：本题8分，短文题，先完成题目和分段，再按中国贡献、批判欧盟行为、中国态度或做法组织。
· 短文形式：题目1分；分三段1分。
· 中国贡献层（3分）：我国新能源汽车产业发展促进全球资源优化配置、国际贸易发展，或为世界新能源产业注入活力，写充分2分，写得不充分1分；我国用行动为世界气候、环境、绿"
Q0088,88,1042,1054,经济全球化,贸资：贸易投资自由化便利化,推进贸易和投资自由化便利化,2026石景山一模Q20,2026石景山一模Q20,为什么能想到;同题组;材料触发点;答案落点;设问,,631,"11. 2026石景山一模Q20
【材料触发点】 题面""五个共同""列出共同维护多边贸易体制、共同推进贸易投资自由化便利化、共同建设产业链供应链、共同推动数字绿色贸易合作、共同促进区域繁荣等内容，问中国倡议如何助推亚太合作；亚太各国能在这些方向上联动合作，前提是它们具有相互交织的共同利益。
【设问】 运用《当代国际政治与经济》知识，任选两个关键词，说明中国倡议如何助推亚太合作。
【为什么能想到】 ""五个共同""中明确提出共同推进贸易投资自由化便利化、破除壁垒，正是减少跨境交易阻碍的具体路径，故直接对应推进贸易和投资自由化便利化。
【答案落点】 中国坚持世贸组织基本原则、破除贸易壁垒，推进贸易投资自由化便利化，助推亚太开放合作。
【同题组】 （按原题答题层次）
· 本题8分：从1个关键词展开，可拿4分；从2个关键词展开，最多8分。
· 每个关键词都按“关键词+学科用语+结合材料分析”写，不只贴标签。
· 可选关键词：共商共建共享、人类命运共同体、经济全球化、和平发展合作共赢、维护共同利益；也可用材料中的“共同、开放、包容”组织。
· 高分表达要观点明确、紧扣问题、知识准确、逻辑清楚；只罗列知"
Q0089,89,1055,1064,经济全球化,贸资：贸易投资自由化便利化,推进贸易和投资自由化便利化,2025西城一模Q18,2025西城一模Q18,为什么能想到;同题组;材料触发点;答案落点;设问,,821,"12. 2025西城一模Q18
【材料触发点】 设问问地区如何利用国内外资源""开拓海外市场""""提升国际循环质量""。要回答从国内市场延伸到国际市场的对外开放结构，必须用""两个市场两种资源/国际国内双循环""把国内端、国际端接成一条循环——只讲产业内部升级不能回答""国际循环质量提升""。
【设问】 从“两条鱼循环”看增长新空间。产自中国的鳗鱼“游”向世界，挪威三文鱼“飞”来中国，增长新空间在不断拓展。结合材料，运用《经济与社会》所学，谈谈中国经济增长新空间是如何拓展的。
【为什么能想到】 题目问地区如何利用国内外资源""开拓海外市场""""提升国际循环质量""。要回答从国内市场延伸到国际市场的对外开放结构，必须用""两个市场两种资源/国际国内双循环""把国内端、国际端接成一条循环——只讲产业内部升级不能回答""国际循环质量提升""。 题目给出的事实链表明通关、准入、协议和人员往来怎样降低跨境合作成本，所以“推进贸易和投资自由化便利化”不是硬套，而是解释材料关系的支点。由此推出：依托便捷交通和高水平物流体系，内外联通、贸易便利化，降低成本、提高效率，推动产品高效流通海外市场。
【答案落点】 依托便捷交通和高水平"
Q0090,90,1067,1076,经济全球化,贸资：贸易投资自由化便利化,推进贸易和投资自由化便利化,2024丰台一模Q20,2024丰台一模Q20,为什么能想到;同题组;材料触发点;答案落点;设问,,636,"13. 2024丰台一模Q20
【材料触发点】 首届链博会吸引515家中外企业和机构参展、签署200多项协议，说明中国通过平台化合作降低交易壁垒、促进投资贸易便利化。
【设问】 结合材料，运用《当代国际政治与经济》知识，说明我国的实践是如何推动供应链成为国际合作“共赢链”的。
【为什么能想到】 515家中外企业和机构参展、签署200多项协议，说明链博会把供应链上下游企业放到同一合作平台中对接。参展和签约数据体现跨境合作成本下降、合作渠道拓宽，因此会想到贸易投资自由化便利化。
【答案落点】 中国举办首届中国国际供应链促进博览会，打造国际经济合作交流平台，促成中外企业大规模签约对接，推进供应链领域贸易投资自由化便利化。
【同题组】 （按原题得分方式）
· 答题层次：本题7分，按“知识+材料”的论述质量展开；只写纯知识或只描述材料，属于低档。
· 分档方式：围绕下列四个方面展开，任选三方面且论述到位可达6-7分，任选二方面为4-5分，任选一方面为2-3分；没有论述或论述严重偏差为0-1分。
· 答题提醒：即使写到三个方面，如果内容不贴切，或只是照搬材料、没有说明与国际合作“共赢链”的关系，也"
Q0091,91,1080,1091,经济全球化,贸资：贸易投资自由化便利化,推进贸易和投资自由化便利化,2025朝阳一模Q20,2025朝阳一模Q20,为什么能想到;同题组;材料触发点;答案落点;设问,,1143,"14. 2025朝阳一模Q20
【材料触发点】 材料强调全球产业链供应链区域化，各国缩短产业链距离以降低断链风险；答题应把区域化趋势转化为深化周边与区域经济合作、推进投资和贸易便利化。
【设问】 结合材料，运用《当代国际政治与经济》知识，说明我国应如何应对全球产业链供应链新态势，在全球产业变革中赢得主动。
【为什么能想到】 材料明确写全球产业链供应链""区域化""、各国""缩短产业链距离以降低断链风险""，趋势从全球远端布局转向区域邻近布局。问""我国应如何应对""，必须给出行动方案而非趋势描述，并要让答案指向我国能主动作为的层面，而非被动接受。先承接区域化趋势，再写深化周边与区域经济合作、秉持亲诚惠容理念，指向推进区域内投资和贸易便利化、产业链深度融合。
【答案落点】 面对全球产业链供应链区域化、各国缩短产业链距离以降低断链风险的趋势，我国应深化区域经济合作，秉持亲诚惠容理念，促进区域内投资和贸易自由化便利化，推动区域产业链供应链深度融合。
【同题组】 （按原题答题层次）
· 答题层次：本题总分标注为8分，围绕全球产业链供应链新态势，从多元化布局、区域化合作、绿色化转型、数字化加速四个特点分别作"
Q0092,92,1095,1105,经济全球化,贸资：贸易投资自由化便利化,推进贸易和投资自由化便利化,2025朝阳二模Q21,2025朝阳二模Q21,为什么能想到;同题组;材料触发点;答案落点;设问,,1003,"15. 2025朝阳二模Q21
【材料触发点】 中国与周边25国共建""一带一路""、与18国互为最大贸易伙伴，开展常态化贸易投资合作，区域经济角度要先将这条合作落在贸易投资便利化上。
【设问】 结合材料，运用《当代国际政治与经济》知识，说明我国为什么要努力开创周边工作新局面。
【为什么能想到】 题面给出""与周边25国共建一带一路""""与18国互为最大贸易伙伴""两组数据，呈现的是中国与周边国家常态化、深层次的贸易投资合作。问开创周边工作新局面的原因，区域经济角度要先把贸易投资合作的便利化讲透，再上升到周边战略。先把25国共建一带一路、18国互为最大贸易伙伴提炼为常态化贸易投资合作的基础，再写其促进区域贸易和投资自由化便利化，进而接到夯实开创周边工作新局面的经济基础。
【答案落点】 中国同周边国家开展常态化贸易投资合作、共建""一带一路""，促进区域贸易和投资自由化便利化，夯实开创周边工作新局面的经济基础。
【同题组】 （按原题答题层次）
· 答题层次：本题8分，按“中国的发展需要—区域的发展需要—世界的发展需要”三层组织；同一关键词不重复，语言要有层次、无知识错误
· 从中国的发展需要角度看（3"
Q0093,93,1109,1119,经济全球化,贸资：贸易投资自由化便利化,推进贸易和投资自由化便利化,2025海淀一模Q21(2),2025海淀一模Q21,为什么能想到;同题组;材料触发点;答案落点;设问,,835,"16. 2025海淀一模Q21(2)
【材料触发点】 题目让学生解释外贸为何能连上两个万亿台阶，题面里的综合保税区是高水平开放平台，作用是降低跨境贸易成本、提高便利化水平，从而支撑外贸规模增长。
【设问】 结合材料，运用《当代国际政治与经济》知识，说明我国外贸为何能连上两个万亿级台阶。（6分）
【为什么能想到】 题面把综合保税区点为高水平开放平台，并把外贸总量跨越两个万亿台阶的事实放在它旁边，指向平台的便利化效应是外贸跨越的支撑。问""为何能""连上两个万亿台阶，要把综合保税区翻译为降低跨境贸易成本、提高便利化水平的开放平台，再接到外贸规模扩张。先把综合保税区提炼为高水平开放平台，再写其降低跨境贸易成本、提升贸易便利化水平、畅通国际贸易，进而接到推动外贸总量跨过两个万亿级台阶。
【答案落点】 我国实施更加积极主动的开放战略，通过综合保税区等开放平台促进贸易投资自由化便利化，降低贸易成本、畅通国际贸易，推动外贸总量连续跨过42、43两个万亿级台阶。
【同题组】 （按原题答题层次）
· 答题层次：本题6分，围绕我国外贸连上两个万亿级台阶的原因，按绿色/数字贸易、开放平台与综合保税区、市场潜力三"
Q0094,94,1123,1132,经济全球化,贸资：贸易投资自由化便利化,推进贸易和投资自由化便利化,2026东城二模Q20(3),2026东城二模Q20,为什么能想到;同题组;材料触发点;答案落点;设问,,714,"17. 2026东城二模Q20(3)
【材料触发点】 外资进入、投资便利和供给能力提升，体现跨境投资制度成本降低。
【设问】 结合材料三，运用《当代国际政治与经济》知识，分析购在中国与投资中国如何协同发力，释放我国独特的开放红利。
【为什么能想到】 外资进入、投资便利和供给能力提升，体现跨境投资制度成本降低。 由材料事实往上提炼，关键就在通关、准入、协议和人员往来怎样降低跨境合作成本；“推进贸易和投资自由化便利化”能够承接这一判断。表达为：中国促进投资自由化便利化，使外资更便利进入中国市场，提升商品和服务供给能力，带动购在中国持续扩容。
【答案落点】 中国促进投资自由化便利化，使外资更便利进入中国市场，提升商品和服务供给能力，带动购在中国持续扩容。
【同题组】 （按原题答题层次）
· 答题层次：本题7分，按“购在中国”吸引“投资中国”3分、“投资中国”推动“购在中国”3分、二者协同影响1分组织。
· 第一层：“购在中国”吸引“投资中国”（3分）：激活入境消费需求、扩大入境消费规模或提升入境消费吸引力1分；发挥我国超大规模市场优势1分；消费牵引投资、吸引外商“投资中国”、推动全球要素集聚"
Q0095,95,1136,1144,经济全球化,贸资：贸易投资自由化便利化,推进贸易和投资自由化便利化,2026丰台二模Q20,2026丰台二模Q20,为什么能想到;同题组;材料触发点;答案落点;设问,,498,"18. 2026丰台二模Q20
【材料触发点】 题目围绕自贸区、自贸港建设，材料列出跨境金融、离岸贸易、制度创新和开放通道；这些事实应转化为贸易和投资自由化便利化，而不是只写“扩大开放”。
【设问】 结合材料，运用《当代国际政治与经济》知识，阐明中国加快推进自由贸易试验区、自由贸易试验港建设为世界注入更多确定性的原因。
【为什么能想到】 材料写自贸区、自贸港推动跨境金融、离岸贸易、高端制造等新业态发展，这些都在降低跨境流通和投资合作成本。设问问“为世界注入确定性”，应把这些平台功能上升为贸易投资自由化便利化和稳定制度预期。
【答案落点】 中国加快推进自由贸易试验区和自由贸易试验港建设，推进贸易和投资自由化便利化，降低跨境流通和投资合作成本，为世界经济开放合作提供稳定制度预期。
【同题组】 （同主题练习提醒）
· 本题适合作为同主题训练，不按固定得分层次展开。
· 可写方向：自由贸易试验区、自由贸易港建设符合经济全球化和开放合作趋势，有利于推进高水平对外开放、稳定全球产业链供应链、推动经济全球化朝更加开放包容普惠平衡共赢方向发展。
· 易错提醒：不要把参考性答案当成固定得分层次照搬。"
Q0096,96,1148,1158,经济全球化,贸资：贸易投资自由化便利化,推进贸易和投资自由化便利化,2026西城一模Q20(2),2026西城一模Q20,为什么能想到;同题组;材料触发点;答案落点;设问,,739,"19. 2026西城一模Q20(2)
【材料触发点】 原卷材料二围绕中国—东盟自贸区3.0版升级，强调促进关键产品和服务自由流通、提升区域开放合作水平，直接对应跨境交易成本下降和贸易投资便利化。
【设问】 结合材料，运用《当代国际政治与经济》知识，分析中国—东盟自贸区3.0版是如何为区域发展和世界经济注入强劲动力的。
【为什么能想到】 看到“自贸区3.0版”和“关键产品和服务自由流通”，应把材料从政策名称翻译成经济机制：自由流通意味着准入、通关、标准和服务合作成本下降，区域内要素和商品流动更顺畅。设问问“如何注入动力”，本条就回答这种制度安排怎样降低交易成本、扩大贸易投资往来。
【答案落点】 中国—东盟自贸区3.0版促进关键产品和服务自由流通，降低跨境交易成本、提高贸易效率，推动区域贸易投资自由化便利化。
【同题组】 （按原题答题层次）
· 答题层次：本题8分，按标准规则2分、产业链供应链3分、综合意义2分、联系材料1分组织。
· 标准规则（2分）：降低制度性交易成本/提高贸易效率（1分）；促进贸易投资便利化自由化、优化营商环境、破除贸易壁垒（1分）。
· 产业链供应链（3分）：维护经"
Q0097,97,1162,1172,经济全球化,贸资：贸易投资自由化便利化,推动区域经济融合与区域经济一体化,2025朝阳二模Q21,2025朝阳二模Q21,为什么能想到;同题组;材料触发点;答案落点;设问,,962,"1. 2025朝阳二模Q21
【材料触发点】 中国已成为18国最大贸易伙伴，与周边25国签署共建“一带一路”合作协议，说明周边工作的新局面离不开经济融合与区域共同发展。
【设问】 结合材料，运用《当代国际政治与经济》知识，说明我国为什么要努力开创周边工作新局面。
【为什么能想到】 材料给出具体数字——""中国已成为18国最大贸易伙伴""""与25国签署共建一带一路合作协议""——周边经济联系已经非常密切。问""为什么要开创新局面""——本条要从既有的经济融合基础解释新局面的现实必要，而不是讲外交辞令。先把贸易伙伴数据和一带一路合作协议作为既有融合基础点出，再写经济融合，最终指向共同发展和区域经济一体化。
【答案落点】 中国与周边国家开展贸易和共建“一带一路”合作，能够推动我国与周边国家的经济融合，促进共同发展和区域经济一体化。
【同题组】 （按原题答题层次）
· 答题层次：本题8分，按“中国的发展需要—区域的发展需要—世界的发展需要”三层组织；同一关键词不重复，语言要有层次、无知识错误
· 从中国的发展需要角度看（3分）：必要性1分，可写周边国家众多、符合我国与周边国家地理环境和文化发展状况、国际"
Q0098,98,1177,1185,经济全球化,总：开放包容普惠平衡共赢方向,顺应经济全球化趋势，主动融入并推动深化,"2026延庆一模Q19(2)——中国""推动重塑全球能源治理格局""的理论逻辑和价值意蕴",2026延庆一模Q19,为什么能想到;同题组;材料触发点;答案落点;设问,,682,"1. 2026延庆一模Q19(2)——中国""推动重塑全球能源治理格局""的理论逻辑和价值意蕴
【材料触发点】 题面写绿色能源技术、装备和标准跨国流动，使中国和共建国家相互联结；设问问理论逻辑和价值意蕴，需要从经济全球化深入发展这一历史潮流给绿色能源合作定位。
【设问】 结合材料二，运用《当代国际政治与经济》知识，说明中国“推动重塑全球能源治理格局”的理论逻辑和价值意蕴。
【为什么能想到】 题面把绿色能源技术、装备和标准跨国流动作为材料底色，使中国与共建国家在能源、产业、技术、标准四个层面相互联结。问理论逻辑和价值意蕴，需要先从经济全球化深入发展这一历史潮流给绿色能源合作定位，再展开意义。先点明顺应经济全球化趋势、主动融入并推动深化，再写中国推动绿色能源国际合作，进而接到自身与共建国家在能源、产业、技术和标准层面进一步融入经济全球化进程。
【答案落点】 中国推动绿色能源国际合作，顺应经济全球化趋势，促进自身与共建国家在能源、产业、技术和标准层面进一步融入经济全球化进程。
【同题组】 （按原题答题层次）
· 答题层次：本题8分，按理论逻辑4分和价值意蕴4分组织。
· 理论逻辑（4分）：两个角"
Q0099,99,1186,1196,经济全球化,总：开放包容普惠平衡共赢方向,顺应经济全球化趋势，主动融入并推动深化,2026门头沟一模Q20——海南自贸港全岛封关的国内国际意义,2026门头沟一模Q20,为什么能想到;同题组;材料触发点;答案落点;设问,,854,"2. 2026门头沟一模Q20——海南自贸港全岛封关的国内国际意义
【材料触发点】 题面列出零关税商品税目扩大、岛内免税流通、加工增值免关税销往内地和""二线""出岛申报项目压缩等机制；题目让学生分析这些机制为何能给中国经济注入新动能并为世界经济注入新活力，需要把封关机制嵌入经济全球化深化进程。
【设问】 结合材料，运用《当代国际政治与经济》知识，分析海南自贸港全岛封关为何能为中国经济发展注入新动能、为世界经济开放发展注入新活力。
【为什么能想到】 题面把零关税商品税目扩大、岛内免税流通、加工增值免关税销往内地与""二线""出岛申报项目压缩四类机制并列，呈现的是把市场屏障逐层削薄的封关安排。问为何能给中国经济注入新动能、给世界经济注入新活力，必须把封关机制嵌入经济全球化深化的进程来回答。先点明顺应经济全球化趋势、主动融入并推动深化，再写海南自贸港通过零关税扩围、加工增值免税销往内地和口岸申报便利化把中国市场与世界市场紧密联结，进而接到主动推动经济全球化向更深层次迈进。
【答案落点】 海南自贸港通过零关税商品扩围、加工增值免税销往内地和口岸申报便利化，把中国市场与世界市场更紧密地联结，主动推动经"
Q0100,100,1197,1208,经济全球化,总：开放包容普惠平衡共赢方向,顺应经济全球化趋势，主动融入并推动深化,2024东城一模Q20,2024东城一模Q20,为什么能想到;同题组;材料触发点;答案落点;设问,,794,"3. 2024东城一模Q20
【材料触发点】 “外循环跑出加速度”写主动对照国际规则、规制、管理、标准并深化国内改革，触发的是制度规则层面的开放和经济全球化融入，而不是一般性产业升级或消费扩张。
【设问】 结合材料，运用经济的相关知识，分析我国的上述措施如何通过构建新发展格局助力经济高质量发展。
【为什么能想到】 题面用“外循环跑出加速度”这一动作把对标国际规则、规制、管理、标准并深化国内改革几条事实串到一起，触发的是制度规则层面的开放，而非一般性产业升级或消费扩张。问外循环措施如何助力高质量发展，要把外循环加速解释为更深层次融入经济全球化的制度安排。先点明顺应经济全球化趋势、主动融入并推动深化，再写我国主动对标国际规则、规制、管理和标准，进而接到推进制度型开放、深入融入经济全球化与高水平对外开放。
【答案落点】 我国主动对标国际规则、规制、管理和标准，推进制度型开放，深入融入经济全球化，推进高水平对外开放。
【同题组】 （按原题答题层次）
· 答题层次：本题8分，四点选三；两个完整点各3分，第三个点2分，按3+3+2组织。
· 每点内部：措施1分、路径1分、效果终点1分；如果路径和效"
Q0101,101,1209,1222,经济全球化,总：开放包容普惠平衡共赢方向,顺应经济全球化趋势，主动融入并推动深化,2024西城二模Q17,2024西城二模Q17,为什么能想到;同题组;材料触发点;答案落点;设问,,711,"4. 2024西城二模Q17
【材料触发点】 题目把我国发展新质生产力放在“新一轮科技革命在全球范围内风起云涌”的背景下，要求分析我国作为世界上最大的发展中国家如何在科技革命和产业变革中提升综合国力与国际竞争力。
【设问】 新一轮科技革命在全球范围内风起云涌。结合材料，综合运用所学，谈谈在当今时代，我国作为世界上最大的发展中国家应当扮演的角色。
【为什么能想到】 科技革命在全球风起云涌，成果需开放共享而非独占；我国作为最大发展中国家，角色落在顺应经济全球化趋势、主动融入并推动其深化，以开放分享红利。
【答案落点】 我国应顺应经济全球化趋势，主动融入并推动其深化，以开放合作分享科技革命成果，做世界发展的贡献者和推动者。
【同题组】 （按原题答题层次）
· 答题提醒：本题9分，是综合等级题，不能写成六要素罗列。
· 高档要求（7-9分）：观点鲜明，能围绕“我国作为世界上最大的发展中国家应当扮演的角色”深入或全面展开，知识工具恰当精准，逻辑结构合理。
· 中档要求（4-6分）：观点比较明确，能扣住问题展开，但知识准确度、分析深度或逻辑完整度不足。
· 低档提醒（0-3分）：观点不明确、罗列知"
Q0102,102,1223,1231,经济全球化,总：开放包容普惠平衡共赢方向,顺应经济全球化趋势，主动融入并推动深化,2026石景山二模Q18,2026石景山二模Q18,为什么能想到;同题组;材料触发点;答案落点;设问,,577,"5. 2026石景山二模Q18
【材料触发点】 原卷写中国连续16年保持东盟第一大贸易伙伴地位、东盟连续5年成为中国第一大贸易伙伴，2025年双边贸易增长；材料还列出数字基础设施合作、绿色发展经验和自贸区3.0版规则共建，说明合作提质升级有经贸事实、共同利益和规则联通支撑。
【设问】 结合材料，运用《当代国际政治与经济》知识，分析中国与东盟经贸合作能够提质升级的原因。
【为什么能想到】 自贸区从降关税到扩市场再到规则标准促融合，是中国一步步主动把开放推向更深层次，恰好对应顺应经济全球化趋势、主动融入并推动深化这一核心点。
【答案落点】 中国与东盟合作顺应经济全球化趋势，充分利用两个市场、两种资源，促进经济转型升级、使发展成果惠及人民。
【同题组】 （按原题答题层次）
· 答题层次：本题8分，依据4分，意义4分
· 依据层（4分，从政治、经济各答出1个观点）：国家利益和国家实力是影响国际关系的决定性因素；中国与东盟经贸合作提质升级顺应经济全球化趋势，基于双方共同利益，符合时代发展主题
· 意义层（4分，任意2个维度）：对本国，有利于充分利用两个市场、两种资源，促进经济转型升级，使发展成果"
Q0103,103,1232,1241,经济全球化,总：开放包容普惠平衡共赢方向,顺应经济全球化趋势，主动融入并推动深化,2025海淀期中Q16(2),2025海淀期中Q16,为什么能想到;同题组;材料触发点;答案落点;设问,,599,"6. 2025海淀期中Q16(2)
【材料触发点】 中国咖啡企业“出海”面对海外消费差异、供应链压力、知识产权和贸易风险，单靠企业经营策略不足，还要从国际规则和治理参与角度改善外部环境。
【设问】 结合材料三，从经济角度，为中国咖啡企业“出海”提出建议。
【为什么能想到】 中国咖啡企业“出海”面对海外消费差异、供应链压力、知识产权和贸易风险，说明企业进入国际市场既需要自身经营能力，也需要政策支持和开放环境。政府通过税收优惠等政策鼓励企业参与经济全球化，有助于企业主动融入国际市场、提升跨境经营能力。
【答案落点】 政府可通过税收优惠等政策鼓励、支持企业积极参与经济全球化，主动融入国际市场推动咖啡企业""出海""。
【同题组】 （按原题答题层次）
· 答题层次：按答案链训练，不展示固定分值层次；围绕企业经营、政府支持与资源、贸易摩擦与规则三条建议链组织。
· 企业经营层：客观看待“出海”的机遇与挑战，制定正确经营战略；重视海外市场考察研究，在充分了解市场信息基础上提高自主创新能力、形成竞争优势。
· 政府支持与资源层：通过税收优惠等政策鼓励、支持企业积极参与经济全球化，充分利用国际国内两种资源"
Q0104,104,1242,1249,经济全球化,总：开放包容普惠平衡共赢方向,顺应经济全球化趋势，主动融入并推动深化,2024石景山一模Q19(2),2024石景山一模Q19,为什么能想到;同题组;材料触发点;答案落点;设问,,529,"7. 2024石景山一模Q19(2)
【材料触发点】 新能源汽车成为全球汽车产业转型方向和世界经济增长引擎，企业出口增长并在海外设厂，说明其从全球市场需求和产业分工变化中寻找发展空间。
【设问】 结合材料，运用《当代国际政治与经济》知识，分析中国新能源汽车企业从“走出去”到“扎下根”的原因。（8分）
【为什么能想到】 题面同时给出全球汽车产业转型方向、世界经济增长引擎、出口持续增长和海外设厂四组事实，企业行动节奏与全球市场需求和产业分工变化高度对齐。问“走出去”到“扎下根”的原因，必须解释企业为什么会从单纯出口走向在海外深耕，而不能只写公司经营成绩。先点明顺应经济全球化趋势、主动融入并推动深化，再写中国新能源汽车企业凭借技术和产品优势满足国际市场需求，进而接到通过海外设厂深度参与全球汽车产业分工。
【答案落点】 中国新能源汽车企业顺应经济全球化趋势，凭借技术和产品优势满足国际市场需求，并通过海外设厂深度参与全球汽车产业分工。
【同题组】 （同主题练习提醒）
· 本题适合作为同主题训练，不按固定得分层次展开。
· 可写方向：顺应经济全球化趋势，利用比较优势优化资源配置，降低生产贸易成本，"
Q0105,105,1252,1263,经济全球化,总：开放包容普惠平衡共赢方向,顺应经济全球化趋势，主动融入并推动深化,2025朝阳一模Q20,2025朝阳一模Q20,为什么能想到;同题组;材料触发点;答案落点;设问,,1042,"8. 2025朝阳一模Q20
【材料触发点】 题目问如何应对全球产业链供应链多元化趋势，材料呈现跨国分工、断链风险和产业链重构，触发经济全球化条件下利用全球要素组织生产经营的答题方向。
【设问】 结合材料，运用《当代国际政治与经济》知识，说明我国应如何应对全球产业链供应链新态势，在全球产业变革中赢得主动。
【为什么能想到】 “多元化布局”栏写跨国公司分散投资、多点布局，这本就是借全球要素重组生产的全球化形态，故应对须顺应经济全球化趋势、主动融入并推动深化。
【答案落点】 面对全球产业链供应链多元化重构，我国应顺应经济全球化趋势，支持有实力的跨国公司开展对外直接投资，利用世界各地优势组织生产经营，维护多元稳定的国际经济格局和经贸关系。
【同题组】 （按原题答题层次）
· 答题层次：本题总分标注为8分，围绕全球产业链供应链新态势，从多元化布局、区域化合作、绿色化转型、数字化加速四个特点分别作答，每个特点都写“做法+效果”，最后用一句话总结提升。
· 多元化布局（2分）：做法1分，可写鼓励和支持有实力的跨国公司在全球范围内分散投资、利用世界各地优势组织生产经营，或顺应经济全球化趋势推进产业链"
Q0106,106,1266,1274,经济全球化,总：开放包容普惠平衡共赢方向,顺应经济全球化趋势，主动融入并推动深化,2026丰台二模Q20,2026丰台二模Q20,为什么能想到;同题组;材料触发点;答案落点;设问,,485,"9. 2026丰台二模Q20
【材料触发点】 自由贸易试验区、自由贸易试验港建设被问“为什么为世界注入更多确定性”，且答案明确写“符合经济全球化发展趋势、顺应和平发展合作共赢时代潮流”，先用顺应经济全球化趋势定性。
【设问】 结合材料，运用《当代国际政治与经济》知识，阐明中国加快推进自由贸易试验区、自由贸易试验港建设为世界注入更多确定性的原因。
【为什么能想到】 材料把自贸区连到高水平开放，海南更行“一线放开、零关税”，持续开放契合合作共赢潮流、给世界添确定性，正是顺应经济全球化趋势、主动融入深化。
【答案落点】 中国加快推进自由贸易试验区和自由贸易试验港建设，顺应经济全球化发展趋势和和平、发展、合作、共赢的时代潮流，以持续开放为世界经济注入确定性。
【同题组】 （同主题练习提醒）
· 本题适合作为同主题训练，不按固定得分层次展开。
· 可写方向：自由贸易试验区、自由贸易港建设符合经济全球化和开放合作趋势，有利于推进高水平对外开放、稳定全球产业链供应链、推动经济全球化朝更加开放包容普惠平衡共赢方向发展。
· 易错提醒：不要把参考性答案当成固定得分层次照搬。"
Q0107,107,1278,1289,经济全球化,总：开放包容普惠平衡共赢方向,推动经济全球化朝着更加开放、包容、普惠、平衡、共赢方向发展,"2024朝阳期中Q20(3)""数字驱动商通全球""短评",2024朝阳期中Q20,为什么能想到;同题组;材料触发点;答案落点;设问,,993,"1. 2024朝阳期中Q20(3)""数字驱动商通全球""短评
【材料触发点】 数贸会一方面汇集数字首发首秀新产品并促进数字科技产品贸易（开放、创新），另一方面通过""智慧非洲""展台让非洲国家共享中国市场和数字红利（包容、普惠），并通过双向签约形成共赢；整体合力呈现的是数字贸易领域的开放、包容、普惠、平衡、共赢方向。
【设问】 结合材料，运用《当代国际政治与经济》知识，以“数字驱动 商通全球”为主题撰写一篇短评。
【为什么能想到】 数贸会一边集中首发首秀新产品、引导创新；一边通过""智慧非洲""等展台让非洲国家把特色产品接入中国市场；双向签约又把规模和增长合到一起，呈现开放、包容、普惠、平衡、共赢的方向。短评要给数贸会一个""方向性""评价，必须把活动整体上升到经济全球化的发展方向，而不是逐项介绍展位。先把创新展品、智慧非洲、双向签约等概括为面向各国的数字经济开放合作平台，再写发展中国家也能共享中国数字红利，最后指向推动经济全球化朝更加开放、包容、普惠、平衡、共赢方向发展。
【答案落点】 我国办好全球数字贸易博览会，搭建数字经济领域开放合作平台，让发展中国家共享数字红利，推动经济全球化朝着更加开放、"
Q0108,108,1290,1299,经济全球化,总：开放包容普惠平衡共赢方向,推动经济全球化朝着更加开放、包容、普惠、平衡、共赢方向发展,"2025东城一模Q20元首外交""精彩""之处",2025东城一模Q20,为什么能想到;同题组;材料触发点;答案落点;设问,,663,"2. 2025东城一模Q20元首外交""精彩""之处
【材料触发点】 11天行程出席APEC、G20等近40场多边活动，达成60多项合作文件；这种多边经贸合作的扩展不仅是双边合作的累加，更是推动经济全球化方向调整的具体行动。
【设问】 结合材料，运用《当代国际政治与经济》知识，谈谈此次元首外交的“精彩”之处。
【为什么能想到】 题面给出""11天近40场多边活动""""APEC、G20并列出席""""60多项合作文件""等高密度数据，呈现多边经贸合作的扩展节奏。评价元首外交""精彩""之处，不能只罗列活动场次，要把这种密集多边合作上升到对经济全球化方向的推动。先把近40场多边活动、60多项合作文件提炼为多边经贸合作的扩展，进而接到推动经济全球化朝着开放、包容、普惠、平衡、共赢方向发展。
【答案落点】 此次元首外交密集出席APEC、G20等近40场多边活动，达成60多项合作文件，推动多边经贸合作朝着更加开放、包容、普惠、平衡、共赢的方向发展。
【同题组】 （按原题答题层次）
· 答题层次：本题8分，按原题三层得分层次组织
· 第一层（4分）：①共同利益是合作的基础（2分；替代：具体合作，如共建“一带一路”、"
Q0109,109,1300,1311,经济全球化,总：开放包容普惠平衡共赢方向,推动经济全球化朝着更加开放、包容、普惠、平衡、共赢方向发展,2025延庆一模Q20(2),2025延庆一模Q20,为什么能想到;同题组;材料触发点;答案落点;设问,,790,"3. 2025延庆一模Q20(2)
【材料触发点】 外交部回应要把中国链博会、自贸协定、基础设施互联互通等做法放在经济全球化方向中说明，反驳“脱钩断链”时不能只表态反对，还要指出正确方向。
【设问】 假如你是外交部发言人，请结合材料二，运用《当代国际政治与经济》知识，对上述提问做出回应。
【为什么能想到】 材料二把链博会、自贸协定、基础设施互联互通、供应链数字化智能化等中国做法集中铺开，与外部对话中的""脱钩断链""声音形成正反对比。扮演发言人回应""脱钩断链""，要给出方向性反驳，而不是只表达反对态度；必须用中国做法回应国际社会对全球化前景的关切。先把链博会、自贸协定、互联互通、供应链数字化等列为中国推动开放合作的具体行动，再点明这些行动指向的是正确的全球化方向，进而接到推动经济全球化朝着开放、包容、普惠、平衡、共赢方向发展。
【答案落点】 中国通过链博会、自贸协定、基础设施互联互通和供应链数字化智能化推动开放合作，推动经济全球化朝着开放、包容、普惠、平衡、共赢的方向发展。
【同题组】 （按原题答题层次）
· 答题层次：本题8分，四个角度，每角度2分。
· 时代主题：维护全球产供链韧性和稳定"
Q0110,110,1312,1323,经济全球化,总：开放包容普惠平衡共赢方向,推动经济全球化朝着更加开放、包容、普惠、平衡、共赢方向发展,2025顺义一模Q20,2025顺义一模Q20,为什么能想到;同题组;材料触发点;答案落点;设问,,914,"4. 2025顺义一模Q20
【材料触发点】 顺义一模的“小而美”项目直接回应共建国家民生需求，让国际发展合作成果惠及普通民众，说明经济全球化成果要更多指向共建国家发展和民生改善上。
【设问】 结合材料，运用《当代国际政治与经济》知识，说明“小而美”项目为何成为中国开展国际发展合作的亮点和名片。
【为什么能想到】 材料把""小而美""项目落点都放在共建国家的民生需求上——能让普通民众直接受益，呈现的是发展合作向基层、向民生下沉的特征。问其成为""亮点和名片""的原因，要解释经济全球化成果如何更多指向普通人头上，而不只是说项目""小且精""。先把项目聚焦民生、惠及普通民众概括为发展合作成果的下沉，再写其促进共建国家经济社会发展和民心相通，进而接到推动经济全球化朝着开放、包容、普惠方向发展。
【答案落点】 “小而美”项目聚焦共建国家民生需求，促进当地经济社会发展和民心相通，推动经济全球化朝着开放包容普惠的方向发展。
【同题组】 （按原题答题层次）
· 答题层次：本题8分，按项目本身优势、当地价值、我国意义或理念、世界意义和贡献四层组织，总分不超过8分。
· 项目本身的创新和实践优势（2分）：聚焦发展中"
Q0111,111,1324,1334,经济全球化,总：开放包容普惠平衡共赢方向,推动经济全球化朝着更加开放、包容、普惠、平衡、共赢方向发展,2025昌平二模Q21,2025昌平二模Q21,为什么能想到;同题组;材料触发点;答案落点;设问,,811,"5. 2025昌平二模Q21
【材料触发点】 稳外资行动方案通过放宽准入、服务保障和投资中国品牌建设，把中国市场与全球投资、贸易和产业合作连接起来，体现中国开放举措对经济全球化进程的推动。
【设问】 结合材料，说明上述举措对我国建设更高水平的开放型经济具有什么重要意义。
【为什么能想到】 稳外资方案把放宽市场准入、完善服务保障、打造""投资中国""品牌等组合摆在一起，呈现的是用制度安排把中国市场与全球投资、贸易、产业合作连成一体。问对更高水平开放型经济的意义，需要把方案上升到经济全球化方向调整，而不是只说""吸引外资多了""。先把扩大准入、完善服务、""投资中国""品牌等概括为中国主动开放和共享市场机遇的政策组合，再写各国在开放合作中共享中国市场，进而接到推动经济全球化朝着开放、包容、普惠、平衡、共赢方向发展。
【答案落点】 中国通过扩大重点领域开放、完善外资服务和打造“投资中国”品牌，推动经济全球化发展，使各国在开放合作中共享中国市场机遇。
【同题组】 （按原题答题层次）
· 答题层次：本题8分，按三项举措加意义组织。
· 扩大重点领域开放试点：电信、医疗等领域开放，放宽市场准入1分；吸引更多外"
Q0112,112,1335,1345,经济全球化,总：开放包容普惠平衡共赢方向,推动经济全球化朝着更加开放、包容、普惠、平衡、共赢方向发展,2025西城一模Q21,2025西城一模Q21,为什么能想到;同题组;材料触发点;答案落点;设问,,728,"6. 2025西城一模Q21
【材料触发点】 第（2）问要求举例说明中国提供的国际公共产品，若举“一带一路”，就要把它同国际经济合作机会和经济全球化正确方向连接起来。
【设问】 （1）运用所学，解释“我国的发展理念成为国际公共产品”这一现象。（6分）（2）我国还提供了哪些国际公共产品？试举一例简要说明。（2分）
【为什么能想到】 第（2）问要求在国际公共产品里举例说明，""一带一路""已经成为最具代表性的中国公共产品，把基础设施、贸易投资、规则衔接打包到一个开放合作平台里。举例不是简单点名，要把""一带一路""如何为共建国家提供国际经济合作机会讲清楚，证明它是国际公共产品。先点出共建""一带一路""为共建国家提供参与国际经济合作的机会，再写其通过开放合作平台让各国共享发展，进而接到推动经济全球化朝着开放、包容、普惠、平衡、共赢方向发展。
【答案落点】 共建“一带一路”为共建国家参与国际经济合作提供机遇，推动经济全球化向更加开放、包容、普惠、平衡、共赢的方向发展。
【同题组】 （按原题答题层次）
· 答题层次：本题8分，按总体解释、新发展理念说明、世界意义和举例组织。
· 第（1）问总体解释（2分）"
Q0113,113,1346,1354,经济全球化,总：开放包容普惠平衡共赢方向,推动经济全球化朝着更加开放、包容、普惠、平衡、共赢方向发展,2026石景山二模Q18,2026石景山二模Q18,为什么能想到;同题组;材料触发点;答案落点;设问,,589,"7. 2026石景山二模Q18
【材料触发点】 原卷写中国连续16年保持东盟第一大贸易伙伴地位、东盟连续5年成为中国第一大贸易伙伴，2025年双边贸易增长；材料还列出数字基础设施合作、绿色发展经验和自贸区3.0版规则共建，说明合作提质升级有经贸事实、共同利益和规则联通支撑。
【设问】 结合材料，运用《当代国际政治与经济》知识，分析中国与东盟经贸合作能够提质升级的原因。
【为什么能想到】 材料点出合作""对区域开放合作和全球化方向产生积极影响""，超出双边而辐射全球，落点指向推动经济全球化朝着开放包容普惠平衡共赢方向发展。
【答案落点】 中国与东盟经贸合作能够提质升级，推动区域经济合作和开放发展，有利于推动经济全球化朝着更加开放、包容、普惠、平衡、共赢的方向发展。
【同题组】 （按原题答题层次）
· 答题层次：本题8分，依据4分，意义4分
· 依据层（4分，从政治、经济各答出1个观点）：国家利益和国家实力是影响国际关系的决定性因素；中国与东盟经贸合作提质升级顺应经济全球化趋势，基于双方共同利益，符合时代发展主题
· 意义层（4分，任意2个维度）：对本国，有利于充分利用两个市场、两种资源，促进"
Q0114,114,1355,1363,经济全球化,总：开放包容普惠平衡共赢方向,推动经济全球化朝着更加开放、包容、普惠、平衡、共赢方向发展,2026顺义一模Q20,2026顺义一模Q20,为什么能想到;同题组;材料触发点;答案落点;设问,,681,"8. 2026顺义一模Q20
【材料触发点】 设问问南南合作“典范”的深层逻辑，材料中的科技小院与发展中国家共享农业技术、降低成本、培养人才，说明南南合作通过具体项目回应全球南方农业发展、民生改善和共同发展需求。
【设问】 结合材料，运用《当代国际政治与经济》知识，阐述科技小院成为南南合作典范的深层逻辑。
【为什么能想到】 科技小院的关键词是""低成本""""可推广""""人才培养""——这些都不是发达国家高门槛技术输出，而是与发展中国家自身条件匹配的合作形态。问""为什么是典范""，典范不在规模而在模式——必须把""南南""维度的普惠、平衡、共赢说清楚，不能只写帮助发展中国家。先把低成本、可推广的农业技术和人才培养路径作为科技小院的合作要点点出；再说明这一形态让发展中国家共享技术、培养内生能力；进而接到推动经济全球化朝普惠、平衡、共赢方向发展，成为南南合作典范。
【答案落点】 科技小院为全球南方国家提供低成本、可推广的农业技术与人才培养路径，推动经济全球化朝着更加普惠、平衡、共赢方向发展，成为南南合作典范。
【同题组】 （按原题答题层次）
· 本题7分，先写共同利益1分，这一层必须出现。
· 国际政治3"
Q0115,115,1364,1375,经济全球化,总：开放包容普惠平衡共赢方向,推动经济全球化朝着更加开放、包容、普惠、平衡、共赢方向发展,2025朝阳期末Q21,2025朝阳期末Q21,为什么能想到;同题组;材料触发点;答案落点;设问,,1088,"9. 2025朝阳期末Q21
【材料触发点】 题面以脱钩断链、保护主义和单边霸凌为外部风险，问中国特色大国外交如何为中国式现代化营造良好外部环境；外部经济环境的关键是回应逆全球化，把经济全球化拉回正确方向。
【设问】 结合材料，运用《当代国际政治与经济》知识，说明如何通过开展中国特色大国外交为推进中国式现代化营造良好外部环境。
【为什么能想到】 题面把脱钩断链、贸易保护主义、单边霸凌三类外部风险并列摆出，指向外部环境的核心矛盾在经济层面，而不只是政治层面的对抗。问""如何营造良好外部环境""，外部经济环境部分必须给出方向性回应，把逆全球化拉回正确轨道，否则只能写到外交姿态。先把外部风险定位为逆全球化压力，再写中国倡导普惠包容的经济全球化并反对脱钩断链、保护主义，最后指向推动经济全球化朝着开放、包容、普惠、平衡、共赢方向发展，营造良好外部经济环境。
【答案落点】 中国倡导普惠包容的经济全球化，推动经济全球化朝着更加开放、包容、普惠、平衡、共赢方向发展，反对脱钩断链和保护主义，为推进中国式现代化营造良好的外部经济环境。
【同题组】 （按原题答题层次）
· 答题层次：本题8分，要求总分或分总结构"
Q0116,116,1376,1387,经济全球化,总：开放包容普惠平衡共赢方向,推动经济全球化朝着更加开放、包容、普惠、平衡、共赢方向发展,2026顺义二模Q20,2026顺义二模Q20,为什么能想到;同题组;材料触发点;答案落点;设问,,671,"10. 2026顺义二模Q20
【材料触发点】 题目指向理解“今天的中国，明天的世界”，题干中的微电网、打井、物流、希望农场等项目强调中国式现代化的开放实践让发展成果被更多国家共享，使经济全球化更有活力。
【设问】 结合材料，运用《当代国际政治与经济》知识，谈谈对“今天的中国，明天的世界”的理解。
【为什么能想到】 中国式现代化是“开源式”的，菌草点草成金惠及百国、鲁班工坊助中亚青年，成果朝更多国家更广人群敞开，正是推动经济全球化朝更开放包容普惠方向走。
【答案落点】 中国以菌草、鲁班工坊等惠及百国，推动经济全球化朝着更加开放、包容、普惠、平衡、共赢方向发展，为动荡世界注入稳定性。
【同题组】 （按原题答题层次）
· 本题8分，建议按“总—国际政治—国际经济—总”结构写。
· 总起：说明“今天的中国，明天的世界”体现中国发展与世界未来紧密相连，中国式现代化具有世界意义。
· 国际政治角度：可写中国是世界和平的建设者、国际秩序的维护者，坚持独立自主的和平外交政策，推动构建人类命运共同体、新型国际关系，也可写共商共建共享、中国智慧的生动实践。
· 国际经济角度：可写中国是世界经济发展的重要"
Q0117,117,1388,1397,经济全球化,总：开放包容普惠平衡共赢方向,推动经济全球化朝着更加开放、包容、普惠、平衡、共赢方向发展,2024海淀一模Q18(1),2024海淀一模Q18,为什么能想到;同题组;材料触发点;答案落点;设问,,506,"11. 2024海淀一模Q18(1)
【材料触发点】 免签、互免签证、简化签证手续和口岸签证便利化直接降低中外人员商贸往来成本，题目追问对开放的积极影响时，应先转化为贸易投资便利化和自由化。
【设问】 结合材料，运用《当代国际政治与经济》知识，预测上述举措对服务高水平对外开放的积极影响。（6分）
【为什么能想到】 免签、互免、简化手续让中外往来更顺畅，本身就是开放包容互惠的安排，因而落到“推动经济全球化朝着更加开放、包容、普惠、平衡、共赢方向发展”。
【答案落点】 以更便利的往来环境互利共赢，推动经济全球化朝着更加开放、包容、普惠、平衡、共赢的方向发展。
【同题组】 （按原题答题层次）
· 答题层次：本题6分，按三项答题要求组织
· ①促进贸易投资便利化、自由化（2分；替代：促进贸易往来；促进对外合作交流/便利国内外交流/便利人员往来/降低活动成本可给1分，不重复给分）
· ②吸引全球资源要素自由流动（1分）；充分利用国内国际两种资源、两个市场（2分；替代：开放、包容、普惠、共赢/互利共赢/国内国际双循环）
· ③推进高水平对外开放/发展更高水平开放型经济（1分；替代：更大范围、更宽领"
Q0118,118,1398,1407,经济全球化,总：开放包容普惠平衡共赢方向,推动经济全球化朝着更加开放、包容、普惠、平衡、共赢方向发展,2026朝阳一模Q20,2026朝阳一模Q20,为什么能想到;同题组;材料触发点;答案落点;设问,,729,"12. 2026朝阳一模Q20
【材料触发点】 中国扩大自贸朋友圈、实施单方面免签，并通过鲁班工坊、菌草技术、减贫和生态治理经验分享让更多国家共享发展机遇。
【设问】 结合材料，运用《当代国际政治与经济》的知识，阐述中国为什么能为全球发展注入稳定性和正能量。
【为什么能想到】 免签、自贸“朋友圈”叠加鲁班工坊、菌草等合作项目，让更多国家参与并共享中国发展机遇。开放面向更广参与和更公平发展，体现推动经济全球化朝开放、包容、普惠、平衡、共赢方向发展。
【答案落点】 中国释放超大规模市场潜力、扩大自贸""朋友圈""，推动经济全球化朝着更加开放、包容、普惠、平衡、共赢的方向发展。
【同题组】 （按原题答题层次）
· 答题层次：本题8分，按必答点、共享发展经验、发展潜力三个层次组织；全题总分不超过8分，发展潜力角度最多5分。
· 必答点（2分）：当前国际竞争的实质是以经济和科技实力为基础的综合国力较量1分；中国坚持创新驱动战略，科技实力日益增强，成为全球创新策源地，为全球产业链供应链稳定提供坚实支撑1分。
· 共享发展经验（3分）：通过分享减贫经验、生态治理经验、职业教育经验等助力发展中国家持续发展"
Q0119,119,1408,1420,经济全球化,总：开放包容普惠平衡共赢方向,推动经济全球化朝着更加开放、包容、普惠、平衡、共赢方向发展,2026石景山一模Q20,2026石景山一模Q20,为什么能想到;同题组;材料触发点;答案落点;设问,,641,"13. 2026石景山一模Q20
【材料触发点】 题面""五个共同""列出共同维护多边贸易体制、共同推进贸易投资自由化便利化、共同建设产业链供应链、共同推动数字绿色贸易合作、共同促进区域繁荣等内容，问中国倡议如何助推亚太合作；亚太各国能在这些方向上联动合作，前提是它们具有相互交织的共同利益。
【设问】 运用《当代国际政治与经济》知识，任选两个关键词，说明中国倡议如何助推亚太合作。
【为什么能想到】 ""五个共同""末项落到共促普惠包容发展、让成果惠及全体人民，开放指向更公平的发展机会，故用推动经济全球化朝着开放包容普惠平衡共赢方向发展承接。
【答案落点】 中国倡议更加包容、更可持续，推动经济全球化朝开放包容普惠平衡共赢方向发展，更好惠及亚太全体人民。
【同题组】 （按原题答题层次）
· 本题8分：从1个关键词展开，可拿4分；从2个关键词展开，最多8分。
· 每个关键词都按“关键词+学科用语+结合材料分析”写，不只贴标签。
· 可选关键词：共商共建共享、人类命运共同体、经济全球化、和平发展合作共赢、维护共同利益；也可用材料中的“共同、开放、包容”组织。
· 高分表达要观点明确、紧扣问题、知识准确"
Q0120,120,1421,1434,经济全球化,总：开放包容普惠平衡共赢方向,推动经济全球化朝着更加开放、包容、普惠、平衡、共赢方向发展,2025门头沟一模Q19,2025门头沟一模Q19,为什么能想到;同题组;材料触发点;答案落点;设问,,1020,"14. 2025门头沟一模Q19
【材料触发点】 题面写外资准入""清零""、零关税待遇和营商环境优化等政策让他国享受中国开放红利，问""赋能型大国""的世界意义；中国不只是把市场让出来，更是用开放型政策推动经济全球化的方向调整。
【设问】 结合材料，运用《当代国际政治与经济》的相关知识，分析中国做“赋能型大国”的世界意义？
【为什么能想到】 题面把外资准入负面清单""清零""、对最不发达国家零关税、营商环境优化等政策并排呈现，强调的是中国主动让他国分享中国市场红利。问""赋能型大国""的世界意义，要解释中国为什么不只是被动开放，而是用政策为他国发展提供机会，从而带动经济全球化方向调整。先把准入""清零""、零关税、营商环境优化提炼为中国主动让他国共享开放红利的政策组合，再写各国由此能共享中国发展机遇，进而接到推动经济全球化朝着开放、包容、普惠、平衡、共赢方向发展。
【答案落点】 中国通过外资准入""清零""、零关税待遇和优化营商环境，与各国共享发展机遇，推动经济全球化朝着更加开放、包容、普惠、平衡、共赢的方向发展。
【同题组】 （按原题答题层次）
· 答题层次：本题8分，答出四条并有具体说明即可满分；每条2"
Q0121,121,1437,1445,经济全球化,总：开放包容普惠平衡共赢方向,推动经济全球化朝着更加开放、包容、普惠、平衡、共赢方向发展,2026丰台二模Q20,2026丰台二模Q20,为什么能想到;同题组;材料触发点;答案落点;设问,,561,"15. 2026丰台二模Q20
【材料触发点】 自由贸易试验区和自由贸易试验港建设被放在世界不确定性中考查，答案指向“坚持多边主义，推动经济全球化朝着更加开放、包容、普惠、平衡、共赢的方向发展”。
【设问】 结合材料，运用《当代国际政治与经济》知识，阐明中国加快推进自由贸易试验区、自由贸易试验港建设为世界注入更多确定性的原因。
【为什么能想到】 自贸区、自贸港不是单个地方政策，而是中国持续扩大开放、发展跨境金融、离岸贸易和高端制造的制度平台。“为世界注入确定性”应说明中国开放对全球化方向的稳定作用，尤其要回应保护主义和逆全球化背景下的方向选择。先说明中国坚持开放合作和多边主义，再把自贸区、自贸港的制度创新接到全球化方向，最终指向开放、包容、普惠、平衡、共赢。
【答案落点】 中国推进自由贸易试验区和自由贸易试验港建设，坚持多边主义和开放合作，推动经济全球化朝着更加开放、包容、普惠、平衡、共赢方向发展。
【同题组】 （同主题练习提醒）
· 本题适合作为同主题训练，不按固定得分层次展开。
· 可写方向：自由贸易试验区、自由贸易港建设符合经济全球化和开放合作趋势，有利于推进高水平对外开放、稳定"
Q0122,122,1448,1461,经济全球化,总：开放包容普惠平衡共赢方向,推动经济全球化朝着更加开放、包容、普惠、平衡、共赢方向发展,2026房山二模Q20,2026房山二模Q20,为什么能想到;同题组;材料触发点;答案落点;设问,,667,"16. 2026房山二模Q20
【材料触发点】 弥合数据鸿沟、释放数据价值和服务全球数字经济发展，指向数字发展成果惠及更多国家。
【设问】 结合材料，运用《当代国际政治与经济》知识，分析世界数据组织完善全球数据治理，服务全球数字经济发展的智慧。
【为什么能想到】 题面把""弥合数据鸿沟""""释放数据价值""""服务全球数字经济发展""三组目标并排，落点都在让发展中国家更多参与并分享数字经济成果。问""智慧""，要解释世界数据组织怎样让数字经济发展更加普惠包容，而不是只描述其职能。先把""弥合鸿沟、释放价值、服务全球""概括为面向更多国家的数字普惠安排，再写其推动各国共享数据要素和数字经济红利，进而接到推动经济全球化朝着开放、包容、普惠方向发展。
【答案落点】 世界数据组织推动普惠包容的经济全球化，通过弥合数据鸿沟和释放数据价值，让更多国家参与并分享数字经济发展成果。
【同题组】 （按原题答题层次）
· 答题层次：本题8分，围绕世界数据组织完善全球数据治理、服务全球数字经济发展的中国智慧展开；六个方向各1分，材料结合2分。
· 治理方向一：普惠包容的经济全球化（1分）。
· 治理方向二：平等有序的世界多极"
Q0123,123,1466,1474,经济全球化,总：开放包容普惠平衡共赢方向,推动经济全球化朝着更加开放、包容、普惠、平衡、共赢方向发展,2026通州一模Q19中国元首外交为世界注入稳定性与正能量,2026通州一模Q19,为什么能想到;同题组;材料触发点;答案落点;设问,,547,"17. 2026通州一模Q19中国元首外交为世界注入稳定性与正能量
【材料触发点】 原题答题角度包括“多边贸易体制、经济全球化方向”，材料中的元首外交通过国际合作机制推动开放合作。
【设问】 结合材料，运用《当代国际政治与经济》知识，分析中国元首外交如何为世界注入稳定性与正能量。（8分）
【为什么能想到】 元首外交不是只有政治安全意义，也服务开放合作和世界经济稳定。答题层次提示给出多边贸易体制和经济全球化方向，说明应把经济全球化的正确方向纳入同题组。
【答案落点】 中国元首外交维护多边贸易体制，推动经济全球化朝更加开放、包容、普惠、平衡、共赢方向发展，为世界经济稳定注入正能量。
【同题组】 （按原题答题层次）
· 答题层次：本题8分，措施或知识4分，材料分析且必须答作用4分，落点指向为世界注入稳定性与正能量
· 可采知识：和平与发展时代主题、共同利益是合作的基础、兼顾他国合理关切、维护多边贸易体制、推动经济全球化朝开放包容普惠平衡共赢方向发展、坚持正确义利观、推动国际关系民主化和国际政治经济新秩序、共商共建共享全球治理观、推动构建人类命运共同体、中国特色大国外交
· 作答提醒：不能只罗"
Q0124,124,1477,1487,经济全球化,总：开放包容普惠平衡共赢方向,推动经济全球化朝着更加开放、包容、普惠、平衡、共赢方向发展,2025朝阳二模Q21周边工作服务中国特色大国外交,2025朝阳二模Q21,为什么能想到;同题组;材料触发点;答案落点;设问,,862,"18. 2025朝阳二模Q21周边工作服务中国特色大国外交
【材料触发点】 答题层次包含“经济全球化开放包容普惠平衡共赢”，并要求说明周边工作服务世界发展需要。
【设问】 结合材料，运用《当代国际政治与经济》知识，说明我国为什么要努力开创周边工作新局面。
【为什么能想到】 周边经贸合作要上升为经济全球化方向，不能只写双边贸易。答题层次提示开放包容普惠平衡共赢，提示学生把周边合作放入正确经济全球化方向中理解。
【答案落点】 中国通过周边合作推动经济全球化朝更加开放、包容、普惠、平衡、共赢方向发展，使周边国家共享发展机遇。
【同题组】 （按原题答题层次）
· 答题层次：本题8分，按“中国的发展需要—区域的发展需要—世界的发展需要”三层组织；同一关键词不重复，语言要有层次、无知识错误
· 从中国的发展需要角度看（3分）：必要性1分，可写周边国家众多、符合我国与周边国家地理环境和文化发展状况、国际形势出现深刻变化；重要性任意两点2分，可写实现发展繁荣的重要基础、提高开放型经济水平、维护国家安全、为国家发展创造良好外部环境、运筹外交全局、推动构建人类命运共同体
· 从区域的发展需要角度看（3分）"
Q0125,125,1489,1499,经济全球化,总：开放包容普惠平衡共赢方向,推进普惠包容的经济全球化，推动构建更加开放、包容的全球经济格局,2025昌平二模Q21稳外资举措推动开放包容全球经济格局,2025昌平二模Q21,为什么能想到;同题组;材料触发点;答案落点;设问,,880,"1. 2025昌平二模Q21稳外资举措推动开放包容全球经济格局
【材料触发点】 题面强调中国扩大重点领域开放、放宽市场准入、完善外资服务和涉外法治、打造""投资中国""品牌，与外部保护主义抬头形成对照；题目指向说明开放型经济建设的意义，必须把中国扩大开放对全球经济格局走向的影响讲清楚。
【设问】 结合材料，说明上述举措对我国建设更高水平的开放型经济具有什么重要意义。
【为什么能想到】 题面把中国扩大开放的清单（重点领域开放、放宽市场准入、完善外资服务和涉外法治、""投资中国""品牌）与外部保护主义抬头放在一起对照——中国举措本身就是对保护主义的反向回应。问""对建设更高水平开放型经济的意义""，意义不能只停留在国内吸引外资，必须把中国扩大开放对全球经济格局走向的影响写出来。先把中国稳外资举措与外部保护主义对照点明；再写这些举措在全球层面的方向作用——推动构建更加开放、包容的全球经济格局；最后指向让更多国家共享中国市场和发展机遇。
【答案落点】 中国扩大重点领域开放、完善外资服务并打造""投资中国""品牌，有利于推动构建更加开放、包容的全球经济格局，使更多国家共享中国市场和发展机遇。
【同题组】 （按原"
Q0126,126,1500,1511,经济全球化,总：开放包容普惠平衡共赢方向,推进普惠包容的经济全球化，推动构建更加开放、包容的全球经济格局,2026顺义二模Q20,2026顺义二模Q20,为什么能想到;同题组;材料触发点;答案落点;设问,,757,"2. 2026顺义二模Q20
【材料触发点】 题目指向理解“今天的中国，明天的世界”，题干中的微电网、打井、物流、希望农场等项目强调中国式现代化的开放实践让发展成果被更多国家共享，使经济全球化更有活力。
【设问】 结合材料，运用《当代国际政治与经济》知识，谈谈对“今天的中国，明天的世界”的理解。
【为什么能想到】 项目覆盖圭亚那、塞内加尔、巴西、纳米比亚、多个国家和中亚青年，说明中国发展不是封闭自利，而是转化为各国共享的发展条件。“中国好，世界会更好”需要说明中国开放发展如何让全球化更有包容性和普惠性。先说明中国坚持对外开放和互利共赢开放战略，再接具体民生与发展合作项目，最后指向推进普惠包容的经济全球化。
【答案落点】 中国坚持对外开放和互利共赢开放战略，通过微电网、打井工程、物流网络、希望农场等项目推进普惠包容的经济全球化，让世界经济发展更有活力。
【同题组】 （按原题答题层次）
· 本题8分，建议按“总—国际政治—国际经济—总”结构写。
· 总起：说明“今天的中国，明天的世界”体现中国发展与世界未来紧密相连，中国式现代化具有世界意义。
· 国际政治角度：可写中国是世界和平的建设者、"
Q0127,127,1512,1523,经济全球化,总：开放包容普惠平衡共赢方向,推进普惠包容的经济全球化，推动构建更加开放、包容的全球经济格局,2025朝阳期末Q21,2025朝阳期末Q21,为什么能想到;同题组;材料触发点;答案落点;设问,,923,"3. 2025朝阳期末Q21
【材料触发点】 题面把世界动荡冲突、单边霸凌、脱钩断链和意识形态分歧作为外部风险，问中国特色大国外交如何营造外部环境；总体外部环境的根本前提是把答案先放回和平与发展的时代主题，再把促进世界和平与发展和维护和平稳定的国际环境作为方向。
【设问】 结合材料，运用《当代国际政治与经济》知识，说明如何通过开展中国特色大国外交为推进中国式现代化营造良好外部环境。
【为什么能想到】 题面点出逆全球化、保护主义和脱钩断链，营造经济环境就要用普惠包容的经济全球化来回应。
【答案落点】 大国外交推进普惠包容的经济全球化，推动构建更加开放、包容的全球经济格局，营造良好外部环境。
【同题组】 （按原题答题层次）
· 答题层次：本题8分，要求总分或分总结构，层次清楚且四个外部环境角度齐全，结构与角度完整占1分。
· 总体外部环境（1分）：坚持和加强党对外交工作的领导，坚持以习近平外交思想为指导，全面贯彻总体国家安全观，推动构建人类命运共同体；坚定奉行独立自主的和平外交政策，坚持和平共处五项原则，维护我国主权、安全和发展利益，促进世界和平与发展，推进三大全球倡议走深走实。
· 外部"
Q0128,128,1524,1535,经济全球化,总：开放包容普惠平衡共赢方向,推进普惠包容的经济全球化，推动构建更加开放、包容的全球经济格局,"2025石景山一模Q17(2)""北京宣言""中的普惠包容全球化主张",2025石景山一模Q17,为什么能想到;同题组;材料触发点;答案落点;设问,,591,"4. 2025石景山一模Q17(2)""北京宣言""中的普惠包容全球化主张
【材料触发点】 原卷材料二写多个“北京宣言”，其中《和平共处五项原则发表70周年纪念大会北京宣言》提出“做大并分好全球经济‘蛋糕’”，让发展成果更多更公平地惠及各国，推动全球化朝着普惠包容方向发展。
【设问】 结合材料二，运用《当代国际政治与经济》知识，概述完善全球治理的“中国主张”。（8分）
【为什么能想到】 “做大并分好全球经济蛋糕”同时包含发展和共享两层意思：既要扩大世界经济发展空间，也要让成果更公平惠及各国。概述完善全球治理的中国主张时，这句话应转化为推进普惠包容的经济全球化。
【答案落点】 中国主张推进普惠包容的经济全球化，让不同国家都能参与并享有经济社会发展成果，实现共同发展繁荣。
【同题组】 （按原题答题层次）
· 答题层次：本题8分，概述完善全球治理的“中国主张”，对应“北京宣言”内容，四个核心点每点2分。
· 中国主张一：坚持共商共建共享的全球治理观。
· 中国主张二：坚持国家不分大小、强弱、贫富一律平等，共同推动国际关系民主化。
· 中国主张三：推进普惠包容的经济全球化。
· 中国主张四：践行真"
Q0129,129,1539,1549,经济全球化,总：开放包容普惠平衡共赢方向,推动建设开放型世界经济，深化国际分工与合作,2026门头沟一模Q20,2026门头沟一模Q20,为什么能想到;同题组;材料触发点;答案落点;设问,,794,"1. 2026门头沟一模Q20
【材料触发点】 海南自贸港全岛封关通过扩大进口税目、保税维修、加工增值和口岸便利化，把海南放入全球产业链、供应链和贸易网络中，说明其意义不止在国内增长，还在于推动开放型世界经济。
【设问】 结合材料，运用《当代国际政治与经济》知识，分析海南自贸港全岛封关为何能为中国经济发展注入新动能、为世界经济开放发展注入新活力。
【为什么能想到】 扩大进口税目、保税维修、加工增值和口岸便利化都是把海南直接嵌入全球产业链、供应链和贸易网络的具体接口——一岛之事被设计成全球分工的节点。题目要同时回答两面——为中国经济注入新动能、为世界经济注入新活力，答题不能只写国内增长，必须把对外开放的世界意义说出来。先把保税维修、加工增值、通关便利化作为深化国际分工与合作的具体路径列出；再写这些路径推动建设开放型世界经济；最后指向为世界开放发展注入新活力。
【答案落点】 海南自贸港全岛封关通过保税维修、加工增值和通关便利化深化国际分工与合作，推动建设开放型世界经济，为世界开放发展注入新活力。
【同题组】 （按原题答题层次）
· 本题7分，按“原因2分—中国意义2分—世界意义2分—逻辑1"
Q0130,130,1550,1560,经济全球化,总：开放包容普惠平衡共赢方向,推动建设开放型世界经济，深化国际分工与合作,"2026房山一模Q19海南""一线放开""自由便利",2026房山一模Q19,为什么能想到;同题组;材料触发点;答案落点;设问,,666,"2. 2026房山一模Q19海南""一线放开""自由便利
【材料触发点】 题目分析海南自贸港封关如何助力国际循环，题干中""一线放开""对应进出岛跨境自由便利措施，需要从消费角度把降低通关成本、提高通关效率、推动货物和服务贸易升级写出来，对接贸易投资自由化便利化与要素自由流动。
【设问】 结合材料，运用《当代国际政治与经济》知识，分析海南自贸港封关是如何助力国际循环的。
【为什么能想到】 海南封关以制度型开放对接全球，让中国市场嵌入国际产业分工，这种主动融入世界经济的取向，对应“推动建设开放型世界经济，深化国际分工与合作”。
【答案落点】 海南自贸港以制度型开放推动建设开放型世界经济，深度融入全球产业分工与合作，助力普惠包容的经济全球化，畅通国际循环。
【同题组】 （按原题答题层次）
· 答题层次：本题8分，按消费/市场、生产/产业、投资/营商、中国方案四层组织；前三类开放链条合计按材料表现取分，不要超过6分，中国方案层另按2分处理。
· 消费/市场层（2分）：发挥超大规模市场优势；降低成本、提高效率，促进货物和服务贸易升级、要素自由流动、资源优化配置、贸易投资自由化便利化。
· 生产/产业层"
Q0131,131,1561,1572,经济全球化,总：开放包容普惠平衡共赢方向,推动建设开放型世界经济，深化国际分工与合作,2024朝阳一模Q21,2024朝阳一模Q21,为什么能想到;同题组;材料触发点;答案落点;设问,,825,"3. 2024朝阳一模Q21
【材料触发点】 题目先要求分析“变局”中的经济形势，题目评价重点提示我国发展的外部环境日趋严峻、风险挑战增多，因此要先说明外部风险压力。
【设问】 结合上述资料，在分析我国当前经济形势的基础上，运用《当代国际政治与经济》知识，谈谈如何推动中国经济在变局中开新局。
【为什么能想到】 外部环境“日趋严峻、风险挑战增多”，开新局却不能闭门；材料给出深度参与全球产业分工、高水平开放的路子，指向推动建设开放型世界经济，深化国际分工与合作。
【答案落点】 深度参与全球产业分工与合作、推进高水平对外开放，推动建设开放型世界经济，为我国发展开新局。
【同题组】 （按原题答题层次）
· 答题层次：本题9分，按4+5结构组织；先用4分概括我国当前经济形势，再用5分回答如何在变局中开新局。
· 分析我国当前经济形势（4分）：经济总量持续增长、经济增速保持稳健；我国经济进入以新发展理念引领的高质量发展阶段；外部环境日趋严峻、风险挑战增多；我国经济保持强大韧性和良好势头，在世界经济中的地位和贡献稳步提升。
· 开新局部分（5分）：必须从政治多极化、经济全球化两个维度结合材料展开。两"
Q0132,132,1574,1582,经济全球化,总：开放包容普惠平衡共赢方向,推进普惠包容的经济全球化,2025西城二模Q19(2),2025西城二模Q19,为什么能想到;同题组;材料触发点;答案落点;设问,,656,"1. 2025西城二模Q19(2)
【材料触发点】 设问问中国给最不发达国家100%税目产品零关税这一做法中的“中国担当”，材料中的零关税安排直接体现中国推动普惠包容全球化、帮助最不发达国家分享开放红利。
【设问】 结合材料，运用《当代国际政治与经济》知识，说明这一做法中的中国担当。
【为什么能想到】 题面给出""100%税目产品零关税""针对""最不发达国家""——对象限定与力度限定共同构成中国在全球贸易体系中的特殊担当样态。问""中国担当""，担当不是一般开放，必须把零关税做法上升为中国对全球化方向（普惠包容、开放型经济、贸易自由化）的具体承担。先把""对最不发达国家、100%税目零关税""作为担当的具体行为点出；再说明它同时落在普惠包容的经济全球化、建设开放型世界经济、促进贸易自由化三个方向；进而接到以实际行动促进共同发展、维护持久和平。
【答案落点】 中国对最不发达国家给予 100% 税目产品零关税待遇，推进普惠包容的经济全球化，建设开放型世界经济，促进贸易自由化，以实际行动促进共同发展、维护持久和平。
【同题组】 （按原题答题层次）
· 答题层次：本题5分，按中国担当3分和世界意义2分组织
"
Q0133,133,1583,1595,经济全球化,总：开放包容普惠平衡共赢方向,推进普惠包容的经济全球化,2026石景山一模Q20,2026石景山一模Q20,为什么能想到;同题组;材料触发点;答案落点;设问,,716,"2. 2026石景山一模Q20
【材料触发点】 题面""五个共同""列出共同维护多边贸易体制、共同推进贸易投资自由化便利化、共同建设产业链供应链、共同推动数字绿色贸易合作、共同促进区域繁荣等内容，问中国倡议如何助推亚太合作；亚太各国能在这些方向上联动合作，前提是它们具有相互交织的共同利益。
【设问】 运用《当代国际政治与经济》知识，任选两个关键词，说明中国倡议如何助推亚太合作。
【为什么能想到】 题面“五个共同”同时涉及多边贸易体制、贸易投资自由化便利化、产业链供应链、数字绿色贸易合作和区域繁荣，说明中国倡议不是单点合作，而是在让亚太各方共享开放合作成果。材料把合作对象和合作方向都指向共同发展，这一路径体现的是推进普惠包容的经济全球化，既维护发展中国家正当权益，也让亚太人民共享合作成果。
【答案落点】 中国着力解决发展不平衡问题、维护发展中国家正当权益，推进普惠包容的经济全球化，惠及亚太人民。
【同题组】 （按原题答题层次）
· 本题8分：从1个关键词展开，可拿4分；从2个关键词展开，最多8分。
· 每个关键词都按“关键词+学科用语+结合材料分析”写，不只贴标签。
· 可选关键词：共商共建"
Q0134,134,1596,1608,经济全球化,总：开放包容普惠平衡共赢方向,推进普惠包容的经济全球化,2026通州期末Q20,2026通州期末Q20,为什么能想到;同题组;材料触发点;答案落点;设问,,475,"3. 2026通州期末Q20
【材料触发点】 设问评价全球治理倡议为何“正逢其时”，题面呈现百年变局、地区动荡、逆全球化和治理赤字，说明全球治理倡议回应和平与发展、经济全球化和各国人民共同愿望的时代背景。
【设问】 结合材料，运用《当代国际政治与经济》知识，谈谈你对“全球治理倡议正逢其时、指引方向彰显担当”的理解。
【为什么能想到】 题面列出逆全球化和治理赤字，全球治理倡议要回应各国共享发展诉求，因此会联到普惠包容的经济全球化。
【答案落点】 全球治理倡议契合和平与发展的时代主题，顺应各国人民推进普惠包容经济全球化、共享发展成果的普遍愿望，正逢其时。
【同题组】 （按原题答题层次）
· 答题层次：本题8分，按六点答题层次组织
· 共商共建共享全球治理观（1分）
· 时代主题、经济全球化、顺应各国人民愿望等（2分）
· 符合《联合国宪章》宗旨和原则（1分）
· 推动构建国际新秩序、倡导国际关系民主化、践行多边主义、坚持正确义利观、兼顾利益等任意点（2分）
· 推动构建人类命运共同体（1分）
· 贡献中国智慧、中国方案，勇于大国担当（1分）"
Q0135,135,1611,1622,经济全球化,总：开放包容普惠平衡共赢方向,推进普惠包容的经济全球化,2025石景山一模Q17(2)中国推动全球治理体系完善,2025石景山一模Q17,为什么能想到;同题组;材料触发点;答案落点;设问,,490,"4. 2025石景山一模Q17(2)中国推动全球治理体系完善
【材料触发点】 答题要求四个2分点之一为“推进普惠包容的经济全球化”。
【设问】 结合材料二，运用《当代国际政治与经济》知识，概述完善全球治理的“中国主张”。（8分）
【为什么能想到】 全球治理体系完善既包括政治治理，也包括经济全球化方向。答题要求单列普惠包容经济全球化，提示学生把经济治理方向纳入答案。
【答案落点】 中国推动经济全球化朝更加普惠包容方向发展，使不同国家特别是发展中国家更好共享全球化成果。
【同题组】 （按原题答题层次）
· 答题层次：本题8分，概述完善全球治理的“中国主张”，对应“北京宣言”内容，四个核心点每点2分。
· 中国主张一：坚持共商共建共享的全球治理观。
· 中国主张二：坚持国家不分大小、强弱、贫富一律平等，共同推动国际关系民主化。
· 中国主张三：推进普惠包容的经济全球化。
· 中国主张四：践行真正的多边主义，坚定维护以联合国为核心的国际体系、以国际法为基础的国际秩序。
· 易错边界：没有对应“北京宣言”内容、只从其他角度泛谈，最高4分；答非所问、回答错误或没有应答，不得分。"
Q0136,136,1624,1632,经济全球化,总：开放包容普惠平衡共赢方向,建设开放型世界经济,2025西城二模Q19(2),2025西城二模Q19,为什么能想到;同题组;材料触发点;答案落点;设问,,514,"1. 2025西城二模Q19(2)
【材料触发点】 材料写中国给最不发达国家100%税目产品零关税，除了普惠包容，也体现中国通过开放市场推动建设开放型世界经济。
【设问】 结合材料，运用《当代国际政治与经济》知识，说明这一做法中的中国担当。
【为什么能想到】 中国对同中国建交的最不发达国家给予 100% 税目产品零关税待遇，直接降低其进入中国市场的制度性成本。问“中国担当”，这里的担当不是一般开放口号，而是通过开放市场让较弱经济体共享发展机会。先说明开放中国市场，再写建设开放型世界经济，最后接促进贸易自由化和共同发展。
【答案落点】 中国向最不发达国家开放市场，推动建设开放型世界经济，有利于促进贸易自由化和共同发展。
【同题组】 （按原题答题层次）
· 答题层次：本题5分，按中国担当3分和世界意义2分组织
· 中国担当（3分）：开放广阔的中国市场或坚持正确义利观（1分）；与发展中国家或最不发达国家共享发展新机遇，惠民生增福祉，实现互利共赢（2分，需有对象和具体说明）
· 世界意义（2分）：推动普惠包容的经济全球化/建设开放型世界经济/促进贸易自由化，促进共同发展、维护持久和平，共同推进"
Q0137,137,1633,1645,经济全球化,总：开放包容普惠平衡共赢方向,建设开放型世界经济,2026石景山一模Q20,2026石景山一模Q20,为什么能想到;同题组;材料触发点;答案落点;设问,,627,"2. 2026石景山一模Q20
【材料触发点】 题面""五个共同""列出共同维护多边贸易体制、共同推进贸易投资自由化便利化、共同建设产业链供应链、共同推动数字绿色贸易合作、共同促进区域繁荣等内容，问中国倡议如何助推亚太合作；亚太各国能在这些方向上联动合作，前提是它们具有相互交织的共同利益。
【设问】 运用《当代国际政治与经济》知识，任选两个关键词，说明中国倡议如何助推亚太合作。
【为什么能想到】 ""共同营造开放型区域经济环境""""延链""不""断链""等表述，强调维护开放的区域经济格局，正落在建设开放型世界经济这一核心点上。
【答案落点】 中国坚持多边主义、共同营造开放型区域经济环境，建设开放型世界经济，夯实亚太开放发展基础。
【同题组】 （按原题答题层次）
· 本题8分：从1个关键词展开，可拿4分；从2个关键词展开，最多8分。
· 每个关键词都按“关键词+学科用语+结合材料分析”写，不只贴标签。
· 可选关键词：共商共建共享、人类命运共同体、经济全球化、和平发展合作共赢、维护共同利益；也可用材料中的“共同、开放、包容”组织。
· 高分表达要观点明确、紧扣问题、知识准确、逻辑清楚；只罗列知识、没有"
Q0138,138,1647,1658,经济全球化,总：开放包容普惠平衡共赢方向,建设开放型世界经济，扩大开放合作,2026朝阳期末Q20,2026朝阳期末Q20,为什么能想到;同题组;材料触发点;答案落点;设问,,743,"1. 2026朝阳期末Q20
【材料触发点】 材料写高水平对外开放、高质量共建“一带一路”、维护多边贸易体制，说明中国主动作为的经济落点是开放合作和开放型世界经济。
【设问】 结合材料，运用《当代国际政治与经济》知识，分析中国特色大国外交为什么要更有作为。
【为什么能想到】 高水平对外开放和“一带一路”共同指向中国通过开放平台带动国际合作。问“为什么要更有作为”，要说明中国主动推动开放型世界经济的必要性。把中国高水平开放和共建“一带一路”接到建设开放型世界经济，再写其对世界经济动力的作用。
【答案落点】 中国坚持高水平对外开放、高质量共建“一带一路”，有利于建设开放型世界经济，促进开放合作、互利共赢和世界经济共同繁荣。
【同题组】 （按原题答题层次）
· 本题8分，按四个角度组织，每个角度都写成“背景+目标”。
· 可先总起：中国特色大国外交主动作为，是顺应世界发展大势、服务国家发展大局的必然选择；后面角度不够完整时，这句可帮助兜住1分。
· 和平发展角度：和平与发展是当今时代主题；再结合材料说明推动人类命运共同体、维护共同利益、推动国际新秩序或完善全球治理。
· 国际政治角度：可写世"
Q0139,139,1659,1668,经济全球化,总：开放包容普惠平衡共赢方向,建设开放型世界经济，扩大开放合作,2026东城一模Q19(3),2026东城一模Q19,为什么能想到;同题组;材料触发点;答案落点;设问,,697,"2. 2026东城一模Q19(3)
【材料触发点】 题目追问高水平开放与产业链韧性的关系，北京借助“两区”建设、国际科创交流和开放型经济平台接入全球创新资源，体现开放对未来产业韧性的支撑。
【设问】 结合材料二，运用《当代国际政治与经济》知识，分析在推动未来产业中，北京是如何统筹高水平对外开放与提升产业链韧性之间关系的。（8分）
【为什么能想到】 材料写北京引进来走出去并举、办世界级产业大会、设国际科创枢纽联络处，都是主动扩大对外合作的动作，指向“建设开放型世界经济，扩大开放合作”。
【答案落点】 北京坚持引进来与走出去相结合，发展更高层次开放型经济，扩大国际科创交流合作，以开放促进产业升级、筑牢安全基础。
【同题组】 （按原题答题层次）
· 答题层次：本题8分，按开放促进韧性4分、韧性支撑开放3分、开放与安全协同1分组织
· 开放促进韧性（4分）：高水平对外开放举措3分，写出任2点得3分，如坚持引进来与走出去相结合、对接国际高标准经贸规则为产业链韧性提升提供制度支撑、开展国际科创交流合作、发展更高层次开放型经济、打造国际化一流营商环境、稳步扩大制度型开放等；落点1分：以开放促进产业升"
Q0140,140,1670,1679,经济全球化,总：开放包容普惠平衡共赢方向,坚持开放合作和包容普惠,2026西城二模Q19(2),2026西城二模Q19,为什么能想到;同题组;材料触发点;答案落点;设问,,607,"1. 2026西城二模Q19(2)
【材料触发点】 释放数据价值、繁荣数字经济，需要在开放合作、包容普惠和安全保障中弥合全球数字鸿沟，让更多国家共享数字经济发展成果。
【设问】 结合材料，运用《当代国际政治与经济》知识，为释放数据价值、繁荣数字经济提2条建议，并说明理由。
【为什么能想到】 数字经济不是少数发达国家的内部循环——数据资源、数字基础设施在各国之间分布不均，普惠和包容是各国共同受益的现实前提。要给出释放数据价值、繁荣数字经济的建议，建议必须可以被各国接受，因此立足点应在开放合作和能力共享，而不是单边主张。先把开放合作和包容普惠作为建议的方向点明；再写具体路径——共享数据资源、共建数字能力；进而接到让更多国家参与数字经济发展并分享发展成果。
【答案落点】 各国应坚持开放合作和包容普惠，助力弥合全球数字鸿沟、释放数据价值、繁荣数字经济，让更多国家共享数字经济发展成果。
【同题组】 （按原题答题层次）
· 答题层次：本题4分，为释放数据价值、繁荣数字经济提2条建议并说明理由，一点2分，两点4分
· 可选角度：主权平等、开放合作、包容普惠、安全保障，知识运用准确，建议具体可行
· "
Q0141,141,1682,1693,经济全球化,开：高水平对外开放,提高开放型经济水平,2024朝阳期中Q20(3),2024朝阳期中Q20,为什么能想到;同题组;材料触发点;答案落点;设问,,869,"1. 2024朝阳期中Q20(3)
【材料触发点】 数贸会通过创新产品、国际投资签约和数字平台联通中外商品，体现我国通过办展、搭平台、促合作提升开放型经济水平。
【设问】 结合材料，运用《当代国际政治与经济》知识，以“数字驱动 商通全球”为主题撰写一篇短评。
【为什么能想到】 数贸会把创新产品发布、国际投资签约、数字平台联通中外商品三类活动叠加在一场展会里，呈现的是中国办展会、搭平台、促合作三位一体的开放安排。短评要把展会从""具体成果""上升为""开放型经济水平的提升""，必须解释这场展会如何让中国对外开放上一个台阶。先把创新产品、国际投资签约、数字平台联通商品三条线拼成办展、搭台、促合作的开放组合拳，再写中国通过这些动作汇聚国际资源，最后指向建设更高层次的开放型经济。
【答案落点】 我国办好全球数字贸易博览会，促进数字产品贸易、国际投资合作和商贸联通，有利于建设高层次开放型经济。
【同题组】 （按原题答题层次）
· 答题层次：本题10分，短评题，按题目、三段材料分别点评、总结或总评、语言表达组织。
· 短评题目（1分）。
· 三段材料分别点评（6分，每段“事实1分+点评1分”）：汇集新产品"
Q0142,142,1694,1705,经济全球化,开：高水平对外开放,提高开放型经济水平,2025顺义一模Q20,2025顺义一模Q20,为什么能想到;同题组;材料触发点;答案落点;设问,,800,"2. 2025顺义一模Q20
【材料触发点】 顺义一模的“小而美”项目直接回应共建国家民生需求，让国际发展合作成果惠及普通民众，说明经济全球化成果要更多指向共建国家发展和民生改善上。
【设问】 结合材料，运用《当代国际政治与经济》知识，说明“小而美”项目为何成为中国开展国际发展合作的亮点和名片。
【为什么能想到】 “小而美”落在共建国家民生上，让发展成果惠及当地普通民众，这正是开放红利朝普惠包容走的开放型经济，故用提高开放型经济水平作答。
【答案落点】 ""小而美""项目发展开放型经济、提高开放型经济水平，坚持共商共建共享原则，推动经济全球化朝开放包容普惠方向发展，成为中国名片。
【同题组】 （按原题答题层次）
· 答题层次：本题8分，按项目本身优势、当地价值、我国意义或理念、世界意义和贡献四层组织，总分不超过8分。
· 项目本身的创新和实践优势（2分）：聚焦发展中国家紧迫需求、灵活实施、快速响应基层社区需求可得1分；规模小更易统筹、可推广，形成品牌和共同发展目标可得1分。
· 项目对当地的价值（2分）：改善民生、促进就业、提升公共卫生水平、促进经济社会发展、提升民众获得感等，要写出具体惠"
Q0143,143,1706,1715,经济全球化,开：高水平对外开放,提高开放型经济水平,2025丰台一模Q20北京“两区”通关创新,2025丰台一模Q20,为什么能想到;同题组;材料触发点;答案落点;设问,,811,"3. 2025丰台一模Q20北京“两区”通关创新
【材料触发点】 题目要“两区”举措如何助力开放型经济迈上新台阶，题干中""分钟通关""等通关创新直接缩短跨境流程，需要把这些通关创新翻译为交易成本下降、通关效率提升、货物贸易规模扩大的便利化链，对应贸易投资自由化便利化机制。
【设问】 结合材料，运用《经济与社会》《当代国际政治与经济》知识，说明北京“两区”建设的举措是如何助力开放型经济迈上新台阶的。
【为什么能想到】 材料里“合格保证+符合性验证”实现进口机电设备“分钟通关”，效率一提、成本一降，开放就转成实绩，对应“提高开放型经济水平”。
【答案落点】 北京“两区”出台外商投资条例、实施优惠政策、创新通关模式，提高对外开放水平，助力开放型经济高质量发展迈上新台阶。
【同题组】 （按原题答题层次）
· 答题层次：本题8分，混合模块题，限缩到便利贸易投资4分与助力科技创新4分
· 便利贸易投资角度（4分）：便利投资2分，写出台《北京市外商投资条例》、推出“北京市全球服务伙伴计划”等，营造良好营商环境/为外商投资提供法治环境和法律保障，吸引外商投资；便利贸易2分，写创新通关模式降低交易成本、提"
Q0144,144,1716,1726,经济全球化,开：高水平对外开放,提高开放型经济水平,2025昌平二模Q21,2025昌平二模Q21,为什么能想到;同题组;材料触发点;答案落点;设问,,672,"4. 2025昌平二模Q21
【材料触发点】 题目列出扩大免签、拓宽融资、激活双边投资促进工作组等稳外资举措，问其开放意义；这些措施把跨国人员往来、资本流动和贸易合作连接起来，指向更高水平开放中的经贸合作。
【设问】 结合材料，说明上述举措对我国建设更高水平的开放型经济具有什么重要意义。
【为什么能想到】 材料中放宽电信医疗教育准入、取消制造业外资限制，开放领域不断变宽，引外资入场用好两个市场两种资源，对应“提高开放型经济水平”这一核心点。
【答案落点】 上述举措扩大开放领域、吸引外资进入，有利于充分利用国内国际两个市场两种资源，提高对外开放型经济发展水平。
【同题组】 （按原题答题层次）
· 答题层次：本题8分，按三项举措加意义组织。
· 扩大重点领域开放试点：电信、医疗等领域开放，放宽市场准入1分；吸引更多外资进入各领域，可引入先进技术和管理经验，有利于我国充分利用国内国际两个市场两种资源、建设现代化产业体系、提高对外开放的质量和效益，任选2个得2分。
· 加大服务保障力度：规范监管和保护知识产权、扩大免签范围等1分；有利于加强各国人员交流和经贸合作，营造市场化、法治化、国际化的营"
Q0145,145,1727,1736,经济全球化,开：高水平对外开放,提高开放型经济水平,2024海淀一模Q18(1),2024海淀一模Q18,为什么能想到;同题组;材料触发点;答案落点;设问,,503,"5. 2024海淀一模Q18(1)
【材料触发点】 免签、互免签证、简化签证手续和口岸签证便利化直接降低中外人员商贸往来成本，题目追问对开放的积极影响时，应先转化为贸易投资便利化和自由化。
【设问】 结合材料，运用《当代国际政治与经济》知识，预测上述举措对服务高水平对外开放的积极影响。（6分）
【为什么能想到】 扩大单方面免签、放宽口岸签证条件，直接降低来华成本、提升往来便利度，这种贸易投资便利化的积累正是“提高开放型经济水平”要解释的内容。
【答案落点】 降低活动成本、提升往来便利度，促进贸易投资便利化自由化，更大范围更宽领域提高开放型经济水平。
【同题组】 （按原题答题层次）
· 答题层次：本题6分，按三项答题要求组织
· ①促进贸易投资便利化、自由化（2分；替代：促进贸易往来；促进对外合作交流/便利国内外交流/便利人员往来/降低活动成本可给1分，不重复给分）
· ②吸引全球资源要素自由流动（1分）；充分利用国内国际两种资源、两个市场（2分；替代：开放、包容、普惠、共赢/互利共赢/国内国际双循环）
· ③推进高水平对外开放/发展更高水平开放型经济（1分；替代：更大范围、更宽领域对外"
Q0146,146,1737,1748,经济全球化,开：高水平对外开放,提高开放型经济水平,2024朝阳一模Q21,2024朝阳一模Q21,为什么能想到;同题组;材料触发点;答案落点;设问,,814,"6. 2024朝阳一模Q21
【材料触发点】 题目先要求分析“变局”中的经济形势，题目评价重点提示我国发展的外部环境日趋严峻、风险挑战增多，因此要先说明外部风险压力。
【设问】 结合上述资料，在分析我国当前经济形势的基础上，运用《当代国际政治与经济》知识，谈谈如何推动中国经济在变局中开新局。
【为什么能想到】 面对变局，材料把开放具体化为融入全球产业链、增强韧性；这种把开放从口号变成实际联通的安排，对应的核心术语就是提高开放型经济水平。
【答案落点】 推进高水平对外开放、提高开放型经济水平，深度融入全球产业链，增强发展韧性，在变局中开新局。
【同题组】 （按原题答题层次）
· 答题层次：本题9分，按4+5结构组织；先用4分概括我国当前经济形势，再用5分回答如何在变局中开新局。
· 分析我国当前经济形势（4分）：经济总量持续增长、经济增速保持稳健；我国经济进入以新发展理念引领的高质量发展阶段；外部环境日趋严峻、风险挑战增多；我国经济保持强大韧性和良好势头，在世界经济中的地位和贡献稳步提升。
· 开新局部分（5分）：必须从政治多极化、经济全球化两个维度结合材料展开。两个维度都写，4个要点准"
Q0147,147,1749,1758,经济全球化,开：高水平对外开放,提高开放型经济水平,2025西城一模Q18,2025西城一模Q18,为什么能想到;同题组;材料触发点;答案落点;设问,,649,"7. 2025西城一模Q18
【材料触发点】 设问问地区如何利用国内外资源""开拓海外市场""""提升国际循环质量""。要回答从国内市场延伸到国际市场的对外开放结构，必须用""两个市场两种资源/国际国内双循环""把国内端、国际端接成一条循环——只讲产业内部升级不能回答""国际循环质量提升""。
【设问】 从“两条鱼循环”看增长新空间。产自中国的鳗鱼“游”向世界，挪威三文鱼“飞”来中国，增长新空间在不断拓展。结合材料，运用《经济与社会》所学，谈谈中国经济增长新空间是如何拓展的。
【为什么能想到】 鳗鱼九成出口、三文鱼大量入华，一出一进让对外开放质量和国际循环水平同步抬升，这种双循环相互促进正是“提高开放型经济水平”要回应的。
【答案落点】 通过内外联通、双循环相互促进，对外开放质量和水平不断提升，国际循环质量提高，助力特色产业链开拓海外市场。
【同题组】 （按原题答题层次）
· 答题层次：本题7分，按产业优势/内生动力、物质条件、市场三层组织
· 第一层：产业优势/内生动力（3分）：生态优势转换为发展优势/生态效益与经济效益相统一/绿色环保/实现生态价值；特色资源禀赋/比较优势/特色产业/技术创新/质量"
Q0148,148,1759,1768,经济全球化,开：高水平对外开放,提高开放型经济水平,2025房山一模Q18(2),2025房山一模Q18,为什么能想到;同题组;材料触发点;答案落点;设问,,568,"8. 2025房山一模Q18(2)
【材料触发点】 开源战略题要求阐释技术革新如何成为全球合作新模式，DeepSeek开源让全球开发者自由使用和改进，部分国家企业低成本开发本地化AI模型，说明科技开放可以推动开放型世界经济和经济全球化发展。
【设问】 “中国的开源战略不仅是技术上的革新，更是对全球合作新模式的一次积极探索和实践。”结合材料，运用《当代国际政治与经济》知识，谈谈你对这句话的理解。
【为什么能想到】 中国主动开放源代码、让各国自由获取使用，是以更高水平的对外开放推动技术共享和开放型世界经济建设，恰好对应提高开放型经济水平。
【答案落点】 中国开源战略坚持高水平对外开放，以科学技术发展推动建设创新型、开放型世界经济，促进经济全球化发展。
【同题组】 （按原题答题层次）
· 答题层次：本题8分，按两条链条加逻辑分组织
· 第一链（4分）：当前国际竞争的实质 -> 坚持高水平对外开放/对外开放基本国策 -> 以科学技术的发展推动建设创新型、开放型世界经济（不可替代） -> 促进经济全球化发展
· 第二链（3分）：和平与发展的国际潮流 -> 在联合国宗旨和原则框架下（不可替代） -"
Q0149,149,1770,1779,经济全球化,开：高水平对外开放,发展更高层次开放型经济,2026东城一模Q19(3),2026东城一模Q19,为什么能想到;同题组;材料触发点;答案落点;设问,,865,"1. 2026东城一模Q19(3)
【材料触发点】 题目追问高水平开放与产业链韧性的关系，北京借助“两区”建设、国际科创交流和开放型经济平台接入全球创新资源，体现开放对未来产业韧性的支撑。
【设问】 结合材料二，运用《当代国际政治与经济》知识，分析在推动未来产业中，北京是如何统筹高水平对外开放与提升产业链韧性之间关系的。（8分）
【为什么能想到】 题面把北京“两区”建设、世界级产业大会、国际科创枢纽联络处、研判全球产业链趋势等动作组合呈现，开放动作集中指向接入全球创新资源以支撑未来产业。问""如何统筹""开放与产业链韧性，需要把高水平开放讲成未来产业获取国际创新资源的渠道，而不是只罗列开放政策。先把“两区”建设、产业大会、国际科创交流等概括为引进来与走出去相结合的开放组合，再写其稳步扩大制度型开放、对接全球创新资源，最后指向为未来产业集聚资源、提升产业链韧性。
【答案落点】 北京坚持引进来与走出去相结合，举办世界级产业大会、设立国际科创枢纽联络处、研判全球产业链趋势，开展国际科创交流合作，发展更高层次开放型经济，为未来产业集聚全球创新资源。
【同题组】 （按原题答题层次）
· 答题层次：本"
Q0150,150,1780,1791,经济全球化,开：高水平对外开放,发展更高层次开放型经济,"2024朝阳期中Q20(3)""数字驱动商通全球""短评",2024朝阳期中Q20,为什么能想到;同题组;材料触发点;答案落点;设问,,873,"2. 2024朝阳期中Q20(3)""数字驱动商通全球""短评
【材料触发点】 数贸会一方面汇集数字首发首秀新产品并促进数字科技产品贸易（开放、创新），另一方面通过""智慧非洲""展台让非洲国家共享中国市场和数字红利（包容、普惠），并通过双向签约形成共赢；整体合力呈现的是数字贸易领域的开放、包容、普惠、平衡、共赢方向。
【设问】 结合材料，运用《当代国际政治与经济》知识，以“数字驱动 商通全球”为主题撰写一篇短评。
【为什么能想到】 本题的开放线索来自数贸会、首发首秀、签约和“智慧非洲”等数字贸易平台，不是制度规则对接。应从高水平对外开放和开放型经济建设切入：数字贸易平台把中国市场、数字技术和国际合作连接起来，扩大贸易合作与共享数字红利，推动经济全球化朝更加开放包容方向发展。
【答案落点】 办好数字贸易博览会以开放促合作，有利于我国建设高层次开放型经济，推动经济全球化朝更加开放包容方向发展。
【同题组】 （按原题答题层次）
· 答题层次：本题10分，短评题，按题目、三段材料分别点评、总结或总评、语言表达组织。
· 短评题目（1分）。
· 三段材料分别点评（6分，每段“事实1分+点评1分”）：汇"
Q0151,151,1792,1802,经济全球化,开：高水平对外开放,发展更高层次开放型经济,2026门头沟一模Q20——海南自贸港全岛封关的国内国际意义,2026门头沟一模Q20,为什么能想到;同题组;材料触发点;答案落点;设问,,767,"3. 2026门头沟一模Q20——海南自贸港全岛封关的国内国际意义
【材料触发点】 题面列举零关税税目扩大、口岸管理优化、压缩""二线""出岛申报项目等具体机制；题目指向分析国内意义，封关机制直接降低企业贸易成本。
【设问】 结合材料，运用《当代国际政治与经济》知识，分析海南自贸港全岛封关为何能为中国经济发展注入新动能、为世界经济开放发展注入新活力。
【为什么能想到】 题面列举零关税税目扩大、口岸管理优化、压缩""二线""出岛申报项目等具体机制；题目要求分析国内意义，封关机制直接降低企业贸易成本。 由具体做法看理论落点，核心在规则、标准、平台和制度安排如何把开放落成可操作的机制。因此这一条可归入“发展更高层次开放型经济”：海南自贸港主动对接国际高标准经贸规则、推动制度型开放，发展更高层次开放型经济，为全球提供高水平开放新范例。
【答案落点】 海南自贸港主动对接国际高标准经贸规则、推动制度型开放，发展更高层次开放型经济，为全球提供高水平开放新范例。
【同题组】 （按原题答题层次）
· 本题7分，按“原因2分—中国意义2分—世界意义2分—逻辑1分”写。
· 原因：用对外开放基本国策、互利共赢战略、"
Q0152,152,1803,1812,经济全球化,开：高水平对外开放,发展更高层次开放型经济,2024海淀一模Q18(1),2024海淀一模Q18,为什么能想到;同题组;材料触发点;答案落点;设问,,557,"4. 2024海淀一模Q18(1)
【材料触发点】 免签、互免签证、简化签证手续和口岸签证便利化直接降低中外人员商贸往来成本，题目追问对开放的积极影响时，应先转化为贸易投资便利化和自由化。
【设问】 结合材料，运用《当代国际政治与经济》知识，预测上述举措对服务高水平对外开放的积极影响。（6分）
【为什么能想到】 免签、互免签证和口岸签证便利化直接降低人员往来成本，进而带动旅游、商务、投资和服务交流。这里没有规则制度对接线索，因此不能写“制度型开放”。设问问对高水平对外开放的积极影响，应从人员往来便利化促进贸易投资、提升开放质量切入。
【答案落点】 该举措便利中外人员往来，促进商务、旅游和投资交流，服务高水平对外开放，发展更高层次开放型经济、提升开放质量。
【同题组】 （按原题答题层次）
· 答题层次：本题6分，按三项答题要求组织
· ①促进贸易投资便利化、自由化（2分；替代：促进贸易往来；促进对外合作交流/便利国内外交流/便利人员往来/降低活动成本可给1分，不重复给分）
· ②吸引全球资源要素自由流动（1分）；充分利用国内国际两种资源、两个市场（2分；替代：开放、包容、普惠、共赢/互利"
Q0153,153,1814,1823,经济全球化,开：高水平对外开放,中国扩大高水平对外开放与制度型开放,2026朝阳一模Q20,2026朝阳一模Q20,为什么能想到;同题组;材料触发点;答案落点;设问,,733,"1. 2026朝阳一模Q20
【材料触发点】 中国同31个国家和地区签署自贸协定、对50个国家实施单方面免签，说明中国用开放平台和制度便利扩大对外开放。
【设问】 结合材料，运用《当代国际政治与经济》的知识，阐述中国为什么能为全球发展注入稳定性和正能量。
【为什么能想到】 中国同31个国家和地区签署自贸协定、对50个国家实施单方面免签，说明中国通过自贸平台、人员往来便利和经贸联通扩大开放。这里的重点是中国持续扩大高水平对外开放，让国际合作更稳定、更便利，而不是海南封关材料。
【答案落点】 中国坚定不移扩大高水平对外开放，通过自贸协定和免签便利增强与世界的经贸、人文和要素联通。
【同题组】 （按原题答题层次）
· 答题层次：本题8分，按必答点、共享发展经验、发展潜力三个层次组织；全题总分不超过8分，发展潜力角度最多5分。
· 必答点（2分）：当前国际竞争的实质是以经济和科技实力为基础的综合国力较量1分；中国坚持创新驱动战略，科技实力日益增强，成为全球创新策源地，为全球产业链供应链稳定提供坚实支撑1分。
· 共享发展经验（3分）：通过分享减贫经验、生态治理经验、职业教育经验等助力发展中国家"
Q0154,154,1824,1833,经济全球化,开：高水平对外开放,中国扩大高水平对外开放与制度型开放,2026东城一模Q19(3),2026东城一模Q19,为什么能想到;同题组;材料触发点;答案落点;设问,,785,"2. 2026东城一模Q19(3)
【材料触发点】 题面以“两区”建设为抓手，推动制度型开放，支持企业参与国际标准制定，并通过世界级产业大会、国际科创枢纽联络处开展国际科创交流，说明高水平开放本身为产业链韧性提升提供制度和资源支撑。
【设问】 结合材料二，运用《当代国际政治与经济》知识，分析在推动未来产业中，北京是如何统筹高水平对外开放与提升产业链韧性之间关系的。（8分）
【为什么能想到】 材料明确北京以“两区”为抓手推动制度型开放、对接国际高标准经贸规则，重点不只是扩大开放规模，而是提升规则、规制、管理、标准等制度层面的开放水平，因此可用中国扩大高水平对外开放与制度型开放说明。
【答案落点】 北京以“两区”建设为抓手，坚持引进来与走出去相结合，对接国际高标准经贸规则，支持企业参与国际标准制定，开展国际科创交流合作，稳步扩大制度型开放，为产业链韧性提升提供制度支撑和全球创新资源。
【同题组】 （按原题答题层次）
· 答题层次：本题8分，按开放促进韧性4分、韧性支撑开放3分、开放与安全协同1分组织
· 开放促进韧性（4分）：高水平对外开放举措3分，写出任2点得3分，如坚持引进来与走出去相"
Q0155,155,1834,1851,经济全球化,开：高水平对外开放,中国扩大高水平对外开放与制度型开放,2025丰台一模Q20,2025丰台一模Q20,为什么能想到;同题组;材料触发点;答案落点;设问,,1620,"3. 2025丰台一模Q20
【材料触发点】 自贸试验区数据出境负面清单把数字资源跨境流动与数据安全同时纳入制度安排，适合写服务贸易发展。
【设问】 结合材料，运用《经济与社会》《当代国际政治与经济》知识，说明北京“两区”建设的举措是如何助力开放型经济迈上新台阶的。
【为什么能想到】 材料写""自贸试验区数据出境负面清单""——把""数字资源跨境流动""与""数据安全""写入同一制度安排，安全与流动并不冲突，而是同一清单的两个维度。问""如何助力开放型经济""——本条要从数字经济侧切入，写的是服务贸易而非货物贸易，制度型开放而非市场准入。先把""负面清单""作为既保数据安全又促数字资源流动的制度安排点出，再把数字资源流动接到服务贸易发展，最后指向开放型经济上新台阶。
【答案落点】 北京发布数据出境负面清单，在维护数据安全的同时促进数字资源流动，推动服务贸易发展。
【材料触发点】 国际职业资格认可目录和双向互认改变的是跨境人才流动条件，答题需要说明人才吸引对开放型经济和科技创新的支撑。
【设问】 结合材料，运用《经济与社会》《当代国际政治与经济》知识，说明北京“两区”建设的举措是如何助力开放型经济迈上新台阶"
Q0156,156,1852,1866,经济全球化,开：高水平对外开放,中国扩大高水平对外开放与制度型开放,2026房山一模Q19,2026房山一模Q19,为什么能想到;同题组;材料触发点;答案落点;设问,,1100,"4. 2026房山一模Q19
【材料触发点】 海南自贸港封关在岛内自由基础上推行极简审批和一码通办，是把营商环境制度化、便利化、国际化的关键举措，材料里的岛内自由便利对应的就是优化营商环境与吸引外资的投资角度。
【设问】 结合材料，运用《当代国际政治与经济》知识，分析海南自贸港封关是如何助力国际循环的。
【为什么能想到】 材料写""岛内自由""""极简审批""""一码通办""——营商环境从""自由""扩展到""便利化、制度化""，对应的不是货物贸易而是投资便利化。问""如何助力国际循环""——本条要切入投资端而非货物端，把""引进来""作为国际循环的入口写出。先把极简审批和一码通办作为岛内自由的制度延伸点出，再写吸引外商投资和经营主体落户，最后指向高水平引进来、畅通国际循环投资端。
【答案落点】 海南自贸港在岛内自由基础上推行极简审批和一码通办，优化营商环境，吸引外商投资和经营主体落户，坚持高水平引进来，畅通国际循环投资端。
【材料触发点】 海南封关以“一线放开、二线管住、岛内自由”的制度安排服务国际循环，体现的是制度型开放和中国方案。
【设问】 结合材料，运用《当代国际政治与经济》知识，分析海南自贸港封关是如何"
Q0157,157,1867,1877,经济全球化,开：高水平对外开放,中国扩大高水平对外开放与制度型开放,2026门头沟一模Q20,2026门头沟一模Q20,为什么能想到;同题组;材料触发点;答案落点;设问,,760,"5. 2026门头沟一模Q20
【材料触发点】 海南自贸港提高“零关税”商品税目比例、扩大商品范围、提升货物贸易开放度和管理透明度，形成可被外部主体感知的市场开放与制度开放。
【设问】 结合材料，运用《当代国际政治与经济》知识，分析海南自贸港全岛封关为何能为中国经济发展注入新动能、为世界经济开放发展注入新活力。
【为什么能想到】 材料写""零关税商品税目比例提高""""商品范围扩大""""货物贸易开放度提升""""管理透明度提升""——这些都是可被外部主体直接感知的市场开放与制度开放信号。问""为何能为世界经济注入新活力""，必须把封关的具体规则做法翻译为""对外部市场和制度环境的吸引力""，避免只写国内动能。把零关税扩容和管理透明度提升归为货物贸易开放度的体现，再用制度型开放统摄，最后指向为世界经济提供更大市场空间。
【答案落点】 海南自贸港全岛封关扩大市场准入、提高货物贸易开放度，以制度型开放为全球提供高水平开放新范例，为世界提供更大市场空间。
【同题组】 （按原题答题层次）
· 本题7分，按“原因2分—中国意义2分—世界意义2分—逻辑1分”写。
· 原因：用对外开放基本国策、互利共赢战略、经济全球化、高"
Q0158,158,1878,1885,经济全球化,开：高水平对外开放,中国扩大高水平对外开放与制度型开放,2026通州期末Q21,2026通州期末Q21,为什么能想到;同题组;材料触发点;答案落点;设问,,535,"6. 2026通州期末Q21
【材料触发点】 “十四五”圆满收官题以中国—中亚峰会、“一带一路”国际合作高峰论坛、中非合作论坛、进博会、服贸会、消博会等事实，体现我国持续扩大高水平对外开放、拓展多边合作平台。
【设问】 结合材料，综合运用所学，阐释我国是如何为中国式现代化建设谱写宏伟篇章的。
【为什么能想到】 题面集中列举多个对外开放平台和国际合作场合，并强调我国坚持以开放促进改革、促发展，坚定不移推进高水平对外开放。解释中国式现代化建设的成就，不能只写国内创新和民生，还需要说明中国通过高水平对外开放把自身发展同国际合作连接起来。先把多场国际合作平台概括为开放实践，再写坚定不移推进高水平对外开放，最后指向以开放促进改革、促进发展，为中国式现代化拓展外部空间。
【答案落点】 我国通过中国—中亚峰会、“一带一路”国际合作高峰论坛、中非合作论坛、进博会、服贸会、消博会等开放平台，坚定不移推进高水平对外开放，以开放促进改革、促进发展，为中国式现代化拓展外部空间。
【同题组】 （综合题提醒）
· 本题按中国式现代化综合多模块题处理，不按《当代国际政治与经济》固定同题组展开。
· 迁移提醒：不能因"
Q0159,159,1886,1897,经济全球化,开：高水平对外开放,中国扩大高水平对外开放与制度型开放,2025朝阳期末Q21,2025朝阳期末Q21,为什么能想到;同题组;材料触发点;答案落点;设问,,921,"7. 2025朝阳期末Q21
【材料触发点】 题面把世界动荡冲突、单边霸凌、脱钩断链和意识形态分歧作为外部风险，问中国特色大国外交如何营造外部环境；总体外部环境的根本前提是把答案先放回和平与发展的时代主题，再把促进世界和平与发展和维护和平稳定的国际环境作为方向。
【设问】 结合材料，运用《当代国际政治与经济》知识，说明如何通过开展中国特色大国外交为推进中国式现代化营造良好外部环境。
【为什么能想到】 面对脱钩断链行径，中国式现代化需要开放而非封闭，因此大国外交要服务高水平对外开放。
【答案落点】 通过大国外交扩大高水平对外开放、稳步扩大制度型开放，深化国际经贸合作，营造良好发展环境。
【同题组】 （按原题答题层次）
· 答题层次：本题8分，要求总分或分总结构，层次清楚且四个外部环境角度齐全，结构与角度完整占1分。
· 总体外部环境（1分）：坚持和加强党对外交工作的领导，坚持以习近平外交思想为指导，全面贯彻总体国家安全观，推动构建人类命运共同体；坚定奉行独立自主的和平外交政策，坚持和平共处五项原则，维护我国主权、安全和发展利益，促进世界和平与发展，推进三大全球倡议走深走实。
· 外部政治"
Q0160,160,1898,1909,经济全球化,开：高水平对外开放,中国扩大高水平对外开放与制度型开放,2024东城一模Q20,2024东城一模Q20,为什么能想到;同题组;材料触发点;答案落点;设问,,732,"8. 2024东城一模Q20
【材料触发点】 “外循环跑出加速度”写主动对照国际规则、规制、管理、标准并深化国内改革，触发的是制度规则层面的开放和经济全球化融入，而不是一般性产业升级或消费扩张。
【设问】 结合材料，运用经济的相关知识，分析我国的上述措施如何通过构建新发展格局助力经济高质量发展。
【为什么能想到】 “外循环跑出加速度”写主动对照国际规则、规制、管理、标准并深化国内改革，触发的是制度规则层面的开放和经济全球化融入，而不是一般性产业升级或消费扩张。对标国际规则与深化国内改革结合在一起，说明我国通过制度型开放和高水平对外开放增强两个市场两种资源联动效应。
【答案落点】 我国对标国际规则、推进制度型开放和高水平对外开放，以国内大循环吸引全球资源要素，增强两个市场两种资源联动效应。
【同题组】 （按原题答题层次）
· 答题层次：本题8分，四点选三；两个完整点各3分，第三个点2分，按3+3+2组织。
· 每点内部：措施1分、路径1分、效果终点1分；如果路径和效果都不准确，只写措施不能单独成立。
· 内循环措施一：推进重点行业设备更新改造和耐用消费品以旧换新，促进消费、拉动投资，推动"
Q0161,161,1910,1918,经济全球化,开：高水平对外开放,中国扩大高水平对外开放与制度型开放,2026海淀一模Q20中国标准走出国门撬动两个市场两种资源,2026海淀一模Q20,为什么能想到;同题组;材料触发点;答案落点;设问,,421,"9. 2026海淀一模Q20中国标准走出国门撬动两个市场两种资源
【材料触发点】 材料把国际标准称为全球产业界的“通用语言”，并列出我国向ISO、IEC提交提案、牵头制定发布国际标准等事实，说明中国标准走出国门是在规则和标准层面深化与世界互动。
【设问】 结合材料，运用《当代国际政治与经济》知识，谈谈中国标准走出国门的意义。
【为什么能想到】 充电接口、营养标注一统一，各国产品就能互通、全球资源高效利用；标准是规则层面的对接，故用“扩大高水平对外开放与制度型开放”。
【答案落点】 中国标准走出国门，扩大制度型开放，推进高水平对外开放，更好利用国内国际两个市场两种资源，推动构建新发展格局。
【同题组】 （同主题练习提醒）
· 本题适合作为同主题训练，不按固定得分层次展开。
· 可写方向：围绕制度型开放、两个市场两种资源、国际标准贡献、全球治理规则制定等组织。
· 易错提醒：写中国标准走出国门时，要同时说明国内开放基础和国际治理意义。"
Q0162,162,1919,1928,经济全球化,开：高水平对外开放,中国扩大高水平对外开放与制度型开放,2026东城二模Q20(3),2026东城二模Q20,为什么能想到;同题组;材料触发点;答案落点;设问,,651,"10. 2026东城二模Q20(3)
【材料触发点】 政策优化和营商环境建设，体现中国通过规则、规制、管理、标准等制度型开放增强外资信心。
【设问】 结合材料三，运用《当代国际政治与经济》知识，分析购在中国与投资中国如何协同发力，释放我国独特的开放红利。
【为什么能想到】 “外循环”写对标国际规则、规制、标准并深化国内改革，开放已升到规则接轨而非只降关税，再放宽准入引全球要素，落在高水平对外开放与制度型开放。
【答案落点】 中国坚持制度型开放，发挥政策优势，营造市场化、法治化、国际化一流营商环境，增强外商投资中国的稳定预期。
【同题组】 （按原题答题层次）
· 答题层次：本题7分，按“购在中国”吸引“投资中国”3分、“投资中国”推动“购在中国”3分、二者协同影响1分组织。
· 第一层：“购在中国”吸引“投资中国”（3分）：激活入境消费需求、扩大入境消费规模或提升入境消费吸引力1分；发挥我国超大规模市场优势1分；消费牵引投资、吸引外商“投资中国”、推动全球要素集聚或引进来1分。
· 第二层：“投资中国”推动“购在中国”（3分）：坚持制度型开放、发挥政策优势、鼓励支持非公经济发展、营造良好"
Q0163,163,1931,1939,经济全球化,开：高水平对外开放,中国扩大高水平对外开放与制度型开放,2026丰台二模Q20,2026丰台二模Q20,为什么能想到;同题组;材料触发点;答案落点;设问,,536,"11. 2026丰台二模Q20
【材料触发点】 题面材料集中呈现自贸区、自贸港制度创新，说明中国坚持对外开放基本国策，坚持引进来和走出去并重，以开放平台推进高水平对外开放。
【设问】 结合材料，运用《当代国际政治与经济》知识，阐明中国加快推进自由贸易试验区、自由贸易试验港建设为世界注入更多确定性的原因。
【为什么能想到】 上海、海南、内蒙古等开放平台分别用制度创新、营商环境、开放通道和新业态承接高水平开放。要解释中国为什么能给世界稳定预期，必须写出中国开放不是临时让利，而是制度型、平台型、持续性的高水平开放。先说明坚持对外开放基本国策和高水平对外开放，再把自贸区、自贸港作为制度载体，最终指向为世界提供稳定开放预期。
【答案落点】 中国坚持对外开放基本国策，依托自由贸易试验区和自由贸易试验港推进高水平对外开放与制度型开放，为世界提供持续开放的稳定预期。
【同题组】 （同主题练习提醒）
· 本题适合作为同主题训练，不按固定得分层次展开。
· 可写方向：自由贸易试验区、自由贸易港建设符合经济全球化和开放合作趋势，有利于推进高水平对外开放、稳定全球产业链供应链、推动经济全球化朝更加开放包容普惠"
Q0164,164,1943,1951,经济全球化,开：高水平对外开放,互利共赢的开放战略,2026门头沟一模Q21,2026门头沟一模Q21,为什么能想到;同题组;材料触发点;答案落点;设问,,656,"1. 2026门头沟一模Q21
【材料触发点】 题目让学生说明中国为何能为世界提供宝贵的确定性，材料三把中国与世界经济深度联动、进口市场扩大和跨国企业加码在华投资放在一起，要从开放合作带来双向互利的角度作答。
【设问】 结合材料，综合运用所学，谈谈中国为何能为世界提供宝贵的确定性。
【为什么能想到】 材料三把中国与世界经济深度联动、连续17年全球第二大进口市场、跨国企业加码在华投资三组事实并列——中国对外开放给世界提供的是双向通道而非单向输出。问""为何能为世界提供确定性""，确定性不在中国规模本身，而在中国坚持的开放战略可预期、可被各国持续受益。先把进口市场扩大、跨国企业加码作为中国互利共赢开放战略的具体表现点出；再说明在开放合作中同各国共享中国机遇；进而接到为世界经济稳定运行提供动力。
【答案落点】 中国坚持互利共赢的开放战略，连续17年成为全球第二大进口市场，吸引跨国企业持续加码在华投资，在开放合作中同各国共享中国机遇，为世界经济稳定运行提供动力。
【同题组】 （按原题答题层次）
· 答题层次：本题10分，选必一重点看材料三的国政经角度，不按全题综合题展开
· 国政经角度：结合材料三"
Q0165,165,1952,1963,经济全球化,开：高水平对外开放,互利共赢的开放战略,2026顺义二模Q20,2026顺义二模Q20,为什么能想到;同题组;材料触发点;答案落点;设问,,682,"2. 2026顺义二模Q20
【材料触发点】 题目指向理解“今天的中国，明天的世界”，题干中的微电网、打井、物流、希望农场等项目强调中国式现代化的开放实践让发展成果被更多国家共享，使经济全球化更有活力。
【设问】 结合材料，运用《当代国际政治与经济》知识，谈谈对“今天的中国，明天的世界”的理解。
【为什么能想到】 微电网、打井、物流、希望农场等项目把中国开放同各国民生改善连在一起。材料说让经济全球化更有活力，说明开放带来的不是单方收益，而是发展成果惠及各国，正对应互利共赢的开放战略。
【答案落点】 中国坚持对外开放基本国策，奉行互利共赢的开放战略，让发展成果惠及各国人民，今天的中国正成就更好的明天世界。
【同题组】 （按原题答题层次）
· 本题8分，建议按“总—国际政治—国际经济—总”结构写。
· 总起：说明“今天的中国，明天的世界”体现中国发展与世界未来紧密相连，中国式现代化具有世界意义。
· 国际政治角度：可写中国是世界和平的建设者、国际秩序的维护者，坚持独立自主的和平外交政策，推动构建人类命运共同体、新型国际关系，也可写共商共建共享、中国智慧的生动实践。
· 国际经济角度：可写中"
Q0166,166,1964,1974,经济全球化,开：高水平对外开放,互利共赢的开放战略,2026门头沟一模Q20——海南自贸港全岛封关的国内国际意义,2026门头沟一模Q20,为什么能想到;同题组;材料触发点;答案落点;设问,,658,"3. 2026门头沟一模Q20——海南自贸港全岛封关的国内国际意义
【材料触发点】 题面列举零关税税目扩大、口岸管理优化、压缩""二线""出岛申报项目等具体机制；题目指向分析国内意义，封关机制直接降低企业贸易成本。
【设问】 结合材料，运用《当代国际政治与经济》知识，分析海南自贸港全岛封关为何能为中国经济发展注入新动能、为世界经济开放发展注入新活力。
【为什么能想到】 封关既降企业成本又向世界开放市场，给中国和世界双向注入动能活力；这种双方得利的安排正体现互利共赢的开放战略，推动经济全球化向更深层次迈进。
【答案落点】 海南自贸港全岛封关坚持互利共赢的开放战略，主动推动经济全球化向更深层次迈进，为中国和世界经济注入新动能新活力。
【同题组】 （按原题答题层次）
· 本题7分，按“原因2分—中国意义2分—世界意义2分—逻辑1分”写。
· 原因：用对外开放基本国策、互利共赢战略、经济全球化、高水平对外开放等术语，说明海南自贸港封关的必要性。
· 对中国：从扩大“零关税”商品范围、降低企业成本、促进贸易自由化便利化；吸引产业集聚、推动产业链升级、催生新质生产力；优化口岸管理、压缩通关时间、提升营"
Q0167,167,1977,1988,经济全球化,兼：国内国际两种资源两个市场,利用两个市场两种资源优化全球资源配置,2024朝阳期中Q20(3),2024朝阳期中Q20,为什么能想到;同题组;材料触发点;答案落点;设问,,876,"1. 2024朝阳期中Q20(3)
【材料触发点】 数贸会国际企业参展面积和数量占比高，并围绕数字经济签约大量项目，平台功能集中在跨国投资、贸易合作和资源配置。
【设问】 结合材料，运用《当代国际政治与经济》知识，以“数字驱动 商通全球”为主题撰写一篇短评。
【为什么能想到】 题面给出国际企业参展面积和数量占比高、围绕数字经济密集签约等数据，平台功能集中在跨国投资、贸易合作和资源配置。“数字驱动 商通全球”短评要求把数贸会写成连接各国资源、市场和企业的全球平台，而不是局限于一次会议成果。先点明利用两个市场两种资源优化全球资源配置，再写全球数字贸易博览会搭建交流合作平台、促进数字经济领域相互投资贸易，进而接到为各国企业创造机遇，使各国更好利用两个资源两个市场。
【答案落点】 全球数字贸易博览会搭建交流合作平台，促进数字经济领域相互投资贸易，为各国企业创造机遇，使各国更好利用两个资源两个市场。
【同题组】 （按原题答题层次）
· 答题层次：本题10分，短评题，按题目、三段材料分别点评、总结或总评、语言表达组织。
· 短评题目（1分）。
· 三段材料分别点评（6分，每段“事实1分+点评1分”"
Q0168,168,1989,1998,经济全球化,兼：国内国际两种资源两个市场,利用两个市场两种资源优化全球资源配置,2026朝阳一模Q20,2026朝阳一模Q20,为什么能想到;同题组;材料触发点;答案落点;设问,,835,"2. 2026朝阳一模Q20
【材料触发点】 中国消费市场、制造业规模、货物贸易、自贸协定和免签政策共同说明中国市场和全球资源要素双向联动。
【设问】 结合材料，运用《当代国际政治与经济》的知识，阐述中国为什么能为全球发展注入稳定性和正能量。
【为什么能想到】 题面把超大消费市场、制造业规模、货物贸易、自贸协定和免签政策并排摆出，呈现中国市场与全球资源要素之间双向联动的画面。问“为什么能”为全球发展注入稳定性和正能量，要解释中国市场对全球要素流动的吸纳与释放，而不是只列举市场规模。先点明利用两个市场两种资源优化全球资源配置，再写中国不断释放超大规模市场潜力、统筹利用国内国际两个市场和两种资源，进而接到促进人才、商品、服务和生产要素在全球范围内流动。
【答案落点】 中国不断释放超大规模市场潜力，统筹利用国内国际两个市场、两种资源，促进人才、商品、服务和生产要素在全球范围内流动。
【同题组】 （按原题答题层次）
· 答题层次：本题8分，按必答点、共享发展经验、发展潜力三个层次组织；全题总分不超过8分，发展潜力角度最多5分。
· 必答点（2分）：当前国际竞争的实质是以经济和科技实力为基础的综"
Q0169,169,1999,2009,经济全球化,兼：国内国际两种资源两个市场,利用两个市场两种资源优化全球资源配置,2026房山一模Q19,2026房山一模Q19,为什么能想到;同题组;材料触发点;答案落点;设问,,733,"3. 2026房山一模Q19
【材料触发点】 海南封关把全球商品、国内消费、加工增值和全国市场连接起来，答题需要说明国内大循环对全球资源要素的吸引和两个市场两种资源联动。
【设问】 结合材料，运用《当代国际政治与经济》知识，分析海南自贸港封关是如何助力国际循环的。
【为什么能想到】 题面把全球商品、岛内加工增值、内地消费市场三段并排，呈现自贸港作为节点把外部资源接入国内大循环的画面。问""如何助力国际循环""，需要说明自贸港的开放机制怎么让国内市场反向吸引和带动外部要素，不能只描述政策条目。先把封关的""一线进口—岛内加工—二线进入内地""链条提炼为国内国际两个市场两种资源的联动机制，再点明超大规模市场对全球要素的吸引力，最后指向国际循环更加畅通。
【答案落点】 海南自贸港依托我国超大规模市场优势，以国内大循环吸引全球资源要素，增强国内国际两个市场两种资源联动效应，助力国际循环畅通。
【同题组】 （按原题答题层次）
· 答题层次：本题8分，按消费/市场、生产/产业、投资/营商、中国方案四层组织；前三类开放链条合计按材料表现取分，不要超过6分，中国方案层另按2分处理。
· 消费/市场层（2分）："
Q0170,170,2010,2019,经济全球化,兼：国内国际两种资源两个市场,利用两个市场两种资源优化全球资源配置,2024海淀一模Q18(1)免签政策与高水平对外开放,2024海淀一模Q18,为什么能想到;同题组;材料触发点;答案落点;设问,,696,"4. 2024海淀一模Q18(1)免签政策与高水平对外开放
【材料触发点】 免签和签证便利化只是表层制度安排，更深层的开放效应是把外国商务、技术、资金、劳务等要素引入中国，并让中国资源走向世界；这种从人员往来扩展到要素流动的影响，必须用""全球资源要素自由流动""和""两个市场两种资源""承接。
【设问】 结合材料，运用《当代国际政治与经济》知识，预测上述举措对服务高水平对外开放的积极影响。（6分）
【为什么能想到】 题面把免签、签证便利化、口岸便利化等政策叠加摆出，强调""便利人员往来""，指向这些政策不止改人，还会带动商品、技术、资金、劳务等要素的跨境进出。要""预测""积极影响，需要把表层的人员通行制度延伸到要素层面，否则只能回答出""方便交流""。先把签证便利化翻译为商品、服务、技术、资金、劳务等全球要素的自由流动，再写国内国际两个市场两种资源被充分利用，进而接到对外开放水平整体提升。
【答案落点】 便利中外人员往来能够吸引商品、服务、技术、资金、劳务等全球资源要素自由流动，充分利用国内国际两种资源、两个市场，进一步提升我国对外开放水平。
【同题组】 （按原题答题层次）
· 答题层次：本题6分，按"
Q0171,171,2020,2030,经济全球化,兼：国内国际两种资源两个市场,利用两个市场两种资源优化全球资源配置,2026门头沟一模Q20,2026门头沟一模Q20,为什么能想到;同题组;材料触发点;答案落点;设问,,781,"5. 2026门头沟一模Q20
【材料触发点】 题面写海南“一线”进口、岛内流通、加工增值销往内地和“二线”出岛申报压缩，形成境外资源、岛内加工和内地市场之间的联动机制。
【设问】 结合材料，运用《当代国际政治与经济》知识，分析海南自贸港全岛封关为何能为中国经济发展注入新动能、为世界经济开放发展注入新活力。
【为什么能想到】 题面把""一线""进口放开、岛内免税流通、加工增值后销往内地、""二线""出岛申报压缩并列摆出，呈现境外资源—岛内加工—内地市场的完整联动链条。要回答""为何能""对中国经济和世界经济都注入新动能新活力，必须把封关机制解释成内外双向打通的开放型经济模式。先把""一线开放、岛内加工、二线便利""提炼为境内境外两端贯通的开放安排，再写其增强国内国际两个市场两种资源联动效应，最后指向培育开放型经济新优势、为世界经济注入新活力。
【答案落点】 海南自贸港通过“一线”开放、岛内免税流通、加工增值和“二线”便利出岛，增强国内国际两个市场两种资源联动，培育开放型经济新优势。
【同题组】 （按原题答题层次）
· 本题7分，按“原因2分—中国意义2分—世界意义2分—逻辑1分”写。
· 原因：用对外"
Q0172,172,2031,2039,经济全球化,兼：国内国际两种资源两个市场,利用两个市场两种资源优化全球资源配置,2026海淀一模Q20中国标准走出国门撬动两个市场两种资源,2026海淀一模Q20,为什么能想到;同题组;材料触发点;答案落点;设问,,626,"6. 2026海淀一模Q20中国标准走出国门撬动两个市场两种资源
【材料触发点】 题面强调国际标准是全球产业界的""通用语言""，列出中国向ISO、IEC提交大量提案、在低碳能源和人工智能等领域牵头制定国际标准；标准走出国门把国内技术、产品、规则与国际市场、规则双向打通，设问问""意义""，必须从中国如何借标准联通调动跨境市场和资源切入。
【设问】 结合材料，运用《当代国际政治与经济》知识，谈谈中国标准走出国门的意义。
【为什么能想到】 题面强调""通用语言""，并给出中国向ISO、IEC提交提案、在低碳能源和人工智能等领域牵头制定标准这些具体动作，标准是规则层面的双向接入接口。问""中国标准走出国门的意义""，要把""标准""翻译为连接中国市场、技术、规则与国际市场、规则的双向通道，而不是只夸技术领先。先点明国际标准是全球产业界的通用语言、是要素跨境流动的规则接口，再写中国通过提案和牵头制定标准把国内技术、产业与国际市场对接，最后指向更好利用国内国际两个市场、两种资源、共享发展。
【答案落点】 中国标准走出国门，有利于更好利用国内国际两个市场、两种资源，推动中国与世界在技术、产业、规则上深度互动、共享发"
Q0173,173,2040,2050,经济全球化,兼：国内国际两种资源两个市场,利用两个市场两种资源优化全球资源配置,2025昌平二模Q21稳外资举措激活两个市场两种资源,2025昌平二模Q21,为什么能想到;同题组;材料触发点;答案落点;设问,,911,"7. 2025昌平二模Q21稳外资举措激活两个市场两种资源
【材料触发点】 题面列出扩大重点领域开放、放宽市场准入、拓宽融资渠道、激活双边投资促进工作组、打造""投资中国""品牌等稳外资举措；设问问这些举措对建设更高水平开放型经济的意义，必须把外资进入国内市场和国内要素对接国际资本、技术写到一起，体现两个市场两种资源协同。
【设问】 结合材料，说明上述举措对我国建设更高水平的开放型经济具有什么重要意义。
【为什么能想到】 题面把扩大重点领域开放、放宽市场准入、拓宽融资渠道、激活双边投资促进工作组、打造""投资中国""品牌五条稳外资举措并排，焦点都在让外资进得来、留得住。问对""更高水平开放型经济""的意义，要把外资进入国内市场和国内要素对接国际资本、技术写到一起，体现两个市场两种资源的协同。先把五条稳外资举措提炼为对全球资本、技术、人才的吸引和服务保障，再写国内市场和国内产业由此与国际要素紧密对接，进而接到充分利用国内国际两个市场两种资源、建设更高水平开放型经济。
【答案落点】 扩大重点领域开放和完善涉外资服务等稳外资举措，有利于我国充分利用国内国际两个市场两种资源，把全球资本、技术、人才与国内市"
Q0174,174,2051,2059,经济全球化,兼：国内国际两种资源两个市场,利用两个市场两种资源优化全球资源配置,2026石景山二模Q18,2026石景山二模Q18,为什么能想到;同题组;材料触发点;答案落点;设问,,562,"8. 2026石景山二模Q18
【材料触发点】 原卷写双方互为第一大贸易伙伴，贸易额继续增长，并列出数字基础设施、绿色发展经验、自贸区3.0版规则共建等合作事实，说明中国和东盟通过商品、服务、技术、经验和规则联通配置市场与资源。
【设问】 结合材料，运用《当代国际政治与经济》知识，分析中国与东盟经贸合作能够提质升级的原因。
【为什么能想到】 材料真正的线索是互为重要市场、自贸区升级、数字基础设施和绿色发展合作。双方通过市场、技术、经验和规则联通扩大资源配置范围，因此会想到两个市场两种资源和资源配置效率。
【答案落点】 中国与东盟经贸合作有利于双方充分利用两个市场、两种资源，促进经济转型升级和区域产业合作。
【同题组】 （按原题答题层次）
· 答题层次：本题8分，依据4分，意义4分
· 依据层（4分，从政治、经济各答出1个观点）：国家利益和国家实力是影响国际关系的决定性因素；中国与东盟经贸合作提质升级顺应经济全球化趋势，基于双方共同利益，符合时代发展主题
· 意义层（4分，任意2个维度）：对本国，有利于充分利用两个市场、两种资源，促进经济转型升级，使发展成果惠及人民；对区域，为区域经济合"
Q0175,175,2060,2071,经济全球化,兼：国内国际两种资源两个市场,利用两个市场两种资源优化全球资源配置,2024东城一模Q20,2024东城一模Q20,为什么能想到;同题组;材料触发点;答案落点;设问,,796,"9. 2024东城一模Q20
【材料触发点】 全面取消制造业外资准入限制、放宽服务业市场准入，说明外循环通过国内大市场吸引全球要素并联动国内国际资源。
【设问】 结合材料，运用经济的相关知识，分析我国的上述措施如何通过构建新发展格局助力经济高质量发展。
【为什么能想到】 题面把“全面取消制造业外资准入限制”和“放宽服务业市场准入”两条措施并排，反映外循环正在通过国内大市场吸引全球要素。问外循环措施如何助力高质量发展，必须把准入开放解释为国内大循环吸引并联动全球资源要素的动作。先点明利用两个市场两种资源优化全球资源配置，再写我国逐步放宽市场准入、依托超大市场优势、以国内大循环吸引全球要素，进而接到增强国内国际两个市场两种资源联动效应、提升贸易投资合作质量和水平。
【答案落点】 我国逐步放宽市场准入，依托我国超大市场优势，以国内大循环吸引全球资源要素，增强国内国际两个市场两种资源联动效应，提升贸易投资合作质量和水平。
【同题组】 （按原题答题层次）
· 答题层次：本题8分，四点选三；两个完整点各3分，第三个点2分，按3+3+2组织。
· 每点内部：措施1分、路径1分、效果终点1分；如果路径"
Q0176,176,2072,2082,经济全球化,兼：国内国际两种资源两个市场,利用两个市场两种资源优化全球资源配置,2026朝阳期中Q17,2026朝阳期中Q17,为什么能想到;同题组;材料触发点;答案落点;设问,,804,"10. 2026朝阳期中Q17
【材料触发点】 题面一方面强调芯片、算法、大模型等核心环节自主可控，另一方面说明自主可控不是闭门造车，体现人工智能发展要在维护核心利益的同时开展开放合作。
【设问】 结合材料，运用《当代国际政治与经济》知识阐述我国应如何处理好推进“人工智能+”发展过程中的重要关系。
【为什么能想到】 题面讲自主可控不要求所有环节本国独立完成，开放是为引入外部技术与市场；这指向国内国际市场资源联动，即利用两个市场两种资源优化全球配置。
【答案落点】 坚持对外开放，参与经济全球化与国际分工，用好两个市场两种资源，发展开放型经济、优化资源配置。
【同题组】 （按原题答题层次）
· 答题层次：本题8分；一层3分，两层6分，三层8分。每层按“关系概括1分+两端展开各1分”组织。
· 处理好自力更生和对外开放的关系（3分）：先概括二者关系，再分别写自力更生一端和对外开放一端。自力更生可联系核心技术自主可控、把握创新主动权、创新驱动、技术研发和核心竞争力；对外开放可联系国际交流合作、参与经济全球化和国际分工、发展开放型经济、共商共建共享、两个市场两种资源、国内国际双循环。
· 处理好"
Q0177,177,2083,2093,经济全球化,兼：国内国际两种资源两个市场,利用两个市场两种资源优化全球资源配置,2024西城一模Q19(6),2024西城一模Q19,为什么能想到;同题组;材料触发点;答案落点;设问,,740,"11. 2024西城一模Q19(6)
【材料触发点】 题目同时追问未来产业的挑战，前沿科技竞争具有国家战略属性，答题要把技术、人才、资源竞争上升到综合国力较量和风险防范。
【设问】 结合材料，从经济角度分析我国未来产业发展的机遇和挑战，以及攻克“卡脖子”难题对经济开放发展的助推作用。
【为什么能想到】 图表显示未来产业六大领域优势突出、面向广阔国际市场，资源不止于国内；正因利用两个市场两种资源优化全球配置，产业才能""走出去""做技术合作。
【答案落点】 经济全球化带来两个市场两种资源，我国未来产业拥有广阔国际市场，可""走出去""开展技术交流合作、优化资源配置。
【同题组】 （按原题答题层次）
· 答题层次：本题10分，经济角度混合题，限缩到国际市场、国际竞争、国际规则与开放助推层。
· 机遇（2分）：我国未来产业有非常广阔的国际市场，为未来产业“走出去”提供了可能；可变通为经济全球化带来两个市场两种资源、技术交流合作等；只从国内大市场角度说且言之成理，可作为1分补充。
· 挑战（2分）：我国未来产业面临激烈的国际竞争，需要加强风险应对和防范；可变通为技术、人才和资源竞争、当代国际竞争实质、"
Q0178,178,2094,2105,经济全球化,兼：国内国际两种资源两个市场,利用两个市场两种资源优化全球资源配置,2024朝阳一模Q21,2024朝阳一模Q21,为什么能想到;同题组;材料触发点;答案落点;设问,,832,"12. 2024朝阳一模Q21
【材料触发点】 题目先要求分析“变局”中的经济形势，题目评价重点提示我国发展的外部环境日趋严峻、风险挑战增多，因此要先说明外部风险压力。
【设问】 结合上述资料，在分析我国当前经济形势的基础上，运用《当代国际政治与经济》知识，谈谈如何推动中国经济在变局中开新局。
【为什么能想到】 材料讲“超大规模市场”“以国内大循环吸引全球资源要素”，把国内国际资源一起调配；这种内外联动的配置思路，正是利用两个市场两种资源优化全球资源配置。
【答案落点】 依托超大规模市场优势，以国内大循环吸引全球资源要素，利用两个市场两种资源优化全球资源配置，推动经济开新局。
【同题组】 （按原题答题层次）
· 答题层次：本题9分，按4+5结构组织；先用4分概括我国当前经济形势，再用5分回答如何在变局中开新局。
· 分析我国当前经济形势（4分）：经济总量持续增长、经济增速保持稳健；我国经济进入以新发展理念引领的高质量发展阶段；外部环境日趋严峻、风险挑战增多；我国经济保持强大韧性和良好势头，在世界经济中的地位和贡献稳步提升。
· 开新局部分（5分）：必须从政治多极化、经济全球化两个维度结"
Q0179,179,2106,2115,经济全球化,兼：国内国际两种资源两个市场,利用两个市场两种资源优化全球资源配置,2025西城一模Q18,2025西城一模Q18,为什么能想到;同题组;材料触发点;答案落点;设问,,748,"13. 2025西城一模Q18
【材料触发点】 设问问地区如何利用国内外资源""开拓海外市场""""提升国际循环质量""。要回答从国内市场延伸到国际市场的对外开放结构，必须用""两个市场两种资源/国际国内双循环""把国内端、国际端接成一条循环——只讲产业内部升级不能回答""国际循环质量提升""。
【设问】 从“两条鱼循环”看增长新空间。产自中国的鳗鱼“游”向世界，挪威三文鱼“飞”来中国，增长新空间在不断拓展。结合材料，运用《经济与社会》所学，谈谈中国经济增长新空间是如何拓展的。
【为什么能想到】 题目问地区如何利用国内外资源“开拓海外市场”“提升国际循环质量”。材料同时出现国内产业基础、国际市场开拓和循环质量提升，说明答题要把国内端与国际端接成一条开放链条，而不是只写产业内部升级。放在“利用两个市场两种资源优化全球资源配置”下，落点就是联动国内国际两个市场、两种资源，畅通国内国际双循环，开拓海外市场、提升国际循环质量。
【答案落点】 联动国内国际两个市场两种资源，畅通国际国内双循环，与其他国家合作共赢，开拓海外市场、提升经济循环质量。
【同题组】 （按原题答题层次）
· 答题层次：本题7分，按产业优势"
Q0180,180,2116,2125,经济全球化,兼：国内国际两种资源两个市场,利用两个市场两种资源优化全球资源配置,2025海淀期中Q16(2),2025海淀期中Q16,为什么能想到;同题组;材料触发点;答案落点;设问,,671,"14. 2025海淀期中Q16(2)
【材料触发点】 中国咖啡企业“出海”面对海外消费差异、供应链压力、知识产权和贸易风险，单靠企业经营策略不足，还要从国际规则和治理参与角度改善外部环境。
【设问】 结合材料三，从经济角度，为中国咖啡企业“出海”提出建议。
【为什么能想到】 中国咖啡企业“出海”面对海外消费差异、供应链压力、知识产权和贸易风险，单靠企业经营策略不足，还要从国际规则和治理参与角度改善外部环境。 判断该用“利用两个市场两种资源优化全球资源配置”，看的是材料是否呈现国内国际市场和资源如何在同一开放链条中联动配置；本题正是这一关系。可得出：咖啡企业应充分利用国际国内两种资源、两个市场，打造稳定供应链，降低生产成本，优化全球资源配置。
【答案落点】 咖啡企业应充分利用国际国内两种资源、两个市场，打造稳定供应链，降低生产成本，优化全球资源配置。
【同题组】 （按原题答题层次）
· 答题层次：按答案链训练，不展示固定分值层次；围绕企业经营、政府支持与资源、贸易摩擦与规则三条建议链组织。
· 企业经营层：客观看待“出海”的机遇与挑战，制定正确经营战略；重视海外市场考察研究，在充分了解市"
Q0181,181,2126,2135,经济全球化,兼：国内国际两种资源两个市场,利用两个市场两种资源优化全球资源配置,"2024丰台一模Q20供应链如何成为""共赢链""",2024丰台一模Q20,为什么能想到;同题组;材料触发点;答案落点;设问,,652,"15. 2024丰台一模Q20供应链如何成为""共赢链""
【材料触发点】 材料列举中国高速铁路网、高速公路网和世界级港口群，这些不是单纯的基础设施罗列，而是为产品、服务和要素跨国流动提供物理通道，对应供应链资源配置效率的提升。
【设问】 结合材料，运用《当代国际政治与经济》知识，说明我国的实践是如何推动供应链成为国际合作“共赢链”的。
【为什么能想到】 高速铁路网、高速公路网和世界级港口群为跨国货物、服务、生产要素流动提供通道。供应链成为共赢链，靠的是国内外市场和资源被更顺畅地连接起来，提升全球配置效率。
【答案落点】 中国建立和完善高速铁路网、高速公路网和世界级港口群等基础设施，推动产品、服务和生产要素在全球的流动，提高全球供应链的资源配置效率。
【同题组】 （按原题得分方式）
· 答题层次：本题7分，按“知识+材料”的论述质量展开；只写纯知识或只描述材料，属于低档。
· 分档方式：围绕下列四个方面展开，任选三方面且论述到位可达6-7分，任选二方面为4-5分，任选一方面为2-3分；没有论述或论述严重偏差为0-1分。
· 答题提醒：即使写到三个方面，如果内容不贴切，或只是照搬材料、没有说"
Q0182,182,2138,2145,经济全球化,兼：国内国际两种资源两个市场,利用两个市场两种资源优化全球资源配置,"2024石景山一模Q19(2)新能源车企""扎下根""",2024石景山一模Q19,为什么能想到;同题组;材料触发点;答案落点;设问,,445,"16. 2024石景山一模Q19(2)新能源车企""扎下根""
【材料触发点】 企业在匈牙利建厂，既依托国内新能源汽车技术、产业链和产品优势，又利用匈牙利欧洲交通枢纽、工业基础等条件，体现国内国际资源和市场的联动。
【设问】 结合材料，运用《当代国际政治与经济》知识，分析中国新能源汽车企业从“走出去”到“扎下根”的原因。（8分）
【为什么能想到】 出海要提前建供应链、各地原材料成本却难降，这是要素在国内国际间重新摆布的难题，一国资源解不开，故须利用两个市场两种资源优化全球资源配置。
【答案落点】 中国新能源汽车企业把国内技术、产业链和产品优势同匈牙利欧洲交通枢纽、工业基础等条件结合起来，利用两个市场两种资源优化全球资源配置，降低生产贸易成本，夯实海外长期发展根基。
【同题组】 （同主题练习提醒）
· 本题适合作为同主题训练，不按固定得分层次展开。
· 可写方向：顺应经济全球化趋势，利用比较优势优化资源配置，降低生产贸易成本，打造国际竞争新优势，并通过技术交流与资源共享实现合作共赢。"
Q0183,183,2149,2158,经济全球化,兼：国内国际两种资源两个市场,内外联通畅通国内国际双循环，提升国际循环质量,2025西城一模Q18,2025西城一模Q18,为什么能想到;同题组;材料触发点;答案落点;设问,,725,"1. 2025西城一模Q18
【材料触发点】 设问问地区如何利用国内外资源""开拓海外市场""""提升国际循环质量""。要回答从国内市场延伸到国际市场的对外开放结构，必须用""两个市场两种资源/国际国内双循环""把国内端、国际端接成一条循环——只讲产业内部升级不能回答""国际循环质量提升""。
【设问】 从“两条鱼循环”看增长新空间。产自中国的鳗鱼“游”向世界，挪威三文鱼“飞”来中国，增长新空间在不断拓展。结合材料，运用《经济与社会》所学，谈谈中国经济增长新空间是如何拓展的。
【为什么能想到】 原卷用“川鳗游向世界、挪威三文鱼飞来中国”呈现双向流动，答题要求也明确写到便捷交通、高水平物流体系、内外联通和国际循环质量提升。这里的重点不是抽象说开放，而是说明交通物流把国内特色产业和国际市场连接起来，使国内国际双循环更顺畅。
【答案落点】 地区利用特色资源优势打造特色产业链，借助便捷交通和高水平物流体系内外联通，畅通国际国内双循环，与其他国家合作共赢，使经济发展的内生动力与国际循环质量不断提升。
【同题组】 （按原题答题层次）
· 答题层次：本题7分，按产业优势/内生动力、物质条件、市场三层组织
· 第一层"
Q0184,184,2159,2169,经济全球化,兼：国内国际两种资源两个市场,内外联通畅通国内国际双循环，提升国际循环质量,"2026房山一模Q19海南""一线放开""自由便利",2026房山一模Q19,为什么能想到;同题组;材料触发点;答案落点;设问,,723,"2. 2026房山一模Q19海南""一线放开""自由便利
【材料触发点】 题目分析海南自贸港封关如何助力国际循环，题干中""一线放开""对应进出岛跨境自由便利措施，需要从消费角度把降低通关成本、提高通关效率、推动货物和服务贸易升级写出来，对接贸易投资自由化便利化与要素自由流动。
【设问】 结合材料，运用《当代国际政治与经济》知识，分析海南自贸港封关是如何助力国际循环的。
【为什么能想到】 房山一模材料把“一线放开”“二线管住”“岛内自由”和封关满月效果连在一起，重点是货物、企业、市场和要素流动效率提升。由零关税、通关项目压缩、加工增值进入内地市场等事实，可推出国内国际两个市场两种资源联动，进而助力国际循环。
【答案落点】 海南自贸港通过“一线放开”、零关税和监管便利，以国内大循环吸引全球资源要素，增强国内国际两个市场两种资源联动，畅通国内国际双循环，助力国际循环。
【同题组】 （按原题答题层次）
· 答题层次：本题8分，按消费/市场、生产/产业、投资/营商、中国方案四层组织；前三类开放链条合计按材料表现取分，不要超过6分，中国方案层另按2分处理。
· 消费/市场层（2分）：发挥超大规模市场优势"
Q0185,185,2170,2179,经济全球化,兼：国内国际两种资源两个市场,内外联通畅通国内国际双循环，提升国际循环质量,2025丰台一模Q20北京“两区”通关创新,2025丰台一模Q20,为什么能想到;同题组;材料触发点;答案落点;设问,,855,"3. 2025丰台一模Q20北京“两区”通关创新
【材料触发点】 题目要“两区”举措如何助力开放型经济迈上新台阶，题干中""分钟通关""等通关创新直接缩短跨境流程，需要把这些通关创新翻译为交易成本下降、通关效率提升、货物贸易规模扩大的便利化链，对应贸易投资自由化便利化机制。
【设问】 结合材料，运用《经济与社会》《当代国际政治与经济》知识，说明北京“两区”建设的举措是如何助力开放型经济迈上新台阶的。
【为什么能想到】 材料中的“分钟通关”、外商投资条例、全球服务伙伴计划和数据出境负面清单，集中体现营商环境优化、通关效率提升和贸易投资便利化。双循环可作为开放型经济提升的概括性补充，但本条重点是开放制度和便利化措施如何服务国内国际联通。
【答案落点】 “两区”建设推动国内国际两个市场两种资源联动，畅通国内国际双循环，助力构建新发展格局、提升开放型经济水平。
【同题组】 （按原题答题层次）
· 答题层次：本题8分，混合模块题，限缩到便利贸易投资4分与助力科技创新4分
· 便利贸易投资角度（4分）：便利投资2分，写出台《北京市外商投资条例》、推出“北京市全球服务伙伴计划”等，营造良好营商环境/为外"
Q0186,186,2180,2190,经济全球化,兼：国内国际两种资源两个市场,内外联通畅通国内国际双循环，提升国际循环质量,2026门头沟一模Q20——海南自贸港全岛封关的国内国际意义,2026门头沟一模Q20,为什么能想到;同题组;材料触发点;答案落点;设问,,676,"4. 2026门头沟一模Q20——海南自贸港全岛封关的国内国际意义
【材料触发点】 题面列举零关税税目扩大、口岸管理优化、压缩""二线""出岛申报项目等具体机制；题目指向分析国内意义，封关机制直接降低企业贸易成本。
【设问】 结合材料，运用《当代国际政治与经济》知识，分析海南自贸港全岛封关为何能为中国经济发展注入新动能、为世界经济开放发展注入新活力。
【为什么能想到】 材料强调封关后以国内大市场吸引全球资源要素进岛，把国内端和国际端接成一条循环，恰好落到“内外联通畅通国内国际双循环，提升国际循环质量”。
【答案落点】 封关运作扩大零关税范围、提升货物贸易开放度、压缩通关申报项目，增强国内国际双循环联动，培育开放型经济新优势，为中国经济和世界经济开放发展注入新动能。
【同题组】 （按原题答题层次）
· 本题7分，按“原因2分—中国意义2分—世界意义2分—逻辑1分”写。
· 原因：用对外开放基本国策、互利共赢战略、经济全球化、高水平对外开放等术语，说明海南自贸港封关的必要性。
· 对中国：从扩大“零关税”商品范围、降低企业成本、促进贸易自由化便利化；吸引产业集聚、推动产业链升级、催生新质生产力"
Q0187,187,2191,2201,经济全球化,兼：国内国际两种资源两个市场,内外联通畅通国内国际双循环，提升国际循环质量,2026朝阳期中Q17,2026朝阳期中Q17,为什么能想到;同题组;材料触发点;答案落点;设问,,800,"5. 2026朝阳期中Q17
【材料触发点】 题面一方面强调芯片、算法、大模型等核心环节自主可控，另一方面说明自主可控不是闭门造车，体现人工智能发展要在维护核心利益的同时开展开放合作。
【设问】 结合材料，运用《当代国际政治与经济》知识阐述我国应如何处理好推进“人工智能+”发展过程中的重要关系。
【为什么能想到】 甲同学主张在自主可控基点上开放合作，开放与自立并非二选一；这正是在自力更生基点上扩大开放、内外联通畅通双循环，并借此提升国际循环质量。
【答案落点】 在自力更生基点上扩大开放，推动国内国际资源联动、畅通国内国际双循环，提升开放合作水平。
【同题组】 （按原题答题层次）
· 答题层次：本题8分；一层3分，两层6分，三层8分。每层按“关系概括1分+两端展开各1分”组织。
· 处理好自力更生和对外开放的关系（3分）：先概括二者关系，再分别写自力更生一端和对外开放一端。自力更生可联系核心技术自主可控、把握创新主动权、创新驱动、技术研发和核心竞争力；对外开放可联系国际交流合作、参与经济全球化和国际分工、发展开放型经济、共商共建共享、两个市场两种资源、国内国际双循环。
· 处理好发展和安"
Q0188,188,2202,2211,经济全球化,兼：国内国际两种资源两个市场,内外联通畅通国内国际双循环，提升国际循环质量,2024海淀一模Q18(1),2024海淀一模Q18,为什么能想到;同题组;材料触发点;答案落点;设问,,504,"6. 2024海淀一模Q18(1)
【材料触发点】 免签、互免签证、简化签证手续和口岸签证便利化直接降低中外人员商贸往来成本，题目追问对开放的积极影响时，应先转化为贸易投资便利化和自由化。
【设问】 结合材料，运用《当代国际政治与经济》知识，预测上述举措对服务高水平对外开放的积极影响。（6分）
【为什么能想到】 便利外籍人员来华意味着更好引入境外资源、对接国内市场，让两种资源两个市场联动，恰好对应“内外联通畅通国内国际双循环，提升国际循环质量”。
【答案落点】 充分利用国内国际两种资源、两个市场，促进内外联通、畅通国内国际双循环，服务高水平对外开放。
【同题组】 （按原题答题层次）
· 答题层次：本题6分，按三项答题要求组织
· ①促进贸易投资便利化、自由化（2分；替代：促进贸易往来；促进对外合作交流/便利国内外交流/便利人员往来/降低活动成本可给1分，不重复给分）
· ②吸引全球资源要素自由流动（1分）；充分利用国内国际两种资源、两个市场（2分；替代：开放、包容、普惠、共赢/互利共赢/国内国际双循环）
· ③推进高水平对外开放/发展更高水平开放型经济（1分；替代：更大范围、更宽领域对"
Q0189,189,2212,2223,经济全球化,兼：国内国际两种资源两个市场,内外联通畅通国内国际双循环，提升国际循环质量,2024朝阳一模Q21,2024朝阳一模Q21,为什么能想到;同题组;材料触发点;答案落点;设问,,825,"7. 2024朝阳一模Q21
【材料触发点】 题目先要求分析“变局”中的经济形势，题目评价重点提示我国发展的外部环境日趋严峻、风险挑战增多，因此要先说明外部风险压力。
【设问】 结合上述资料，在分析我国当前经济形势的基础上，运用《当代国际政治与经济》知识，谈谈如何推动中国经济在变局中开新局。
【为什么能想到】 变局中既要稳国内、又要保国际畅通，材料落到“双循环相互促进”；要把这层内外贯通讲透，正对应内外联通畅通国内国际双循环，提升国际循环质量这一核心点。
【答案落点】 构建以国内大循环为主体、国内国际双循环相互促进的新发展格局，提升国际循环质量，在变局中开新局。
【同题组】 （按原题答题层次）
· 答题层次：本题9分，按4+5结构组织；先用4分概括我国当前经济形势，再用5分回答如何在变局中开新局。
· 分析我国当前经济形势（4分）：经济总量持续增长、经济增速保持稳健；我国经济进入以新发展理念引领的高质量发展阶段；外部环境日趋严峻、风险挑战增多；我国经济保持强大韧性和良好势头，在世界经济中的地位和贡献稳步提升。
· 开新局部分（5分）：必须从政治多极化、经济全球化两个维度结合材料展开。两"
Q0190,190,2226,2239,经济全球化,兼：国内国际两种资源两个市场,中国市场红利与全球经济包容性增长,2025门头沟一模Q19,2025门头沟一模Q19,为什么能想到;同题组;材料触发点;答案落点;设问,,930,"1. 2025门头沟一模Q19
【材料触发点】 题目分析中国做“赋能型大国”的世界意义，题面写庞大消费群体和升级需求让“中国市场”成为“世界市场”，零关税待遇和优化营商环境使其他国家共享中国市场机遇。
【设问】 结合材料，运用《当代国际政治与经济》的相关知识，分析中国做“赋能型大国”的世界意义？
【为什么能想到】 题目分析中国做“赋能型大国”的世界意义，题面写庞大消费群体和升级需求让“中国市场”成为“世界市场”，零关税待遇和优化营商环境使其他国家共享中国市场机遇。材料强调中国市场不是封闭的国内市场，而是带动国际需求、资源和机会联动的平台，这说明中国市场红利能够推动全球经济包容性增长。
【答案落点】 中国为世界提供广大而充满创新活力的市场，向世界释放超大规模市场红利，让更多国家共享中国发展机遇，推动全球经济包容性增长。
【同题组】 （按原题答题层次）
· 答题层次：本题8分，答出四条并有具体说明即可满分；每条2分，通常按“观点1分+说明1分”组织。
· 世界经济意义（2分）：中国提供广阔而充满创新活力的市场、释放超大规模市场红利；与各国共享发展机遇，推动全球化向互利共赢方向发展。可替换为"
Q0191,191,2244,2254,经济全球化,兼：国内国际两种资源两个市场,中国市场红利推动互利共赢,2025海淀一模Q21(2),2025海淀一模Q21,为什么能想到;同题组;材料触发点;答案落点;设问,,788,"1. 2025海淀一模Q21(2)
【材料触发点】 题面强调我国市场潜力不只在于人口规模，还在于消费增长和需求层次丰富，说明中国市场本身为全球贸易提供需求牵引和合作空间。
【设问】 结合材料，运用《当代国际政治与经济》知识，说明我国外贸为何能连上两个万亿级台阶。（6分）
【为什么能想到】 题面强调我国市场潜力不只在于人口规模，还包括消费增长、需求层次丰富——市场本身就是为全球贸易提供需求牵引的合作空间。问""外贸为何能连上台阶""——本条要从""我国市场对世界的吸引""切入，把""我国市场""翻为""世界市场""的逻辑写出。把消费增长和需求层次丰富归结为超大规模市场优势，再写为世界各国提供广阔市场，最终指向促进国际合作和互利共赢、支撑外贸增长。
【答案落点】 我国依托超大规模市场优势，为世界各国提供更加广阔的市场，促进国际合作、实现互利共赢，为外贸增长注入持续动力。
【同题组】 （按原题答题层次）
· 答题层次：本题6分，围绕我国外贸连上两个万亿级台阶的原因，按绿色/数字贸易、开放平台与综合保税区、市场潜力三层组织，每层最高2分。
· 绿色贸易、数字贸易（2分）：发展绿色贸易、数字贸易1分；推动货物贸"
Q0192,192,2259,2268,经济全球化,兼：国内国际两种资源两个市场,促进国内国际双循环，让世界共享中国发展机遇,2026东城二模Q20(3),2026东城二模Q20,为什么能想到;同题组;材料触发点;答案落点;设问,,741,"1. 2026东城二模Q20(3)
【材料触发点】 中国消费市场与外商投资相互促进，使中国市场和世界市场形成更顺畅互动。
【设问】 结合材料三，运用《当代国际政治与经济》知识，分析购在中国与投资中国如何协同发力，释放我国独特的开放红利。
【为什么能想到】 消费市场与外商投资互为前提、互相放大——中国市场与世界市场不再分隔，而是在购销与投资两端形成顺畅互动。问""释放独特开放红利""，红利体现在国内市场与国际市场之间循环更顺畅，必须把双循环的结构性优势说出来。先把购在中国与投资中国互相促进作为双循环的现实表现点出；再写它促进国内国际两个循环顺畅互动；进而接到推动高水平对外开放，让世界共享中国发展机遇。
【答案落点】 购在中国和投资中国协同发力，促进国内国际双循环，推动高水平对外开放，让世界共享中国发展机遇。
【同题组】 （按原题答题层次）
· 答题层次：本题7分，按“购在中国”吸引“投资中国”3分、“投资中国”推动“购在中国”3分、二者协同影响1分组织。
· 第一层：“购在中国”吸引“投资中国”（3分）：激活入境消费需求、扩大入境消费规模或提升入境消费吸引力1分；发挥我国超大规模市场优势1分"
Q0193,193,2273,2282,经济全球化,兼：国内国际两种资源两个市场,发挥我国超大规模市场优势,2026东城二模Q20(3),2026东城二模Q20,为什么能想到;同题组;材料触发点;答案落点;设问,,734,"1. 2026东城二模Q20(3)
【材料触发点】 入境消费扩大和中国市场需求增强，为外资判断投资中国提供市场条件。
【设问】 结合材料三，运用《当代国际政治与经济》知识，分析购在中国与投资中国如何协同发力，释放我国独特的开放红利。
【为什么能想到】 入境消费数据与中国市场需求一起被材料端出——外资判断要不要""投资中国""，前置条件是有没有""购在中国""的市场土壤。问购在中国与投资中国如何""协同发力""，落点是消费侧如何为投资侧提供条件，答案不能只罗列消费数据。先点出中国超大规模市场优势是协同发力的基础；再写入境消费扩大与市场需求提升把市场吸引力放大；进而接到为外商投资中国提供广阔空间。
【答案落点】 中国发挥超大规模市场优势，通过扩大入境消费和市场需求提升吸引力，为外商投资中国提供广阔空间。
【同题组】 （按原题答题层次）
· 答题层次：本题7分，按“购在中国”吸引“投资中国”3分、“投资中国”推动“购在中国”3分、二者协同影响1分组织。
· 第一层：“购在中国”吸引“投资中国”（3分）：激活入境消费需求、扩大入境消费规模或提升入境消费吸引力1分；发挥我国超大规模市场优势1分；消费牵引投资"
Q0194,194,2287,2296,经济全球化,兼：国内国际两种资源两个市场,推动全球要素向中国市场集聚,2026东城二模Q20(3),2026东城二模Q20,为什么能想到;同题组;材料触发点;答案落点;设问,,750,"1. 2026东城二模Q20(3)
【材料触发点】 入境消费需求扩张与外商投资意愿相互连接，体现消费牵引投资和全球生产要素流动。
【设问】 结合材料三，运用《当代国际政治与经济》知识，分析购在中国与投资中国如何协同发力，释放我国独特的开放红利。
【为什么能想到】 材料把入境消费扩张和外商投资意愿绑成一条因果链——需求端的扩张直接牵引外资判断，背后是全球生产要素的跨境流动。问协同发力如何""释放独特开放红利""，独特性体现在消费侧能驱动全球资本和技术向中国汇集，而不是中国被动等外资。先把消费需求扩张牵引外商投资预期作为协同发力的具体机制点出；再写它对外商投资形成吸引力；进而接到推动全球资本、技术等要素向中国市场集聚。
【答案落点】 购在中国扩大消费需求并牵引投资预期，能够吸引外商投资，推动全球资本、技术等要素向中国市场集聚。
【同题组】 （按原题答题层次）
· 答题层次：本题7分，按“购在中国”吸引“投资中国”3分、“投资中国”推动“购在中国”3分、二者协同影响1分组织。
· 第一层：“购在中国”吸引“投资中国”（3分）：激活入境消费需求、扩大入境消费规模或提升入境消费吸引力1分；发挥我国超"
Q0195,195,2304,2316,经济全球化,国际分工、企业出海与国际竞争新优势,加强技术创新、提高产品质量，增强竞争力,2025西城期末Q20(2),2025西城期末Q20,为什么能想到;同题组;材料触发点;答案落点;设问,,778,"1. 2025西城期末Q20(2)
【材料触发点】 读图显示中国电动载人汽车出口竞争力提升，但面对欧盟反补贴税形成的外部贸易壁垒，企业需要通过技术和质量优势增强国际竞争力。
【设问】 欧盟是中国整车出口的第一大市场，也是中国电动汽车出口的主要目的地。2024年10月，欧盟决定对从中国进口的纯电动汽车征收为期五年的高额反补贴税。中国汽车企业该如何应对？（6分）
【为什么能想到】 读图显示中国电动载人汽车出口竞争力提升，但面对反补贴税这种外部贸易壁垒，单靠规则维权不够，必须有产品本身的过硬支撑。问""企业该如何应对""——本条要切入""产品和质量""维度，把企业内功增强作为应对外部壁垒的基础。把出口竞争力数据作为继续加强技术创新和提高产品质量的依据，再写增强国际竞争力，最后指向以产品优势应对反补贴税等贸易壁垒。
【答案落点】 中国汽车企业应加强技术创新、提高产品质量，增强国际竞争力，以更强产品优势应对欧盟反补贴税等外部贸易壁垒。
【同题组】 （按原题答题层次）
· 答题层次：本小题6分，答出3条并有具体说明即可满分；每条2分，观点1分、阐述1分。
· 利用规则维权：充分运用国际规则，利用国际组织赋"
Q0196,196,2317,2327,经济全球化,国际分工、企业出海与国际竞争新优势,加强技术创新、提高产品质量，增强竞争力,"2026房山一模Q19海南""一线放开""自由便利",2026房山一模Q19,为什么能想到;同题组;材料触发点;答案落点;设问,,674,"2. 2026房山一模Q19海南""一线放开""自由便利
【材料触发点】 题目分析海南自贸港封关如何助力国际循环，题干中""一线放开""对应进出岛跨境自由便利措施，需要从消费角度把降低通关成本、提高通关效率、推动货物和服务贸易升级写出来，对接贸易投资自由化便利化与要素自由流动。
【设问】 结合材料，运用《当代国际政治与经济》知识，分析海南自贸港封关是如何助力国际循环的。
【为什么能想到】 材料里一台41万元的3D打印机省税约6万，企业把省下的钱投入核心技术攻坚，关税红利转成研发，正是“加强技术创新、提高产品质量，增强竞争力”。
【答案落点】 海南自贸港封关使企业节约关税投入核心技术攻坚，加强技术创新、提升企业竞争力，推动产业升级，使中国市场成为全球产业链供应链稳定器。
【同题组】 （按原题答题层次）
· 答题层次：本题8分，按消费/市场、生产/产业、投资/营商、中国方案四层组织；前三类开放链条合计按材料表现取分，不要超过6分，中国方案层另按2分处理。
· 消费/市场层（2分）：发挥超大规模市场优势；降低成本、提高效率，促进货物和服务贸易升级、要素自由流动、资源优化配置、贸易投资自由化便利化。
"
Q0197,197,2328,2338,经济全球化,国际分工、企业出海与国际竞争新优势,加强技术创新、提高产品质量，增强竞争力,2026朝阳期中Q17,2026朝阳期中Q17,为什么能想到;同题组;材料触发点;答案落点;设问,,814,"3. 2026朝阳期中Q17
【材料触发点】 题面一方面强调芯片、算法、大模型等核心环节自主可控，另一方面说明自主可控不是闭门造车，体现人工智能发展要在维护核心利益的同时开展开放合作。
【设问】 结合材料，运用《当代国际政治与经济》知识阐述我国应如何处理好推进“人工智能+”发展过程中的重要关系。
【为什么能想到】 甲同学反复强调芯片、算法、大模型等核心环节要自主可控、把握创新主动权；这些信息说明人工智能发展不能只依赖外部技术输入，而要通过技术创新和质量提升形成核心竞争力。
【答案落点】 坚持自力更生，核心技术自主可控、加强技术研发与创新驱动，把握创新主动权，增强核心竞争力。
【同题组】 （按原题答题层次）
· 答题层次：本题8分；一层3分，两层6分，三层8分。每层按“关系概括1分+两端展开各1分”组织。
· 处理好自力更生和对外开放的关系（3分）：先概括二者关系，再分别写自力更生一端和对外开放一端。自力更生可联系核心技术自主可控、把握创新主动权、创新驱动、技术研发和核心竞争力；对外开放可联系国际交流合作、参与经济全球化和国际分工、发展开放型经济、共商共建共享、两个市场两种资源、国内国际"
Q0198,198,2339,2349,经济全球化,国际分工、企业出海与国际竞争新优势,加强技术创新、提高产品质量，增强竞争力,2024西城一模Q19(6),2024西城一模Q19,为什么能想到;同题组;材料触发点;答案落点;设问,,769,"4. 2024西城一模Q19(6)
【材料触发点】 题目同时追问未来产业的挑战，前沿科技竞争具有国家战略属性，答题要把技术、人才、资源竞争上升到综合国力较量和风险防范。
【设问】 结合材料，从经济角度分析我国未来产业发展的机遇和挑战，以及攻克“卡脖子”难题对经济开放发展的助推作用。
【为什么能想到】 题目同时追问未来产业的挑战，前沿科技竞争具有国家战略属性，不能只写市场空间，还要说明技术、人才和资源竞争背后的综合国力较量。攻克“卡脖子”难题能够提升产品质量和技术含量，使我国在国际竞争中掌握更主动的位置。
【答案落点】 我国攻克""卡脖子""难题，能调整对外贸易产品结构、生产附加值高的产品，增强产品和服务的国际竞争力。
【同题组】 （按原题答题层次）
· 答题层次：本题10分，经济角度混合题，限缩到国际市场、国际竞争、国际规则与开放助推层。
· 机遇（2分）：我国未来产业有非常广阔的国际市场，为未来产业“走出去”提供了可能；可变通为经济全球化带来两个市场两种资源、技术交流合作等；只从国内大市场角度说且言之成理，可作为1分补充。
· 挑战（2分）：我国未来产业面临激烈的国际竞争，需要加强风险应"
Q0199,199,2350,2359,经济全球化,国际分工、企业出海与国际竞争新优势,加强技术创新、提高产品质量，增强竞争力,2025西城一模Q18,2025西城一模Q18,为什么能想到;同题组;材料触发点;答案落点;设问,,644,"5. 2025西城一模Q18
【材料触发点】 设问问地区如何利用国内外资源""开拓海外市场""""提升国际循环质量""。要回答从国内市场延伸到国际市场的对外开放结构，必须用""两个市场两种资源/国际国内双循环""把国内端、国际端接成一条循环——只讲产业内部升级不能回答""国际循环质量提升""。
【设问】 从“两条鱼循环”看增长新空间。产自中国的鳗鱼“游”向世界，挪威三文鱼“飞”来中国，增长新空间在不断拓展。结合材料，运用《经济与社会》所学，谈谈中国经济增长新空间是如何拓展的。
【为什么能想到】 材料讲川鳗经32道工序、从天然捕捞转向养殖近地加工成全球最大出口国，靠工艺品质打出竞争力，正是“加强技术创新、提高产品质量，增强竞争力”。
【答案落点】 特色产业链利用本地资源优势，注重技术创新与质量品质，不断提高竞争力，成功开拓海外市场。
【同题组】 （按原题答题层次）
· 答题层次：本题7分，按产业优势/内生动力、物质条件、市场三层组织
· 第一层：产业优势/内生动力（3分）：生态优势转换为发展优势/生态效益与经济效益相统一/绿色环保/实现生态价值；特色资源禀赋/比较优势/特色产业/技术创新/质量品质；竞争"
Q0200,200,2360,2368,经济全球化,国际分工、企业出海与国际竞争新优势,加强技术创新、提高产品质量，增强竞争力,2026海淀一模Q20中国标准走出国门撬动两个市场两种资源,2026海淀一模Q20,为什么能想到;同题组;材料触发点;答案落点;设问,,469,"6. 2026海淀一模Q20中国标准走出国门撬动两个市场两种资源
【材料触发点】 题面强调国际标准是全球产业界的""通用语言""，列出中国向ISO、IEC提交大量提案、在低碳能源和人工智能等领域牵头制定国际标准；标准走出国门把国内技术、产品、规则与国际市场、规则双向打通，设问问""意义""，必须从中国如何借标准联通调动跨境市场和资源切入。
【设问】 结合材料，运用《当代国际政治与经济》知识，谈谈中国标准走出国门的意义。
【为什么能想到】 牵头发布二百八十五项ISO、IEC标准，靠的是低碳能源、人工智能领域的硬实力；标准能出去本质是实力出去，故落到“加强技术创新、增强竞争力”。
【答案落点】 中国标准走出国门，增强我国产品、服务乃至产业链在全球的竞争力，促进标准共通、技术共享与全球技术创新。
【同题组】 （同主题练习提醒）
· 本题适合作为同主题训练，不按固定得分层次展开。
· 可写方向：围绕制度型开放、两个市场两种资源、国际标准贡献、全球治理规则制定等组织。
· 易错提醒：写中国标准走出国门时，要同时说明国内开放基础和国际治理意义。"
Q0201,201,2369,2378,经济全球化,国际分工、企业出海与国际竞争新优势,加强技术创新、提高产品质量，增强竞争力,2025海淀期中Q16(2),2025海淀期中Q16,为什么能想到;同题组;材料触发点;答案落点;设问,,551,"7. 2025海淀期中Q16(2)
【材料触发点】 中国咖啡企业“出海”面对海外消费差异、供应链压力、知识产权和贸易风险，单靠企业经营策略不足，还要从国际规则和治理参与角度改善外部环境。
【设问】 结合材料三，从经济角度，为中国咖啡企业“出海”提出建议。
【为什么能想到】 出海招牌是性价比与产品创新，可海外咖啡文化成熟、口味习惯有别，低价难站稳，得研究市场练硬本事，指向加强技术创新、提高产品质量、增强竞争力。
【答案落点】 咖啡企业应重视海外市场考察研究，提高自主创新能力，形成自己的竞争优势，增强""出海""竞争力。
【同题组】 （按原题答题层次）
· 答题层次：按答案链训练，不展示固定分值层次；围绕企业经营、政府支持与资源、贸易摩擦与规则三条建议链组织。
· 企业经营层：客观看待“出海”的机遇与挑战，制定正确经营战略；重视海外市场考察研究，在充分了解市场信息基础上提高自主创新能力、形成竞争优势。
· 政府支持与资源层：通过税收优惠等政策鼓励、支持企业积极参与经济全球化，充分利用国际国内两种资源、两个市场，打造稳定供应链、降低生产成本。
· 贸易摩擦与规则层：面对国际贸易摩擦，政府和企业共"
Q0202,202,2380,2392,经济全球化,国际分工、企业出海与国际竞争新优势,实施出口市场多元化战略，减少对单一市场的依赖,2025西城期末Q20(2),2025西城期末Q20,为什么能想到;同题组;材料触发点;答案落点;设问,,787,"1. 2025西城期末Q20(2)
【材料触发点】 欧盟是中国整车出口第一大市场和电动汽车主要目的地，外部冲击集中在单一市场依赖风险上，答题需要说明出口市场多元化。
【设问】 欧盟是中国整车出口的第一大市场，也是中国电动汽车出口的主要目的地。2024年10月，欧盟决定对从中国进口的纯电动汽车征收为期五年的高额反补贴税。中国汽车企业该如何应对？（6分）
【为什么能想到】 题面写欧盟是中国整车出口""第一大市场""和电动汽车""主要目的地""——风险集中在单一市场依赖上，反补贴税是单一市场风险暴露的具体表现。问""企业该如何应对""——本条要切入""市场结构""维度，把化解风险的路径放在分散依赖上，而非规则或产品本身。把欧盟单一市场依赖作为风险来源点出，再写实施出口市场多元化、开拓海外市场和深耕国内需求，最后指向分散贸易摩擦风险。
【答案落点】 中国汽车企业应实施出口市场多元化战略，开拓更多海外市场并深耕国内需求，减少对单一市场的依赖，分散贸易摩擦风险。
【同题组】 （按原题答题层次）
· 答题层次：本小题6分，答出3条并有具体说明即可满分；每条2分，观点1分、阐述1分。
· 利用规则维权：充分运用国际规"
Q0203,203,2395,2402,经济全球化,国际分工、企业出海与国际竞争新优势,发挥比较优势并打造国际竞争新优势,2024石景山一模Q19(2),2024石景山一模Q19,为什么能想到;同题组;材料触发点;答案落点;设问,,531,"1. 2024石景山一模Q19(2)
【材料触发点】 设问问企业从出口到海外建厂的原因，匈牙利交通枢纽和工业基础不是单纯背景，而是企业利用当地比较优势、降低成本并形成国际竞争新优势的依据。
【设问】 结合材料，运用《当代国际政治与经济》知识，分析中国新能源汽车企业从“走出去”到“扎下根”的原因。（8分）
【为什么能想到】 材料从""出口""升级到""海外建厂""，并写明匈牙利""交通枢纽""""工业基础""——这不是国别背景介绍，而是企业选址的比较优势依据。要分析""从走出去到扎下根""的原因，重点在""扎下根""——必须解释为何海外建厂比出口更有竞争力，而不是泛泛谈企业国际化。先把匈牙利交通枢纽和工业基础作为东道国比较优势点出，再用利用比较优势、优化资源配置、降低成本接续，最终指向打造国际竞争新优势。
【答案落点】 中国新能源汽车企业利用匈牙利交通枢纽和工业基础等比较优势，优化资源配置、降低生产贸易成本，从而在海外生产和服务网络中打造国际竞争新优势。
【同题组】 （同主题练习提醒）
· 本题适合作为同主题训练，不按固定得分层次展开。
· 可写方向：顺应经济全球化趋势，利用比较优势优化资源配置，降低生产贸易成"
Q0204,204,2405,2415,经济全球化,国际分工、企业出海与国际竞争新优势,发挥比较优势并打造国际竞争新优势,2026西城一模Q20(2),2026西城一模Q20,为什么能想到;同题组;材料触发点;答案落点;设问,,711,"2. 2026西城一模Q20(2)
【材料触发点】 题目要求说明自贸区3.0版的动力来源。区域成员产业、市场和发展阶段存在差异，自贸区升级有利于把差异转化为国际分工和优势互补。
【设问】 结合材料，运用《当代国际政治与经济》知识，分析中国—东盟自贸区3.0版是如何为区域发展和世界经济注入强劲动力的。
【为什么能想到】 这里不能说原卷明确写了“中国制造+东盟资源”。可由“区域发展”和“世界经济动力”推到国际分工逻辑：自贸区升级让不同成员的产业、市场和服务优势更容易对接，比较优势被释放，区域产业链供应链活力增强。
【答案落点】 中国—东盟自贸区3.0版促进成员在产业、市场和服务等方面优势互补，推动各方发挥比较优势、深化国际分工，增强区域产业链供应链活力。
【同题组】 （按原题答题层次）
· 答题层次：本题8分，按标准规则2分、产业链供应链3分、综合意义2分、联系材料1分组织。
· 标准规则（2分）：降低制度性交易成本/提高贸易效率（1分）；促进贸易投资便利化自由化、优化营商环境、破除贸易壁垒（1分）。
· 产业链供应链（3分）：维护经济安全、统筹安全与发展、形成多元稳定经贸关系（1分）；发"
Q0205,205,2420,2429,经济全球化,全球经济治理与规则权益,参与全球经济治理和规则制定，为企业出海营造国际环境,2025海淀期中Q16(2),2025海淀期中Q16,为什么能想到;同题组;材料触发点;答案落点;设问,,667,"1. 2025海淀期中Q16(2)
【材料触发点】 中国咖啡企业“出海”面对海外消费差异、供应链压力、知识产权和贸易风险，单靠企业经营策略不足，还要从国际规则和治理参与角度改善外部环境。
【设问】 结合材料三，从经济角度，为中国咖啡企业“出海”提出建议。
【为什么能想到】 题面给出海外消费差异、供应链压力、知识产权和贸易风险四类外部障碍，指向单靠企业自身经营策略不足以解决出海的全部难题。问“建议”，必须给出从企业经营之外能改善外部环境的层面，否则建议会只停在产品和市场。先把视角抬到国际规则与治理参与，再写企业和政府可利用国际组织赋予的权利、积极参与全球经济治理和规则制定，进而接到为中国咖啡企业出海营造良好的国际环境。
【答案落点】 企业和政府可利用国际组织赋予的权利，积极参与全球经济治理和规则制定，为中国咖啡企业“出海”营造良好的国际环境。
【同题组】 （按原题答题层次）
· 答题层次：按答案链训练，不展示固定分值层次；围绕企业经营、政府支持与资源、贸易摩擦与规则三条建议链组织。
· 企业经营层：客观看待“出海”的机遇与挑战，制定正确经营战略；重视海外市场考察研究，在充分了解市场信息基"
Q0206,206,2431,2440,经济全球化,全球经济治理与规则权益,积极参与全球经济治理和经贸规则完善,2026东城一模Q19(3),2026东城一模Q19,为什么能想到;同题组;材料触发点;答案落点;设问,,793,"1. 2026东城一模Q19(3)
【材料触发点】 北京未来产业题出现国际平台、跨境标准对接和高标准开放，要求说明高水平对外开放如何支撑产业链韧性。
【设问】 结合材料二，运用《当代国际政治与经济》知识，分析在推动未来产业中，北京是如何统筹高水平对外开放与提升产业链韧性之间关系的。（8分）
【为什么能想到】 材料把世界级产业大会、国际科创枢纽联络处、跨境标准对接等开放安排同产业链韧性并列，指向开放不是单纯招商，而是制度规则层面的支撑。问“统筹高水平对外开放与提升产业链韧性”，需要说明开放如何反过来增强产业链的规则适配能力和外部合作能力。先说明积极参与全球经济治理和经贸规则完善，再接制度型开放和规则对接，最后指向为未来产业链韧性提供稳定可预期的制度环境。
【答案落点】 北京通过国际科创交流、跨境标准对接和制度型开放，积极参与全球经济治理和经贸规则完善，为未来产业链韧性提升营造稳定可预期的规则环境。
【同题组】 （按原题答题层次）
· 答题层次：本题8分，按开放促进韧性4分、韧性支撑开放3分、开放与安全协同1分组织
· 开放促进韧性（4分）：高水平对外开放举措3分，写出任2点得3分，如坚持"
Q0207,207,2441,2451,经济全球化,全球经济治理与规则权益,积极参与全球经济治理和经贸规则完善,2024西城一模Q19(6),2024西城一模Q19,为什么能想到;同题组;材料触发点;答案落点;设问,,838,"2. 2024西城一模Q19(6)
【材料触发点】 “卡脖子”突破题要求说明关键核心技术突破对经济开放发展的助推作用。技术突破不只意味着科技安全，也会增强我国在国际产业链、技术标准和经贸规则中的主动性。
【设问】 结合材料，从经济角度分析我国未来产业发展的机遇和挑战，以及攻克“卡脖子”难题对经济开放发展的助推作用。
【为什么能想到】 题面围绕未来产业发展和攻克“卡脖子”难题，追问其对经济开放发展的助推作用，说明答案不能只停在自主可控和科技安全。关键核心技术突破会提升我国产品、产业链和技术标准的竞争力，进而增强参与国际经贸规则完善的能力。由技术能力到规则主动权，这才是本条落到全球经济治理的推理链。
【答案落点】 攻克“卡脖子”难题有利于我国提升参与国际技术标准和相关贸易规则制定的能力，积极参与全球经济治理和经贸规则完善，增强经济开放发展的规则主动权。
【同题组】 （按原题答题层次）
· 答题层次：本题10分，经济角度混合题，限缩到国际市场、国际竞争、国际规则与开放助推层。
· 机遇（2分）：我国未来产业有非常广阔的国际市场，为未来产业“走出去”提供了可能；可变通为经济全球化带来两个市场两"
Q0208,208,2452,2460,经济全球化,全球经济治理与规则权益,积极参与全球经济治理和经贸规则完善,2026海淀一模Q20,2026海淀一模Q20,为什么能想到;同题组;材料触发点;答案落点;设问,,505,"3. 2026海淀一模Q20
【材料触发点】 中国标准走出国门题出现 ISO、IEC 提案和牵头制定国际标准，题目指向谈意义，要把中国从规则接受者转为规则共建者的角色变化写出来。
【设问】 结合材料，运用《当代国际政治与经济》知识，谈谈中国标准走出国门的意义。
【为什么能想到】 材料列举中国向国际标准化组织提交提案、参与和牵头制定多领域国际标准，标准本身就是全球经济治理和经贸规则的重要组成部分。问“中国标准走出国门的意义”，不能只写企业便利或产品出海，还需要说明中国参与规则供给、提升治理参与度。先说明中国标准成为国际通用语言的一部分，再写积极参与全球经济治理和经贸规则完善，最后指向提升全球技术创新和绿色转型中的规则贡献。
【答案落点】 中国标准走出国门，体现我国主动参与国际标准供给和全球经济治理规则完善，有利于提升中国在全球经济治理中的参与度和贡献度。
【同题组】 （同主题练习提醒）
· 本题适合作为同主题训练，不按固定得分层次展开。
· 可写方向：围绕制度型开放、两个市场两种资源、国际标准贡献、全球治理规则制定等组织。
· 易错提醒：写中国标准走出国门时，要同时说明国内开放基础和国际"
Q0209,209,2461,2471,经济全球化,全球经济治理与规则权益,积极参与全球经济治理和经贸规则完善,2025昌平二模Q21,2025昌平二模Q21,为什么能想到;同题组;材料触发点;答案落点;设问,,760,"4. 2025昌平二模Q21
【材料触发点】 稳外资举措题出现双边投资促进工作组、“投资中国”品牌和扩大开放政策，题目指向说明对开放型经济的意义，要把政策举措接到全球经济治理话语权。
【设问】 结合材料，说明上述举措对我国建设更高水平的开放型经济具有什么重要意义。
【为什么能想到】 题面强调中国在世界经济不确定背景下持续稳外资、扩开放、建机制，说明中国既提供市场，也参与经贸合作机制建设。问“更高水平的开放型经济”，不能停在吸引外资数量，还要说明中国在全球经济规则和治理合作中的影响力提升。先说明稳外资和扩大开放，再写对接经贸合作机制、参与全球经济治理和经贸规则完善，最后指向提升话语权和影响力。
【答案落点】 中国通过稳外资、扩开放和完善经贸合作机制，积极参与全球经济治理和经贸规则完善，有利于提升我国在全球经济治理中的话语权和影响力。
【同题组】 （按原题答题层次）
· 答题层次：本题8分，按三项举措加意义组织。
· 扩大重点领域开放试点：电信、医疗等领域开放，放宽市场准入1分；吸引更多外资进入各领域，可引入先进技术和管理经验，有利于我国充分利用国内国际两个市场两种资源、建设现代化产业体系"
Q0210,210,2473,2487,经济全球化,全球经济治理与规则权益,参与国际标准制定，提升国际规则话语权,2024西城一模Q19(6),2024西城一模Q19,为什么能想到;同题组;材料触发点;答案落点;设问,,1264,"1. 2024西城一模Q19(6)
【材料触发点】 ""攻克卡脖子助推开放""角度下要回答关键核心技术突破能带来什么开放效益，材料把芯片、操作系统等突破列为国家行动，需要把""技术能力""转化成""国际标准、规则制定话语权""，否则就只剩科技表彰、不构成开放效益。
【设问】 结合材料，从经济角度分析我国未来产业发展的机遇和挑战，以及攻克“卡脖子”难题对经济开放发展的助推作用。
【为什么能想到】 材料把""芯片""""操作系统""等关键核心技术突破列为国家行动——这是技术能力本身，需要进一步转化为外部规则层面的影响力。问""对开放发展的助推作用""——本条要避免停在科技表彰，必须把技术能力翻译为国际规则话语权。先把卡脖子技术突破作为基础能力点出，再写企业在国际技术标准和贸易规则制定中的话语权提升，最后指向经济开放发展更具规则主动权。
【答案落点】 我国攻克“卡脖子”难题，提升国内企业在国际技术标准和相关贸易规则制定中的话语权，使经济开放发展更具规则主动权。
【材料触发点】 攻克关键核心技术不是单纯科技表彰，而是同时改变外贸产品结构、提升规则话语权、增强国际竞争力，服务经济开放发展。
【设问】 结合材料，从经济角"
Q0211,211,2488,2496,经济全球化,全球经济治理与规则权益,参与国际标准制定，提升国际规则话语权,2026海淀一模Q20中国标准与全球经济治理参与,2026海淀一模Q20,为什么能想到;同题组;材料触发点;答案落点;设问,,430,"2. 2026海淀一模Q20中国标准与全球经济治理参与
【材料触发点】 材料显示中国不只是被动接受国际标准，而是主动向ISO、IEC提交提案、参与并牵头制定多领域国际标准；设问问中国标准走出国门的意义，必须把中国从""标准接受者""转为""规则共建者""这一角色变化讲出来。
【设问】 结合材料，运用《当代国际政治与经济》知识，谈谈中国标准走出国门的意义。
【为什么能想到】 中国不再只接受现成标准，而是主动向ISO、IEC提案、牵头制定，从守规则者变成定规则者；这一转换要用“参与国际标准制定，提升规则话语权”。
【答案落点】 我国主动向国际标准化组织贡献提案并牵头制定多领域国际标准，积极参与全球经济治理和规则制定。
【同题组】 （同主题练习提醒）
· 本题适合作为同主题训练，不按固定得分层次展开。
· 可写方向：围绕制度型开放、两个市场两种资源、国际标准贡献、全球治理规则制定等组织。
· 易错提醒：写中国标准走出国门时，要同时说明国内开放基础和国际治理意义。"
Q0212,212,2497,2507,经济全球化,全球经济治理与规则权益,参与国际标准制定，提升国际规则话语权,2025昌平二模Q21稳外资行动提升全球经济治理话语权,2025昌平二模Q21,为什么能想到;同题组;材料触发点;答案落点;设问,,836,"3. 2025昌平二模Q21稳外资行动提升全球经济治理话语权
【材料触发点】 题面强调中国在世界经济不确定背景下出台稳外资行动方案、激活双边投资促进工作组、打造""投资中国""品牌；设问问举措对开放型经济的意义，必须把中国持续扩大开放、与各国对接经贸规则与机制接到全球经济治理话语权提升上。
【设问】 结合材料，说明上述举措对我国建设更高水平的开放型经济具有什么重要意义。
【为什么能想到】 题面把""稳外资行动方案""""双边投资促进工作组""""投资中国品牌""放在世界经济不确定的外部背景下，稳外资既是吸引外资，也是与各国对接经贸规则。问""对开放型经济的意义""——本条要切入""全球经济治理话语权""，把稳外资从国内措施提升到国际规则层面的影响。把稳外资行动方案、双边投资工作组、投资中国品牌归结为与各国对接经贸合作机制，再写持续扩大开放，最后指向提升中国在全球经济治理中的话语权和影响力。
【答案落点】 中国通过扩大开放和稳外资举措与各国对接经贸合作机制，有利于提升中国在全球经济治理中的话语权和影响力。
【同题组】 （按原题答题层次）
· 答题层次：本题8分，按三项举措加意义组织。
· 扩大重点领域开放试点："
Q0213,213,2508,2517,经济全球化,全球经济治理与规则权益,参与国际标准制定，提升国际规则话语权,2026东城一模Q19(3),2026东城一模Q19,为什么能想到;同题组;材料触发点;答案落点;设问,,694,"4. 2026东城一模Q19(3)
【材料触发点】 题目追问高水平开放与产业链韧性的关系，北京借助“两区”建设、国际科创交流和开放型经济平台接入全球创新资源，体现开放对未来产业韧性的支撑。
【设问】 结合材料二，运用《当代国际政治与经济》知识，分析在推动未来产业中，北京是如何统筹高水平对外开放与提升产业链韧性之间关系的。（8分）
【为什么能想到】 材料专门点出北京支持企业参与国际标准制定，这是从遵守规则转向参与定规则，对应“参与国际标准制定，提升国际规则话语权”这一核心点。
【答案落点】 北京以""两区""建设推动制度型开放，支持企业参与国际标准制定，对接国际高标准经贸规则，为产业链韧性提升提供制度支撑。
【同题组】 （按原题答题层次）
· 答题层次：本题8分，按开放促进韧性4分、韧性支撑开放3分、开放与安全协同1分组织
· 开放促进韧性（4分）：高水平对外开放举措3分，写出任2点得3分，如坚持引进来与走出去相结合、对接国际高标准经贸规则为产业链韧性提升提供制度支撑、开展国际科创交流合作、发展更高层次开放型经济、打造国际化一流营商环境、稳步扩大制度型开放等；落点1分：以开放促进产业升级，为"
Q0214,214,2519,2531,经济全球化,全球经济治理与规则权益,充分运用国际规则，利用国际组织赋予的权利，对话磋商，积极维护自身权益,2025西城期末Q20(2),2025西城期末Q20,为什么能想到;同题组;材料触发点;答案落点;设问,,774,"1. 2025西城期末Q20(2)
【材料触发点】 欧盟对中国纯电动汽车征收高额反补贴税，本质上形成贸易摩擦和贸易壁垒，企业应先从国际规则和国际组织权利出发依法维权。
【设问】 欧盟是中国整车出口的第一大市场，也是中国电动汽车出口的主要目的地。2024年10月，欧盟决定对从中国进口的纯电动汽车征收为期五年的高额反补贴税。中国汽车企业该如何应对？（6分）
【为什么能想到】 欧盟征收高额反补贴税本质是贸易摩擦和贸易壁垒，但材料的预设主语是""中国汽车企业""——应对路径必须指向企业层面的合法工具。问""企业该如何应对""——本条要从企业可用的国际规则与国际组织权利切入，写出依法维权的具体路径。先把反补贴税定性为贸易壁垒，再写企业运用国际规则和国际组织权利、通过对话磋商，最后指向积极维护自身合法权益。
【答案落点】 中国汽车企业面对欧盟反补贴税，应充分运用国际规则，利用国际组织赋予的权利，通过对话磋商积极维护自身合法权益。
【同题组】 （按原题答题层次）
· 答题层次：本小题6分，答出3条并有具体说明即可满分；每条2分，观点1分、阐述1分。
· 利用规则维权：充分运用国际规则，利用国际组织赋予的权利"
Q0215,215,2533,2542,经济全球化,全球经济治理与规则权益,"企业和政府可利用国际组织赋予的权利，积极参与全球经济治理和规则制定，为企业""出海""营造良好的国际环境",2025海淀期中Q16(2),2025海淀期中Q16,为什么能想到;同题组;材料触发点;答案落点;设问,,640,"1. 2025海淀期中Q16(2)
【材料触发点】 本题是《经济与社会》+《当代国际政治与经济》跨模块题；选必一角度集中在“贸易摩擦/规则环境”。当材料出现海外知识产权、商标纠纷等外部规则风险时，从政府角度写“利用国际组织赋予的权利、参与全球经济治理和规则制定，为企业出海营造良好国际环境”。
【设问】 （2）结合材料三，从经济角度，为中国咖啡企业""出海""提出建议。（6分）
【为什么能想到】 材料三给出咖啡企业出海面临品牌、渠道竞争与成本管理劣势，并出现海外知识产权、商标纠纷（中国某公司诉泰国某公司商标侵权案败诉）等外部规则风险。题目要""从经济角度为咖啡企业出海提建议""，选必一2分落在政府主体——单个企业难以独力化解外部规则环境压力，需政府动用国际规则工具。先点出政府角度；再写政府利用国际组织赋予的权利、积极参与全球经济治理和规则制定；最后指向为企业""出海""营造良好的国际环境。
【答案落点】 企业和政府利用国际组织赋予的权利，积极参与全球经济治理和规则制定，为企业""出海""营造良好的国际环境。
【同题组】 （按原题答题层次）
· 答题层次：本题选必一部分2分，主体是政府，围绕“路径+结果”"
Q0216,216,2543,2552,经济全球化,全球经济治理与规则权益,"企业和政府可利用国际组织赋予的权利，积极参与全球经济治理和规则制定，为企业""出海""营造良好的国际环境",2025海淀期中Q16(2),2025海淀期中Q16,为什么能想到;同题组;材料触发点;答案落点;设问,,615,"2. 2025海淀期中Q16(2)
【材料触发点】 中国咖啡企业“出海”面对海外消费差异、供应链压力、知识产权和贸易风险，单靠企业经营策略不足，还要从国际规则和治理参与角度改善外部环境。
【设问】 结合材料三，从经济角度，为中国咖啡企业“出海”提出建议。
【为什么能想到】 中国咖啡企业“出海”面对海外消费差异、供应链压力、知识产权和贸易风险，说明企业进入国际市场还需要规则保障和治理参与。面对贸易摩擦，我国政府和企业可利用国际组织赋予的权利，积极参与全球经济治理和规则制定，为企业“出海”营造良好国际环境。
【答案落点】 面对贸易摩擦，我国政府和企业应携手利用国际组织赋予的权利，积极参与全球经济治理和规则制定，为企业""出海""营造良好国际环境。
【同题组】 （按原题答题层次）
· 答题层次：按答案链训练，不展示固定分值层次；围绕企业经营、政府支持与资源、贸易摩擦与规则三条建议链组织。
· 企业经营层：客观看待“出海”的机遇与挑战，制定正确经营战略；重视海外市场考察研究，在充分了解市场信息基础上提高自主创新能力、形成竞争优势。
· 政府支持与资源层：通过税收优惠等政策鼓励、支持企业积极参与经济"
Q0217,217,2555,2565,经济全球化,全球经济治理与规则权益,坚持多边贸易、多边主义与全球经济治理体系改革,2026西城一模Q20(2),2026西城一模Q20,为什么能想到;同题组;材料触发点;答案落点;设问,,724,"1. 2026西城一模Q20(2)
【材料触发点】 设问把自贸区3.0版的作用从区域发展扩展到世界经济，说明答案不能只停留在双边贸易增加，还要上升到开放合作和多边贸易体系。
【设问】 结合材料，运用《当代国际政治与经济》知识，分析中国—东盟自贸区3.0版是如何为区域发展和世界经济注入强劲动力的。
【为什么能想到】 本题可从设问的“区域发展和世界经济”想到多边贸易和全球经济治理，但不能声称材料写了具体标准联合制定或打破垄断。自贸区升级本身体现开放包容、合作共赢的区域制度安排，区域开放合作的扩大能够为多边贸易体制和全球经济治理提供积极示范。
【答案落点】 中国—东盟自贸区3.0版坚持合作共赢和开放包容，推动多边贸易和多边主义发展，推动全球经济治理体系改革，为世界经济注入强劲动力。
【同题组】 （按原题答题层次）
· 答题层次：本题8分，按标准规则2分、产业链供应链3分、综合意义2分、联系材料1分组织。
· 标准规则（2分）：降低制度性交易成本/提高贸易效率（1分）；促进贸易投资便利化自由化、优化营商环境、破除贸易壁垒（1分）。
· 产业链供应链（3分）：维护经济安全、统筹安全与发展、形成多"
Q0218,218,2570,2580,经济全球化,全球经济治理与规则权益,提升发展中国家的代表性和发言权，打破规则制定垄断,2026西城一模Q20(2),2026西城一模Q20,为什么能想到;同题组;材料触发点;答案落点;设问,,768,"1. 2026西城一模Q20(2)
【材料触发点】 中国和东盟均属发展中国家和新兴经济体重要力量。设问追问其对世界经济的动力，可从区域规则合作提升发展中国家在国际经贸规则中的表达空间作拓展。
【设问】 结合材料，运用《当代国际政治与经济》知识，分析中国—东盟自贸区3.0版是如何为区域发展和世界经济注入强劲动力的。
【为什么能想到】 这一点主要来自中国—东盟合作主体属性和设问的“世界经济”外溢意义，而不是原卷中有“打破发达国家垄断”的明文。看到发展中国家之间建设高水平自贸协定，可以推到南南合作和规则表达能力提升：发展中经济体通过开放合作参与规则供给，增强国际经贸治理中的代表性和发言权。
【答案落点】 中国—东盟自贸区3.0版推动发展中国家在开放合作中参与区域规则供给，有利于提升发展中国家在国际经贸治理中的代表性和发言权，为地区经济转型升级和世界经济发展提供新动力。
【同题组】 （按原题答题层次）
· 答题层次：本题8分，按标准规则2分、产业链供应链3分、综合意义2分、联系材料1分组织。
· 标准规则（2分）：降低制度性交易成本/提高贸易效率（1分）；促进贸易投资便利化自由化、优化营商环境"
Q0219,219,2585,2594,经济全球化,产业链供应链与开放安全,维护全球产业链供应链稳定畅通,2026朝阳一模Q20,2026朝阳一模Q20,为什么能想到;同题组;材料触发点;答案落点;设问,,796,"1. 2026朝阳一模Q20
【材料触发点】 中国AI眼镜、开源大模型、创新药等创新成果说明中国科技实力增强，答案要把“创新驱动—全球创新策源地—产业链供应链稳定”写成能力链条。
【设问】 结合材料，运用《当代国际政治与经济》的知识，阐述中国为什么能为全球发展注入稳定性和正能量。
【为什么能想到】 材料列出AI眼镜、开源大模型、创新药等具体创新成果，说明中国不是只表达合作意愿，而是具备稳定全球产业链供应链的科技和产业能力。问“中国为什么能”注入稳定性，要把这些创新成果转化为全球创新策源和产业链供应链韧性的支撑。
【答案落点】 当前国际竞争的实质是以经济和科技实力为基础的综合国力较量，中国坚持创新驱动发展战略，科技实力日益增强、创新势能持续迸发，成为全球创新策源地，为全球产业链供应链稳定提供坚实支撑。
【同题组】 （按原题答题层次）
· 答题层次：本题8分，按必答点、共享发展经验、发展潜力三个层次组织；全题总分不超过8分，发展潜力角度最多5分。
· 必答点（2分）：当前国际竞争的实质是以经济和科技实力为基础的综合国力较量1分；中国坚持创新驱动战略，科技实力日益增强，成为全球创新策源地，为"
Q0220,220,2595,2605,经济全球化,产业链供应链与开放安全,维护全球产业链供应链稳定畅通,2026房山一模Q19,2026房山一模Q19,为什么能想到;同题组;材料触发点;答案落点;设问,,811,"2. 2026房山一模Q19
【材料触发点】 “东南亚原料进口-海南加工增值-全国市场投放”显示海南封关不是单点优惠，而是把企业嵌入跨境产业链和国内市场循环。
【设问】 结合材料，运用《当代国际政治与经济》知识，分析海南自贸港封关是如何助力国际循环的。
【为什么能想到】 ""东南亚原料进口—海南加工增值—全国市场投放""这一链条把海南封关与跨境产业链衔接起来，封关不是单点优惠，而是产业链上的节点。问""如何助力国际循环""，必须把海南的优惠政策翻译为对全球产业链供应链稳定的作用，单写零关税降本不够。先把零关税、加工增值免关税等海关分类监管机制点出，再写企业嵌入""原料—加工—市场""跨境链条，最后指向中国市场成为全球产业链供应链稳定器。
【答案落点】 海南自贸港通过“二线管住”对“零关税”、加工增值免关税等海关监管货物分类监管、精准查验，形成“东南亚原料进口—海南加工增值—全国市场投放”产业链，推动企业将节税资金投入核心技术攻坚，提升企业竞争力，促进产业升级、优化产业结构，深度融入全球产业分工和合作，使中国市场成为全球产业链供应链的稳定器。
【同题组】 （按原题答题层次）
· 答题层次：本题8分，"
Q0221,221,2606,2616,经济全球化,产业链供应链与开放安全,维护全球产业链供应链稳定畅通,2026门头沟一模Q20,2026门头沟一模Q20,为什么能想到;同题组;材料触发点;答案落点;设问,,725,"3. 2026门头沟一模Q20
【材料触发点】 题面写旧机电产品取消进口许可证管理、部分产品可开展保税维修、口岸管理优化和申报压缩，说明封关有利于减少跨境流通阻滞、增强供应链运行效率。
【设问】 结合材料，运用《当代国际政治与经济》知识，分析海南自贸港全岛封关为何能为中国经济发展注入新动能、为世界经济开放发展注入新活力。
【为什么能想到】 材料给出三类具体机制——""取消进口许可证管理""""保税维修""""口岸优化和申报压缩""，都指向减少跨境流通环节的阻滞。问""为何能注入新活力""，必须把封关具体措施翻译为对全球供应链稳定畅通的实际效果，而非政策表述。把许可证取消、保税维修、口岸优化分别接到货物贸易开放度提升和供应链运行效率，最后指向全球产业链供应链稳定畅通。
【答案落点】 海南自贸港通过提升货物贸易开放度、发展保税维修和优化口岸通关，促进全球产业链供应链稳定畅通。
【同题组】 （按原题答题层次）
· 本题7分，按“原因2分—中国意义2分—世界意义2分—逻辑1分”写。
· 原因：用对外开放基本国策、互利共赢战略、经济全球化、高水平对外开放等术语，说明海南自贸港封关的必要性。
· 对中国：从扩大“"
Q0222,222,2617,2628,经济全球化,产业链供应链与开放安全,维护全球产业链供应链稳定畅通,"2025延庆一模Q20(2)外交部发言人回应""脱钩断链""",2025延庆一模Q20,为什么能想到;同题组;材料触发点;答案落点;设问,,664,"4. 2025延庆一模Q20(2)外交部发言人回应""脱钩断链""
【材料触发点】 材料二中个别国家鼓噪""脱钩断链""和供应链""去风险""，与近70个国家和地区企业到链博会寻找""链""通中外方案形成对照；要论证供应链合作的正当性，必须用时代主题判定""合作""才是符合潮流的方向，""脱钩""违背潮流。
【设问】 假如你是外交部发言人，请结合材料二，运用《当代国际政治与经济》知识，对上述提问做出回应。
【为什么能想到】 个别国家鼓噪脱钩断链，而各国企业来链博会寻找链通中外方案，直接指向维护全球产供链稳定畅通。
【答案落点】 维护全球产供链韧性和稳定是推动世界经济可持续发展的重要保障，“脱钩断链”损人不利己，中国愿携手各国打造“世界共赢链”。
【同题组】 （按原题答题层次）
· 答题层次：本题8分，四个角度，每角度2分。
· 时代主题：维护全球产供链韧性和稳定，是推动世界经济可持续发展的重要保障，符合国际社会共同利益，顺应和平与发展的时代主题。
· 经济全球化方向：中国坚持高质量发展和高水平对外开放，反对“脱钩断链”，推动经济全球化朝开放、包容、普惠、平衡、共赢方向发展。
· 世界多极化：世界多极化是当今国"
Q0223,223,2629,2638,经济全球化,产业链供应链与开放安全,维护全球产业链供应链稳定畅通,2025海淀期中Q16(2),2025海淀期中Q16,为什么能想到;同题组;材料触发点;答案落点;设问,,542,"5. 2025海淀期中Q16(2)
【材料触发点】 中国咖啡企业“出海”面对海外消费差异、供应链压力、知识产权和贸易风险，单靠企业经营策略不足，还要从国际规则和治理参与角度改善外部环境。
【设问】 结合材料三，从经济角度，为中国咖啡企业“出海”提出建议。
【为什么能想到】 出海要先铺供应链这一“底层基础设施”、且成本难压，链条一断经营就停摆，故须把它做稳做畅，落到维护全球产业链供应链稳定畅通。
【答案落点】 咖啡企业应打造稳定供应链、降低生产成本，维护全球产业链供应链稳定畅通，保障""出海""经营。
【同题组】 （按原题答题层次）
· 答题层次：按答案链训练，不展示固定分值层次；围绕企业经营、政府支持与资源、贸易摩擦与规则三条建议链组织。
· 企业经营层：客观看待“出海”的机遇与挑战，制定正确经营战略；重视海外市场考察研究，在充分了解市场信息基础上提高自主创新能力、形成竞争优势。
· 政府支持与资源层：通过税收优惠等政策鼓励、支持企业积极参与经济全球化，充分利用国际国内两种资源、两个市场，打造稳定供应链、降低生产成本。
· 贸易摩擦与规则层：面对国际贸易摩擦，政府和企业共同携手，充分利用国"
Q0224,224,2639,2648,经济全球化,产业链供应链与开放安全,维护全球产业链供应链稳定畅通,2024丰台一模Q20,2024丰台一模Q20,为什么能想到;同题组;材料触发点;答案落点;设问,,622,"6. 2024丰台一模Q20
【材料触发点】 数字化技术、绿色低碳技术对应供应链成本高、信息不对称、环节不透明、流程不标准、管理不高效和发展不环保等问题，技术赋能是供应链高质量发展的机制。
【设问】 结合材料，运用《当代国际政治与经济》知识，说明我国的实践是如何推动供应链成为国际合作“共赢链”的。
【为什么能想到】 数字化技术、绿色低碳技术对应供应链成本高、信息不对称、环节不透明、流程不标准等痛点。技术赋能能降低成本、提高效率、改善绿色水平，因此指向供应链稳定畅通和高质量发展。
【答案落点】 中国支持企业运用数字化技术、绿色低碳技术降低供应链成本、提高运行效率，推动全球供应链高质量发展。
【同题组】 （按原题得分方式）
· 答题层次：本题7分，按“知识+材料”的论述质量展开；只写纯知识或只描述材料，属于低档。
· 分档方式：围绕下列四个方面展开，任选三方面且论述到位可达6-7分，任选二方面为4-5分，任选一方面为2-3分；没有论述或论述严重偏差为0-1分。
· 答题提醒：即使写到三个方面，如果内容不贴切，或只是照搬材料、没有说明与国际合作“共赢链”的关系，也要降档。
· 四个方面：建立"
Q0225,225,2651,2659,经济全球化,产业链供应链与开放安全,维护全球产业链供应链稳定畅通,2026丰台二模Q20,2026丰台二模Q20,为什么能想到;同题组;材料触发点;答案落点;设问,,507,"7. 2026丰台二模Q20
【材料触发点】 答案明确把跨境金融、离岸贸易、高端制造等新业态和全球产业链供应链稳定畅通相连；自贸区、自贸港不是单纯招商，而是供应链稳定器。
【设问】 结合材料，运用《当代国际政治与经济》知识，阐明中国加快推进自由贸易试验区、自由贸易试验港建设为世界注入更多确定性的原因。
【为什么能想到】 材料写跨境金融、离岸贸易、高端制造和开放通道，说明自贸平台嵌入全球生产、贸易和金融流通链条。“确定性”在经济层面表现为产业链供应链不因保护主义和不确定性而断裂。先把自贸区、自贸港的制度开放写成新业态和跨境流通支撑，再接全球产业链供应链稳定畅通。
【答案落点】 中国推进自由贸易试验区和自由贸易试验港建设，促进跨境金融、离岸贸易和高端制造等新业态发展，助力全球产业链供应链稳定畅通。
【同题组】 （同主题练习提醒）
· 本题适合作为同主题训练，不按固定得分层次展开。
· 可写方向：自由贸易试验区、自由贸易港建设符合经济全球化和开放合作趋势，有利于推进高水平对外开放、稳定全球产业链供应链、推动经济全球化朝更加开放包容普惠平衡共赢方向发展。
· 易错提醒：不要把参考性答案当成固定"
Q0226,226,2663,2672,经济全球化,产业链供应链与开放安全,维护全球产业链供应链稳定畅通,2024丰台一模Q20（供应链金融创新）,2024丰台一模Q20,为什么能想到;同题组;材料触发点;答案落点;设问,,628,"8. 2024丰台一模Q20（供应链金融创新）
【材料触发点】 中国发起设立国际金融机构及投资基金，加快供应链金融创新，助推全球供应链向广大发展中国家延伸。
【设问】 结合材料，运用《当代国际政治与经济》知识，说明我国的实践是如何推动供应链成为国际合作“共赢链”的。
【为什么能想到】 供应链要成为“共赢链”，不仅要有物流通道和合作平台，还要解决链条延伸中的资金约束。材料把国际金融机构、投资基金和供应链金融创新放在一起，说明资金支持是全球供应链稳定延伸的重要机制。
【答案落点】 中国加快供应链金融创新，缓解供应链发展中的资金短缺问题，助推全球供应链向广大发展中国家延伸，增强全球供应链运行韧性和稳定性。
【同题组】 （按原题得分方式）
· 答题层次：本题7分，按“知识+材料”的论述质量展开；只写纯知识或只描述材料，属于低档。
· 分档方式：围绕下列四个方面展开，任选三方面且论述到位可达6-7分，任选二方面为4-5分，任选一方面为2-3分；没有论述或论述严重偏差为0-1分。
· 答题提醒：即使写到三个方面，如果内容不贴切，或只是照搬材料、没有说明与国际合作“共赢链”的关系，也要降档。
· 四"
Q0227,227,2674,2683,经济全球化,产业链供应链与开放安全,统筹开放与安全，维护产业链供应链安全稳定,2026东城一模Q19(3),2026东城一模Q19,为什么能想到;同题组;材料触发点;答案落点;设问,,751,"1. 2026东城一模Q19(3)
【材料触发点】 题目关键词是“统筹关系”，开放促进韧性和韧性支撑开放两条链最终要合成开放与安全协同，而不能停在措施罗列。
【设问】 结合材料二，运用《当代国际政治与经济》知识，分析在推动未来产业中，北京是如何统筹高水平对外开放与提升产业链韧性之间关系的。（8分）
【为什么能想到】 题目关键词是""统筹关系""——开放促进韧性和韧性支撑开放两条链都要合成""协同""，而不是任择一边。问""如何统筹关系""——本条是收束句，要把前面两条链合成动态平衡，避免停留在措施罗列。先把开放与韧性两条链合成协同发力，再写在动态平衡中推动未来产业高质量发展，最后指向统筹关系的整体判断。
【答案落点】 北京在推动未来产业中坚持开放与安全协同发力，在高水平开放和产业链韧性提升的动态平衡中推动未来产业高质量发展。
【同题组】 （按原题答题层次）
· 答题层次：本题8分，按开放促进韧性4分、韧性支撑开放3分、开放与安全协同1分组织
· 开放促进韧性（4分）：高水平对外开放举措3分，写出任2点得3分，如坚持引进来与走出去相结合、对接国际高标准经贸规则为产业链韧性提升提供制度支撑、开展国际科"
Q0228,228,2684,2694,经济全球化,产业链供应链与开放安全,统筹开放与安全，维护产业链供应链安全稳定,2026朝阳期中Q17,2026朝阳期中Q17,为什么能想到;同题组;材料触发点;答案落点;设问,,876,"2. 2026朝阳期中Q17
【材料触发点】 同学乙指出人工智能带来数据泄露、模型缺陷、伦理失控等风险，且安全相关事件占比较高；题目要求处理人工智能发展中的重要关系，应把发展动能与安全底线放在同一层说明。
【设问】 结合材料，运用《当代国际政治与经济》知识阐述我国应如何处理好推进“人工智能+”发展过程中的重要关系。
【为什么能想到】 本条不能继续用同学甲“自主可控不是闭门造车”作为触发。看到同学乙集中列举数据、模型、伦理等风险，就应想到发展与安全关系：人工智能既能降本增效、优化资源配置，也可能冲击经济安全、科技安全和产业链稳定。作答要说明在推进“人工智能+”时坚持总体国家安全观和底线思维。
【答案落点】 处理好发展与安全关系，树立总体国家安全观、坚持底线思维，维护经济安全、科技安全与产业链稳定。
【同题组】 （按原题答题层次）
· 答题层次：本题8分；一层3分，两层6分，三层8分。每层按“关系概括1分+两端展开各1分”组织。
· 处理好自力更生和对外开放的关系（3分）：先概括二者关系，再分别写自力更生一端和对外开放一端。自力更生可联系核心技术自主可控、把握创新主动权、创新驱动、技术研发"
Q0229,229,2696,2704,经济全球化,产业链供应链与开放安全,维护全球产业链供应链稳定畅通，服务共同现代化,2026丰台期末Q20,2026丰台期末Q20,为什么能想到;同题组;材料触发点;答案落点;设问,,456,"1. 2026丰台期末Q20
【材料触发点】 中拉“发展工程”强调产业链供应链稳定畅通，设问问“五大工程”如何扩大中拉利益汇合点。
【设问】 结合材料，运用《当代国际政治与经济》知识，阐释“五大工程”如何扩大中拉利益汇合点。
【为什么能想到】 “发展工程”把产业链供应链稳定畅通作为中拉经济合作的重要内容，说明现代化需要稳定的跨国产业协作基础。问“五大工程”如何扩大中拉利益汇合点，要把工程安排转化为经济全球化中的产业链供应链支撑。先说明维护全球产业链供应链稳定畅通，再接深化国际分工合作，最后指向为双方现代化提供稳定经济基础。
【答案落点】 中拉双方维护全球产业链供应链稳定畅通，有利于深化国际分工合作，为双方现代化提供稳定经济基础。
【同题组】 （同主题练习提醒）
· 本题适合作为同主题训练，不按固定得分层次展开。
· 练习主线：围绕“五大工程如何扩大中拉利益汇合点”组织，扣住团结、发展、文明、和平、民心五类工程。
· 可写方向：说明五大工程如何扩大中拉共同利益、促进互利共赢，并推动中拉命运共同体建设。"
Q0230,230,2707,2716,经济全球化,产业链供应链与开放安全,以产业链供应链合作推动互利共赢,2024丰台一模Q20,2024丰台一模Q20,为什么能想到;同题组;材料触发点;答案落点;设问,,618,"1. 2024丰台一模Q20
【材料触发点】 丰台一模问供应链如何成为国际合作“共赢链”，基础设施联通、供应链金融创新、链博会平台和数字绿色技术都指向全球供应链产业链的开放合作机制。
【设问】 结合材料，运用《当代国际政治与经济》知识，说明我国的实践是如何推动供应链成为国际合作“共赢链”的。
【为什么能想到】 基础设施联通、供应链金融创新、链博会平台、数字绿色技术分别打通物流、资金、对接渠道和技术供给。多维合作共同服务供应链畅通，最终指向各国在产业链供应链合作中互利共赢。
【答案落点】 中国通过基础设施联通、供应链金融创新、链博会平台和数字绿色技术以产业链供应链合作推动互利共赢。
【同题组】 （按原题得分方式）
· 答题层次：本题7分，按“知识+材料”的论述质量展开；只写纯知识或只描述材料，属于低档。
· 分档方式：围绕下列四个方面展开，任选三方面且论述到位可达6-7分，任选二方面为4-5分，任选一方面为2-3分；没有论述或论述严重偏差为0-1分。
· 答题提醒：即使写到三个方面，如果内容不贴切，或只是照搬材料、没有说明与国际合作“共赢链”的关系，也要降档。
· 四个方面：建立和完善基"
Q0231,231,2721,2731,经济全球化,产业链供应链与开放安全,统筹发展和安全，形成多元稳定的经贸关系,2026西城一模Q20(2),2026西城一模Q20,为什么能想到;同题组;材料触发点;答案落点;设问,,731,"1. 2026西城一模Q20(2)
【材料触发点】 原卷材料二提到关键产品和服务自由流通，设问又强调为区域发展和世界经济注入动力，可从产业链供应链稳定、经贸关系多元稳定的角度展开。
【设问】 结合材料，运用《当代国际政治与经济》知识，分析中国—东盟自贸区3.0版是如何为区域发展和世界经济注入强劲动力的。
【为什么能想到】 这里不能把“供应链互联互通、数字基础设施合作”说成题面并列材料。真正的触发点是“关键产品和服务自由流通”：关键产品能否顺畅流动，关系到区域产业链供应链稳定。由此可推到统筹发展和安全，说明自贸区升级不仅扩大流量，也增强区域经贸关系的稳定性。
【答案落点】 中国—东盟自贸区3.0版促进关键产品和服务自由流通，推动形成多元稳定的经贸关系，有利于统筹发展和安全、维护区域经济安全。
【同题组】 （按原题答题层次）
· 答题层次：本题8分，按标准规则2分、产业链供应链3分、综合意义2分、联系材料1分组织。
· 标准规则（2分）：降低制度性交易成本/提高贸易效率（1分）；促进贸易投资便利化自由化、优化营商环境、破除贸易壁垒（1分）。
· 产业链供应链（3分）：维护经济安全、统筹安全"
Q0232,232,2736,2755,经济全球化,数字经济、绿色转型与新兴领域,数字贸易与数字经济跨境流通,2024朝阳期中Q20(3),2024朝阳期中Q20,为什么能想到;同题组;材料触发点;答案落点;设问,,1450,"1. 2024朝阳期中Q20(3)
【材料触发点】 数贸会集中展示首发首秀新产品、新技术，答题重心在数字科技产品跨国贸易和应用对全球经济创新的带动。
【设问】 结合材料，运用《当代国际政治与经济》知识，以“数字驱动 商通全球”为主题撰写一篇短评。
【为什么能想到】 数贸会现场集中铺开""首发""""首秀""的新产品、新技术，展品本身就是数字科技产品，展会效应是把这些产品和技术推向各国市场和应用场景。写""数字驱动 商通全球""短评，要把展会效果解释为数字产品和数字技术对全球贸易和创新的拉动，而不是只描述展品。先把首发首秀产品提炼为数字科技产品和新技术，再写其通过展会进入跨国贸易和广泛应用，进而接到为全球经济创新发展注入新动力。
【答案落点】 数贸会汇集数字科技新产品新技术，促进数字科技产品贸易和使用，为全球经济创新发展注入新动力。
【材料触发点】 “智慧非洲”展台通过直播平台推介中非商品，数字技术把商品、服务和市场连接起来，答题要从贸易便利和发展机遇共享说明其全球意义。
【设问】 结合材料，运用《当代国际政治与经济》知识，以“数字驱动 商通全球”为主题撰写一篇短评。
【为什么能想到】 展台借助直播"
Q0233,233,2756,2766,经济全球化,数字经济、绿色转型与新兴领域,数字贸易与数字经济跨境流通,2025海淀一模Q21(2),2025海淀一模Q21,为什么能想到;同题组;材料触发点;答案落点;设问,,806,"2. 2025海淀一模Q21(2)
【材料触发点】 题面把绿色贸易、数字贸易列为外贸新动能，答题要把新动能转化为贸易结构优化和出口竞争优势，而不是堆政治多极化或外交政策。
【设问】 结合材料，运用《当代国际政治与经济》知识，说明我国外贸为何能连上两个万亿级台阶。（6分）
【为什么能想到】 题面把绿色贸易、数字贸易两类外贸新业态点出来，强调它们是外贸跨越台阶的""新动能""，指向要从贸易结构升级而不是政治外交角度作答。问""为何能""连上两个万亿台阶，需要把新业态翻译为外贸优化升级和出口竞争力提升的内生动力，而不是堆""开放""""友好""等口号。先把绿色贸易、数字贸易点为外贸新动能，再写其推动货物贸易结构优化升级、打造出口竞争新优势，进而接到外贸总量跨过两个万亿级台阶。
【答案落点】 我国发展绿色贸易和数字贸易，推动货物贸易优化升级，打造产品出口竞争新优势，为外贸总量连续跨越两个万亿级台阶提供新动能。
【同题组】 （按原题答题层次）
· 答题层次：本题6分，围绕我国外贸连上两个万亿级台阶的原因，按绿色/数字贸易、开放平台与综合保税区、市场潜力三层组织，每层最高2分。
· 绿色贸易、数字贸易（2分）：发"
Q0234,234,2770,2780,经济全球化,数字经济、绿色转型与新兴领域,我国的未来产业有非常广阔的国际市场，为未来产业“走出去”提供了可能,2024西城一模Q19(6),2024西城一模Q19,为什么能想到;同题组;材料触发点;答案落点;设问,,822,"1. 2024西城一模Q19(6)
【材料触发点】 题目先判断未来产业发展的外部机遇，未来产业面对前沿科技浪潮和全球市场空间，答题要从国际市场和走出去可能性说明开放机遇。
【设问】 结合材料，从经济角度分析我国未来产业发展的机遇和挑战，以及攻克“卡脖子”难题对经济开放发展的助推作用。
【为什么能想到】 材料把未来产业放在""前沿科技浪潮""和""全球市场空间""两个外部背景里，外部既是压力也是市场。问""机遇""——本条要切入""国际市场和走出去的可能""，把外部环境从挑战面翻到机遇面。先点出经济全球化提供了广阔国际市场和两个市场两种资源，再把未来产业接到走出去和国际技术交流合作，写出机遇的具体内容。
【答案落点】 我国未来产业拥有广阔的国际市场，经济全球化带来两个市场两种资源，为未来产业“走出去”和开展国际技术交流合作提供了可能。
【同题组】 （按原题答题层次）
· 答题层次：本题10分，经济角度混合题，限缩到国际市场、国际竞争、国际规则与开放助推层。
· 机遇（2分）：我国未来产业有非常广阔的国际市场，为未来产业“走出去”提供了可能；可变通为经济全球化带来两个市场两种资源、技术交流合作等；只从国内"
Q0235,235,2782,2791,经济全球化,数字经济、绿色转型与新兴领域,以开放促进产业升级，为未来产业拓展国际空间，提升国际竞争力，筑牢安全基础,2026东城一模Q19(3),2026东城一模Q19,为什么能想到;同题组;材料触发点;答案落点;设问,,802,"1. 2026东城一模Q19(3)
【材料触发点】 题目不是只列开放举措，还要分析开放对韧性的作用；国际会议、国际科创枢纽、全球产业链趋势研判要转化为产业升级、国际空间和安全基础。
【设问】 结合材料二，运用《当代国际政治与经济》知识，分析在推动未来产业中，北京是如何统筹高水平对外开放与提升产业链韧性之间关系的。（8分）
【为什么能想到】 材料同时写""国际会议""""国际科创枢纽""""全球产业链趋势研判""——这些是开放举措，不是单纯罗列，而是对未来产业升级的外部驱动。问""如何统筹""——本条要切入""开放促进韧性""方向，把开放的具体平台接到未来产业升级、国际空间扩展和安全基础。把国际会议、科创枢纽、趋势研判作为开放抓手，再接到6G、具身智能等未来产业升级和国际空间拓展，最后指向提升国际竞争力并筑牢安全基础。
【答案落点】 北京以开放促进产业升级，为6G、具身智能等未来产业拓展国际空间，提升国际竞争力，并筑牢产业链安全基础。
【同题组】 （按原题答题层次）
· 答题层次：本题8分，按开放促进韧性4分、韧性支撑开放3分、开放与安全协同1分组织
· 开放促进韧性（4分）：高水平对外开放举措3分，写出任"
Q0236,236,2792,2802,经济全球化,数字经济、绿色转型与新兴领域,以开放促进产业升级，为未来产业拓展国际空间，提升国际竞争力，筑牢安全基础,2024西城一模Q19(6),2024西城一模Q19,为什么能想到;同题组;材料触发点;答案落点;设问,,739,"2. 2024西城一模Q19(6)
【材料触发点】 题目同时追问未来产业的挑战，前沿科技竞争具有国家战略属性，答题要把技术、人才、资源竞争上升到综合国力较量和风险防范。
【设问】 结合材料，从经济角度分析我国未来产业发展的机遇和挑战，以及攻克“卡脖子”难题对经济开放发展的助推作用。
【为什么能想到】 卡脖子被界定为产业链共性关键技术短板，攻克它能调整外贸产品结构、争得技术标准与贸易规则话语权；这恰是以开放促产业升级、提升国际竞争力。
【答案落点】 攻克""卡脖子""难题有利于提升我国在国际技术标准和贸易规则制定中的话语权，推动制度型开放、形成出口竞争新优势。
【同题组】 （按原题答题层次）
· 答题层次：本题10分，经济角度混合题，限缩到国际市场、国际竞争、国际规则与开放助推层。
· 机遇（2分）：我国未来产业有非常广阔的国际市场，为未来产业“走出去”提供了可能；可变通为经济全球化带来两个市场两种资源、技术交流合作等；只从国内大市场角度说且言之成理，可作为1分补充。
· 挑战（2分）：我国未来产业面临激烈的国际竞争，需要加强风险应对和防范；可变通为技术、人才和资源竞争、当代国际竞争实质、国"
Q0237,237,2804,2813,经济全球化,数字经济、绿色转型与新兴领域,以科学技术的发展推动建设创新型、开放型世界经济,2025房山一模Q18(2),2025房山一模Q18,为什么能想到;同题组;材料触发点;答案落点;设问,,791,"1. 2025房山一模Q18(2)
【材料触发点】 开源战略题要求阐释技术革新如何成为全球合作新模式，DeepSeek开源让全球开发者自由使用和改进，部分国家企业低成本开发本地化AI模型，说明科技开放可以推动开放型世界经济和经济全球化发展。
【设问】 “中国的开源战略不仅是技术上的革新，更是对全球合作新模式的一次积极探索和实践。”结合材料，运用《当代国际政治与经济》知识，谈谈你对这句话的理解。
【为什么能想到】 题面把DeepSeek开源放在“技术革新”和“全球合作新模式”两个层面之间，强调全球开发者可自由使用改进、其他国家企业可低成本开发本地化AI模型；技术开放在题干中已变成合作机制本身。要谈对“开源战略不只是技术革新、更是合作新模式”这句评价的理解，必须把“技术开放”与“开放型世界经济”之间的因果讲透，不能只夸技术先进。先点出中国坚持高水平对外开放、把DeepSeek作为开放共享资源；再说明科技开放降低了各国发展AI能力的门槛；最后指向以科学技术的发展推动建设创新型、开放型世界经济，促进经济全球化发展。
【答案落点】 中国开源战略坚持高水平对外开放，把DeepSeek作为开放共享资"
Q0238,238,2815,2825,经济全球化,数字经济、绿色转型与新兴领域,为世界新能源产业注入活力，增强经济全球化动力,2025东城期末Q20,2025东城期末Q20,为什么能想到;同题组;材料触发点;答案落点;设问,,698,"1. 2025东城期末Q20
【材料触发点】 题面先呈现中国新能源汽车出口增长和在欧盟市场具备竞争力，再引出反补贴税争议；正面评价中国新能源汽车时，应把它放到世界新能源产业和经济全球化活力中说明。
【设问】 运用《当代国际政治与经济》知识，写一篇短文，谈谈你对上述材料的认识。要求：题目自拟，观点明确，逻辑清晰，200字左右。
【为什么能想到】 中国新能源汽车产业成功走向世界市场，说明中国企业参与国际分工合作并推动全球绿色产业发展。短文不能只批评欧盟保护主义，还要先说明中国新能源汽车走向世界的正面意义。先说明中国新能源汽车参与国际竞争和国际分工，再写其带动新能源产业发展，最后指向增强经济全球化动力。
【答案落点】 我国新能源汽车走向世界，能够促进全球新能源产业升级和绿色转型，为世界经济和经济全球化注入新动力。
【同题组】 （按原题答题层次）
· 答题层次：本题8分，短文题，先完成题目和分段，再按中国贡献、批判欧盟行为、中国态度或做法组织。
· 短文形式：题目1分；分三段1分。
· 中国贡献层（3分）：我国新能源汽车产业发展促进全球资源优化配置、国际贸易发展，或为世界新能源产业注入活力，写"
Q0239,239,2827,2835,经济全球化,数字经济、绿色转型与新兴领域,促进全球范围内标准共通、技术共享，推动全球技术创新与绿色转型,2026海淀一模Q20,2026海淀一模Q20,为什么能想到;同题组;材料触发点;答案落点;设问,,572,"1. 2026海淀一模Q20
【材料触发点】 题面把国际标准称为全球产业界的“通用语言”，并列出低碳能源、人工智能等领域中国向ISO、IEC提交提案和牵头制定标准的数据；答题要从标准互认、技术扩散和全球产业绿色转型说明意义。
【设问】 结合材料，运用《当代国际政治与经济》知识，谈谈中国标准走出国门的意义。
【为什么能想到】 题面用“通用语言”比喻国际标准，再举出中国向ISO、IEC提交提案、在低碳能源和人工智能等领域牵头制定标准的具体数据——标准这一无形产品的国际供给方在发生变化。问“中国标准走出国门的意义”，重点不在标准数量，而在标准互认带来的技术扩散与产业转型，要把“中国贡献标准”和“全球产业受益”接成因果。先说明低碳能源、人工智能等领域的中国标准正在成为国际社会可共享的“通用语言”；再说明标准互认让技术能在全球范围内共享；进而接到推动全球技术创新与绿色转型。
【答案落点】 中国在低碳能源、人工智能等领域贡献国际标准，促进全球范围内标准共通、技术共享，推动全球技术创新与绿色转型。
【同题组】 （同主题练习提醒）
· 本题适合作为同主题训练，不按固定得分层次展开。
· 可写方向：围绕"
Q0240,240,2838,2851,经济全球化,数字经济、绿色转型与新兴领域,数据要素在全球范围内流动,2026房山二模Q20,2026房山二模Q20,为什么能想到;同题组;材料触发点;答案落点;设问,,666,"1. 2026房山二模Q20
【材料触发点】 数据标准制定、对接和互认，直接指向跨境数据要素流动。
【设问】 结合材料，运用《当代国际政治与经济》知识，分析世界数据组织完善全球数据治理，服务全球数字经济发展的智慧。
【为什么能想到】 题面给出的关键词不是""数据安全""也不是""数据本地化""，而是""标准制定""""对接""""互认""——三个词共同指向数据要素的跨境流动需要规则相通。问世界数据组织治理""智慧""，要把数据这一新型生产要素与传统货物贸易的差异写出来——数据治理的智慧在于让数据顺畅流动而非阻隔。先把标准制定、对接、互认作为治理智慧的入口点出；再说明这三步让数据要素能在全球范围内流动；进而接到释放数据价值，支撑数字经济高质量发展。
【答案落点】 世界数据组织推动相关标准制定、对接和互认，促进数据要素在全球范围内流动，释放数据价值，支撑数字经济高质量发展。
【同题组】 （按原题答题层次）
· 答题层次：本题8分，围绕世界数据组织完善全球数据治理、服务全球数字经济发展的中国智慧展开；六个方向各1分，材料结合2分。
· 治理方向一：普惠包容的经济全球化（1分）。
· 治理方向二：平等有序的世界多极化"
Q0241,241,2856,2868,经济全球化,贸易保护主义与多边贸易体制,维护多边贸易体制,2026石景山一模Q20,2026石景山一模Q20,为什么能想到;同题组;材料触发点;答案落点;设问,,716,"1. 2026石景山一模Q20
【材料触发点】 亚太合作要在开放中推进，需要稳定的国际经贸规则；题面强调世贸组织改革方向、最惠国待遇和非歧视原则，触发维护多边贸易体制这一开放合作术语。
【设问】 运用《当代国际政治与经济》知识，任选两个关键词，说明中国倡议如何助推亚太合作。
【为什么能想到】 题面把亚太开放合作同世贸组织改革方向、最惠国待遇、非歧视原则并列，说明关键不是单个项目合作，而是开放合作所依赖的多边经贸规则。要求任选关键词说明中国倡议如何助推亚太合作，选择世贸组织或多边贸易体制时必须说明规则秩序如何为合作提供支撑。先点出共同维护多边贸易体制，再接世界贸易组织改革正确方向、最惠国待遇、非歧视原则，最后指向破除壁垒、稳定亚太开放合作。
【答案落点】 中国倡议共同维护多边贸易体制，坚持世界贸易组织改革的正确方向和最惠国待遇、非歧视等基本原则，破除贸易壁垒，为亚太开放合作提供稳定规则支撑。
【同题组】 （按原题答题层次）
· 本题8分：从1个关键词展开，可拿4分；从2个关键词展开，最多8分。
· 每个关键词都按“关键词+学科用语+结合材料分析”写，不只贴标签。
· 可选关键词：共商共建"
Q0242,242,2869,2879,经济全球化,贸易保护主义与多边贸易体制,维护多边贸易体制,2025东城期末Q20——评价欧盟对中国新能源汽车征收临时反补贴税,2025东城期末Q20,为什么能想到;同题组;材料触发点;答案落点;设问,,648,"2. 2025东城期末Q20——评价欧盟对中国新能源汽车征收临时反补贴税
【材料触发点】 题面写中方坚决反对欧方临时反补贴税并多次提出建设性解决方案；设问需要说明认识短文，谈到中国态度必须把""维护本国利益""明确写出。
【设问】 运用《当代国际政治与经济》知识，写一篇短文，谈谈你对上述材料的认识。要求：题目自拟，观点明确，逻辑清晰，200字左右。
【为什么能想到】 欧盟单方加征反补贴税、对中方建设性方案不予回应，破坏贸易规则与市场秩序；正因这种保护主义，须用维护多边贸易体制作答，主张以谈判推动贸易便利。
【答案落点】 我国应坚定维护本国利益、维护多边贸易体制与市场秩序，以和平谈判推动贸易自由便利，实现互利共赢。
【同题组】 （按原题答题层次）
· 答题层次：本题8分，短文题，先完成题目和分段，再按中国贡献、批判欧盟行为、中国态度或做法组织。
· 短文形式：题目1分；分三段1分。
· 中国贡献层（3分）：我国新能源汽车产业发展促进全球资源优化配置、国际贸易发展，或为世界新能源产业注入活力，写充分2分，写得不充分1分；我国用行动为世界气候、环境、绿色、生态保护作贡献1分。
· 批判欧盟行为层"
Q0243,243,2880,2888,经济全球化,贸易保护主义与多边贸易体制,维护多边贸易体制,2026丰台期末Q20,2026丰台期末Q20,为什么能想到;同题组;材料触发点;答案落点;设问,,492,"3. 2026丰台期末Q20
【材料触发点】 “发展工程”把多边贸易体制、产业链供应链稳定畅通和开放合作国际环境放在同一段，说明中拉现代化协同需要稳定开放的国际经贸规则。
【设问】 结合材料，运用《当代国际政治与经济》知识，阐释“五大工程”如何扩大中拉利益汇合点。
【为什么能想到】 “发展工程”把多边贸易体制、全球产业链供应链稳定畅通和开放合作国际环境放在同一段。问“五大工程”如何扩大中拉利益汇合点，经济规则层要说明稳定开放的外部经贸秩序如何成为共同利益。先说明维护多边贸易体制，再接全球产业链供应链稳定畅通和开放合作国际环境，最后指向扩大中拉发展工程的利益汇合点。
【答案落点】 中拉双方坚定维护多边贸易体制，维护全球产业链供应链稳定畅通和开放合作的国际环境，有利于扩大双方“发展工程”中的利益汇合点。
【同题组】 （同主题练习提醒）
· 本题适合作为同主题训练，不按固定得分层次展开。
· 练习主线：围绕“五大工程如何扩大中拉利益汇合点”组织，扣住团结、发展、文明、和平、民心五类工程。
· 可写方向：说明五大工程如何扩大中拉共同利益、促进互利共赢，并推动中拉命运共同体建设。"
Q0244,244,2890,2900,经济全球化,贸易保护主义与多边贸易体制,反对贸易保护主义，警惕单边措施破坏多边贸易秩序,2025东城期末Q20,2025东城期末Q20,为什么能想到;同题组;材料触发点;答案落点;设问,,747,"1. 2025东城期末Q20
【材料触发点】 欧盟对中国新能源汽车征收临时反补贴税，不只是中欧双边争端，也会破坏市场竞争、市场秩序，损害消费者利益，并不利于自身发展。
【设问】 运用《当代国际政治与经济》知识，写一篇短文，谈谈你对上述材料的认识。要求：题目自拟，观点明确，逻辑清晰，200字左右。
【为什么能想到】 欧盟反补贴税在题干中同时影响三个对象——市场公平竞争、欧盟自身绿色产业转型、欧盟消费者购车成本，三层共同呈现保护主义的反噬性。短文要谈""对材料的认识""，不能只看作中欧双边争端，要把保护主义如何同时损害秩序、自身和消费者的内在逻辑写清楚。先把反补贴税本质上是干预正常市场竞争点出；再分别说明它扭曲市场秩序、不利于欧盟自身绿色转型与产业发展；进而接到损害消费者利益的具体后果。
【答案落点】 贸易保护主义和单边措施会破坏市场竞争和市场秩序，既损害消费者利益，也不利于自身发展，最终阻碍世界经济共同发展。
【同题组】 （按原题答题层次）
· 答题层次：本题8分，短文题，先完成题目和分段，再按中国贡献、批判欧盟行为、中国态度或做法组织。
· 短文形式：题目1分；分三段1分。
· 中国贡献层"
Q0245,245,2902,2910,经济全球化,贸易保护主义与多边贸易体制,维护开放合作的国际经济环境,2026丰台期末Q20,2026丰台期末Q20,为什么能想到;同题组;材料触发点;答案落点;设问,,448,"1. 2026丰台期末Q20
【材料触发点】 材料强调中拉在发展工程中维护开放合作环境，题目指向说明共同现代化的外部条件。
【设问】 结合材料，运用《当代国际政治与经济》知识，阐释“五大工程”如何扩大中拉利益汇合点。
【为什么能想到】 “发展工程”强调开放合作环境，并与维护多边贸易体制、维护全球产业链供应链稳定畅通并列。问共同现代化的推进条件，除了具体产业合作，还需要说明开放合作的国际经济环境。先说明维护开放合作的国际经济环境，再接多边贸易体制和全球产业链供应链稳定畅通，最后指向拓展双方现代化合作空间。
【答案落点】 中拉双方维护开放合作的国际经济环境，有利于稳定“发展工程”的外部条件，为双方现代化拓展合作空间。
【同题组】 （同主题练习提醒）
· 本题适合作为同主题训练，不按固定得分层次展开。
· 练习主线：围绕“五大工程如何扩大中拉利益汇合点”组织，扣住团结、发展、文明、和平、民心五类工程。
· 可写方向：说明五大工程如何扩大中拉共同利益、促进互利共赢，并推动中拉命运共同体建设。"
Q0246,246,2912,2923,经济全球化,贸易保护主义与多边贸易体制,顺应经济全球化趋势，反对贸易保护主义,2026朝阳期末Q20,2026朝阳期末Q20,为什么能想到;同题组;材料触发点;答案落点;设问,,775,"1. 2026朝阳期末Q20
【材料触发点】 材料同时呈现经济全球化深入发展和贸易保护主义、关税霸凌等逆全球化障碍，题目指向说明中国特色大国外交为什么要主动作为。
【设问】 结合材料，运用《当代国际政治与经济》知识，分析中国特色大国外交为什么要更有作为。
【为什么能想到】 “高水平对外开放”“高质量共建一带一路”与“保护主义、关税霸凌”并列出现。要解释中国外交主动作为的经济背景，先要说明全球化趋势与逆全球化阻力的冲突。先说明经济全球化是历史大势，再指出贸易保护主义阻碍国际分工和资源流动，进而接到中国需要主动维护开放合作环境。
【答案落点】 经济全球化是不可逆转的历史大势，贸易保护主义会阻碍资源流动和国际分工，不利于世界经济复苏和共同发展，中国外交需要主动维护开放合作的国际经济环境。
【同题组】 （按原题答题层次）
· 本题8分，按四个角度组织，每个角度都写成“背景+目标”。
· 可先总起：中国特色大国外交主动作为，是顺应世界发展大势、服务国家发展大局的必然选择；后面角度不够完整时，这句可帮助兜住1分。
· 和平发展角度：和平与发展是当今时代主题；再结合材料说明推动人类命运共同体、维护共"
Q0247,247,2924,2934,经济全球化,贸易保护主义与多边贸易体制,顺应经济全球化趋势，反对贸易保护主义,2025东城期末Q20——评价欧盟对中国新能源汽车征收临时反补贴税,2025东城期末Q20,为什么能想到;同题组;材料触发点;答案落点;设问,,639,"2. 2025东城期末Q20——评价欧盟对中国新能源汽车征收临时反补贴税
【材料触发点】 题面写中方坚决反对欧方临时反补贴税并多次提出建设性解决方案；设问需要说明认识短文，谈到中国态度必须把""维护本国利益""明确写出。
【设问】 运用《当代国际政治与经济》知识，写一篇短文，谈谈你对上述材料的认识。要求：题目自拟，观点明确，逻辑清晰，200字左右。
【为什么能想到】 题面写中方坚决反对欧方临时反补贴税并多次提出建设性解决方案，材料不是单一国内措施，而是国际市场、资源和规则联动，核心在经济全球化。
【答案落点】 欧盟加征关税是贸易保护主义、逆全球化之举，违背经济规律，破坏市场竞争、损害消费者利益。
【同题组】 （按原题答题层次）
· 答题层次：本题8分，短文题，先完成题目和分段，再按中国贡献、批判欧盟行为、中国态度或做法组织。
· 短文形式：题目1分；分三段1分。
· 中国贡献层（3分）：我国新能源汽车产业发展促进全球资源优化配置、国际贸易发展，或为世界新能源产业注入活力，写充分2分，写得不充分1分；我国用行动为世界气候、环境、绿色、生态保护作贡献1分。
· 批判欧盟行为层（2分）：欧盟征收"
Q0248,248,2937,2948,经济全球化,贸易保护主义与多边贸易体制,维护以世界贸易组织为核心的多边贸易体制,2025朝阳一模Q20,2025朝阳一模Q20,为什么能想到;同题组;材料触发点;答案落点;设问,,1102,"1. 2025朝阳一模Q20
【材料触发点】 材料提到绿色认证等国际规则影响产品竞争力，说明我国应对产业链新态势不仅要参与生产布局，还要参与全球经济治理和规则制定，维护多边贸易体系。
【设问】 结合材料，运用《当代国际政治与经济》知识，说明我国应如何应对全球产业链供应链新态势，在全球产业变革中赢得主动。
【为什么能想到】 绿色认证等国际规则影响产品国际竞争力，指向企业竞争已经进入规则和标准竞争层面。问我国如何应对全球产业链供应链新态势并赢得主动，不能只写生产布局，还应说明参与并维护多边贸易规则。先说明维护 WTO 为核心的多边贸易体制，再接推动开放型世界经济，最终指向提升产业变革主动权。
【答案落点】 面对绿色认证等国际规则影响产品国际竞争力的新态势，我国应维护以世界贸易组织为核心的多边贸易体制，推动构建开放型世界经济，提升在全球产业变革中的主动权。
【同题组】 （按原题答题层次）
· 答题层次：本题总分标注为8分，围绕全球产业链供应链新态势，从多元化布局、区域化合作、绿色化转型、数字化加速四个特点分别作答，每个特点都写“做法+效果”，最后用一句话总结提升。
· 多元化布局（2分）：做"
Q0249,249,2953,2963,经济全球化,贸易保护主义与多边贸易体制,通过区域经济合作维护自由贸易和以世界贸易组织为核心的多边贸易体制,2025朝阳二模Q21,2025朝阳二模Q21,为什么能想到;同题组;材料触发点;答案落点;设问,,1033,"1. 2025朝阳二模Q21
【材料触发点】 设问从""世界发展需要""层面问中国为什么开创周边工作新局面。要回答""中国周边经济合作如何反哺世界""，必须用""推动经济全球化朝方向发展""作为外溢方向的术语，把区域合作接到全球方向上。
【设问】 结合材料，运用《当代国际政治与经济》知识，说明我国为什么要努力开创周边工作新局面。
【为什么能想到】 题面把""周边工作新局面""放在""世界发展需要""层面提出——周边合作不止服务于地区，还要外溢成全球经济意义。问""为什么要努力开创""，回答不能只停在睦邻角度，必须解释周边经济合作如何反哺世界经济方向。先把周边经济合作作为区域层级的具体落点点出；再写区域合作维护多边贸易体系，推动经济全球化朝更加开放、包容、普惠、平衡、共赢方向发展；进而接到把周边活力转化为世界经济新动能。
【答案落点】 中国通过与周边国家的区域经济合作，维护多边贸易体系，推动经济全球化朝着更加开放、包容、普惠、平衡、共赢的方向发展，把周边活力转化为世界经济新动能。
【同题组】 （按原题答题层次）
· 答题层次：本题8分，按“中国的发展需要—区域的发展需要—世界的发展需要”三层组织；同一关键词不重"
Q0250,250,2969,2978,政治多极化,新国关：新型国际关系,相互尊重、公平正义、合作共赢的新型国际关系,2026朝阳一模Q20,2026朝阳一模Q20,为什么能想到;同题组;材料触发点;答案落点;设问,,857,"1. 2026朝阳一模Q20
【材料触发点】 中国对外合作覆盖经贸、技术、人文、机制等多个领域，强调相互尊重、互利共赢而非阵营对抗，需要从国际秩序方向上定位中国行为。
【设问】 结合材料，运用《当代国际政治与经济》的知识，阐述中国为什么能为全球发展注入稳定性和正能量。
【为什么能想到】 材料把中国对外合作铺展为经贸、技术、人文、机制多领域并列，并强调""相互尊重、互利共赢""对""阵营对抗""的替代，指向中国合作具有国际关系层面的方向性。问""为什么能""注入稳定性和正能量，回答应指向中国合作所代表的国际关系方向，而不是合作的事项清单。先把扩大自贸朋友圈、对多国单方面免签作为多领域合作的典型摆出，再写中国坚持同各国合作共赢、推动建设合作共赢的新型国际关系，进而接到为全球发展注入稳定性和正能量。
【答案落点】 中国坚持同各国合作共赢，扩大自贸""朋友圈""、对多国单方面免签，推动建设合作共赢的新型国际关系，为全球发展注入稳定性和正能量。
【同题组】 （按原题答题层次）
· 答题层次：本题8分，按必答点、共享发展经验、发展潜力三个层次组织；全题总分不超过8分，发展潜力角度最多5分。
· 必答点（2分）：当"
Q0251,251,2979,2988,政治多极化,新国关：新型国际关系,相互尊重、公平正义、合作共赢的新型国际关系,2025丰台期末Q20——中非达成战略性共识的理论逻辑和价值意蕴,2025丰台期末Q20,为什么能想到;同题组;材料触发点;答案落点;设问,,730,"2. 2025丰台期末Q20——中非达成战略性共识的理论逻辑和价值意蕴
【材料触发点】 题面写中非共同反对""小院高墙""、脱钩断链和历史不公，体现发展中国家在平等基础上推动合作；设问问价值意蕴，需要从国际关系新方向说明意义。
【设问】 阅读材料，运用《当代国际政治与经济》知识，阐明中非达成一系列战略性共识的理论逻辑和价值意蕴。
【为什么能想到】 题面把""小院高墙""""脱钩断链""""历史不公""作为中非共同反对的对象摆出，指向这是发展中国家集体在国际关系层面立场上的对接。问""价值意蕴""，意蕴要回答这组共识对国际关系方向的撬动，而不是双方立场的相加。先把中非反对的三类旧国际关系问题作为共识焦点摆出，再写共识推动建设相互尊重、公平正义、合作共赢的新型国际关系，进而接到这种新方向对发展中国家平等参与的根本意义。
【答案落点】 中非围绕反对脱钩断链、单边主义和历史不公达成战略性共识，有利于推动建设相互尊重、公平正义、合作共赢的新型国际关系。
【同题组】 （按原题答题层次）
· 答题层次：本题8分，前四点各1分，后两点合计4分。
· 理论逻辑层（4分）：中非达成战略性共识符合和平与发展的时代主题1分；基于"
Q0252,252,2989,2997,政治多极化,新国关：新型国际关系,相互尊重、公平正义、合作共赢的新型国际关系,"2026延庆一模Q19(2)——中国""推动重塑全球能源治理格局""的理论逻辑和价值意蕴",2026延庆一模Q19,为什么能想到;同题组;材料触发点;答案落点;设问,,674,"3. 2026延庆一模Q19(2)——中国""推动重塑全球能源治理格局""的理论逻辑和价值意蕴
【材料触发点】 题面写中国以绿色能源合作让共建国家共同受益，避免单边支配式能源治理；设问问价值意蕴，需要把这种合作放回新型国际关系框架。
【设问】 结合材料二，运用《当代国际政治与经济》知识，说明中国“推动重塑全球能源治理格局”的理论逻辑和价值意蕴。
【为什么能想到】 题面把""绿色能源合作""""共建国家共同受益""""避免单边支配""三层并列摆出，指向中国能源治理路径是用共同发展替代支配关系。问""价值意蕴""，意蕴要解释这种能源治理范式对国际关系方向的撬动，而不是单纯描述能源合作。先把绿色能源合作中""共建共享、避免单边支配""的特征摆出，再写它推动构建相互尊重、公平正义、合作共赢的新型国际关系，进而接到对共建国家共同发展的实际意义。
【答案落点】 中国以绿色能源合作促进共建国家共同发展、避免单边支配的能源治理范式，有利于推动构建相互尊重、公平正义、合作共赢的新型国际关系。
【同题组】 （按原题答题层次）
· 答题层次：本题8分，按理论逻辑4分和价值意蕴4分组织。
· 理论逻辑（4分）：两个角度各2分，每个角"
Q0253,253,2998,3009,政治多极化,新国关：新型国际关系,相互尊重、公平正义、合作共赢的新型国际关系,2026顺义二模Q20,2026顺义二模Q20,为什么能想到;同题组;材料触发点;答案落点;设问,,720,"4. 2026顺义二模Q20
【材料触发点】 材料强调中国通过共享发展成果、促进文明互鉴，为动荡变革世界注入稳定性，体现相互尊重、公平正义、合作共赢的新型国际关系方向。
【设问】 结合材料，运用《当代国际政治与经济》知识，谈谈对“今天的中国，明天的世界”的理解。
【为什么能想到】 菌草技术、鲁班工坊、民生工程和发展合作跨越多个国家，呈现的是合作共赢而非阵营对抗、零和博弈。“中国好，世界会更好”应指向中国推动怎样的国际关系，而不是只说中国帮助了谁。先概括共享成果和文明互鉴的合作事实，再写相互尊重、公平正义、合作共赢的新型国际关系，进而接到世界稳定性。
【答案落点】 中国通过共享发展成果、促进文明互鉴，为动荡变革的世界注入稳定性，推动构建相互尊重、公平正义、合作共赢的新型国际关系。
【同题组】 （按原题答题层次）
· 本题8分，建议按“总—国际政治—国际经济—总”结构写。
· 总起：说明“今天的中国，明天的世界”体现中国发展与世界未来紧密相连，中国式现代化具有世界意义。
· 国际政治角度：可写中国是世界和平的建设者、国际秩序的维护者，坚持独立自主的和平外交政策，推动构建人类命运共同体、新型"
Q0254,254,3010,3018,政治多极化,新国关：新型国际关系,相互尊重、公平正义、合作共赢的新型国际关系,2026顺义一模Q20,2026顺义一模Q20,为什么能想到;同题组;材料触发点;答案落点;设问,,548,"5. 2026顺义一模Q20
【材料触发点】 设问问南南合作“典范”的深层逻辑，材料中的科技小院与发展中国家共享农业技术、降低成本、培养人才，说明南南合作通过具体项目回应全球南方农业发展、民生改善和共同发展需求。
【设问】 结合材料，运用《当代国际政治与经济》知识，阐述科技小院成为南南合作典范的深层逻辑。
【为什么能想到】 设问问南南合作“典范”的深层逻辑，材料中的科技共享、人才共育和成本降低体现的是平等互利、合作共赢的国际关系，而不是单向援助。由此可用相互尊重、公平正义、合作共赢的新型国际关系说明科技小院为什么具有典范意义。
【答案落点】 科技小院以技术共享、人才共育践行相互尊重、合作共赢的新型国际关系，推动南南合作走深走实。
【同题组】 （按原题答题层次）
· 本题7分，先写共同利益1分，这一层必须出现。
· 国际政治3分：可从和平与发展是当今时代主题写起；再写构建人类命运共同体，也可替换为独立自主的和平外交政策、维护世界和平促进共同发展的宗旨、正确义利观；还可写新型国际关系、合作共赢、互利共赢、共享发展成果。
· 国际经济3分：结合科技小院说明农业技术提高生产率、降低成本，带来发"
Q0255,255,3019,3030,政治多极化,新国关：新型国际关系,相互尊重、公平正义、合作共赢的新型国际关系,2025朝阳期末Q21,2025朝阳期末Q21,为什么能想到;同题组;材料触发点;答案落点;设问,,921,"6. 2025朝阳期末Q21
【材料触发点】 题面把世界动荡冲突、单边霸凌、脱钩断链和意识形态分歧作为外部风险，问中国特色大国外交如何营造外部环境；总体外部环境的根本前提是把答案先放回和平与发展的时代主题，再把促进世界和平与发展和维护和平稳定的国际环境作为方向。
【设问】 结合材料，运用《当代国际政治与经济》知识，说明如何通过开展中国特色大国外交为推进中国式现代化营造良好外部环境。
【为什么能想到】 分裂对抗、单边霸凌破坏政治环境，破解它要靠相互尊重、公平正义、合作共赢的新型国际关系。
【答案落点】 大国外交致力于推动建立相互尊重、公平正义、合作共赢的新型国际关系，营造良好外部环境。
【同题组】 （按原题答题层次）
· 答题层次：本题8分，要求总分或分总结构，层次清楚且四个外部环境角度齐全，结构与角度完整占1分。
· 总体外部环境（1分）：坚持和加强党对外交工作的领导，坚持以习近平外交思想为指导，全面贯彻总体国家安全观，推动构建人类命运共同体；坚定奉行独立自主的和平外交政策，坚持和平共处五项原则，维护我国主权、安全和发展利益，促进世界和平与发展，推进三大全球倡议走深走实。
· 外部政治"
Q0256,256,3031,3041,政治多极化,新国关：新型国际关系,相互尊重、公平正义、合作共赢的新型国际关系,2024朝阳二模Q20,2024朝阳二模Q20,为什么能想到;同题组;材料触发点;答案落点;设问,,758,"7. 2024朝阳二模Q20
【材料触发点】 表格题先要求形成研讨共识，研讨背景集中呈现气温上升对粮食、生态、能源、基础设施和生命财产安全的威胁，因此必须先说明气候治理的全球公共问题属性。
【设问】 结合研讨背景，运用《当代国际政治与经济》知识，完成下表。
【为什么能想到】 发达国家担90%碳排放却减排不力，材料要的是公平合理、不分单方得失的治理；用相互尊重、公平正义、合作共赢的新型国际关系，才说得清以平等合作替代对立。
【答案落点】 各方达成共识：各主权国家和国际组织应构建公平正义、合作共赢的新型国际关系，共商共建共享，合作应对气候变化。
【同题组】 （按原题答题层次）
· 答题层次：本题8分，基本原则2分，各方达成共识6分。
· 基本原则（2分）：平等（1分；有平等/公平/公正/多边主义/协商一致一词即可）；开放（1分；有开放/合作/共享/共赢/包容/求同存异/共商共建一词即可）。
· 共识一：为什么完善全球气候治理（1分）：气候变化给全人类带来巨大风险和挑战，气候治理已成为全球治理的重要议题之一；或写气候变化是全球性挑战、应对气候变化是人类共同责任。
· 共识二：如何完善全球气候"
Q0257,257,3042,3050,政治多极化,新国关：新型国际关系,相互尊重、公平正义、合作共赢的新型国际关系,2025海淀二模Q21,2025海淀二模Q21,为什么能想到;同题组;材料触发点;答案落点;设问,,684,"8. 2025海淀二模Q21
【材料触发点】 中国担任安理会轮值主席、推动讨论聚焦实质性问题并与全球南方国家发起“和平之友”小组，说明中国不仅参与联合国事务，也为全球治理提供理念和方案。
【设问】 结合材料，运用《当代国际政治与经济》知识，阐释“中国需要联合国，联合国也需要中国”。
【为什么能想到】 题目要求阐释“中国需要联合国，联合国也需要中国”，材料里的全球南方、联合国、安理会、“和平之友”等线索都发生在多边合作和国际关系处理中。中国通过平等合作参与联合国事务，推动国际关系朝相互尊重、公平正义、合作共赢方向发展。
【答案落点】 中国在联合国贡献中国智慧和方案，推动构建相互尊重、公平正义、合作共赢的新型国际关系，故联合国也需要中国。
【同题组】 （按原题答题层次）
· 答题层次：本题6分，双向论证“中国需要联合国，联合国也需要中国”。
· 中国需要联合国（3分）：联合国地位和作用2分，写联合国的普遍性、代表性、权威性，集体安全机制核心，实践多边主义最佳场所，或维护世界和平、推动共同发展、促进人类文明进步等，任意两条得2分；联合国对中国对外开放和现代化事业作出独特贡献、成为中国开展多边"
Q0258,258,3051,3062,政治多极化,新国关：新型国际关系,相互尊重、公平正义、合作共赢的新型国际关系,2024朝阳一模Q21,2024朝阳一模Q21,为什么能想到;同题组;材料触发点;答案落点;设问,,817,"9. 2024朝阳一模Q21
【材料触发点】 题目先要求分析“变局”中的经济形势，题目评价重点提示我国发展的外部环境日趋严峻、风险挑战增多，因此要先说明外部风险压力。
【设问】 结合上述资料，在分析我国当前经济形势的基础上，运用《当代国际政治与经济》知识，谈谈如何推动中国经济在变局中开新局。
【为什么能想到】 外部环境严峻，开新局需要良好周边氛围；材料坚持“合作共赢”而非对抗零和，正对应推动构建相互尊重、公平正义、合作共赢的新型国际关系。
【答案落点】 坚持合作共赢，推动构建相互尊重、公平正义、合作共赢的新型国际关系，为我国发展营造良好外部环境。
【同题组】 （按原题答题层次）
· 答题层次：本题9分，按4+5结构组织；先用4分概括我国当前经济形势，再用5分回答如何在变局中开新局。
· 分析我国当前经济形势（4分）：经济总量持续增长、经济增速保持稳健；我国经济进入以新发展理念引领的高质量发展阶段；外部环境日趋严峻、风险挑战增多；我国经济保持强大韧性和良好势头，在世界经济中的地位和贡献稳步提升。
· 开新局部分（5分）：必须从政治多极化、经济全球化两个维度结合材料展开。两个维度都写，4个"
Q0259,259,3063,3075,政治多极化,新国关：新型国际关系,相互尊重、公平正义、合作共赢的新型国际关系,2026石景山一模Q20,2026石景山一模Q20,为什么能想到;同题组;材料触发点;答案落点;设问,,639,"10. 2026石景山一模Q20
【材料触发点】 题面""五个共同""列出共同维护多边贸易体制、共同推进贸易投资自由化便利化、共同建设产业链供应链、共同推动数字绿色贸易合作、共同促进区域繁荣等内容，问中国倡议如何助推亚太合作；亚太各国能在这些方向上联动合作，前提是它们具有相互交织的共同利益。
【设问】 运用《当代国际政治与经济》知识，任选两个关键词，说明中国倡议如何助推亚太合作。
【为什么能想到】 中国倡议处处讲""共同""、深化合作共赢而非零和对抗，体现的是平等相待、合作而非角力的相处之道，对应相互尊重、公平正义、合作共赢的新型国际关系。
【答案落点】 中国倡议深化合作共赢，推动构建相互尊重、公平正义、合作共赢的新型国际关系，促进亚太团结合作。
【同题组】 （按原题答题层次）
· 本题8分：从1个关键词展开，可拿4分；从2个关键词展开，最多8分。
· 每个关键词都按“关键词+学科用语+结合材料分析”写，不只贴标签。
· 可选关键词：共商共建共享、人类命运共同体、经济全球化、和平发展合作共赢、维护共同利益；也可用材料中的“共同、开放、包容”组织。
· 高分表达要观点明确、紧扣问题、知识准确、逻"
Q0260,260,3076,3084,政治多极化,新国关：新型国际关系,相互尊重、公平正义、合作共赢的新型国际关系,2024西城二模Q19中国答案的国际关系新思路,2024西城二模Q19,为什么能想到;同题组;材料触发点;答案落点;设问,,504,"11. 2024西城二模Q19中国答案的国际关系新思路
【材料触发点】 题面把恃强凌弱、零和博弈、结盟对抗作为旧国际关系的问题，需要把中国答案放回当今世界主题之下，说明它顺应而非违背和平与发展的时代潮流。
【设问】 结合材料，阐述中国答案所体现的处理国际关系的新思路。
【为什么能想到】 旧逻辑是实力至上、结盟对抗，中国答案要换成相互尊重、公平正义、合作共赢的新型国际关系。
【答案落点】 中国答案超越实力至上的逻辑，倡导相互尊重、公平正义、合作共赢，构建新型国际关系，推动全球合作发展。
【同题组】 （按原题答题层次）
· 答题层次：本题5分，1分总判断，4分任取二点
· 总判断（1分）：全人类是一个命运与共的大家庭，国与国之间利益交汇、命运交织、休戚与共；也可用和平与发展作时代背景替代
· 新思路层（4分，以下任取二点，每点2分）：人类命运共同体理念超越集团政治的“小圈子”规则；超越实力至上的逻辑；超越少数国家定义“普世价值”的垄断；顺应时代潮流，倡导全球协作，推动国际秩序朝着更加公正合理的方向发展。正面解释可展开为赋予发展中国家更多发言权、推动国际关系民主化、坚持真正的多边主义、完善全"
Q0261,261,3085,3095,政治多极化,新国关：新型国际关系,相互尊重、公平正义、合作共赢的新型国际关系,2026东城期末Q20,2026东城期末Q20,为什么能想到;同题组;材料触发点;答案落点;设问,,842,"12. 2026东城期末Q20
【材料触发点】 材料列出共建“一带一路”、促成沙特伊朗历史性和解、推动设立“文明对话国际日”、推动建立国际调解院等行动，分别对应发展合作、安全对话、文明互鉴和治理公正。
【设问】 结合材料，运用《当代国际政治与经济》知识，分析四大全球倡议如何系统推动构建人类命运共同体。
【为什么能想到】 四大全球倡议不是四句口号，而是把发展、安全、文明、治理四类全球难题转化为合作行动。共建“一带一路”体现合作共赢，沙伊和解和国际调解院体现以对话处理争端，文明对话体现尊重差异，治理倡议体现规则公正；这些共同指向相互尊重、公平正义、合作共赢的新型国际关系。
【答案落点】 四大全球倡议通过发展合作、安全对话、文明互鉴和治理公正，推动各国以相互尊重处理差异、以公平正义完善规则、以合作共赢解决共同问题，为构建新型国际关系并推动人类命运共同体提供支撑。
【同题组】 （按原题答题层次）
· 答题层次：本题7分，按四大倡议、系统推动、实践层面组织
· 学理总说：携手构建人类命运共同体，就是要建设持久和平、普遍安全、共同繁荣、开放包容、清洁美丽的世界
· 四大倡议层（4分）：全球发展倡议"
Q0262,262,3096,3106,政治多极化,新国关：新型国际关系,相互尊重、公平正义、合作共赢的新型国际关系,2025朝阳二模Q21,2025朝阳二模Q21,为什么能想到;同题组;材料触发点;答案落点;设问,,987,"13. 2025朝阳二模Q21
【材料触发点】 中国同周边17国达成构建命运共同体共识，与25国共建""一带一路""，周边工作的世界意义指向国际秩序方向上。
【设问】 结合材料，运用《当代国际政治与经济》知识，说明我国为什么要努力开创周边工作新局面。
【为什么能想到】 材料把""周边17国构建命运共同体共识""""与25国共建一带一路""作为周边工作的核心成果，指向周边工作的意义超出双边，外溢到整个国际关系方向。问""为什么要""开创周边工作新局面，回答之一指向周边工作对全球国际关系方向的塑造作用。先把17国共识与25国共建作为周边合作的具体进展摆出，再写中国推动建设以合作共赢为核心的新型国际关系，进而接到为变乱交织的世界提供秩序方向。
【答案落点】 中国携手周边国家深化区域合作、共建""一带一路""和命运共同体，推动建设以合作共赢为核心的新型国际关系，为变乱交织的世界提供秩序方向。
【同题组】 （按原题答题层次）
· 答题层次：本题8分，按“中国的发展需要—区域的发展需要—世界的发展需要”三层组织；同一关键词不重复，语言要有层次、无知识错误
· 从中国的发展需要角度看（3分）：必要性1分，可写周边国家众"
Q0263,263,3109,3122,政治多极化,新国关：新型国际关系,相互尊重、公平正义、合作共赢的新型国际关系,2025门头沟一模Q19,2025门头沟一模Q19,为什么能想到;同题组;材料触发点;答案落点;设问,,981,"14. 2025门头沟一模Q19
【材料触发点】 题面""以共生消解零和、以共享替代支配""直接对应合作共赢的新型国际关系；问中国做""赋能型大国""的世界意义，要把中国现代化成果转化为世界共同发展机遇，重塑国际关系底色。
【设问】 结合材料，运用《当代国际政治与经济》的相关知识，分析中国做“赋能型大国”的世界意义？
【为什么能想到】 题面用""以共生消解零和、以共享替代支配""这种结构化短语，把""赋能型大国""与旧大国关系并列摆出，指向这是国际关系底色的根本转换。问""世界意义""，意义指向中国行为对国际关系性质的重塑，而不是中国能力的描述。先把""以共生消解零和、以共享替代支配""作为中国行为的核心特征摆出，再写中国推动共建以合作共赢为核心的新型国际关系，进而接到中国现代化成果转化为世界共同发展机遇。
【答案落点】 中国坚持以共生消解零和、以共享替代支配，推动共建以合作共赢为核心的新型国际关系，使中国现代化成果转化为世界共同发展机遇。
【同题组】 （按原题答题层次）
· 答题层次：本题8分，答出四条并有具体说明即可满分；每条2分，通常按“观点1分+说明1分”组织。
· 世界经济意义（2分）：中国提供广阔"
Q0264,264,3125,3138,政治多极化,新国关：新型国际关系,相互尊重、公平正义、合作共赢的新型国际关系,2026丰台期末Q21,2026丰台期末Q21,为什么能想到;同题组;材料触发点;答案落点;设问,,857,"15. 2026丰台期末Q21
【材料触发点】 题目要求围绕“四大全球倡议为构建人类命运共同体凝聚磅礴合力”写短评，题干呈现四大全球倡议回应时代课题、凝聚国际共识与共同未来之间的关系。回答这一关系时，应说明相关合作同时增进各方利益，不能只解释为单方面受益或单向援助。
【设问】 结合材料，运用《当代国际政治与经济》知识，以“四大全球倡议为构建人类命运共同体凝聚磅礴合力”为主题，撰写一篇短评。
【为什么能想到】 题目围绕“四大全球倡议为构建人类命运共同体凝聚磅礴合力”写短评，材料呈现四大全球倡议回应时代课题、凝聚国际共识与共同未来之间的关系。四项倡议强调平等合作、对话协商和共同受益，区别于零和对抗，体现的是相互尊重、公平正义、合作共赢的新型国际关系。
【答案落点】 四大全球倡议为构建人类命运共同体凝聚合作力量，有利于推动构建相互尊重、公平正义、合作共赢的新型国际关系。
【同题组】 （按原题答题层次）
· 答题层次：本题8分，短评题，围绕“四大全球倡议为构建人类命运共同体凝聚磅礴合力”展开，按整体回应和论证充分度定层级。
· 核心问题：不是简单罗列四个倡议，而是说明四大全球倡议如何推动构建人"
Q0265,265,3141,3149,政治多极化,新国关：新型国际关系,相互尊重、公平正义、合作共赢的新型国际关系,2026通州一模Q19,2026通州一模Q19,为什么能想到;同题组;材料触发点;答案落点;设问,,530,"16. 2026通州一模Q19
【材料触发点】 材料中习近平主席强调推动中美关系迈向相互尊重、合作共赢，并提出大国要带头讲平等、讲法治、讲合作、讲诚信。
【设问】 结合材料，运用《当代国际政治与经济》知识，分析中国元首外交如何为世界注入稳定性与正能量。（8分）
【为什么能想到】 材料直接出现“相互尊重、合作共赢”和“平等、法治、合作、诚信”，这些不是普通外交修辞，而是处理国际关系新思路的关键词，应上升到新型国际关系。
【答案落点】 中国元首外交推动构建相互尊重、公平正义、合作共赢的新型国际关系，引导大国关系和国际交往走向平等、法治、合作、诚信。
【同题组】 （按原题答题层次）
· 答题层次：本题8分，措施或知识4分，材料分析且必须答作用4分，落点指向为世界注入稳定性与正能量
· 可采知识：和平与发展时代主题、共同利益是合作的基础、兼顾他国合理关切、维护多边贸易体制、推动经济全球化朝开放包容普惠平衡共赢方向发展、坚持正确义利观、推动国际关系民主化和国际政治经济新秩序、共商共建共享全球治理观、推动构建人类命运共同体、中国特色大国外交
· 作答提醒：不能只罗列知识；每个知识点都要接材料中元首"
Q0266,266,3153,3162,政治多极化,新国关：新型国际关系,在平等互利基础上开展合作，实现互利共赢,2025丰台期末Q20——中非达成战略性共识的理论逻辑和价值意蕴,2025丰台期末Q20,为什么能想到;同题组;材料触发点;答案落点;设问,,757,"1. 2025丰台期末Q20——中非达成战略性共识的理论逻辑和价值意蕴
【材料触发点】 题面写中非围绕全球倡议、反对保护主义和提升发展中国家发言权达成共识；设问问理论逻辑，回答合作可持续性时须强调主权平等和互利。
【设问】 阅读材料，运用《当代国际政治与经济》知识，阐明中非达成一系列战略性共识的理论逻辑和价值意蕴。
【为什么能想到】 题面把""全球倡议""""反对保护主义""""提升发展中国家发言权""三件事并写为中非达成共识的内容；这三项落在不同层面，但都把双方放在彼此对等的地位。问""理论逻辑""要给出共识能形成并持续的国家间关系基础，不能只写合作清单；必须解释为什么中非合作不会沦为援助式或附加条件式安排。先把中非围绕全球倡议、反对保护主义、提升发展中国家发言权达成的共识接为对等合作的事实支撑，再用平等互利的国家间合作原则解释共识为何成立，最后指向推动南方国家联合自强的价值意蕴。
【答案落点】 中非在平等互利基础上开展合作，围绕全球发展、安全、文明倡议形成战略共识，推动南方国家联合自强。
【同题组】 （按原题答题层次）
· 答题层次：本题8分，前四点各1分，后两点合计4分。
· 理论逻辑层（4分）"
Q0267,267,3163,3173,政治多极化,新国关：新型国际关系,在平等互利基础上开展合作，实现互利共赢,2025东城期末Q20——评价欧盟对中国新能源汽车征收临时反补贴税,2025东城期末Q20,为什么能想到;同题组;材料触发点;答案落点;设问,,653,"2. 2025东城期末Q20——评价欧盟对中国新能源汽车征收临时反补贴税
【材料触发点】 题面写中方通过磋商方式回应欧盟反补贴税，并提出建设性解决方案；写认识短文谈到中国处理国际经贸争端的取向，""互利共赢""与""和平谈判方式""是并列写法。
【设问】 运用《当代国际政治与经济》知识，写一篇短文，谈谈你对上述材料的认识。要求：题目自拟，观点明确，逻辑清晰，200字左右。
【为什么能想到】 短评须防把倡议写成中国单方施惠，材料指向各方“共同未来”；用相互尊重、公平正义、合作共赢的新型国际关系，才说清这是以平等合作取代零和。
【答案落点】 中方主张通过磋商解决中欧新能源汽车贸易争端，坚持互利共赢，推动贸易自由便利并维护市场秩序。
【同题组】 （按原题答题层次）
· 答题层次：本题8分，短文题，先完成题目和分段，再按中国贡献、批判欧盟行为、中国态度或做法组织。
· 短文形式：题目1分；分三段1分。
· 中国贡献层（3分）：我国新能源汽车产业发展促进全球资源优化配置、国际贸易发展，或为世界新能源产业注入活力，写充分2分，写得不充分1分；我国用行动为世界气候、环境、绿色、生态保护作贡献1分。
· 批判"
Q0268,268,3174,3182,政治多极化,新国关：新型国际关系,在平等互利基础上开展合作，实现互利共赢,2026顺义一模Q20,2026顺义一模Q20,为什么能想到;同题组;材料触发点;答案落点;设问,,521,"3. 2026顺义一模Q20
【材料触发点】 设问问南南合作“典范”的深层逻辑，材料中的科技小院与发展中国家共享农业技术、降低成本、培养人才，说明南南合作通过具体项目回应全球南方农业发展、民生改善和共同发展需求。
【设问】 结合材料，运用《当代国际政治与经济》知识，阐述科技小院成为南南合作典范的深层逻辑。
【为什么能想到】 巴西科技小院帮农户作业时间缩短80%、成本降六到八成，受援国得实惠、中国拓空间，双方都得利正对应在平等互利基础上开展合作、实现互利共赢。
【答案落点】 科技小院在平等互利基础上开展农业合作，提高生产率、降低成本、共享发展成果，实现了中国与南方国家互利共赢。
【同题组】 （按原题答题层次）
· 本题7分，先写共同利益1分，这一层必须出现。
· 国际政治3分：可从和平与发展是当今时代主题写起；再写构建人类命运共同体，也可替换为独立自主的和平外交政策、维护世界和平促进共同发展的宗旨、正确义利观；还可写新型国际关系、合作共赢、互利共赢、共享发展成果。
· 国际经济3分：结合科技小院说明农业技术提高生产率、降低成本，带来发展动力；通过培养本土人才激发内生动力，推动可持续发展；"
Q0269,269,3183,3194,政治多极化,新国关：新型国际关系,在平等互利基础上开展合作，实现互利共赢,2024朝阳一模Q21,2024朝阳一模Q21,为什么能想到;同题组;材料触发点;答案落点;设问,,821,"4. 2024朝阳一模Q21
【材料触发点】 题目先要求分析“变局”中的经济形势，题目评价重点提示我国发展的外部环境日趋严峻、风险挑战增多，因此要先说明外部风险压力。
【设问】 结合上述资料，在分析我国当前经济形势的基础上，运用《当代国际政治与经济》知识，谈谈如何推动中国经济在变局中开新局。
【为什么能想到】 材料讲“在谋求本国发展中促进各国共同发展”，不是单方取利；这种各方都得益的处事方式，落到在平等互利基础上开展合作，实现互利共赢这一术语。
【答案落点】 在谋求本国发展中促进各国共同发展，在平等互利基础上开展合作、实现互利共赢，为开新局营造良好环境。
【同题组】 （按原题答题层次）
· 答题层次：本题9分，按4+5结构组织；先用4分概括我国当前经济形势，再用5分回答如何在变局中开新局。
· 分析我国当前经济形势（4分）：经济总量持续增长、经济增速保持稳健；我国经济进入以新发展理念引领的高质量发展阶段；外部环境日趋严峻、风险挑战增多；我国经济保持强大韧性和良好势头，在世界经济中的地位和贡献稳步提升。
· 开新局部分（5分）：必须从政治多极化、经济全球化两个维度结合材料展开。两个维度都"
Q0270,270,3195,3207,政治多极化,新国关：新型国际关系,在平等互利基础上开展合作，实现互利共赢,2026石景山一模Q20,2026石景山一模Q20,为什么能想到;同题组;材料触发点;答案落点;设问,,627,"5. 2026石景山一模Q20
【材料触发点】 题面""五个共同""列出共同维护多边贸易体制、共同推进贸易投资自由化便利化、共同建设产业链供应链、共同推动数字绿色贸易合作、共同促进区域繁荣等内容，问中国倡议如何助推亚太合作；亚太各国能在这些方向上联动合作，前提是它们具有相互交织的共同利益。
【设问】 运用《当代国际政治与经济》知识，任选两个关键词，说明中国倡议如何助推亚太合作。
【为什么能想到】 ""五个共同""立足亚太各国共同利益、寻找更多利益契合点，谋的是各方都得利而非一方独占，正切合在平等互利基础上开展合作、实现互利共赢。
【答案落点】 中国倡议在平等互利基础上开展合作，深化合作共赢，实现亚太各国互利共赢、共同发展。
【同题组】 （按原题答题层次）
· 本题8分：从1个关键词展开，可拿4分；从2个关键词展开，最多8分。
· 每个关键词都按“关键词+学科用语+结合材料分析”写，不只贴标签。
· 可选关键词：共商共建共享、人类命运共同体、经济全球化、和平发展合作共赢、维护共同利益；也可用材料中的“共同、开放、包容”组织。
· 高分表达要观点明确、紧扣问题、知识准确、逻辑清楚；只罗列知识、没有"
Q0271,271,3208,3217,政治多极化,新国关：新型国际关系,在平等互利基础上开展合作，实现互利共赢,2025西城一模Q18,2025西城一模Q18,为什么能想到;同题组;材料触发点;答案落点;设问,,649,"6. 2025西城一模Q18
【材料触发点】 设问问地区如何利用国内外资源""开拓海外市场""""提升国际循环质量""。要回答从国内市场延伸到国际市场的对外开放结构，必须用""两个市场两种资源/国际国内双循环""把国内端、国际端接成一条循环——只讲产业内部升级不能回答""国际循环质量提升""。
【设问】 从“两条鱼循环”看增长新空间。产自中国的鳗鱼“游”向世界，挪威三文鱼“飞”来中国，增长新空间在不断拓展。结合材料，运用《经济与社会》所学，谈谈中国经济增长新空间是如何拓展的。
【为什么能想到】 两条鱼一游出去一飞进来，中外双方在贸易中各取所需共同获益，材料强调的是这种互利而非单赢，落到“在平等互利基础上开展合作，实现互利共赢”。
【答案落点】 特色产业链畅通国际国内双循环，在平等互利基础上与其他国家合作共赢，开拓海外市场、增强发展内生动力。
【同题组】 （按原题答题层次）
· 答题层次：本题7分，按产业优势/内生动力、物质条件、市场三层组织
· 第一层：产业优势/内生动力（3分）：生态优势转换为发展优势/生态效益与经济效益相统一/绿色环保/实现生态价值；特色资源禀赋/比较优势/特色产业/技术创新/质量"
Q0272,272,3218,3229,政治多极化,新国关：新型国际关系,在平等互利基础上开展合作，实现互利共赢,2024丰台二模Q19,2024丰台二模Q19,为什么能想到;同题组;材料触发点;答案落点;设问,,589,"7. 2024丰台二模Q19
【材料触发点】 设问问中国“答卷”如何彰显大国担当，题目限定在应对气候变化和环境保护，因此全球治理观必须连接中国承担责任、南南合作和区域合作，而不是泛写治理口号。
【设问】 结合材料，运用《当代国际政治与经济》知识，说明中国""答卷""如何彰显大国担当。
【为什么能想到】 中非气候三年行动、中国—东盟红树林、中国—太平洋岛国合作中心，都是同周边改善环境、双方受益；不独占好处，对应“平等互利合作，实现互利共赢”。
【答案落点】 中国通过区域合作，在平等互利基础上促进区域环境改善，实现互利共赢，推动构建人类命运共同体，彰显大国担当。
【同题组】 （按原题答题层次）
· 答题层次：本题6分，三个角度各2分，必须写“做了什么+效果或意义”。
· 角度一：中国如何承担大国责任，并分析其发挥建设性作用（2分）。
· 角度二：中国如何通过南南合作帮助发展中国家发展，并分析其贡献中国智慧、中国方案或中国力量（2分）。
· 角度三：中国如何通过区域合作促进区域环境改善，并分析其推动构建人类命运共同体（2分）。
· 可补充方向：完善全球治理、共商共建共享、合作共赢可以作为分析语言"
Q0273,273,3230,3237,政治多极化,新国关：新型国际关系,在平等互利基础上开展合作，实现互利共赢,2026顺义一模Q21,2026顺义一模Q21,为什么能想到;同题组;材料触发点;答案落点;设问,,492,"8. 2026顺义一模Q21
【材料触发点】 “审势、乘势、驭势”综合题可从国政经角度说明：中国式现代化走和平发展道路，坚持多边主义、互利共赢和人类命运共同体理念，为世界和平与发展提供中国智慧和中国方案。
【设问】 结合材料，综合运用所学，谈谈以中国式现代化全面推进中华民族伟大复兴，应如何运用“审势、乘势、驭势”的智慧。
【为什么能想到】 设问围绕推进中国式现代化如何审势、乘势、驭势，材料把人类命运共同体和外部形势变化放在一起。要回答现代化怎样处理对外关系，关键不是单方利用外部条件，而是在平等互利中把中国发展同世界机遇相连接，所以应写坚持互利共赢、在平等互利基础上合作，以自身发展为世界发展创造机遇。
【答案落点】 推进中国式现代化要坚持互利共赢，在平等互利基础上开展国际合作，以自身发展为世界发展创造机遇。
【同题组】 （按原题答题层次）
· 答题提醒：综合题，8分任意4个角度；本题选必一对应国政经角度2分
· 国政经角度：和平与发展是当今时代主题；中国式现代化是走和平发展道路的现代化；坚持多边主义，坚持互利共赢，倡导人类命运共同体；为世界和平与发展提供中国智慧、中国方案"
Q0274,274,3240,3250,政治多极化,新国关：新型国际关系,在平等互利基础上开展合作，实现互利共赢,2026朝阳二模Q20(2),2026朝阳二模Q20,为什么能想到;同题组;材料触发点;答案落点;设问,,582,"9. 2026朝阳二模Q20(2)
【材料触发点】 材料把人类命运共同体理念与集团对抗、零和博弈相对照，说明这一理念倡导合作共赢，推动各国在发展自身利益时兼顾他国合理关切。
【设问】 结合材料，运用《当代国际政治与经济》知识，分析人类命运共同体理念为什么能维护世界和平与发展。
【为什么能想到】 本题第二层不是概括Q20(1)的“差异”，而是解释理念为什么能减少冲突、维护和平。材料中的“走出集团对抗、零和博弈”和“兼顾他国合理关切”共同指向合作共赢这一作答角度。
【答案落点】 人类命运共同体理念摒弃零和博弈、倡导合作共赢，推动各国在发展自身利益时兼顾他国合理关切，从而减少冲突，为世界和平奠定理念基础。
【同题组】 （按原题答题层次）
· 答题层次：本题6分，按三个角度组织；每个角度2分，知识1分、结合材料1分。
· 角度一：符合共同利益和时代主题（2分）。可写人类命运共同体理念超越民族国家本位，维护全人类共同利益，顺应和平与发展；时代主题可作替代表达。
· 角度二：倡导合作共赢、坚持多边主义、共商共建共享（2分）。可写摒弃零和博弈，推动各方合作应对全球性问题。
· 角度三：提供中国方案，"
Q0275,275,3255,3268,政治多极化,新国关：新型国际关系,在平等互利基础上开展合作，实现互利共赢,2026房山二模Q20世界数据组织完善全球数据治理,2026房山二模Q20,为什么能想到;同题组;材料触发点;答案落点;设问,,587,"10. 2026房山二模Q20世界数据组织完善全球数据治理
【材料触发点】 原题要求把“合作共赢”单列为1分，并写明“推动技术联合研发，促进数智技术创新，合作共赢、弥补数据鸿沟”。
【设问】 结合材料，运用《当代国际政治与经济》知识，分析世界数据组织完善全球数据治理，服务全球数字经济发展的智慧。
【为什么能想到】 题目问世界数据组织服务全球数字经济发展的智慧，材料中的技术联合研发和标准互认不是单向输出，而是各方在平等互利基础上的合作。答题要求单列合作共赢，必须作为独立迁移点保留。
【答案落点】 世界数据组织推动技术联合研发和标准互认，促进各方在平等互利基础上合作，实现互利共赢，弥合数据鸿沟。
【同题组】 （按原题答题层次）
· 答题层次：本题8分，围绕世界数据组织完善全球数据治理、服务全球数字经济发展的中国智慧展开；六个方向各1分，材料结合2分。
· 治理方向一：普惠包容的经济全球化（1分）。
· 治理方向二：平等有序的世界多极化（1分）。
· 利益基础：共同利益或共同发展（1分）。
· 合作关系：合作共赢或互利共赢（1分）。
· 治理方式：共商共建共享、全球治理观或真正的多边主义（1"
Q0276,276,3270,3280,政治多极化,新国关：新型国际关系,维护地区和平与稳定,2025朝阳二模Q21,2025朝阳二模Q21,为什么能想到;同题组;材料触发点;答案落点;设问,,934,"1. 2025朝阳二模Q21
【材料触发点】 国际形势复杂，周边格局和世界变局深度联动，周边工作新局面既服务发展，也服务安全和地区稳定。
【设问】 结合材料，运用《当代国际政治与经济》知识，说明我国为什么要努力开创周边工作新局面。
【为什么能想到】 材料把周边格局与世界变局描述为深度联动，指向周边工作不仅是经济合作，更承担把地区稳定与全球安全连接起来的功能。问""为什么要""开创周边工作新局面，回答之一指向安全维度——为发展和外交全局守住地区和平基础。先把世界变局背景下周边稳定的重要性点出，再写中国同周边国家创新区域合作机制、搭建合作平台，进而接到维护地区和平与稳定的直接效果。
【答案落点】 中国同周边国家创新区域合作机制、搭建合作平台，有利于维护地区和平与稳定。
【同题组】 （按原题答题层次）
· 答题层次：本题8分，按“中国的发展需要—区域的发展需要—世界的发展需要”三层组织；同一关键词不重复，语言要有层次、无知识错误
· 从中国的发展需要角度看（3分）：必要性1分，可写周边国家众多、符合我国与周边国家地理环境和文化发展状况、国际形势出现深刻变化；重要性任意两点2分，可写实现发展繁荣的"
Q0277,277,3285,3297,政治多极化,完全治：完善全球治理,共商共建共享的全球治理观,2026通州期末Q20,2026通州期末Q20,为什么能想到;同题组;材料触发点;答案落点;设问,,594,"1. 2026通州期末Q20
【材料触发点】 设问评价全球治理倡议的方向和担当，题面围绕全球治理赤字和国际规则秩序展开，需从中国倡导的全球治理观说明其价值方向。
【设问】 结合材料，运用《当代国际政治与经济》知识，谈谈你对“全球治理倡议正逢其时、指引方向彰显担当”的理解。
【为什么能想到】 题面把“治理赤字”和“国际规则秩序”作为治理倡议被提出的背景——既有现实问题（赤字）也有结构性挑战（规则秩序），决定了答案要从治理理念层切入。要回答倡议“指引方向”的内涵，必须先回答它的治理立场是什么——各国共同参与、共同建设、共同分享，而不是某国主导。先把全球治理赤字与国际规则秩序问题作为倡议要回应的现实点出；再说明倡议秉持共商共建共享的全球治理观；进而接到为应对治理赤字、完善全球治理提供中国方向。
【答案落点】 全球治理倡议坚持共商共建共享全球治理观，为应对治理赤字、完善全球治理提供中国方向。
【同题组】 （按原题答题层次）
· 答题层次：本题8分，按六点答题层次组织
· 共商共建共享全球治理观（1分）
· 时代主题、经济全球化、顺应各国人民愿望等（2分）
· 符合《联合国宪章》宗旨和原则（1分"
Q0278,278,3298,3307,政治多极化,完全治：完善全球治理,共商共建共享的全球治理观,2026朝阳一模Q20,2026朝阳一模Q20,为什么能想到;同题组;材料触发点;答案落点;设问,,901,"2. 2026朝阳一模Q20
【材料触发点】 设问问中国为什么能为全球发展注入稳定性和正能量，题面呈现中国扩大自贸朋友圈、分享发展成果、促进人才商品服务和要素双向流动，说明中国不是单向输出，而是在开放合作中同世界共享发展机遇。
【设问】 结合材料，运用《当代国际政治与经济》的知识，阐述中国为什么能为全球发展注入稳定性和正能量。
【为什么能想到】 题面用一连串“双向”动作——扩大自贸朋友圈、分享发展成果、促进人才与商品服务和要素双向流动——共同说明中国不是单向输出，而是与各国互动。问中国“为什么能”注入稳定性，能不能在于中国坚持的治理立场是否可被各国共享、可被持续合作，必须从共商共建共享理念切入。先把自贸朋友圈、发展成果分享、要素双向流动作为共商共建共享的具体表现点出；再说明这些做法让各国共享中国发展机遇；进而接到为全球发展注入稳定性和正能量。
【答案落点】 中国坚持共商共建共享，通过扩大自贸朋友圈、分享发展成果并促进人才、商品、服务和生产要素双向流动，让全球共享中国发展机遇，为全球发展注入稳定性和正能量。
【同题组】 （按原题答题层次）
· 答题层次：本题8分，按必答点、共享发展经验、"
Q0279,279,3308,3318,政治多极化,完全治：完善全球治理,共商共建共享的全球治理观,2024朝阳二模Q20——完善全球气候治理基本原则与各方共识表格,2024朝阳二模Q20,为什么能想到;同题组;材料触发点;答案落点;设问,,934,"3. 2024朝阳二模Q20——完善全球气候治理基本原则与各方共识表格
【材料触发点】 各方对气候风险已有共识，但对责任和路径分歧明显；回答""如何完善全球气候治理""必须先从治理体系层面把分歧引向合作框架，触发共商共建共享全球治理观和公平合理、合作共赢的治理体系。
【设问】 结合研讨背景，运用《当代国际政治与经济》知识，完成下表。
【为什么能想到】 各方在""气候风险存在""上有共识，但在""责任和路径""上分歧明显——共识与分歧并存的局面决定了治理原则必须先把分歧引向合作框架。表格需要说明""应遵循的基本原则""，原则的功能是把责任与路径分歧框入共同治理结构，必须从治理观层级回答。先把气候问题关乎各国共同安全与发展利益作为合作的现实基础点出；再写各主权国家和国际组织秉持共商共建共享的全球治理观；进而接到推动构建公平合理、合作共赢的全球气候治理体系。
【答案落点】 应对气候变化关系各国共同安全与发展利益，各主权国家和国际组织应秉持共商共建共享全球治理观，推动构建公平合理、合作共赢的全球气候治理体系。
【同题组】 （按原题答题层次）
· 答题层次：本题8分，基本原则2分，各方达成共识6分。
· 基本原"
Q0280,280,3319,3330,政治多极化,完全治：完善全球治理,共商共建共享的全球治理观,2024丰台二模Q19,2024丰台二模Q19,为什么能想到;同题组;材料触发点;答案落点;设问,,721,"4. 2024丰台二模Q19
【材料触发点】 设问问中国“答卷”如何彰显大国担当，题目限定在应对气候变化和环境保护，因此全球治理观必须连接中国承担责任、南南合作和区域合作，而不是泛写治理口号。
【设问】 结合材料，运用《当代国际政治与经济》知识，说明中国""答卷""如何彰显大国担当。
【为什么能想到】 题目把“答卷”限定在气候变化和环境保护领域，中国答卷的形态既包括对外承诺，也包括南南合作和区域合作的具体实施。需要说明“担当”，担当不是泛写治理口号，必须把中国承担责任的对象（发展中国家、地区伙伴）和路径（南南合作、区域合作）都接进来。先点明气候变化与环境保护是中国答卷的题域；再写中国通过南南合作和区域合作参与完善全球治理；进而接到践行共商共建共享理念，为全球环境治理提供中国方案。
【答案落点】 中国在应对气候变化中积极承担责任，通过南南合作和区域合作参与完善全球治理，践行共商共建共享理念，为全球环境治理提供中国方案。
【同题组】 （按原题答题层次）
· 答题层次：本题6分，三个角度各2分，必须写“做了什么+效果或意义”。
· 角度一：中国如何承担大国责任，并分析其发挥建设性作用（2分）。
"
Q0281,281,3331,3340,政治多极化,完全治：完善全球治理,共商共建共享的全球治理观,2025丰台期末Q20——中非达成战略性共识的理论逻辑和价值意蕴,2025丰台期末Q20,为什么能想到;同题组;材料触发点;答案落点;设问,,695,"5. 2025丰台期末Q20——中非达成战略性共识的理论逻辑和价值意蕴
【材料触发点】 题面写中非合力提升发展中国家在全球治理体系中的代表性和发言权；题目指向阐明价值意蕴，必须从全球治理观说明中非合作的治理意义。
【设问】 阅读材料，运用《当代国际政治与经济》知识，阐明中非达成一系列战略性共识的理论逻辑和价值意蕴。
【为什么能想到】 题面给出中非合作方向——合力提升发展中国家在全球治理体系中的代表性和发言权——属于治理结构层。问""价值意蕴""，意蕴的落点不在双边收益，而在中非合作对全球治理体系的方向影响。先把中非合力提升发展中国家代表性和发言权点出；再说明它落实共商共建共享的全球治理观；进而接到推动全球治理体系朝更公正合理方向发展。
【答案落点】 中非合力提升发展中国家代表性和发言权，落实共商共建共享的全球治理观，推动全球治理体系朝着更公正合理的方向发展。
【同题组】 （按原题答题层次）
· 答题层次：本题8分，前四点各1分，后两点合计4分。
· 理论逻辑层（4分）：中非达成战略性共识符合和平与发展的时代主题1分；基于国家间共同利益构建中非命运共同体1分；在平等互利基础上开展合作1分；落"
Q0282,282,3341,3349,政治多极化,完全治：完善全球治理,共商共建共享的全球治理观,"2026延庆一模Q19(2)——中国""推动重塑全球能源治理格局""的理论逻辑和价值意蕴",2026延庆一模Q19,为什么能想到;同题组;材料触发点;答案落点;设问,,637,"6. 2026延庆一模Q19(2)——中国""推动重塑全球能源治理格局""的理论逻辑和价值意蕴
【材料触发点】 题面写中国与共建国家通过绿色发展指数和""指标共商、策略共研、成效共评""机制开展能源治理合作；设问问价值意蕴，机制本身就是共商共建共享的具体形态。
【设问】 结合材料二，运用《当代国际政治与经济》知识，说明中国“推动重塑全球能源治理格局”的理论逻辑和价值意蕴。
【为什么能想到】 材料中的绿色发展指数、指标共商、策略共研、成效共评，直接显示能源治理由多方共同参与、共同设计、共同评价。设问问中国推动重塑全球能源治理格局的理论逻辑，就要把这些机制上升为共商共建共享的治理方式，说明中国推动全球能源治理由单边安排转向多边协同。
【答案落点】 中国与共建国家通过绿色发展指数和指标共商、策略共研、成效共评机制开展能源治理合作，践行共商共建共享的全球治理观，推动全球能源治理向多边协同转型。
【同题组】 （按原题答题层次）
· 答题层次：本题8分，按理论逻辑4分和价值意蕴4分组织。
· 理论逻辑（4分）：两个角度各2分，每个角度按观点1分+结合绿色能源合作材料说明1分。国家利益角度可写共同利益是国家"
Q0283,283,3350,3361,政治多极化,完全治：完善全球治理,共商共建共享的全球治理观,"2025顺义一模Q20——""小而美""项目为何成为中国开展国际发展合作的亮点和名片",2025顺义一模Q20,为什么能想到;同题组;材料触发点;答案落点;设问,,931,"7. 2025顺义一模Q20——""小而美""项目为何成为中国开展国际发展合作的亮点和名片
【材料触发点】 题面写""小而美""项目通过共建国家参与、基层社区导向和民生落地形成合作样态；设问问亮点和名片原因，需从合作治理原则解释项目能够形成共识。
【设问】 结合材料，运用《当代国际政治与经济》知识，说明“小而美”项目为何成为中国开展国际发展合作的亮点和名片。
【为什么能想到】 ""小而美""项目的关键不在""小""而在""美""——共建国家参与、基层社区导向、民生落地三层共同构成被合作对象接受的具体样态。问""为什么成为亮点和名片""，原因要从合作治理原则解释——为什么各方愿意参与并形成共识。先把共建国家参与、基层社区导向、民生落地作为项目样态的特征点出；再说明这一形态坚持共商共建共享原则；进而接到聚焦共建国家基层社区需求，增强国际发展合作的实际成效。
【答案落点】 ""小而美""项目坚持共商共建共享原则，聚焦共建国家基层社区需求，增强国际发展合作的实际成效。
【同题组】 （按原题答题层次）
· 答题层次：本题8分，按项目本身优势、当地价值、我国意义或理念、世界意义和贡献四层组织，总分不超过8分。
· 项目本身的"
Q0284,284,3362,3373,政治多极化,完全治：完善全球治理,共商共建共享的全球治理观,2026顺义二模Q20,2026顺义二模Q20,为什么能想到;同题组;材料触发点;答案落点;设问,,763,"8. 2026顺义二模Q20
【材料触发点】 题目指向理解“今天的中国，明天的世界”，材料把中国式现代化的开放实践写成多国共同受益的项目网络，体现共商共建共享的全球治理观。
【设问】 结合材料，运用《当代国际政治与经济》知识，谈谈对“今天的中国，明天的世界”的理解。
【为什么能想到】 微电网点亮圭亚那村庄、乡村打井解决塞内加尔用水、物流网络打通巴西贫民社区快递末端、菌草技术惠及百国，都是共同建设、共同分享的发展项目。“今天的中国，明天的世界”要说明中国发展与世界未来相互联结，不能只写中国自身现代化成果。先用共商共建共享统摄多国合作项目，再写中国把自身发展机遇转化为各国共享成果，最后指向全球治理和共同发展。
【答案落点】 中国以共商共建共享理念推进发展合作，通过微电网、乡村打井、物流网络、希望农场、菌草技术和鲁班工坊等实践，把中国发展机遇转化为各国共享的发展成果。
【同题组】 （按原题答题层次）
· 本题8分，建议按“总—国际政治—国际经济—总”结构写。
· 总起：说明“今天的中国，明天的世界”体现中国发展与世界未来紧密相连，中国式现代化具有世界意义。
· 国际政治角度：可写中国是世界和"
Q0285,285,3374,3382,政治多极化,完全治：完善全球治理,共商共建共享的全球治理观,2026丰台一模Q19（共商共建共享全球治理观）,2026丰台一模Q19,为什么能想到;同题组;材料触发点;答案落点;设问,,451,"9. 2026丰台一模Q19（共商共建共享全球治理观）
【材料触发点】 设问问中国在全球可持续发展中的""情怀与担当""。要回答中国对全球治理结构的主张——必须用""共商共建共享的全球治理观""接住中国在减贫、教育、健康等领域为全球公共问题作出的体系性贡献。
【设问】 结合材料，运用《当代国际政治与经济》知识，说明中国在全球可持续发展中彰显了怎样的大国情怀与担当。
【为什么能想到】 中国在减贫、教育、卫生健康为全球公共问题作贡献，不是单边给予；要说清这份“担当”的治理路径，就用共商共建共享的全球治理观，强调多方共建共享而非独揽。
【答案落点】 中国坚持共商共建共享的全球治理观，在消除贫困、教育普及和卫生健康等领域推进合作，为全球可持续发展贡献成就，体现负责任大国的情怀与担当。
【同题组】 （同主题练习提醒）
· 本题适合作为同主题训练，不按固定得分层次展开。
· 可写方向：围绕全球治理、中国担当、人类命运共同体、多边主义、正确义利观等组织答案。
· 易错提醒：不要把其他题目的逐点层次直接套到本题。"
Q0286,286,3383,3392,政治多极化,完全治：完善全球治理,共商共建共享的全球治理观,2026西城二模Q19(1),2026西城二模Q19,为什么能想到;同题组;材料触发点;答案落点;设问,,593,"10. 2026西城二模Q19(1)
【材料触发点】 全球数据组织和治理规则需要多方共同参与，不能由少数国家垄断。
【设问】 结合材料，运用当代国际政治知识，阐释中国参与全球数据治理的逻辑。
【为什么能想到】 题面把现行数据治理与""少数国家垄断""挂钩，并把""多方共同参与""作为治理改革方向，指向中国参与的逻辑要从打破垄断、扩大平等参与角度展开。问中国参与的""逻辑""，逻辑要交代中国主张的治理观以及它对规则制定主体的安排，而不是罗列中国做了什么事。先以共商共建共享的全球治理观立住中国参与的基本立场，再把推动各国平等参与数据治理规则制定作为具体路径写出，进而接到国际关系民主化的方向意义。
【答案落点】 中国参与全球数据治理，坚持共商共建共享，推动各国平等参与数据治理规则制定，促进国际关系民主化。
【同题组】 （按原题答题层次）
· 答题层次：本题6分，按背景解释、宗旨原则、世界意义三层组织
· 背景解释（2分）：全球化发展趋势1分；替代可写和平与发展、全人类共同价值、人类共同利益；结合材料分析1分
· 宗旨原则说明（2分）：共商共建共享1分，变通可写国际关系民主化等；结合材料说明我国参与全球数"
Q0287,287,3393,3402,政治多极化,完全治：完善全球治理,共商共建共享的全球治理观,2026西城期末Q20——参与全球气候治理中的中国实践,2026西城期末Q20,为什么能想到;同题组;材料触发点;答案落点;设问,,734,"11. 2026西城期末Q20——参与全球气候治理中的中国实践
【材料触发点】 题面把中国持续提交并更新NDC目标作为治理体系层面的贡献呈现，需要把中国履约行动接到""以行动推动构建公平合理、合作共赢的全球气候治理体系""上，而不是只说中国履约。
【设问】 结合材料，运用《国际政治与经济》知识，阐释参与全球气候治理的中国实践。
【为什么能想到】 题面把""持续提交并更新NDC目标""作为中国对全球气候治理的具体贡献——NDC不是单次承诺，而是长期更新的治理行动。问中国""实践""，实践不止是中国履约，必须把履约接到全球治理体系层级——中国在治理体系建设上做了什么。先把持续向联合国提交并更新国家自主贡献目标作为中国行动的具体形态点出；再说明这一行动是在治理体系层级的中国实践；进而接到以实际行动推动构建公平合理、合作共赢的全球气候治理体系。
【答案落点】 中国持续向联合国提交并更新国家自主贡献目标，以实际行动推动构建公平合理、合作共赢的全球气候治理体系。
【同题组】 （按原题答题层次）
· 本题8分，按“是什么—为什么—效果”三层写。
· 是什么2分：先说中国在全球气候治理中是建设者、引领者或负责任大"
Q0288,288,3403,3414,政治多极化,完全治：完善全球治理,共商共建共享的全球治理观,"2024朝阳期中Q20(3)""数字驱动商通全球""短评",2024朝阳期中Q20,为什么能想到;同题组;材料触发点;答案落点;设问,,823,"12. 2024朝阳期中Q20(3)""数字驱动商通全球""短评
【材料触发点】 数贸会一方面汇集数字首发首秀新产品并促进数字科技产品贸易（开放、创新），另一方面通过""智慧非洲""展台让非洲国家共享中国市场和数字红利（包容、普惠），并通过双向签约形成共赢；整体合力呈现的是数字贸易领域的开放、包容、普惠、平衡、共赢方向。
【设问】 结合材料，运用《当代国际政治与经济》知识，以“数字驱动 商通全球”为主题撰写一篇短评。
【为什么能想到】 数贸会以智慧非洲展台让非洲共享市场、靠双向签约形成共赢，呈现平等开放、合作共享；这种多方参与共建共享的安排，对应共商共建共享的全球治理观。
【答案落点】 博览会生动展现了中国平等开放、合作共享的全球治理理念，秉持共商共建共享，推动构建更加公正合理的全球治理体系。
【同题组】 （按原题答题层次）
· 答题层次：本题10分，短评题，按题目、三段材料分别点评、总结或总评、语言表达组织。
· 短评题目（1分）。
· 三段材料分别点评（6分，每段“事实1分+点评1分”）：汇集新产品，写数贸会推动数字科技产品贸易和使用，促进全球经济创新发展；打造新平台，写数贸会搭建交流合作"
Q0289,289,3415,3426,政治多极化,完全治：完善全球治理,共商共建共享的全球治理观,2025朝阳期末Q21,2025朝阳期末Q21,为什么能想到;同题组;材料触发点;答案落点;设问,,925,"13. 2025朝阳期末Q21
【材料触发点】 题面把世界动荡冲突、单边霸凌、脱钩断链和意识形态分歧作为外部风险，问中国特色大国外交如何营造外部环境；总体外部环境的根本前提是把答案先放回和平与发展的时代主题，再把促进世界和平与发展和维护和平稳定的国际环境作为方向。
【设问】 结合材料，运用《当代国际政治与经济》知识，说明如何通过开展中国特色大国外交为推进中国式现代化营造良好外部环境。
【为什么能想到】 材料强调全球性挑战不断加剧，靠单个国家无法应对，因此中国特色大国外交要坚持共商共建共享。
【答案落点】 大国外交秉持共商共建共享的全球治理观，积极参与全球治理，为中国式现代化营造良好外部环境。
【同题组】 （按原题答题层次）
· 答题层次：本题8分，要求总分或分总结构，层次清楚且四个外部环境角度齐全，结构与角度完整占1分。
· 总体外部环境（1分）：坚持和加强党对外交工作的领导，坚持以习近平外交思想为指导，全面贯彻总体国家安全观，推动构建人类命运共同体；坚定奉行独立自主的和平外交政策，坚持和平共处五项原则，维护我国主权、安全和发展利益，促进世界和平与发展，推进三大全球倡议走深走实。
· "
Q0290,290,3427,3437,政治多极化,完全治：完善全球治理,共商共建共享的全球治理观,2026朝阳期中Q17,2026朝阳期中Q17,为什么能想到;同题组;材料触发点;答案落点;设问,,805,"14. 2026朝阳期中Q17
【材料触发点】 题面一方面强调芯片、算法、大模型等核心环节自主可控，另一方面说明自主可控不是闭门造车，体现人工智能发展要在维护核心利益的同时开展开放合作。
【设问】 结合材料，运用《当代国际政治与经济》知识阐述我国应如何处理好推进“人工智能+”发展过程中的重要关系。
【为什么能想到】 丙同学讲人工智能是造福人类的国际公共产品、要帮全球南方加强能力建设；这类治理靠多方共同参与而非单边主导，故对应共商共建共享的全球治理观。
【答案落点】 坚持对外开放，秉持共商共建共享的全球治理观，参与经济全球化与国际分工，畅通双循环、互利共赢。
【同题组】 （按原题答题层次）
· 答题层次：本题8分；一层3分，两层6分，三层8分。每层按“关系概括1分+两端展开各1分”组织。
· 处理好自力更生和对外开放的关系（3分）：先概括二者关系，再分别写自力更生一端和对外开放一端。自力更生可联系核心技术自主可控、把握创新主动权、创新驱动、技术研发和核心竞争力；对外开放可联系国际交流合作、参与经济全球化和国际分工、发展开放型经济、共商共建共享、两个市场两种资源、国内国际双循环。
· 处理"
Q0291,291,3438,3450,政治多极化,完全治：完善全球治理,共商共建共享的全球治理观,2026石景山一模Q20,2026石景山一模Q20,为什么能想到;同题组;材料触发点;答案落点;设问,,623,"15. 2026石景山一模Q20
【材料触发点】 题面""五个共同""列出共同维护多边贸易体制、共同推进贸易投资自由化便利化、共同建设产业链供应链、共同推动数字绿色贸易合作、共同促进区域繁荣等内容，问中国倡议如何助推亚太合作；亚太各国能在这些方向上联动合作，前提是它们具有相互交织的共同利益。
【设问】 运用《当代国际政治与经济》知识，任选两个关键词，说明中国倡议如何助推亚太合作。
【为什么能想到】 倡议反复用""共同维护、共同推进、共享繁荣""，治理由各方一起商量、一起建设、共同受益，恰是共商共建共享的全球治理观的写照。
【答案落点】 中国倡议坚持共商共建共享，共同维护、共同推进、共享繁荣，维护了亚太各国共同利益。
【同题组】 （按原题答题层次）
· 本题8分：从1个关键词展开，可拿4分；从2个关键词展开，最多8分。
· 每个关键词都按“关键词+学科用语+结合材料分析”写，不只贴标签。
· 可选关键词：共商共建共享、人类命运共同体、经济全球化、和平发展合作共赢、维护共同利益；也可用材料中的“共同、开放、包容”组织。
· 高分表达要观点明确、紧扣问题、知识准确、逻辑清楚；只罗列知识、没有扣材料，"
Q0292,292,3451,3461,政治多极化,完全治：完善全球治理,共商共建共享的全球治理观,2026海淀二模Q20(2),2026海淀二模Q20,为什么能想到;同题组;材料触发点;答案落点;设问,,593,"16. 2026海淀二模Q20(2)
【材料触发点】 全球发展倡议本身就是题目主题，材料要求把中国倡议与国际发展合作实践连接起来。
【设问】 结合材料，运用《当代国际政治与经济》知识，围绕“全球发展倡议从合作理念到丰富实践”这一主题，撰写一篇短评。（7分）
【为什么能想到】 倡议""共建全球发展促进中心网络""、不断提升发展中国家可持续造血能力，行动由各方共建、成果由各方共享，恰是共商共建共享的全球治理观的落地。
【答案落点】 全球发展倡议秉持共商共建共享的全球治理观，共建全球发展促进中心网络，不断提升发展中国家可持续造血能力。
【同题组】 （按原题答题层次）
· 答题层次：本题7分，按短评答题层次组织
· 逻辑分层（1分）：分清“背景及原因”和“具体举措及其积极影响”，通过分段呈现
· 背景及原因/意义（3分）：必要性知识1分，可写时代主题、经济全球化/世界多极化、共同利益等；重要性知识1分，可写推动国际秩序朝更加公正合理方向发展、推动经济全球化朝开放包容普惠平衡共赢方向发展、增强发展中国家话语权和国际地位等任意一点；结合材料论述1分
· 具体举措（3分）：共商共建共享、完善全球治理、践"
Q0293,293,3462,3472,政治多极化,完全治：完善全球治理,共商共建共享的全球治理观,2026东城期末Q20,2026东城期末Q20,为什么能想到;同题组;材料触发点;答案落点;设问,,753,"17. 2026东城期末Q20
【材料触发点】 设问问“四大全球倡议如何系统推动构建人类命运共同体”，题面集中呈现发展、安全、文明、治理四项倡议，指向建设持久和平、普遍安全、共同繁荣、开放包容、清洁美丽的世界。
【设问】 结合材料，运用《当代国际政治与经济》知识，分析四大全球倡议如何系统推动构建人类命运共同体。
【为什么能想到】 破解全球治理难题、推动设立国际调解院，都得多方一起商量、一起建、一起享，而非谁单边说了算；这种方式恰用“共商共建共享的全球治理观”概括。
【答案落点】 全球治理倡议坚持共商共建共享，完善全球治理，以治理求公正，在公平治理中实现共赢，推动构建人类命运共同体。
【同题组】 （按原题答题层次）
· 答题层次：本题7分，按四大倡议、系统推动、实践层面组织
· 学理总说：携手构建人类命运共同体，就是要建设持久和平、普遍安全、共同繁荣、开放包容、清洁美丽的世界
· 四大倡议层（4分）：全球发展倡议以发展促繁荣，可写坚持互利共赢、坚持正确义利观、共商共建共享、发展合作中共享机遇；全球安全倡议以安全保稳定，可写相互尊重、平等协商、筑牢安全屏障、在安全互信中维护和平；全球文明倡"
Q0294,294,3473,3484,政治多极化,完全治：完善全球治理,共商共建共享的全球治理观,2025丰台二模Q20,2025丰台二模Q20,为什么能想到;同题组;材料触发点;答案落点;设问,,783,"18. 2025丰台二模Q20
【材料触发点】 题目理解“中国力量”如何完善全球治理，材料多次出现人类命运共同体、平等开放合作共享和公正合理的治理方向。
【设问】 当今世界，全球治理体系与国际秩序变革加速推进。我们愿同各方一道，一以贯之以实际行动为完善全球治理注入中国力量。结合材料，运用《当代国际政治与经济》知识，谈谈你对“为完善全球治理注入中国力量”的理解。
【为什么能想到】 题目要求说明中国力量如何注入全球治理，材料把人类命运共同体理念和完善全球治理的具体主张结合起来。答题不能停在“中国参与治理”的事实，要说明中国按什么治理原则参与：共商共建共享强调各方共同参与、共同建设、共享成果，可以支撑“为完善全球治理注入中国力量”。
【答案落点】 中国坚持共商共建共享的全球治理观，秉持完善全球治理的一系列原则，为完善全球治理注入中国力量。
【同题组】 （按原题答题层次）
· 答题层次：本题8分，四个角度，每角度2分；要围绕“中国如何为完善全球治理注入力量”展开。
· 发展中国家身份与全球南方：作为世界上最大的发展中国家，中国是国际政治经济格局中的重要力量，积极参与全球治理，为推动全球南方实现"
Q0295,295,3485,3496,政治多极化,完全治：完善全球治理,共商共建共享的全球治理观,"2025石景山一模Q17(2)""北京宣言""中的共商共建共享全球治理观",2025石景山一模Q17,为什么能想到;同题组;材料触发点;答案落点;设问,,634,"19. 2025石景山一模Q17(2)""北京宣言""中的共商共建共享全球治理观
【材料触发点】 材料二写中方尊重非洲国家政治和经济选择，不干涉内政、不附加条件，并通过平等互利方式商签合作文件；题目要求概述完善全球治理的中国主张，应由这些表述上升到共商共建共享治理观。
【设问】 结合材料二，运用《当代国际政治与经济》知识，概述完善全球治理的“中国主张”。（8分）
【为什么能想到】 原卷没有“各国的事由……”那句，不能把答题要求答案当作题面原文。真正的线索是尊重自主选择、不干涉内政、不附加条件和平等互利商签：这些都指向全球治理不能由少数国家说了算，而应由各国平等参与、共同商量。由此可推出中国主张坚持共商共建共享的全球治理观。
【答案落点】 中国主张坚持共商共建共享的全球治理观，各国的事由本国政府和人民决定，国际上的事由各国政府和人民平等互利共同商量着办。
【同题组】 （按原题答题层次）
· 答题层次：本题8分，概述完善全球治理的“中国主张”，对应“北京宣言”内容，四个核心点每点2分。
· 中国主张一：坚持共商共建共享的全球治理观。
· 中国主张二：坚持国家不分大小、强弱、贫富一律平等，共同推"
Q0296,296,3499,3512,政治多极化,完全治：完善全球治理,共商共建共享的全球治理观,2026丰台期末Q21,2026丰台期末Q21,为什么能想到;同题组;材料触发点;答案落点;设问,,808,"20. 2026丰台期末Q21
【材料触发点】 题目要求围绕“四大全球倡议为构建人类命运共同体凝聚磅礴合力”写短评，题干呈现四大全球倡议回应时代课题、凝聚国际共识与共同未来之间的关系。回答这一关系时，应说明全球治理事务不能由少数国家垄断，而要由各方共同参与、共同建设、共同受益。
【设问】 结合材料，运用《当代国际政治与经济》知识，以“四大全球倡议为构建人类命运共同体凝聚磅礴合力”为主题，撰写一篇短评。
【为什么能想到】 倡议凝聚共识靠的不是少数大国拍板，而是把治理事务交给各方一起办；要讲清“合力”从何而来，就得落到共商共建共享的全球治理观这一参与规则上。
【答案落点】 四大全球倡议坚持共商共建共享，推动各方在共同参与、共同建设、共同受益中凝聚构建人类命运共同体的合力。
【同题组】 （按原题答题层次）
· 答题层次：本题8分，短评题，围绕“四大全球倡议为构建人类命运共同体凝聚磅礴合力”展开，按整体回应和论证充分度定层级。
· 核心问题：不是简单罗列四个倡议，而是说明四大全球倡议如何推动构建人类命运共同体。
· 论证角度：可从四大全球倡议的本质、当前世界形势的必要性、四大全球倡议的作用三个"
Q0297,297,3515,3528,政治多极化,完全治：完善全球治理,共商共建共享的全球治理观,2026房山二模Q20,2026房山二模Q20,为什么能想到;同题组;材料触发点;答案落点;设问,,666,"21. 2026房山二模Q20
【材料触发点】 平台搭建、标准制定、对接互认体现多方共同参与全球数据治理。
【设问】 结合材料，运用《当代国际政治与经济》知识，分析世界数据组织完善全球数据治理，服务全球数字经济发展的智慧。
【为什么能想到】 题面把世界数据组织的工作拆成""搭平台、定标准、对接互认""三个具体动作，并强调由多方共同参与，指向治理智慧落在共同参与的机制设计上。问""智慧""何在，等于问这套数据治理路径为什么是恰当的；学生要把三个具体动作的共同点抽出来作为治理观层级的回答。先把""搭平台、定标准、对接互认""作为题面给出的事实写出，再说明它体现共商共建共享的全球治理观和真正的多边主义，进而接到这套机制服务全球数字经济发展的价值。
【答案落点】 世界数据组织践行共商共建共享的全球治理观和真正的多边主义，通过搭建平台推动数据治理标准制定、对接和互认。
【同题组】 （按原题答题层次）
· 答题层次：本题8分，围绕世界数据组织完善全球数据治理、服务全球数字经济发展的中国智慧展开；六个方向各1分，材料结合2分。
· 治理方向一：普惠包容的经济全球化（1分）。
· 治理方向二：平等有序的世界多极化"
Q0298,298,3531,3540,政治多极化,完全治：完善全球治理,共商共建共享的全球治理观,2026朝阳二模Q20(1),2026朝阳二模Q20,为什么能想到;同题组;材料触发点;答案落点;设问,,759,"22. 2026朝阳二模Q20(1)
【材料触发点】 材料将民族国家本位与全人类整体利益对照，要求比较两种处理国际关系方式。
【设问】 依据材料，概括《威斯特伐利亚和约》体系与人类命运共同体理念在处理国际关系上的差异。
【为什么能想到】 材料并列呈现“民族国家本位”和“全人类整体利益”，又把主权排他与命运共同体的共同利益形成两极对照，指向这是两套处理国际关系的根本立场之争。题目要“概括差异”，差异不是哪一方更先进的评价，而是两套体系在出发点和决策方式上的根本分歧；学生要讲清命运共同体的立场。先把命运共同体的立足点放在全人类立场上，再点出它兼顾各国主权和共同发展，最后把决策方式指向共商共建共享，让答案与威斯特伐利亚的国家本位形成正面对照。
【答案落点】 人类命运共同体理念立足全人类立场，在兼顾全人类共同利益中维护各国主权和发展，践行共商共建共享，追求整体利益和合作共赢。
【同题组】 （按原题答题层次）
· 答题层次：本题4分，比较《威斯特伐利亚和约》体系与人类命运共同体理念在处理国际关系上的差异，按做法/立场不同2分、结果/目标不同2分组织。
· 做法/立场不同（2分）：前者以民族国家为"
Q0299,299,3543,3553,政治多极化,完全治：完善全球治理,共商共建共享的全球治理观,2026海淀期中Q22(1)全球治理倡议中的共商共建共享治理观,2026海淀期中Q22,为什么能想到;同题组;材料触发点;答案落点;设问,,725,"23. 2026海淀期中Q22(1)全球治理倡议中的共商共建共享治理观
【材料触发点】 题面把全球治理倡议放在治理改革完善的关键节点提出，并指出该倡议获得联合国及多个国际组织、新兴市场国家广泛认同；设问问广泛认同的理由，必须先回答倡议在治理理念上的根本立场——各国共同参与、共同建设、共同分享，而不是少数国家主导。
【设问】 运用《当代国际政治与经济》知识，说明全球治理倡议为什么能获得国际社会广泛认同，（6分）
【为什么能想到】 题面给出两个事实——倡议提出于治理改革关键节点，认同主体覆盖联合国及多个国际组织和新兴市场国家——倡议被广泛接受不是偶然。问""为什么能获得广泛认同""，认同来自倡议在治理理念上让各国都能平等参与，而不是少数国家主导。先把全球治理倡议提出的节点与认同范围作为现实事实点出；再说明倡议秉持共商共建共享的全球治理观；进而接到让各国都能平等参与全球治理改革进程、共享治理成果，因而获得广泛认同。
【答案落点】 全球治理倡议秉持共商共建共享的全球治理观，使各国都能平等参与全球治理改革进程、共享治理成果，因而获得国际社会广泛认同。
【同题组】 （按原题答题层次）
· 答题层次：本"
Q0300,300,3558,3567,政治多极化,完全治：完善全球治理,共商共建共享的全球治理观,2024海淀二模Q18(1)多极化世界中的民主与全球治理,2024海淀二模Q18,为什么能想到;同题组;材料触发点;答案落点;设问,,594,"24. 2024海淀二模Q18(1)多极化世界中的民主与全球治理
【材料触发点】 论坛让不同国家、地区和国际组织围绕民主与全球治理共论互鉴，资料包又强调全球南方国家要在区域和全球治理中发出自己的声音，说明全球治理应由各方共同参与、共同建设、共享成果。
【设问】 任选一个议题，参考资料包中的内容，运用《当代国际政治与经济》知识，围绕所选的议题写一篇时政述评。（8分）要求：观点明确；知识运用准确；论述合乎逻辑，条理清晰。
【为什么能想到】 题目要求写“民主与全球治理”述评，资料包的重心不是某一国单独治理，而是多方共同发声、共同参与。要把“民主”落到全球治理层面，就应使用共商共建共享的全球治理观来说明治理方式。
【答案落点】 各国应秉持共商共建共享的全球治理观，让全球南方和更多国际主体共同参与全球治理体系建设，推动治理成果由各方共享。
【同题组】 （按原题答题层次）
· 答题层次：本题8分，时政述评等级题；原题没有把共同利益单列为固定得分层。
· 可用角度：可从时代主题、世界多极化、人类命运共同体、国际组织等角度作答。
· 定档要求：观点明确；知识运用准确；论述合乎逻辑、条理清晰。高档要紧扣"
Q0301,301,3570,3580,政治多极化,完全治：完善全球治理,共商共建共享的全球治理观,2026朝阳二模Q20(2)人类命运共同体理念维护世界和平与发展,2026朝阳二模Q20,为什么能想到;同题组;材料触发点;答案落点;设问,,583,"25. 2026朝阳二模Q20(2)人类命运共同体理念维护世界和平与发展
【材料触发点】 答题要求角度2明确将“共商共建共享”作为倡导合作共赢的可替代关键词，题目又围绕人类命运共同体理念维护世界和平与发展展开。
【设问】 结合材料，运用《当代国际政治与经济》知识，分析人类命运共同体理念为什么能维护世界和平与发展。
【为什么能想到】 人类命运共同体理念不是单方治理方案，而是要求各国共同参与全球治理。答题要求中“共商共建共享”提示学生把合作共赢具体落实到全球治理方式上。
【答案落点】 人类命运共同体理念坚持共商共建共享，推动各国共同参与全球治理、共同建设治理机制、共享治理成果，从而减少冲突、促进共同发展。
【同题组】 （按原题答题层次）
· 答题层次：本题6分，按三个角度组织；每个角度2分，知识1分、结合材料1分。
· 角度一：符合共同利益和时代主题（2分）。可写人类命运共同体理念超越民族国家本位，维护全人类共同利益，顺应和平与发展；时代主题可作替代表达。
· 角度二：倡导合作共赢、坚持多边主义、共商共建共享（2分）。可写摒弃零和博弈，推动各方合作应对全球性问题。
· 角度三：提供中国方案"
Q0302,302,3583,3591,政治多极化,完全治：完善全球治理,共商共建共享的全球治理观,2026通州一模Q19中国元首外交为世界注入稳定性与正能量,2026通州一模Q19,为什么能想到;同题组;材料触发点;答案落点;设问,,524,"26. 2026通州一模Q19中国元首外交为世界注入稳定性与正能量
【材料触发点】 原题答题角度包括“共商共建共享的全球治理观”，材料强调元首外交推动国际合作和全球治理。
【设问】 结合材料，运用《当代国际政治与经济》知识，分析中国元首外交如何为世界注入稳定性与正能量。（8分）
【为什么能想到】 中国元首外交通过会晤、倡议和合作机制推动各方共同参与治理。答题要求列出共商共建共享，提示要把外交行动上升为全球治理方式。
【答案落点】 中国元首外交坚持共商共建共享的全球治理观，推动各方共同参与全球治理体系改革和建设，增强国际合作的稳定性。
【同题组】 （按原题答题层次）
· 答题层次：本题8分，措施或知识4分，材料分析且必须答作用4分，落点指向为世界注入稳定性与正能量
· 可采知识：和平与发展时代主题、共同利益是合作的基础、兼顾他国合理关切、维护多边贸易体制、推动经济全球化朝开放包容普惠平衡共赢方向发展、坚持正确义利观、推动国际关系民主化和国际政治经济新秩序、共商共建共享全球治理观、推动构建人类命运共同体、中国特色大国外交
· 作答提醒：不能只罗列知识；每个知识点都要接材料中元首外交的合作、"
Q0303,303,3593,3601,政治多极化,完全治：完善全球治理,推动国际秩序和全球治理体系更加公正合理,2024西城二模Q19,2024西城二模Q19,为什么能想到;同题组;材料触发点;答案落点;设问,,653,"1. 2024西城二模Q19
【材料触发点】 新兴市场国家和发展中国家崛起、现行国际秩序不适应时代发展，说明新思路不仅要反对旧霸权逻辑，还要推动更多国家平等参与全球治理。
【设问】 结合材料，阐述中国答案所体现的处理国际关系的新思路。
【为什么能想到】 题面把""新兴市场国家和发展中国家崛起""""现行国际秩序不适应时代发展""两层并列摆出，指向新思路要同时回应力量结构变化和秩序滞后。问""新思路""，新思路除了否定旧霸权逻辑，还必须包含国际秩序怎样向公正合理方向演进的正面方案。先把发展中国家崛起与现行秩序滞后作为时代潮流的实际表征摆出，再写中国答案倡导全球协作、支持发展中国家发言权、坚持真正的多边主义，进而接到推动国际秩序朝更加公正合理方向发展。
【答案落点】 中国答案顺应时代潮流，倡导全球协作，支持赋予发展中国家更多发言权，坚持真正的多边主义，推动国际秩序朝着更加公正合理的方向发展。
【同题组】 （按原题答题层次）
· 答题层次：本题5分，1分总判断，4分任取二点
· 总判断（1分）：全人类是一个命运与共的大家庭，国与国之间利益交汇、命运交织、休戚与共；也可用和平与发展作时代背景替代
· 新思"
Q0304,304,3602,3613,政治多极化,完全治：完善全球治理,推动国际秩序和全球治理体系更加公正合理,2025顺义一模Q20,2025顺义一模Q20,为什么能想到;同题组;材料触发点;答案落点;设问,,891,"2. 2025顺义一模Q20
【材料触发点】 顺义一模用“小而美”项目说明中国通过民生项目和发展合作提供可共享、可感知的中国方案，而不是把项目实例本身写成术语。
【设问】 结合材料，运用《当代国际政治与经济》知识，说明“小而美”项目为何成为中国开展国际发展合作的亮点和名片。
【为什么能想到】 题面把""小而美""项目以民生合作、可感知成果呈现，指向这种合作方式可以转化为可复制、可推广的国际发展合作经验，不只是个案。问""为何成为亮点和名片""，亮点应指向这种方式对国际发展合作秩序的撬动，而不是项目本身的特点。先把民生项目可共享、可感知的特征摆出，再写这种合作方式为重构公正合理的国际政治经济秩序贡献中国方案，进而接到为国际发展合作积累可复制经验。
【答案落点】 “小而美”项目以具体民生合作提供中国方案，为重构公正合理的国际政治经济秩序贡献可复制的国际发展合作经验。
【同题组】 （按原题答题层次）
· 答题层次：本题8分，按项目本身优势、当地价值、我国意义或理念、世界意义和贡献四层组织，总分不超过8分。
· 项目本身的创新和实践优势（2分）：聚焦发展中国家紧迫需求、灵活实施、快速响应基层社区需求可"
Q0305,305,3614,3622,政治多极化,完全治：完善全球治理,推动国际秩序和全球治理体系更加公正合理,2026海淀一模Q20中国标准走出国门推动治理体制公正合理,2026海淀一模Q20,为什么能想到;同题组;材料触发点;答案落点;设问,,581,"3. 2026海淀一模Q20中国标准走出国门推动治理体制公正合理
【材料触发点】 题面把中国标准放在国际标准与全球治理体制中话语权分布变化的语境中考查：长期以来发达国家在国际标准与治理体制中拥有优势话语，中国通过贡献提案、牵头制定改变这一不均衡格局；设问问意义，必须从治理体制公正合理化角度回答。
【设问】 结合材料，运用《当代国际政治与经济》知识，谈谈中国标准走出国门的意义。
【为什么能想到】 题面把""长期由发达国家主导的国际标准""与""中国贡献提案、牵头制定""作对照，指向中国标准走出国门改变的是国际标准与治理体制中的话语权分布。问""意义""，应指向治理体制层面的格局变化，而不是中国技术或产业层面的成就。先把中国从规则被动接受者转为提案者、牵头制定者的角色变化点出，再写这一变化推动全球治理体制朝更加公正合理方向发展，进而接到发展中国家在标准与规则中代表性、发言权的实际提升。
【答案落点】 中国标准走出国门，有利于推动全球治理体制向着更加公正合理方向发展，使发展中国家在标准与规则中的代表性和发言权得到提升。
【同题组】 （同主题练习提醒）
· 本题适合作为同主题训练，不按固定得分层次展开。
"
Q0306,306,3623,3634,政治多极化,完全治：完善全球治理,推动国际秩序和全球治理体系更加公正合理,2026顺义二模Q20,2026顺义二模Q20,为什么能想到;同题组;材料触发点;答案落点;设问,,700,"4. 2026顺义二模Q20
【材料触发点】 顺义Q20的答案把中国式现代化新的发展蓝图与“推动全球经济治理体系朝着更加公正合理的方向发展”相连，不能只归入经济项目或中国贡献。
【设问】 结合材料，运用《当代国际政治与经济》知识，谈谈对“今天的中国，明天的世界”的理解。
【为什么能想到】 中国发展合作覆盖能源、饮水、物流、农业技术和职业教育，受益对象主要是发展中国家和基层民众。理解“中国与世界未来”要说明中国发展实践对全球治理结构的方向性影响。先把开放合作和义利兼顾的项目事实写出，再上升到全球治理体系朝更加公正合理方向发展。
【答案落点】 中国以开放合作和义利兼顾的实践推动全球治理体系朝着更加公正合理方向发展，促进世界共同发展、持续发展。
【同题组】 （按原题答题层次）
· 本题8分，建议按“总—国际政治—国际经济—总”结构写。
· 总起：说明“今天的中国，明天的世界”体现中国发展与世界未来紧密相连，中国式现代化具有世界意义。
· 国际政治角度：可写中国是世界和平的建设者、国际秩序的维护者，坚持独立自主的和平外交政策，推动构建人类命运共同体、新型国际关系，也可写共商共建共享、中国智慧的"
Q0307,307,3635,3644,政治多极化,完全治：完善全球治理,推动国际秩序和全球治理体系更加公正合理,2026西城二模Q19(2),2026西城二模Q19,为什么能想到;同题组;材料触发点;答案落点;设问,,563,"5. 2026西城二模Q19(2)
【材料触发点】 数据跨境流动、规则协调和安全治理需要多国共同参与。
【设问】 结合材料，运用《当代国际政治与经济》知识，为释放数据价值、繁荣数字经济提2条建议，并说明理由。
【为什么能想到】 材料把数据跨境流动、规则协调、安全治理三件事并列摆出，指向数字经济发展需要的不是单边规则，而是各国共同参与的治理框架。要""提建议""并说""理由""，建议要给出可操作的方向，理由要解释为什么必须走多国共建路径。先把数据跨境流动、规则协调、安全治理列为需要共同处理的事项，再建议各国通过多边主义完善全球数据治理，进而接到在共同规则下协调数据流动、安全与数字经济发展的实际作用。
【答案落点】 各国应通过多边主义完善全球数据治理，在共同规则下协调数据流动、数据安全和数字经济发展。
【同题组】 （按原题答题层次）
· 答题层次：本题4分，为释放数据价值、繁荣数字经济提2条建议并说明理由，一点2分，两点4分
· 可选角度：主权平等、开放合作、包容普惠、安全保障，知识运用准确，建议具体可行
· 示例路径：坚持主权平等，推动开放合作，构建共商共建共享的全球数据治理规则
· 理由表达："
Q0308,308,3645,3654,政治多极化,完全治：完善全球治理,推动国际秩序和全球治理体系更加公正合理,2026西城二模Q19(1),2026西城二模Q19,为什么能想到;同题组;材料触发点;答案落点;设问,,571,"6. 2026西城二模Q19(1)
【材料触发点】 全球数字治理规则重塑，需要推动治理体系更加公正合理。
【设问】 结合材料，运用当代国际政治知识，阐释中国参与全球数据治理的逻辑。
【为什么能想到】 材料把全球数据治理放在规则重塑的关键阶段，指向这是一个正在形成秩序的领域，参与者的立场会直接影响秩序的方向。问中国参与的""逻辑""，本要素要回答中国参与对全球数据治理新秩序的塑造意义，而不是中国具体做了什么。先把全球数字治理规则正在重塑的现实摆出，再写中国积极参与有利于构建公正合理的全球数据治理新秩序，进而接到推动全球数字治理更加公平有效。
【答案落点】 中国积极参与全球数据治理，有利于构建公正合理的全球数据治理新秩序，推动全球数字治理更加公平有效。
【同题组】 （按原题答题层次）
· 答题层次：本题6分，按背景解释、宗旨原则、世界意义三层组织
· 背景解释（2分）：全球化发展趋势1分；替代可写和平与发展、全人类共同价值、人类共同利益；结合材料分析1分
· 宗旨原则说明（2分）：共商共建共享1分，变通可写国际关系民主化等；结合材料说明我国参与全球数据组织的实践1分，可写实践经验、安全与发展、"
Q0309,309,3655,3666,政治多极化,完全治：完善全球治理,推动国际秩序和全球治理体系更加公正合理,2025朝阳期末Q21,2025朝阳期末Q21,为什么能想到;同题组;材料触发点;答案落点;设问,,918,"7. 2025朝阳期末Q21
【材料触发点】 题面把世界动荡冲突、单边霸凌、脱钩断链和意识形态分歧作为外部风险，问中国特色大国外交如何营造外部环境；总体外部环境的根本前提是把答案先放回和平与发展的时代主题，再把促进世界和平与发展和维护和平稳定的国际环境作为方向。
【设问】 结合材料，运用《当代国际政治与经济》知识，说明如何通过开展中国特色大国外交为推进中国式现代化营造良好外部环境。
【为什么能想到】 强权霸凌和围堵打压新兴力量暴露秩序不公，材料方向转向更公正合理的国际秩序和治理体系。
【答案落点】 大国外交推动国际秩序和全球治理体系朝着更加公正合理方向发展，营造有利的外部环境。
【同题组】 （按原题答题层次）
· 答题层次：本题8分，要求总分或分总结构，层次清楚且四个外部环境角度齐全，结构与角度完整占1分。
· 总体外部环境（1分）：坚持和加强党对外交工作的领导，坚持以习近平外交思想为指导，全面贯彻总体国家安全观，推动构建人类命运共同体；坚定奉行独立自主的和平外交政策，坚持和平共处五项原则，维护我国主权、安全和发展利益，促进世界和平与发展，推进三大全球倡议走深走实。
· 外部政治环境（"
Q0310,310,3667,3676,政治多极化,完全治：完善全球治理,推动国际秩序和全球治理体系更加公正合理,2026西城期末Q20——参与全球气候治理中的中国实践,2026西城期末Q20,为什么能想到;同题组;材料触发点;答案落点;设问,,605,"8. 2026西城期末Q20——参与全球气候治理中的中国实践
【材料触发点】 题面把中国持续提交并更新NDC目标作为治理体系层面的贡献呈现，需要把中国履约行动接到""以行动推动构建公平合理、合作共赢的全球气候治理体系""上，而不是只说中国履约。
【设问】 结合材料，运用《国际政治与经济》知识，阐释参与全球气候治理的中国实践。
【为什么能想到】 中国一轮轮提交并更新NDC，不只为自己减排，更要推动公平合理的全球气候治理体系；这盯着规则，故用“推动国际秩序和全球治理体系更加公正合理”。
【答案落点】 中国主动担当全球气候治理责任、落实《巴黎协定》，推动构建公平合理、合作共赢的全球气候治理体系。
【同题组】 （按原题答题层次）
· 本题8分，按“是什么—为什么—效果”三层写。
· 是什么2分：先说中国在全球气候治理中是建设者、引领者或负责任大国；再结合材料概括具体做法，如坚持绿色发展、新发展理念，发挥有为政府和有效市场作用。
· 为什么3分：从四类中写满三类即可：全球气候治理挑战或完善全球治理体系；世界各国共同利益；中国理念，如人类命运共同体、全人类共同价值、正确义利观、共商共建共享、真正的多边"
Q0311,311,3677,3688,政治多极化,完全治：完善全球治理,推动国际秩序和全球治理体系更加公正合理,2026朝阳期末Q20,2026朝阳期末Q20,为什么能想到;同题组;材料触发点;答案落点;设问,,719,"9. 2026朝阳期末Q20
【材料触发点】 题目指向分析中国特色大国外交更有作为的必要性，材料呈现“构建周边命运共同体—妥善管控矛盾分歧—让人民远离冲突和战争—共建安宁家园—培育战略互信”的关系链，要求从时代主题和中国外交的共同体目标说明主动作为的理由。
【设问】 结合材料，运用《当代国际政治与经济》知识，分析中国特色大国外交为什么要更有作为。
【为什么能想到】 材料写中国抵制保护主义和关税霸凌、坚持以联合国为核心的多边贸易体系，正是要推动秩序和治理体系更公正合理。
【答案落点】 中国更有作为，反对单边主义霸权强权，推动国际秩序和全球治理体系朝着更加公正合理的方向发展。
【同题组】 （按原题答题层次）
· 本题8分，按四个角度组织，每个角度都写成“背景+目标”。
· 可先总起：中国特色大国外交主动作为，是顺应世界发展大势、服务国家发展大局的必然选择；后面角度不够完整时，这句可帮助兜住1分。
· 和平发展角度：和平与发展是当今时代主题；再结合材料说明推动人类命运共同体、维护共同利益、推动国际新秩序或完善全球治理。
· 国际政治角度：可写世界多极化深入发展，也可写单边主义、霸权主义和强权"
Q0312,312,3689,3699,政治多极化,完全治：完善全球治理,推动国际秩序和全球治理体系更加公正合理,2026东城期末Q20,2026东城期末Q20,为什么能想到;同题组;材料触发点;答案落点;设问,,757,"10. 2026东城期末Q20
【材料触发点】 设问问“四大全球倡议如何系统推动构建人类命运共同体”，题面集中呈现发展、安全、文明、治理四项倡议，指向建设持久和平、普遍安全、共同繁荣、开放包容、清洁美丽的世界。
【设问】 结合材料，运用《当代国际政治与经济》知识，分析四大全球倡议如何系统推动构建人类命运共同体。
【为什么能想到】 中国推动建立国际调解院、完善全球治理，针对的是规则和秩序公不公正这个根子；要讲透这层就得落到“推动国际秩序和全球治理体系更加公正合理”。
【答案落点】 全球治理倡议以治理求公正，完善全球治理，推动国际秩序和全球治理体系更加公正合理，是构建人类命运共同体的制度保障。
【同题组】 （按原题答题层次）
· 答题层次：本题7分，按四大倡议、系统推动、实践层面组织
· 学理总说：携手构建人类命运共同体，就是要建设持久和平、普遍安全、共同繁荣、开放包容、清洁美丽的世界
· 四大倡议层（4分）：全球发展倡议以发展促繁荣，可写坚持互利共赢、坚持正确义利观、共商共建共享、发展合作中共享机遇；全球安全倡议以安全保稳定，可写相互尊重、平等协商、筑牢安全屏障、在安全互信中维护和平；全"
Q0313,313,3700,3711,政治多极化,完全治：完善全球治理,推动国际秩序和全球治理体系更加公正合理,2025丰台二模Q20,2025丰台二模Q20,为什么能想到;同题组;材料触发点;答案落点;设问,,730,"11. 2025丰台二模Q20
【材料触发点】 题目理解“中国力量”如何完善全球治理，材料多次出现人类命运共同体、平等开放合作共享和公正合理的治理方向。
【设问】 当今世界，全球治理体系与国际秩序变革加速推进。我们愿同各方一道，一以贯之以实际行动为完善全球治理注入中国力量。结合材料，运用《当代国际政治与经济》知识，谈谈你对“为完善全球治理注入中国力量”的理解。
【为什么能想到】 丁薛祥在博鳌明说要推动全球治理朝更加公正合理的方向发展，材料直指的是治理规则与秩序走向，故用“更加公正合理”这一术语承接。
【答案落点】 中国在联合国、金砖、二十国集团等组织中作用日益显著，成为全球治理体系重要参与者、贡献者和改革者，推动其更加公正合理。
【同题组】 （按原题答题层次）
· 答题层次：本题8分，四个角度，每角度2分；要围绕“中国如何为完善全球治理注入力量”展开。
· 发展中国家身份与全球南方：作为世界上最大的发展中国家，中国是国际政治经济格局中的重要力量，积极参与全球治理，为推动全球南方实现现代化发挥作用。
· 国际组织参与：中国积极参与联合国、金砖国家、二十国集团、博鳌亚洲论坛等国际组织，在全"
Q0314,314,3712,3724,政治多极化,完全治：完善全球治理,推动国际秩序和全球治理体系更加公正合理,2026通州期末Q20,2026通州期末Q20,为什么能想到;同题组;材料触发点;答案落点;设问,,470,"12. 2026通州期末Q20
【材料触发点】 设问评价全球治理倡议为何“正逢其时”，题面呈现百年变局、地区动荡、逆全球化和治理赤字，说明全球治理倡议回应和平与发展、经济全球化和各国人民共同愿望的时代背景。
【设问】 结合材料，运用《当代国际政治与经济》知识，谈谈你对“全球治理倡议正逢其时、指引方向彰显担当”的理解。
【为什么能想到】 百年变局、地区动荡和治理赤字说明旧治理规则难以应对现实，五大原则正指向更公正合理的国际秩序。
【答案落点】 倡议以主权平等、国际法治等五大原则为支撑，为推动建设更加公正合理的全球治理体系和国际新秩序指引方向。
【同题组】 （按原题答题层次）
· 答题层次：本题8分，按六点答题层次组织
· 共商共建共享全球治理观（1分）
· 时代主题、经济全球化、顺应各国人民愿望等（2分）
· 符合《联合国宪章》宗旨和原则（1分）
· 推动构建国际新秩序、倡导国际关系民主化、践行多边主义、坚持正确义利观、兼顾利益等任意点（2分）
· 推动构建人类命运共同体（1分）
· 贡献中国智慧、中国方案，勇于大国担当（1分）"
Q0315,315,3725,3735,政治多极化,完全治：完善全球治理,推动国际秩序和全球治理体系更加公正合理,2025朝阳二模Q21我国为什么要努力开创周边工作新局面,2025朝阳二模Q21,为什么能想到;同题组;材料触发点;答案落点;设问,,992,"13. 2025朝阳二模Q21我国为什么要努力开创周边工作新局面
【材料触发点】 题面给出中国在周边合作中创新合作机制并向全球治理外溢；""世界的发展需要""角度要把周边合作的世界意义抬到全球治理结构层面，回答中国对全球治理体制变革的贡献。
【设问】 结合材料，运用《当代国际政治与经济》知识，说明我国为什么要努力开创周边工作新局面。
【为什么能想到】 材料把中国在周边合作中创新的机制描述为向更广区域和全球治理层面外溢，指向周边工作的世界意义要超出地区，撬动全球治理结构本身。问""为什么要""开创周边工作新局面，应说明中国对全球治理体制变革的贡献，把周边合作的意义抬到结构层级。先把周边合作机制创新与多边外溢效应点出，再写中国与周边国家共同行动，进而接到推动全球治理朝更加公正合理方向变革。
【答案落点】 中国通过周边合作机制创新和与周边国家共同行动，推动全球治理朝更加公正合理方向变革。
【同题组】 （按原题答题层次）
· 答题层次：本题8分，按“中国的发展需要—区域的发展需要—世界的发展需要”三层组织；同一关键词不重复，语言要有层次、无知识错误
· 从中国的发展需要角度看（3分）：必要性1分，可写"
Q0316,316,3739,3750,政治多极化,完全治：完善全球治理,践行真正的多边主义，坚定维护以联合国为核心的国际体系、以国际法为基础的国际秩序,2025石景山一模Q17(2),2025石景山一模Q17,为什么能想到;同题组;材料触发点;答案落点;设问,,594,"14. 2025石景山一模Q17(2)
【材料触发点】 题目概述完善全球治理的中国主张，“北京宣言”强调国际法平等统一适用和开放包容，说明治理方式应回到真正多边主义、联合国核心国际体系和国际法基础国际秩序。
【设问】 结合材料二，运用《当代国际政治与经济》知识，概述完善全球治理的“中国主张”。（8分）
【为什么能想到】 北京宣言强调“国际法平等统一适用”“开放包容”，指向治理方式应回到以联合国和国际法为基础的国际体系，而不是少数国家自定规则。问“中国主张”，应把这一路径落到答题要求第④层：践行真正的多边主义，坚定维护以联合国为核心的国际体系、以国际法为基础的国际秩序。
【答案落点】 中国主张践行真正的多边主义，坚定维护以联合国为核心的国际体系、以国际法为基础的国际秩序。
【同题组】 （按原题答题层次）
· 答题层次：本题8分，概述完善全球治理的“中国主张”，对应“北京宣言”内容，四个核心点每点2分。
· 中国主张一：坚持共商共建共享的全球治理观。
· 中国主张二：坚持国家不分大小、强弱、贫富一律平等，共同推动国际关系民主化。
· 中国主张三：推进普惠包容的经济全球化。
· 中国主张四："
Q0317,317,3754,3764,政治多极化,完全治：完善全球治理,推动国际秩序和全球治理体系更加公正合理,2026海淀期中Q22(1)全球治理倡议指引公正合理治理体系建设,2026海淀期中Q22,为什么能想到;同题组;材料触发点;答案落点;设问,,708,"15. 2026海淀期中Q22(1)全球治理倡议指引公正合理治理体系建设
【材料触发点】 题面把全球治理放在治理赤字、治理失衡、治理改革滞后等""十字路口""，并指出全球治理倡议在这一节点提出并获广泛响应；设问问倡议被广泛认同的原因，必须从倡议直面现实治理问题、为治理改革提供方向角度回答。
【设问】 运用《当代国际政治与经济》知识，说明全球治理倡议为什么能获得国际社会广泛认同，（6分）
【为什么能想到】 题面把全球治理的现状描述为""十字路口""，并把治理赤字、治理失衡、治理改革滞后三类问题与全球治理倡议的提出节点对接，指向倡议获得认同的关键在它直面现实问题。问""为什么能""获得国际社会广泛认同，认同的来源是倡议给出可被各方接受的治理改革方向，而不是倡议条目的完美设计。先把治理赤字、治理失衡、治理改革滞后作为现实问题列出，再写全球治理倡议直面这些问题，进而接到它为更加公正合理的全球治理体系指引方向、因而获得广泛认同。
【答案落点】 全球治理倡议直面全球治理的突出问题，为推动建设更加公正合理的全球治理体系指引方向。
【同题组】 （按原题答题层次）
· 答题层次：本题6分，按答案链训练，不展示固定分"
Q0318,318,3768,3778,政治多极化,完全治：完善全球治理,坚持开放合作、共享共赢、包容互鉴、共商共建,2024朝阳二模Q20,2024朝阳二模Q20,为什么能想到;同题组;材料触发点;答案落点;设问,,726,"1. 2024朝阳二模Q20
【材料触发点】 气候治理需要中国政府代表、全球商界领袖、国际组织和中外学者共同研讨，说明治理过程应开放包容、合作共赢。
【设问】 结合研讨背景，运用《当代国际政治与经济》知识，完成下表。
【为什么能想到】 研讨人员含中国政府代表、商界领袖、国际组织和中外学者，本身就是多方平等参与；这种开放包容的治理过程，对应坚持开放合作、共享共赢、包容互鉴、共商共建。
【答案落点】 完善全球气候治理应坚持开放、合作、共享、共赢和包容原则，通过共商共建凝聚各方行动。
【同题组】 （按原题答题层次）
· 答题层次：本题8分，基本原则2分，各方达成共识6分。
· 基本原则（2分）：平等（1分；有平等/公平/公正/多边主义/协商一致一词即可）；开放（1分；有开放/合作/共享/共赢/包容/求同存异/共商共建一词即可）。
· 共识一：为什么完善全球气候治理（1分）：气候变化给全人类带来巨大风险和挑战，气候治理已成为全球治理的重要议题之一；或写气候变化是全球性挑战、应对气候变化是人类共同责任。
· 共识二：如何完善全球气候治理（5分）：各主权国家和国际组织携手建立公平合理、合作共赢的全"
Q0319,319,3779,3790,政治多极化,完全治：完善全球治理,坚持开放合作、共享共赢、包容互鉴、共商共建,2025丰台二模Q20,2025丰台二模Q20,为什么能想到;同题组;材料触发点;答案落点;设问,,722,"2. 2025丰台二模Q20
【材料触发点】 题目理解“中国力量”如何完善全球治理，材料多次出现人类命运共同体、平等开放合作共享和公正合理的治理方向。
【设问】 当今世界，全球治理体系与国际秩序变革加速推进。我们愿同各方一道，一以贯之以实际行动为完善全球治理注入中国力量。结合材料，运用《当代国际政治与经济》知识，谈谈你对“为完善全球治理注入中国力量”的理解。
【为什么能想到】 丁薛祥讲在增进信任中加强团结合作、尊重彼此核心利益，三段讲话又共用平等开放合作共享的措辞，落到这些原则才把零散表述收拢为共商共建的治理观。
【答案落点】 中国构建人类命运共同体，遵循平等、开放、合作、共享等原则，同世界各国一起完善全球治理。
【同题组】 （按原题答题层次）
· 答题层次：本题8分，四个角度，每角度2分；要围绕“中国如何为完善全球治理注入力量”展开。
· 发展中国家身份与全球南方：作为世界上最大的发展中国家，中国是国际政治经济格局中的重要力量，积极参与全球治理，为推动全球南方实现现代化发挥作用。
· 国际组织参与：中国积极参与联合国、金砖国家、二十国集团、博鳌亚洲论坛等国际组织，在全球治理体系中发挥"
Q0320,320,3792,3804,政治多极化,完全治：完善全球治理,以主权平等、国际法治等原则推动全球治理体系变革完善,2026通州期末Q20,2026通州期末Q20,为什么能想到;同题组;材料触发点;答案落点;设问,,509,"1. 2026通州期末Q20
【材料触发点】 材料强调全球治理倡议的主权平等、国际法治、多边主义、以人为本、行动导向等原则，设问指向“指引方向”。
【设问】 结合材料，运用《当代国际政治与经济》知识，谈谈你对“全球治理倡议正逢其时、指引方向彰显担当”的理解。
【为什么能想到】 题面列出全球治理倡议依据的五大原则，是治理体系建设的规则锚点。“指引方向”不是写中国态度，而是写国际治理体系应按什么原则变革完善。把主权平等、国际法治、多边主义等原则作为治理遵循，再接到建设更加公正合理的全球治理体系。
【答案落点】 全球治理倡议以主权平等、国际法治等原则为支撑，有利于反对霸权主义和强权政治，推动建设更加公正合理的全球治理体系。
【同题组】 （按原题答题层次）
· 答题层次：本题8分，按六点答题层次组织
· 共商共建共享全球治理观（1分）
· 时代主题、经济全球化、顺应各国人民愿望等（2分）
· 符合《联合国宪章》宗旨和原则（1分）
· 推动构建国际新秩序、倡导国际关系民主化、践行多边主义、坚持正确义利观、兼顾利益等任意点（2分）
· 推动构建人类命运共同体（1分）
· 贡献中国智慧、中国方案，勇"
Q0321,321,3806,3817,政治多极化,完全治：完善全球治理,推动全球治理体系变革完善，建立更加公正合理的国际政治经济新秩序,2025朝阳期末Q21（国际秩序公正合理）,2025朝阳期末Q21,为什么能想到;同题组;材料触发点;答案落点;设问,,1126,"1. 2025朝阳期末Q21（国际秩序公正合理）
【材料触发点】 设问问中国如何“营造”良好外部政治环境，题面中的单边霸凌、动荡冲突和意识形态分歧说明外部环境的关键在于推动国际关系民主化、维护以联合国为核心的国际体系、完善全球治理体系和建设更加公正合理的国际秩序。
【设问】 结合材料，运用《当代国际政治与经济》知识，说明如何通过开展中国特色大国外交为推进中国式现代化营造良好外部环境。
【为什么能想到】 题面提到""营造""良好外部政治环境，材料集中呈现单边霸凌、动荡冲突和意识形态分歧等外部变量，说明本题要回答中国如何推动国际秩序朝更公正合理方向发展。国际关系民主化、维护以联合国为核心的国际体系、完善全球治理体系和建设更加公正合理的新秩序，是营造良好外部环境的连续主张。先把推动国际关系民主化作为方向定位，再把维护以联合国为核心的国际体系、以国际法为基础的国际秩序列为体系支柱，接着用推动全球治理体系变革完善作为更新路径，最后指向推动建立更加公正合理的国际政治经济新秩序。
【答案落点】 中国推动全球治理体系变革完善，推动建立更加公正合理的国际政治经济新秩序，为中国式现代化营造稳定的国际秩序环境。"
Q0322,322,3818,3827,政治多极化,完全治：完善全球治理,推动全球治理体系变革完善，建立更加公正合理的国际政治经济新秩序,2025东城一模Q20,2025东城一模Q20,为什么能想到;同题组;材料触发点;答案落点;设问,,562,"2. 2025东城一模Q20
【材料触发点】 此次出访中，中国同秘鲁签署自贸协定升级议定书和共建“一带一路”合作规划，并在11天内达成60多项合作文件，说明相关国家围绕贸易合作、区域合作和发展议题存在共同利益。
【设问】 结合材料，运用《当代国际政治与经济》知识，谈谈此次元首外交的“精彩”之处。
【为什么能想到】 此次出访既有APEC、G20等多边活动，也有回应全球南方求平等、促变革的立场表达。评价元首外交的“精彩”之处，不能写成泛泛外交依据，而要说明中国如何代表发展中国家诉求，推动全球治理体系朝更加公正合理方向变革。
【答案落点】 此行回应全球南方意愿、维护发展中国家利益，推动完善全球治理，建立更加公正合理的国际新秩序。
【同题组】 （按原题答题层次）
· 答题层次：本题8分，按原题三层得分层次组织
· 第一层（4分）：①共同利益是合作的基础（2分；替代：具体合作，如共建“一带一路”、贸易自由化便利化，可给1分）；②推动高水平对外开放/促进高质量发展/推动经济全球化发展朝着更加开放、包容、普惠、平衡、共赢的方向发展（2分）
· 第二层（2分）：维护发展中国家的利益（2分；替代：完善全"
Q0323,323,3828,3836,政治多极化,完全治：完善全球治理,推动全球治理体系变革完善，建立更加公正合理的国际政治经济新秩序,2025海淀二模Q21,2025海淀二模Q21,为什么能想到;同题组;材料触发点;答案落点;设问,,643,"3. 2025海淀二模Q21
【材料触发点】 中国担任安理会轮值主席、推动讨论聚焦实质性问题并与全球南方国家发起“和平之友”小组，说明中国不仅参与联合国事务，也为全球治理提供理念和方案。
【设问】 结合材料，运用《当代国际政治与经济》知识，阐释“中国需要联合国，联合国也需要中国”。
【为什么能想到】 中国任安理会轮值主席时推动聚焦实质问题、请民间社会代表提新视角，改进的是治理规则本身；给联合国注入动力，正是“推动全球治理体系变革完善”。
【答案落点】 中国推动全球治理体系变革完善、建立更加公正合理的国际政治经济新秩序，为联合国注入动力，故联合国需要中国。
【同题组】 （按原题答题层次）
· 答题层次：本题6分，双向论证“中国需要联合国，联合国也需要中国”。
· 中国需要联合国（3分）：联合国地位和作用2分，写联合国的普遍性、代表性、权威性，集体安全机制核心，实践多边主义最佳场所，或维护世界和平、推动共同发展、促进人类文明进步等，任意两条得2分；联合国对中国对外开放和现代化事业作出独特贡献、成为中国开展多边合作的主要舞台1分。
· 联合国需要中国（3分）：中国作为联合国创始会员国、安理会"
Q0324,324,3837,3848,政治多极化,完全治：完善全球治理,推动全球治理体系变革完善，建立更加公正合理的国际政治经济新秩序,2024丰台二模Q19,2024丰台二模Q19,为什么能想到;同题组;材料触发点;答案落点;设问,,592,"4. 2024丰台二模Q19
【材料触发点】 设问问中国“答卷”如何彰显大国担当，题目限定在应对气候变化和环境保护，因此全球治理观必须连接中国承担责任、南南合作和区域合作，而不是泛写治理口号。
【设问】 结合材料，运用《当代国际政治与经济》知识，说明中国""答卷""如何彰显大国担当。
【为什么能想到】 巴黎协定首次盘点重申“共同但有区别的责任”，中国带方案完善全球环境治理，争规则更公道；故用“推动全球治理体系变革，建立更公正合理新秩序”。
【答案落点】 中国积极参与并完善全球环境治理，贡献中国智慧和中国方案，推动建立更加公正合理的国际政治经济新秩序，彰显大国担当。
【同题组】 （按原题答题层次）
· 答题层次：本题6分，三个角度各2分，必须写“做了什么+效果或意义”。
· 角度一：中国如何承担大国责任，并分析其发挥建设性作用（2分）。
· 角度二：中国如何通过南南合作帮助发展中国家发展，并分析其贡献中国智慧、中国方案或中国力量（2分）。
· 角度三：中国如何通过区域合作促进区域环境改善，并分析其推动构建人类命运共同体（2分）。
· 可补充方向：完善全球治理、共商共建共享、合作共赢可以作为分"
Q0325,325,3849,3860,政治多极化,完全治：完善全球治理,推动全球治理体系变革完善，建立更加公正合理的国际政治经济新秩序,2025丰台二模Q20,2025丰台二模Q20,为什么能想到;同题组;材料触发点;答案落点;设问,,767,"5. 2025丰台二模Q20
【材料触发点】 题目理解“中国力量”如何完善全球治理，材料多次出现人类命运共同体、平等开放合作共享和公正合理的治理方向。
【设问】 当今世界，全球治理体系与国际秩序变革加速推进。我们愿同各方一道，一以贯之以实际行动为完善全球治理注入中国力量。结合材料，运用《当代国际政治与经济》知识，谈谈你对“为完善全球治理注入中国力量”的理解。
【为什么能想到】 同一题的材料关注全球治理体系如何完善，关键词是平等、开放、合作、共享以及中国力量。这里要回答治理规则和秩序的方向，而不是只写中国态度，因此可从推动全球治理体系变革完善、建立更加公正合理的国际政治经济新秩序展开。
【答案落点】 中国推动构建人类命运共同体，遵循平等开放合作共享原则，同各国一道推动全球治理体制向更加公正合理方向发展。
【同题组】 （按原题答题层次）
· 答题层次：本题8分，四个角度，每角度2分；要围绕“中国如何为完善全球治理注入力量”展开。
· 发展中国家身份与全球南方：作为世界上最大的发展中国家，中国是国际政治经济格局中的重要力量，积极参与全球治理，为推动全球南方实现现代化发挥作用。
· 国际组织参"
Q0326,326,3863,3873,政治多极化,完全治：完善全球治理,推动全球治理体系变革完善，建立更加公正合理的国际政治经济新秩序,2026朝阳二模Q20(2)人类命运共同体理念维护世界和平与发展,2026朝阳二模Q20,为什么能想到;同题组;材料触发点;答案落点;设问,,591,"6. 2026朝阳二模Q20(2)人类命运共同体理念维护世界和平与发展
【材料触发点】 答题要求角度3写明“提供中国方案”，并把“国际新秩序/新型国际关系”列为可替代关键词；答案句强调推动构建更加公正合理的国际治理体系。
【设问】 结合材料，运用《当代国际政治与经济》知识，分析人类命运共同体理念为什么能维护世界和平与发展。
【为什么能想到】 题目问理念为什么能维护和平与发展，不能只停在价值宣示。答题要求把中国方案同国际新秩序、新型国际关系相连，说明答题应落到全球治理体系和国际秩序更加公正合理。
【答案落点】 人类命运共同体理念为解决全球性问题提供中国方案，推动全球治理体系变革完善，促进国际秩序朝更加公正合理方向发展。
【同题组】 （按原题答题层次）
· 答题层次：本题6分，按三个角度组织；每个角度2分，知识1分、结合材料1分。
· 角度一：符合共同利益和时代主题（2分）。可写人类命运共同体理念超越民族国家本位，维护全人类共同利益，顺应和平与发展；时代主题可作替代表达。
· 角度二：倡导合作共赢、坚持多边主义、共商共建共享（2分）。可写摒弃零和博弈，推动各方合作应对全球性问题。
· 角度"
Q0327,327,3876,3886,政治多极化,完全治：完善全球治理,推动全球治理体系变革完善，建立更加公正合理的国际政治经济新秩序,2025朝阳二模Q21周边工作服务中国特色大国外交,2025朝阳二模Q21,为什么能想到;同题组;材料触发点;答案落点;设问,,863,"7. 2025朝阳二模Q21周边工作服务中国特色大国外交
【材料触发点】 答题层次包含“全球治理变革”，材料要求说明周边工作服务中国特色大国外交和世界发展需要。
【设问】 结合材料，运用《当代国际政治与经济》知识，说明我国为什么要努力开创周边工作新局面。
【为什么能想到】 周边工作既是地区外交，也体现中国参与全球治理变革的实践路径。看到区域合作机制、新型国际关系、国际关系民主化，应进一步落到公正合理的国际政治经济新秩序。
【答案落点】 中国通过周边工作推动全球治理体系变革完善，促进国际政治经济秩序朝更加公正合理方向发展。
【同题组】 （按原题答题层次）
· 答题层次：本题8分，按“中国的发展需要—区域的发展需要—世界的发展需要”三层组织；同一关键词不重复，语言要有层次、无知识错误
· 从中国的发展需要角度看（3分）：必要性1分，可写周边国家众多、符合我国与周边国家地理环境和文化发展状况、国际形势出现深刻变化；重要性任意两点2分，可写实现发展繁荣的重要基础、提高开放型经济水平、维护国家安全、为国家发展创造良好外部环境、运筹外交全局、推动构建人类命运共同体
· 从区域的发展需要角度看（3分"
Q0328,328,3889,3901,政治多极化,共体：人类命运共同体,推动构建人类命运共同体,2026通州期末Q20,2026通州期末Q20,为什么能想到;同题组;材料触发点;答案落点;设问,,407,"1. 2026通州期末Q20
【材料触发点】 通州Q20把全球治理倡议放在动荡世界和治理赤字中，触发共同体方向。
【设问】 结合材料，运用《当代国际政治与经济》知识，谈谈你对“全球治理倡议正逢其时、指引方向彰显担当”的理解。
【为什么能想到】 动荡世界与治理赤字不是单国能解决，倡议把各国命运和全球治理联在一起，正指向人类命运共同体。
【答案落点】 全球治理倡议坚持推动构建人类命运共同体，为变乱交织的世界提供合作方向。
【同题组】 （按原题答题层次）
· 答题层次：本题8分，按六点答题层次组织
· 共商共建共享全球治理观（1分）
· 时代主题、经济全球化、顺应各国人民愿望等（2分）
· 符合《联合国宪章》宗旨和原则（1分）
· 推动构建国际新秩序、倡导国际关系民主化、践行多边主义、坚持正确义利观、兼顾利益等任意点（2分）
· 推动构建人类命运共同体（1分）
· 贡献中国智慧、中国方案，勇于大国担当（1分）"
Q0329,329,3902,3911,政治多极化,共体：人类命运共同体,推动构建人类命运共同体,2024海淀二模Q18(1)多极化世界中的民主与全球治理,2024海淀二模Q18,为什么能想到;同题组;材料触发点;答案落点;设问,,710,"2. 2024海淀二模Q18(1)多极化世界中的民主与全球治理
【材料触发点】 资料包列出人工智能、大数据带来的两极分化、全球性问题增多和全球治理代表性不足；这些都是各国共同面对的挑战，单靠某一国无法解决，要从""共同命运""角度提出推动构建人类命运共同体。
【设问】 任选一个议题，参考资料包中的内容，运用《当代国际政治与经济》知识，围绕所选的议题写一篇时政述评。（8分）要求：观点明确；知识运用准确；论述合乎逻辑，条理清晰。
【为什么能想到】 资料包把人工智能、大数据带来的两极分化、全球性问题增多、全球治理代表性不足列为同一组挑战，指向这些都是""各国都受影响、谁都无法独自解决""的共同命运议题。时政述评应指向方案与方向；面对共同挑战的合理方向只能是命运共同体路径，而不是单一国家治理。先把AI带来的两极分化与治理代表性不足列为共同挑战，再写各国应推动构建人类命运共同体共同应对，进而接到推动全球治理民主化的整体方向。
【答案落点】 人工智能、大数据带来的全球治理挑战和代表性不足，说明各国需要以人类命运共同体理念共同应对全球性治理问题，推动全球治理体系更加有效、民主。
【同题组】 （按原题答题层次"
Q0330,330,3912,3923,政治多极化,共体：人类命运共同体,推动构建人类命运共同体,"2025延庆一模Q20(2)外交部发言人回应""脱钩断链""",2025延庆一模Q20,为什么能想到;同题组;材料触发点;答案落点;设问,,764,"3. 2025延庆一模Q20(2)外交部发言人回应""脱钩断链""
【材料触发点】 产供链涉及各国发展利益相互交织，""世界共赢链""是把供应链塑造为相互成就的合作链；这一价值取向必须落在共筑人类命运共同体上，才能与""脱钩断链""形成方向上的对抗。
【设问】 假如你是外交部发言人，请结合材料二，运用《当代国际政治与经济》知识，对上述提问做出回应。
【为什么能想到】 材料把""脱钩断链""与中国提出的""世界共赢链""正面摆出，指向中国回应不是辩护，而是用一种把供应链塑造为相互成就的关系来反衬脱钩断链的破坏性。以外交部发言人立场作答，要给出与""脱钩断链""形成方向对抗的中国主张，而不是仅在事实层面澄清。先把""产供链涉及各国发展利益相互交织""作为客观现实摆出，再写中国愿深化产供链合作、打造世界共赢链，进而接到共筑人类命运共同体的方向高度。
【答案落点】 中国愿携手各国深化产供链合作，将全球供应链真正打造为""世界共赢链""，共筑人类命运共同体。
【同题组】 （按原题答题层次）
· 答题层次：本题8分，四个角度，每角度2分。
· 时代主题：维护全球产供链韧性和稳定，是推动世界经济可持续发展的重要保障，符合国际社会共"
Q0331,331,3924,3933,政治多极化,共体：人类命运共同体,推动构建人类命运共同体,2025房山一模Q18(2)中国开源战略,2025房山一模Q18,为什么能想到;同题组;材料触发点;答案落点;设问,,702,"4. 2025房山一模Q18(2)中国开源战略
【材料触发点】 中国在巴黎AI行动峰会上推动联合国大会通过人工智能能力建设国际合作决议；开源战略由此同全球AI治理相连，需要用""构建人类命运共同体""说明全球合作新模式的价值方向。
【设问】 “中国的开源战略不仅是技术上的革新，更是对全球合作新模式的一次积极探索和实践。”结合材料，运用《当代国际政治与经济》知识，谈谈你对这句话的理解。
【为什么能想到】 材料把中国开源战略同""巴黎AI行动峰会""""联合国大会通过人工智能能力建设国际合作决议""相连，指向开源已超出技术层面，进入全球AI治理的合作架构。要""理解""开源战略是""全球合作新模式""，必须把开源放到国际合作的价值层面，而不是停留在技术开放本身。先把中国推动联合国通过AI能力建设国际合作决议作为关键事实点出，再写中国构建人类命运共同体的价值定位，进而接到开源战略让各国共享AI红利、形成全球合作新模式。
【答案落点】 中国推动人工智能能力建设国际合作，构建人类命运共同体，让开源战略成为各国共享AI红利的全球合作新模式。
【同题组】 （按原题答题层次）
· 答题层次：本题8分，按两条链条加逻辑分组"
Q0332,332,3934,3945,政治多极化,共体：人类命运共同体,推动构建人类命运共同体,"2024丰台二模Q19中国""答卷""如何彰显大国担当",2024丰台二模Q19,为什么能想到;同题组;材料触发点;答案落点;设问,,710,"5. 2024丰台二模Q19中国""答卷""如何彰显大国担当
【材料触发点】 材料里中国与周边国家、亚太地区在气候和环境议题上的合作不只服务双边利益，还指向地区生态共同体和全球气候治理；区域合作的意义指向人类命运共同体。
【设问】 结合材料，运用《当代国际政治与经济》知识，说明中国""答卷""如何彰显大国担当。
【为什么能想到】 材料把中国与周边国家、亚太地区的气候和环境合作集中呈现，指向这类合作不止双边收益，目标是地区生态共同体与全球气候治理的整体改善。问""如何彰显大国担当""，担当应指向中国合作对全球公共问题（气候、生态）的方向性贡献，而不是合作清单。先把区域气候和环境合作的范围与目标摆出，再写中国推动构建人类命运共同体，进而接到改善区域生态环境、维护全球可持续发展的大国担当落点。
【答案落点】 中国通过区域气候和环境合作改善区域生态环境，推动构建人类命运共同体，彰显维护全球可持续发展的大国担当。
【同题组】 （按原题答题层次）
· 答题层次：本题6分，三个角度各2分，必须写“做了什么+效果或意义”。
· 角度一：中国如何承担大国责任，并分析其发挥建设性作用（2分）。
· 角度二：中国如何通"
Q0333,333,3946,3954,政治多极化,共体：人类命运共同体,推动构建人类命运共同体,2024西城二模Q19中国答案的国际关系新思路,2024西城二模Q19,为什么能想到;同题组;材料触发点;答案落点;设问,,523,"6. 2024西城二模Q19中国答案的国际关系新思路
【材料触发点】 题面把""集团政治""""实力至上""""少数西方国家定义的普世价值""作为旧国际关系问题，需要先以人类命运共同体作为总纲，给出一个超越旧逻辑的处理国际关系的总思路。
【设问】 结合材料，阐述中国答案所体现的处理国际关系的新思路。
【为什么能想到】 材料把旧国际关系的零和和排他说清，破解它需要把各国命运放在一起看，因此联到人类命运共同体。
【答案落点】 中国答案以人类命运共同体理念为总纲，主张各国相互依存、休戚与共，从根本上回应实力至上和结盟对抗的旧国际关系逻辑。
【同题组】 （按原题答题层次）
· 答题层次：本题5分，1分总判断，4分任取二点
· 总判断（1分）：全人类是一个命运与共的大家庭，国与国之间利益交汇、命运交织、休戚与共；也可用和平与发展作时代背景替代
· 新思路层（4分，以下任取二点，每点2分）：人类命运共同体理念超越集团政治的“小圈子”规则；超越实力至上的逻辑；超越少数国家定义“普世价值”的垄断；顺应时代潮流，倡导全球协作，推动国际秩序朝着更加公正合理的方向发展。正面解释可展开为赋予发展中国家更多发言权、推动国际"
Q0334,334,3955,3963,政治多极化,共体：人类命运共同体,推动构建人类命运共同体,2026门头沟一模Q21,2026门头沟一模Q21,为什么能想到;同题组;材料触发点;答案落点;设问,,644,"7. 2026门头沟一模Q21
【材料触发点】 题目把中国的发展稳定性与世界共享机遇联系起来，说明中国提供确定性不是单纯依靠国内增长，而是通过开放合作把自身发展同世界发展结合起来。
【设问】 结合材料，综合运用所学，谈谈中国为何能为世界提供宝贵的确定性。
【为什么能想到】 题目把中国发展稳定性与""世界共享机遇""挂钩，指向中国所提供的""确定性""建立在开放合作、把自身发展与世界发展捆绑这一基础上。问""为何能""提供确定性，回答的是机制：中国不是孤立自强，而是把发展机遇与世界共享，因此世界从中国发展中获得稳定预期。先把中国发展与世界共享市场、共享发展机遇的关联点写出，再说明中国推动构建人类命运共同体、把自身发展同世界发展结合起来，进而接到中国长期稳定发展转化为世界发展稳定性和确定性。
【答案落点】 中国推动构建人类命运共同体，把自身发展同世界发展结合起来，与全球各方共享市场和发展机遇，使中国长期稳定发展转化为世界发展的稳定性和确定性。
【同题组】 （按原题答题层次）
· 答题层次：本题10分，选必一重点看材料三的国政经角度，不按全题综合题展开
· 国政经角度：结合材料三，用《当代国际政治与经济"
Q0335,335,3964,3974,政治多极化,共体：人类命运共同体,推动构建人类命运共同体,2026朝阳期中Q17,2026朝阳期中Q17,为什么能想到;同题组;材料触发点;答案落点;设问,,878,"8. 2026朝阳期中Q17
【材料触发点】 同学丙强调人工智能是造福人类的国际公共产品，中国主张关注发展中国家需求，帮助全球南方加强能力建设、弥合全球智能鸿沟；这对应中国发展与世界发展的关系。
【设问】 结合材料，运用《当代国际政治与经济》知识阐述我国应如何处理好推进“人工智能+”发展过程中的重要关系。
【为什么能想到】 本条不能用同学甲的自主可控线索触发。看到“国际公共产品”“全球南方”“弥合全球智能鸿沟”，说明材料把人工智能发展放到中国与世界共同发展关系中考查。由此应想到人类命运共同体：我国推进人工智能发展，不只是服务本国现代化，也要兼顾他国合理关切，为世界提供公共产品和发展机遇。
【答案落点】 处理好中国发展与世界发展关系，兼顾他国合理关切、为世界提供公共产品和机遇，推动构建人类命运共同体。
【同题组】 （按原题答题层次）
· 答题层次：本题8分；一层3分，两层6分，三层8分。每层按“关系概括1分+两端展开各1分”组织。
· 处理好自力更生和对外开放的关系（3分）：先概括二者关系，再分别写自力更生一端和对外开放一端。自力更生可联系核心技术自主可控、把握创新主动权、创新驱动、技术"
Q0336,336,3975,3984,政治多极化,共体：人类命运共同体,推动构建人类命运共同体,2026西城二模Q19(1),2026西城二模Q19,为什么能想到;同题组;材料触发点;答案落点;设问,,479,"9. 2026西城二模Q19(1)
【材料触发点】 数据跨境流动和数字经济发展形成全球性议题，中国参与全球数据治理要先说明全球化背景和共同价值基础。
【设问】 结合材料，运用当代国际政治知识，阐释中国参与全球数据治理的逻辑。
【为什么能想到】 材料说数据应当惠及人类、世界数据组织要弥合数字鸿沟，这种各国共享数字发展的取向，联到人类命运共同体。
【答案落点】 中国在维护自身数据安全与发展利益基础上推动构建全球数据治理新秩序，践行人类命运共同体理念，展现大国责任担当。
【同题组】 （按原题答题层次）
· 答题层次：本题6分，按背景解释、宗旨原则、世界意义三层组织
· 背景解释（2分）：全球化发展趋势1分；替代可写和平与发展、全人类共同价值、人类共同利益；结合材料分析1分
· 宗旨原则说明（2分）：共商共建共享1分，变通可写国际关系民主化等；结合材料说明我国参与全球数据组织的实践1分，可写实践经验、安全与发展、大国担当
· 对世界的意义（2分，任意二）：构建公正合理的全球数据治理新秩序；推动包容普惠的经济全球化或共同推动现代化；推动构建人类命运共同体"
Q0337,337,3985,3995,政治多极化,共体：人类命运共同体,推动构建人类命运共同体,2024朝阳二模Q20,2024朝阳二模Q20,为什么能想到;同题组;材料触发点;答案落点;设问,,749,"10. 2024朝阳二模Q20
【材料触发点】 表格题先要求形成研讨共识，研讨背景集中呈现气温上升对粮食、生态、能源、基础设施和生命财产安全的威胁，因此必须先说明气候治理的全球公共问题属性。
【设问】 结合研讨背景，运用《当代国际政治与经济》知识，完成下表。
【为什么能想到】 气候是危及全人类的长期威胁，材料把碳中和目标和各国携手放在一起；这种把各国前途连为一体的视角，落到推动构建人类命运共同体作为达成共识的方向。
【答案落点】 各方达成共识：坚持实现碳中和长期目标不动摇，携手完善全球气候治理体系，推动构建人类命运共同体。
【同题组】 （按原题答题层次）
· 答题层次：本题8分，基本原则2分，各方达成共识6分。
· 基本原则（2分）：平等（1分；有平等/公平/公正/多边主义/协商一致一词即可）；开放（1分；有开放/合作/共享/共赢/包容/求同存异/共商共建一词即可）。
· 共识一：为什么完善全球气候治理（1分）：气候变化给全人类带来巨大风险和挑战，气候治理已成为全球治理的重要议题之一；或写气候变化是全球性挑战、应对气候变化是人类共同责任。
· 共识二：如何完善全球气候治理（5分）：各主"
Q0338,338,3996,4004,政治多极化,共体：人类命运共同体,推动构建人类命运共同体,2026石景山二模Q18,2026石景山二模Q18,为什么能想到;同题组;材料触发点;答案落点;设问,,570,"11. 2026石景山二模Q18
【材料触发点】 原卷写中国连续16年保持东盟第一大贸易伙伴地位、东盟连续5年成为中国第一大贸易伙伴，2025年双边贸易增长；材料还列出数字基础设施合作、绿色发展经验和自贸区3.0版规则共建，说明合作提质升级有经贸事实、共同利益和规则联通支撑。
【设问】 结合材料，运用《当代国际政治与经济》知识，分析中国与东盟经贸合作能够提质升级的原因。
【为什么能想到】 绿色园区减排、生态循环既惠及东盟也回应全球可持续课题，把中国发展与他国、全球利益绑在一起，正对应推动构建人类命运共同体。
【答案落点】 中国与东盟经贸合作推动经济全球化朝着开放、包容、普惠、平衡、共赢方向发展，有利于构建人类命运共同体。
【同题组】 （按原题答题层次）
· 答题层次：本题8分，依据4分，意义4分
· 依据层（4分，从政治、经济各答出1个观点）：国家利益和国家实力是影响国际关系的决定性因素；中国与东盟经贸合作提质升级顺应经济全球化趋势，基于双方共同利益，符合时代发展主题
· 意义层（4分，任意2个维度）：对本国，有利于充分利用两个市场、两种资源，促进经济转型升级，使发展成果惠及人民；对区"
Q0339,339,4005,4013,政治多极化,共体：人类命运共同体,推动构建人类命运共同体,"2026延庆一模Q19(2)——中国""推动重塑全球能源治理格局""的理论逻辑和价值意蕴",2026延庆一模Q19,为什么能想到;同题组;材料触发点;答案落点;设问,,608,"12. 2026延庆一模Q19(2)——中国""推动重塑全球能源治理格局""的理论逻辑和价值意蕴
【材料触发点】 题面写中国与共建国家围绕绿色能源开发、技术合作、绿色基建联动，构成绿色发展上的共同需求；设问问理论逻辑，必须先给出合作成立的理论解释。
【设问】 结合材料二，运用《当代国际政治与经济》知识，说明中国“推动重塑全球能源治理格局”的理论逻辑和价值意蕴。
【为什么能想到】 设问把“一带一路”能源合作与全球能源可持续发展联系起来，材料呈现中国方案对各国共同能源问题的公共价值。能源治理关系中国、共建国家和全球可持续发展，具有命运与共的特征，因此可用推动构建人类命运共同体说明中国促进能源治理多边协同。
【答案落点】 中国为全球能源可持续发展提供具有公共产品属性的中国方案，推动能源治理体系多边协同转型，推动构建人类命运共同体。
【同题组】 （按原题答题层次）
· 答题层次：本题8分，按理论逻辑4分和价值意蕴4分组织。
· 理论逻辑（4分）：两个角度各2分，每个角度按观点1分+结合绿色能源合作材料说明1分。国家利益角度可写共同利益是国家间合作的基础、维护国家利益是主权国家对外活动的出发点、坚持"
Q0340,340,4014,4025,政治多极化,共体：人类命运共同体,推动构建人类命运共同体,2024朝阳一模Q21,2024朝阳一模Q21,为什么能想到;同题组;材料触发点;答案落点;设问,,822,"13. 2024朝阳一模Q21
【材料触发点】 题目先要求分析“变局”中的经济形势，题目评价重点提示我国发展的外部环境日趋严峻、风险挑战增多，因此要先说明外部风险压力。
【设问】 结合上述资料，在分析我国当前经济形势的基础上，运用《当代国际政治与经济》知识，谈谈如何推动中国经济在变局中开新局。
【为什么能想到】 材料把中国发展同各国利益、全球问题连在一起来谈营造外部环境；这种命运相连的整体视角，对应推动构建人类命运共同体，为变局中开新局提供大方向。
【答案落点】 坚持合作共赢、推动构建人类命运共同体，为我国发展营造良好外部环境，助推中国经济在变局中开新局。
【同题组】 （按原题答题层次）
· 答题层次：本题9分，按4+5结构组织；先用4分概括我国当前经济形势，再用5分回答如何在变局中开新局。
· 分析我国当前经济形势（4分）：经济总量持续增长、经济增速保持稳健；我国经济进入以新发展理念引领的高质量发展阶段；外部环境日趋严峻、风险挑战增多；我国经济保持强大韧性和良好势头，在世界经济中的地位和贡献稳步提升。
· 开新局部分（5分）：必须从政治多极化、经济全球化两个维度结合材料展开。两个维度"
Q0341,341,4026,4035,政治多极化,共体：人类命运共同体,推动构建人类命运共同体,2025东城二模Q20,2025东城二模Q20,为什么能想到;同题组;材料触发点;答案落点;设问,,534,"14. 2025东城二模Q20
【材料触发点】 题面开头集中呈现全球经济复苏乏力、贸易保护主义、地区冲突、阵营对抗、脱钩断链、恐怖主义和气候变化等挑战，小论文首层必须先交代“同球共济”提出的时代背景。
【设问】 结合材料，运用《当代国际政治与经济》知识，写一篇小论文。要求：自拟题目、观点明确、逻辑清晰，200字左右。
【为什么能想到】 ""同球共济""源于和谐万邦之道，把各国安危发展系于一体，与人类命运共同体一脉相承，故用推动构建人类命运共同体来定位这一精神的理论归属。
【答案落点】 ""同球共济""精神丰富了人类命运共同体内涵，符合各国共同利益，为破解全球难题贡献中国智慧和方案。
【同题组】 （按原题答题层次）
· 答题层次：本题8分，按背景、精神、行动三层组织
· 第一层：背景（2分）：结合第一自然段简述国际局势，如国际局势变乱交织、局部动荡不断、面临诸多问题和挑战。若只笼统写和平与发展主题、世界多极化等学科背景，给1分
· 第二层：精神（4分）：“同球共济”精神丰富人类命运共同体内涵（2分）；符合各国共同利益（2分）
· 第三层：行动（2分）：为解决问题贡献中国智慧和中国方案（2分）；可"
Q0342,342,4036,4047,政治多极化,共体：人类命运共同体,推动构建人类命运共同体,2026朝阳期末Q20,2026朝阳期末Q20,为什么能想到;同题组;材料触发点;答案落点;设问,,718,"15. 2026朝阳期末Q20
【材料触发点】 题目指向分析中国特色大国外交更有作为的必要性，材料呈现“构建周边命运共同体—妥善管控矛盾分歧—让人民远离冲突和战争—共建安宁家园—培育战略互信”的关系链，要求从时代主题和中国外交的共同体目标说明主动作为的理由。
【设问】 结合材料，运用《当代国际政治与经济》知识，分析中国特色大国外交为什么要更有作为。
【为什么能想到】 共建安宁家园、让人民远离战争，已经把中国外交目标放到各国共同命运上，联到人类命运共同体。
【答案落点】 和平与发展是当今时代主题，中国更有作为致力推动构建人类命运共同体，为动荡变化的世界注入稳定性与确定性。
【同题组】 （按原题答题层次）
· 本题8分，按四个角度组织，每个角度都写成“背景+目标”。
· 可先总起：中国特色大国外交主动作为，是顺应世界发展大势、服务国家发展大局的必然选择；后面角度不够完整时，这句可帮助兜住1分。
· 和平发展角度：和平与发展是当今时代主题；再结合材料说明推动人类命运共同体、维护共同利益、推动国际新秩序或完善全球治理。
· 国际政治角度：可写世界多极化深入发展，也可写单边主义、霸权主义和强权政"
Q0343,343,4048,4058,政治多极化,共体：人类命运共同体,推动构建人类命运共同体,2025西城一模Q21,2025西城一模Q21,为什么能想到;同题组;材料触发点;答案落点;设问,,708,"16. 2025西城一模Q21
【材料触发点】 第（2）问要求举例说明中国提供的国际公共产品，若举“一带一路”，就要把它同国际经济合作机会和经济全球化正确方向连接起来。
【设问】 （1）运用所学，解释“我国的发展理念成为国际公共产品”这一现象。（6分）（2）我国还提供了哪些国际公共产品？试举一例简要说明。（2分）
【为什么能想到】 第（2）问要求举例说明中国提供的国际公共产品，若举“一带一路”，就要把它同国际经济合作机会和经济全球化正确方向连接起来。 由材料事实往上提炼，关键就在中国发展、他国利益和全球问题被放在同一命运关联中处理；“推动构建人类命运共同体”能够承接这一判断。表达为：我国发展理念蕴含全人类共同价值，能促成国际共识与合作，拓展发展中国家走向现代化途径，推动构建人类命运共同体。
【答案落点】 我国发展理念蕴含全人类共同价值，能促成国际共识与合作，拓展发展中国家走向现代化途径，推动构建人类命运共同体。
【同题组】 （按原题答题层次）
· 答题层次：本题8分，按总体解释、新发展理念说明、世界意义和举例组织。
· 第（1）问总体解释（2分）：理念蕴含普遍价值1分，可替代为全人类共"
Q0344,344,4059,4069,政治多极化,共体：人类命运共同体,推动构建人类命运共同体,2026东城期末Q20,2026东城期末Q20,为什么能想到;同题组;材料触发点;答案落点;设问,,763,"17. 2026东城期末Q20
【材料触发点】 设问问“四大全球倡议如何系统推动构建人类命运共同体”，题面集中呈现发展、安全、文明、治理四项倡议，指向建设持久和平、普遍安全、共同繁荣、开放包容、清洁美丽的世界。
【设问】 结合材料，运用《当代国际政治与经济》知识，分析四大全球倡议如何系统推动构建人类命运共同体。
【为什么能想到】 发展、安全、文明、治理各管一摊，又共同对着持久和平、共同繁荣等“五个世界”使劲；这命运相连的整体目标，正落到“推动构建人类命运共同体”。
【答案落点】 四大倡议相互促进、有机统一，发展是物质根基、安全是和平屏障、文明是精神纽带、治理是制度保障，共同系统推动构建人类命运共同体。
【同题组】 （按原题答题层次）
· 答题层次：本题7分，按四大倡议、系统推动、实践层面组织
· 学理总说：携手构建人类命运共同体，就是要建设持久和平、普遍安全、共同繁荣、开放包容、清洁美丽的世界
· 四大倡议层（4分）：全球发展倡议以发展促繁荣，可写坚持互利共赢、坚持正确义利观、共商共建共享、发展合作中共享机遇；全球安全倡议以安全保稳定，可写相互尊重、平等协商、筑牢安全屏障、在安全互信中"
Q0345,345,4070,4077,政治多极化,共体：人类命运共同体,推动构建人类命运共同体,2026顺义一模Q21,2026顺义一模Q21,为什么能想到;同题组;材料触发点;答案落点;设问,,430,"18. 2026顺义一模Q21
【材料触发点】 “审势、乘势、驭势”综合题可从国政经角度说明：中国式现代化走和平发展道路，坚持多边主义、互利共赢和人类命运共同体理念，为世界和平与发展提供中国智慧和中国方案。
【设问】 结合材料，综合运用所学，谈谈以中国式现代化全面推进中华民族伟大复兴，应如何运用“审势、乘势、驭势”的智慧。
【为什么能想到】 中国一边谋复兴、一边为世界和平发展出力，把本国前途与各国绑在一起；这种己立立人的取向，正是推动构建人类命运共同体的题中之义，故乘势落此。
【答案落点】 中国式现代化坚持多边主义、互利共赢，倡导构建人类命运共同体，乘势驭势为世界和平与发展贡献力量。
【同题组】 （按原题答题层次）
· 答题提醒：综合题，8分任意4个角度；本题选必一对应国政经角度2分
· 国政经角度：和平与发展是当今时代主题；中国式现代化是走和平发展道路的现代化；坚持多边主义，坚持互利共赢，倡导人类命运共同体；为世界和平与发展提供中国智慧、中国方案"
Q0346,346,4078,4089,政治多极化,共体：人类命运共同体,推动构建人类命运共同体,2025丰台二模Q20,2025丰台二模Q20,为什么能想到;同题组;材料触发点;答案落点;设问,,723,"19. 2025丰台二模Q20
【材料触发点】 题目理解“中国力量”如何完善全球治理，材料多次出现人类命运共同体、平等开放合作共享和公正合理的治理方向。
【设问】 当今世界，全球治理体系与国际秩序变革加速推进。我们愿同各方一道，一以贯之以实际行动为完善全球治理注入中国力量。结合材料，运用《当代国际政治与经济》知识，谈谈你对“为完善全球治理注入中国力量”的理解。
【为什么能想到】 习近平说为构建人类命运共同体挺膺担当，丁薛祥又说一道推动构建人类命运共同体、共建亚洲家园，两处直接点名，故用这一术语统摄各做法的价值归宿。
【答案落点】 中国推动构建人类命运共同体，同世界各国一道推动全球治理体制向着更加公正合理的方向发展。
【同题组】 （按原题答题层次）
· 答题层次：本题8分，四个角度，每角度2分；要围绕“中国如何为完善全球治理注入力量”展开。
· 发展中国家身份与全球南方：作为世界上最大的发展中国家，中国是国际政治经济格局中的重要力量，积极参与全球治理，为推动全球南方实现现代化发挥作用。
· 国际组织参与：中国积极参与联合国、金砖国家、二十国集团、博鳌亚洲论坛等国际组织，在全球治理体系中发"
Q0347,347,4090,4098,政治多极化,共体：人类命运共同体,推动构建人类命运共同体,2026丰台期末Q20,2026丰台期末Q20,为什么能想到;同题组;材料触发点;答案落点;设问,,406,"20. 2026丰台期末Q20
【材料触发点】 中拉“发展工程”强调产业链供应链稳定畅通，设问问“五大工程”如何扩大中拉利益汇合点。
【设问】 结合材料，运用《当代国际政治与经济》知识，阐释“五大工程”如何扩大中拉利益汇合点。
【为什么能想到】 设问问“五大工程”如何扩大中拉利益汇合点，五大工程整体指向中拉携手，要把落点拔高到推动构建新型国际关系、共谱中拉命运共同体新篇，最终归到推动构建人类命运共同体。
【答案落点】 ""五大工程""推动构建新型国际关系，扩大同拉方利益汇合点，携手共谱构建中拉命运共同体新篇章，推动构建人类命运共同体。
【同题组】 （同主题练习提醒）
· 本题适合作为同主题训练，不按固定得分层次展开。
· 练习主线：围绕“五大工程如何扩大中拉利益汇合点”组织，扣住团结、发展、文明、和平、民心五类工程。
· 可写方向：说明五大工程如何扩大中拉共同利益、促进互利共赢，并推动中拉命运共同体建设。"
Q0348,348,4101,4110,政治多极化,共体：人类命运共同体,推动构建人类命运共同体,2026西城期末Q20参与全球气候治理中的中国实践,2026西城期末Q20,为什么能想到;同题组;材料触发点;答案落点;设问,,588,"21. 2026西城期末Q20参与全球气候治理中的中国实践
【材料触发点】 题目围绕中国参与全球气候治理的理念与行动展开，“命运共同体”提示应把中国实践放到促进全球可持续发展和推动构建人类命运共同体中理解。
【设问】 结合材料，运用《国际政治与经济》知识，阐释参与全球气候治理的中国实践。
【为什么能想到】 气候变化是典型的共同命运议题，任何国家都不能独善其身。中国参与全球气候治理，体现的是把本国绿色发展同人类共同未来相连接的命运共同体路径。
【答案落点】 中国参与全球气候治理，推动各国共同应对气候变化、促进全球可持续发展，有利于推动构建人类命运共同体。
【同题组】 （按原题答题层次）
· 本题8分，按“是什么—为什么—效果”三层写。
· 是什么2分：先说中国在全球气候治理中是建设者、引领者或负责任大国；再结合材料概括具体做法，如坚持绿色发展、新发展理念，发挥有为政府和有效市场作用。
· 为什么3分：从四类中写满三类即可：全球气候治理挑战或完善全球治理体系；世界各国共同利益；中国理念，如人类命运共同体、全人类共同价值、正确义利观、共商共建共享、真正的多边主义、互利共赢；自觉履行国际义务、"
Q0349,349,4113,4121,政治多极化,共体：人类命运共同体,推动构建人类命运共同体,2026通州一模Q19中国元首外交为世界注入稳定性与正能量,2026通州一模Q19,为什么能想到;同题组;材料触发点;答案落点;设问,,531,"22. 2026通州一模Q19中国元首外交为世界注入稳定性与正能量
【材料触发点】 原题答题角度包括“人类命运共同体”，题目要求说明中国元首外交为世界注入稳定性与正能量。
【设问】 结合材料，运用《当代国际政治与经济》知识，分析中国元首外交如何为世界注入稳定性与正能量。（8分）
【为什么能想到】 元首外交的落点不是零散外事活动，而是通过合作应对共同挑战、维护共同发展。答题要求列出人类命运共同体，说明答案应指向中国外交的总体价值方向。
【答案落点】 中国元首外交推动构建人类命运共同体，推动各国在共同挑战中加强合作，为世界和平发展注入稳定性与正能量。
【同题组】 （按原题答题层次）
· 答题层次：本题8分，措施或知识4分，材料分析且必须答作用4分，落点指向为世界注入稳定性与正能量
· 可采知识：和平与发展时代主题、共同利益是合作的基础、兼顾他国合理关切、维护多边贸易体制、推动经济全球化朝开放包容普惠平衡共赢方向发展、坚持正确义利观、推动国际关系民主化和国际政治经济新秩序、共商共建共享全球治理观、推动构建人类命运共同体、中国特色大国外交
· 作答提醒：不能只罗列知识；每个知识点都要接材料中元"
Q0350,350,4124,4134,政治多极化,共体：人类命运共同体,推动构建人类命运共同体,2025朝阳二模Q21周边工作服务中国特色大国外交,2025朝阳二模Q21,为什么能想到;同题组;材料触发点;答案落点;设问,,837,"23. 2025朝阳二模Q21周边工作服务中国特色大国外交
【材料触发点】 答题要求四定位之一是“推动构建人类命运共同体的关键”，并涉及周边命运共同体。
【设问】 结合材料，运用《当代国际政治与经济》知识，说明我国为什么要努力开创周边工作新局面。
【为什么能想到】 周边是构建人类命运共同体的重要起点。题目问周边工作服务大国外交，答题要求直接给出命运共同体定位，必须作为独立落点。
【答案落点】 开创周边工作新局面，有利于推动构建周边命运共同体，进而推动构建人类命运共同体。
【同题组】 （按原题答题层次）
· 答题层次：本题8分，按“中国的发展需要—区域的发展需要—世界的发展需要”三层组织；同一关键词不重复，语言要有层次、无知识错误
· 从中国的发展需要角度看（3分）：必要性1分，可写周边国家众多、符合我国与周边国家地理环境和文化发展状况、国际形势出现深刻变化；重要性任意两点2分，可写实现发展繁荣的重要基础、提高开放型经济水平、维护国家安全、为国家发展创造良好外部环境、运筹外交全局、推动构建人类命运共同体
· 从区域的发展需要角度看（3分）：共同的国家利益是国际合作基础，中国与周边国家有广"
Q0351,351,4136,4144,政治多极化,共体：人类命运共同体,促进共同发展、维护持久和平，共同推进现代化,2025西城二模Q19(2),2025西城二模Q19,为什么能想到;同题组;材料触发点;答案落点;设问,,588,"1. 2025西城二模Q19(2)
【材料触发点】 题目把零关税放在发展问题背景下，发展是解决和平问题的重要条件，因此市场开放的意义应归结为共同发展、现代化和持久和平。
【设问】 结合材料，运用《当代国际政治与经济》知识，说明这一做法中的中国担当。
【为什么能想到】 题面把""零关税开放""的对象写成""最不发达国家""，并把这一做法放在发展赤字背景下；""对最弱者开放最深市场""的反差，正是需要说明""担当""的关键支撑。需要说明中国担当，关键是不能让答案停在贸易便利层面；必须把开放最不发达国家市场升格为共同发展、共同推进现代化和持久和平的国际意义。先点出开放对象是最不发达国家，再把市场开放接到共同发展和共同推进现代化的支点上，最后指向为维护持久和平夯实发展基础。
【答案落点】 中国向最不发达国家开放市场，有利于促进各国共同发展、共同推进现代化，并为维护持久和平夯实发展基础。
【同题组】 （按原题答题层次）
· 答题层次：本题5分，按中国担当3分和世界意义2分组织
· 中国担当（3分）：开放广阔的中国市场或坚持正确义利观（1分）；与发展中国家或最不发达国家共享发展新机遇，惠民生增福祉，实现互利共赢（"
Q0352,352,4145,4154,政治多极化,共体：人类命运共同体,促进共同发展、维护持久和平，共同推进现代化,2025丰台期末Q20——中非达成战略性共识的理论逻辑和价值意蕴,2025丰台期末Q20,为什么能想到;同题组;材料触发点;答案落点;设问,,599,"2. 2025丰台期末Q20——中非达成战略性共识的理论逻辑和价值意蕴
【材料触发点】 题面写中非围绕落实全球发展、安全、文明倡议，共同反对脱钩断链、单边主义和保护主义形成共识，说明这一战略共识产生于发展中国家联合自强、共同维护和平与发展的时代背景。
【设问】 阅读材料，运用《当代国际政治与经济》知识，阐明中非达成一系列战略性共识的理论逻辑和价值意蕴。
【为什么能想到】 中非共同落实三大倡议、反对脱钩断链和保护主义，说明双方以现代化合作促发展、护和平。
【答案落点】 中非战略性共识有利于双方在平等互利基础上携手推进现代化，促进共同发展、维护持久和平，共建命运共同体。
【同题组】 （按原题答题层次）
· 答题层次：本题8分，前四点各1分，后两点合计4分。
· 理论逻辑层（4分）：中非达成战略性共识符合和平与发展的时代主题1分；基于国家间共同利益构建中非命运共同体1分；在平等互利基础上开展合作1分；落实共商共建共享的全球治理观1分。
· 价值意蕴层（2分）：有利于推动建设相互尊重、公平正义、合作共赢的新型国际关系；只写“新型国际关系”得1分，具体写出“相互尊重、公平正义、合作共赢”得2分；"
Q0353,353,4155,4166,政治多极化,共体：人类命运共同体,促进共同发展、维护持久和平，共同推进现代化,2024朝阳一模Q21,2024朝阳一模Q21,为什么能想到;同题组;材料触发点;答案落点;设问,,818,"3. 2024朝阳一模Q21
【材料触发点】 题目先要求分析“变局”中的经济形势，题目评价重点提示我国发展的外部环境日趋严峻、风险挑战增多，因此要先说明外部风险压力。
【设问】 结合上述资料，在分析我国当前经济形势的基础上，运用《当代国际政治与经济》知识，谈谈如何推动中国经济在变局中开新局。
【为什么能想到】 材料强调以本国发展带动各国共同发展、维护和平；要说明开新局如何拓展空间，就落到促进共同发展、维护持久和平，共同推进现代化这一价值取向上。
【答案落点】 在谋求本国发展中促进各国共同发展、维护持久和平，共同推进现代化，为中国经济开新局拓展空间。
【同题组】 （按原题答题层次）
· 答题层次：本题9分，按4+5结构组织；先用4分概括我国当前经济形势，再用5分回答如何在变局中开新局。
· 分析我国当前经济形势（4分）：经济总量持续增长、经济增速保持稳健；我国经济进入以新发展理念引领的高质量发展阶段；外部环境日趋严峻、风险挑战增多；我国经济保持强大韧性和良好势头，在世界经济中的地位和贡献稳步提升。
· 开新局部分（5分）：必须从政治多极化、经济全球化两个维度结合材料展开。两个维度都写，4"
Q0354,354,4167,4174,政治多极化,共体：人类命运共同体,促进共同发展、维护持久和平，共同推进现代化,2026顺义一模Q21,2026顺义一模Q21,为什么能想到;同题组;材料触发点;答案落点;设问,,479,"4. 2026顺义一模Q21
【材料触发点】 “审势、乘势、驭势”综合题可从国政经角度说明：中国式现代化走和平发展道路，坚持多边主义、互利共赢和人类命运共同体理念，为世界和平与发展提供中国智慧和中国方案。
【设问】 结合材料，综合运用所学，谈谈以中国式现代化全面推进中华民族伟大复兴，应如何运用“审势、乘势、驭势”的智慧。
【为什么能想到】 “审势、乘势、驭势”综合题把中国式现代化放在世界百年变局中考查。中国式现代化走和平发展道路，坚持多边主义、互利共赢和人类命运共同体理念，说明中国发展与世界和平发展相互联系，体现出促进共同发展、维护持久和平、共同推进现代化的方向。
【答案落点】 中国式现代化以自身发展为世界提供机遇，倡导人类命运共同体，促进共同发展、维护持久和平，共同推进现代化。
【同题组】 （按原题答题层次）
· 答题提醒：综合题，8分任意4个角度；本题选必一对应国政经角度2分
· 国政经角度：和平与发展是当今时代主题；中国式现代化是走和平发展道路的现代化；坚持多边主义，坚持互利共赢，倡导人类命运共同体；为世界和平与发展提供中国智慧、中国方案"
Q0355,355,4180,4190,政治多极化,单边/斥：反对单边主义等错误倾向,践行真正的多边主义,2024朝阳二模Q20,2024朝阳二模Q20,为什么能想到;同题组;材料触发点;答案落点;设问,,875,"1. 2024朝阳二模Q20
【材料触发点】 发达国家与发展中国家围绕历史责任、资金技术支持和减排义务存在分歧，完善气候治理首先要确立平等协商的基本原则。
【设问】 结合研讨背景，运用《当代国际政治与经济》知识，完成下表。
【为什么能想到】 研讨背景里发达国家与发展中国家在历史责任、资金技术支持和减排义务三个点上立场互相对立；单边推进只会让分歧固化，""基本原则""必须放在能容纳不同立场的多边路径上。表格的""基本原则""一栏不是讲具体做法，要给出全球气候治理可被各方接受的根本规则——必须把平等协商、多边主义作为分歧之上的公约数。先把发达国家与发展中国家的责任、资金、减排分歧作为协商对象，再点出平等、公平、公正是处理这些分歧的底线，最后指向在协商一致基础上推动各方共同行动。
【答案落点】 完善全球气候治理应坚持平等、公平、公正和多边主义原则，在协商一致基础上处理各方责任与利益。
【同题组】 （按原题答题层次）
· 答题层次：本题8分，基本原则2分，各方达成共识6分。
· 基本原则（2分）：平等（1分；有平等/公平/公正/多边主义/协商一致一词即可）；开放（1分；有开放/合作/共享/共赢/包容/"
Q0356,356,4191,4199,政治多极化,单边/斥：反对单边主义等错误倾向,践行真正的多边主义,2026丰台一模Q19（真正的多边主义）,2026丰台一模Q19,为什么能想到;同题组;材料触发点;答案落点;设问,,558,"2. 2026丰台一模Q19（真正的多边主义）
【材料触发点】 设问问中国“大国情怀与担当”，材料中的国际合作、共同发展和全球治理行动体现中国坚持多边路线，维护联合国宪章宗旨和原则，并以正确义利观处理国际关系。
【设问】 结合材料，运用《当代国际政治与经济》知识，说明中国在全球可持续发展中彰显了怎样的大国情怀与担当。
【为什么能想到】 题面把中国对联合国体系的支持与对各国共同利益的扩展并列写出；既要回答中国与国际体系的关系，也要回答中国与各国具体合作的方式。""情怀与担当""的多边路线层要单独立点，与全球治理观区分开；必须用对联合国体系的维护和对真正多边主义的坚持作为承担。先把维护联合国宪章宗旨和原则作为中国处理与国际体系关系的底线，再把积极践行真正的多边主义、坚持合作共赢列为多边路线的支撑，最后指向扩大同各国利益汇合点，展现负责任大国担当。
【答案落点】 中国坚定维护联合国宪章的宗旨和原则，积极践行真正的多边主义，坚持合作共赢，致力于扩大同各国利益的汇合点，展现负责任大国的担当。
【同题组】 （同主题练习提醒）
· 本题适合作为同主题训练，不按固定得分层次展开。
· 可写方向：围绕全球治"
Q0357,357,4200,4211,政治多极化,单边/斥：反对单边主义等错误倾向,践行真正的多边主义,2025朝阳期末Q21,2025朝阳期末Q21,为什么能想到;同题组;材料触发点;答案落点;设问,,955,"3. 2025朝阳期末Q21
【材料触发点】 题面把世界动荡冲突、单边霸凌、脱钩断链和意识形态分歧作为外部风险，问中国特色大国外交如何营造外部环境；总体外部环境的根本前提是把答案先放回和平与发展的时代主题，再把促进世界和平与发展和维护和平稳定的国际环境作为方向。
【设问】 结合材料，运用《当代国际政治与经济》知识，说明如何通过开展中国特色大国外交为推进中国式现代化营造良好外部环境。
【为什么能想到】 材料直接点出单边主义、单边霸凌逆流，说明问题的症结在于少数国家以单边方式破坏国际合作。中国要营造良好外部环境，就要以真正的多边主义回应单边主义和霸凌行径。
【答案落点】 大国外交践行真正的多边主义，反对单边霸权，凝聚国际合作共识，营造稳定良好的外部环境。
【同题组】 （按原题答题层次）
· 答题层次：本题8分，要求总分或分总结构，层次清楚且四个外部环境角度齐全，结构与角度完整占1分。
· 总体外部环境（1分）：坚持和加强党对外交工作的领导，坚持以习近平外交思想为指导，全面贯彻总体国家安全观，推动构建人类命运共同体；坚定奉行独立自主的和平外交政策，坚持和平共处五项原则，维护我国主权、安全和发"
Q0358,358,4212,4220,政治多极化,单边/斥：反对单边主义等错误倾向,践行真正的多边主义,2025海淀二模Q21,2025海淀二模Q21,为什么能想到;同题组;材料触发点;答案落点;设问,,680,"4. 2025海淀二模Q21
【材料触发点】 中国担任安理会轮值主席、推动讨论聚焦实质性问题并与全球南方国家发起“和平之友”小组，说明中国不仅参与联合国事务，也为全球治理提供理念和方案。
【设问】 结合材料，运用《当代国际政治与经济》知识，阐释“中国需要联合国，联合国也需要中国”。
【为什么能想到】 材料中的联合国、安理会、全球南方、“和平之友”等线索，都指向在联合国框架内通过多边机制处理全球问题。题目要求说明中国需要联合国，关键在于联合国为中国践行多边主义提供主要舞台；同时中国也通过真正的多边主义支持联合国发挥作用。
【答案落点】 联合国是实践多边主义的最佳场所，中国践行真正的多边主义，故中国需要联合国这一多边合作主要舞台。
【同题组】 （按原题答题层次）
· 答题层次：本题6分，双向论证“中国需要联合国，联合国也需要中国”。
· 中国需要联合国（3分）：联合国地位和作用2分，写联合国的普遍性、代表性、权威性，集体安全机制核心，实践多边主义最佳场所，或维护世界和平、推动共同发展、促进人类文明进步等，任意两条得2分；联合国对中国对外开放和现代化事业作出独特贡献、成为中国开展多边合作的主"
Q0359,359,4221,4231,政治多极化,单边/斥：反对单边主义等错误倾向,践行真正的多边主义,2026海淀二模Q20(2),2026海淀二模Q20,为什么能想到;同题组;材料触发点;答案落点;设问,,584,"5. 2026海淀二模Q20(2)
【材料触发点】 全球发展倡议本身就是题目主题，材料要求把中国倡议与国际发展合作实践连接起来。
【设问】 结合材料，运用《当代国际政治与经济》知识，围绕“全球发展倡议从合作理念到丰富实践”这一主题，撰写一篇短评。（7分）
【为什么能想到】 中方与非洲国家和联合国机构共建合作示范中心、开辟三方发展合作，依托的是联合国等多边平台而非单边主导，正切合践行真正的多边主义。
【答案落点】 全球发展倡议践行真正的多边主义，与非洲国家和联合国机构共建合作示范中心，开辟三方发展合作新局面。
【同题组】 （按原题答题层次）
· 答题层次：本题7分，按短评答题层次组织
· 逻辑分层（1分）：分清“背景及原因”和“具体举措及其积极影响”，通过分段呈现
· 背景及原因/意义（3分）：必要性知识1分，可写时代主题、经济全球化/世界多极化、共同利益等；重要性知识1分，可写推动国际秩序朝更加公正合理方向发展、推动经济全球化朝开放包容普惠平衡共赢方向发展、增强发展中国家话语权和国际地位等任意一点；结合材料论述1分
· 具体举措（3分）：共商共建共享、完善全球治理、践行多边主义、践行正"
Q0360,360,4232,4240,政治多极化,单边/斥：反对单边主义等错误倾向,践行真正的多边主义,2024西城二模Q19中国答案的国际关系新思路,2024西城二模Q19,为什么能想到;同题组;材料触发点;答案落点;设问,,501,"6. 2024西城二模Q19中国答案的国际关系新思路
【材料触发点】 题面把恃强凌弱、零和博弈、结盟对抗作为旧国际关系的问题，需要把中国答案放回当今世界主题之下，说明它顺应而非违背和平与发展的时代潮流。
【设问】 结合材料，阐述中国答案所体现的处理国际关系的新思路。
【为什么能想到】 面对结盟对抗和封闭排他，中国答案强调全球协作而非少数国家说了算，正是真正的多边主义。
【答案落点】 中国答案坚持真正的多边主义，倡导全球协作，顺应时代潮流，推动国际秩序朝着更加公正合理的方向发展。
【同题组】 （按原题答题层次）
· 答题层次：本题5分，1分总判断，4分任取二点
· 总判断（1分）：全人类是一个命运与共的大家庭，国与国之间利益交汇、命运交织、休戚与共；也可用和平与发展作时代背景替代
· 新思路层（4分，以下任取二点，每点2分）：人类命运共同体理念超越集团政治的“小圈子”规则；超越实力至上的逻辑；超越少数国家定义“普世价值”的垄断；顺应时代潮流，倡导全球协作，推动国际秩序朝着更加公正合理的方向发展。正面解释可展开为赋予发展中国家更多发言权、推动国际关系民主化、坚持真正的多边主义、完善全球治理"
Q0361,361,4241,4252,政治多极化,单边/斥：反对单边主义等错误倾向,践行真正的多边主义,"2025延庆一模Q20(2)外交部发言人回应""脱钩断链""",2025延庆一模Q20,为什么能想到;同题组;材料触发点;答案落点;设问,,658,"7. 2025延庆一模Q20(2)外交部发言人回应""脱钩断链""
【材料触发点】 材料二中个别国家鼓噪""脱钩断链""和供应链""去风险""，与近70个国家和地区企业到链博会寻找""链""通中外方案形成对照；要论证供应链合作的正当性，必须用时代主题判定""合作""才是符合潮流的方向，""脱钩""违背潮流。
【设问】 假如你是外交部发言人，请结合材料二，运用《当代国际政治与经济》知识，对上述提问做出回应。
【为什么能想到】 链博会让近70个国家和地区企业共同参与产供链合作，靠的不是单边封锁，而是真正的多边主义。
【答案落点】 中国践行真正的多边主义，愿携手各国让链博会“朋友圈”越来越大，凝聚深化产供链合作的共识，共筑人类命运共同体。
【同题组】 （按原题答题层次）
· 答题层次：本题8分，四个角度，每角度2分。
· 时代主题：维护全球产供链韧性和稳定，是推动世界经济可持续发展的重要保障，符合国际社会共同利益，顺应和平与发展的时代主题。
· 经济全球化方向：中国坚持高质量发展和高水平对外开放，反对“脱钩断链”，推动经济全球化朝开放、包容、普惠、平衡、共赢方向发展。
· 世界多极化：世界多极化是当今国际形势的突出"
Q0362,362,4253,4260,政治多极化,单边/斥：反对单边主义等错误倾向,践行真正的多边主义,2026顺义一模Q21,2026顺义一模Q21,为什么能想到;同题组;材料触发点;答案落点;设问,,462,"8. 2026顺义一模Q21
【材料触发点】 “审势、乘势、驭势”综合题可从国政经角度说明：中国式现代化走和平发展道路，坚持多边主义、互利共赢和人类命运共同体理念，为世界和平与发展提供中国智慧和中国方案。
【设问】 结合材料，综合运用所学，谈谈以中国式现代化全面推进中华民族伟大复兴，应如何运用“审势、乘势、驭势”的智慧。
【为什么能想到】 题目要求说明推进中国式现代化如何审势、乘势、驭势，材料强调人类命运共同体和复杂外部形势。面对多变国际环境，中国式现代化不能依靠封闭或单边路径，而要主动参与全球治理、坚持多边主义，在多边合作中化势为机。
【答案落点】 推进中国式现代化要坚持多边主义、坚持互利共赢，主动参与全球治理，在复杂多变外部环境中驭势开新局。
【同题组】 （按原题答题层次）
· 答题提醒：综合题，8分任意4个角度；本题选必一对应国政经角度2分
· 国政经角度：和平与发展是当今时代主题；中国式现代化是走和平发展道路的现代化；坚持多边主义，坚持互利共赢，倡导人类命运共同体；为世界和平与发展提供中国智慧、中国方案"
Q0363,363,4261,4272,政治多极化,单边/斥：反对单边主义等错误倾向,践行真正的多边主义,2025丰台二模Q20,2025丰台二模Q20,为什么能想到;同题组;材料触发点;答案落点;设问,,727,"9. 2025丰台二模Q20
【材料触发点】 题目理解“中国力量”如何完善全球治理，材料多次出现人类命运共同体、平等开放合作共享和公正合理的治理方向。
【设问】 当今世界，全球治理体系与国际秩序变革加速推进。我们愿同各方一道，一以贯之以实际行动为完善全球治理注入中国力量。结合材料，运用《当代国际政治与经济》知识，谈谈你对“为完善全球治理注入中国力量”的理解。
【为什么能想到】 王毅那句“共同做多边主义的捍卫者”“维护联合国权威、发挥联合国作用”，把中国行动指向多边平台而非单边决定，所以对应“践行真正的多边主义”。
【答案落点】 中国作为联合国常任理事国遵守《联合国宪章》宗旨原则，践行多边主义，维护多边体制的权威性和有效性。
【同题组】 （按原题答题层次）
· 答题层次：本题8分，四个角度，每角度2分；要围绕“中国如何为完善全球治理注入力量”展开。
· 发展中国家身份与全球南方：作为世界上最大的发展中国家，中国是国际政治经济格局中的重要力量，积极参与全球治理，为推动全球南方实现现代化发挥作用。
· 国际组织参与：中国积极参与联合国、金砖国家、二十国集团、博鳌亚洲论坛等国际组织，在全球治理"
Q0364,364,4273,4285,政治多极化,单边/斥：反对单边主义等错误倾向,践行真正的多边主义,2026通州期末Q20,2026通州期末Q20,为什么能想到;同题组;材料触发点;答案落点;设问,,478,"10. 2026通州期末Q20
【材料触发点】 设问评价全球治理倡议为何“正逢其时”，题面呈现百年变局、地区动荡、逆全球化和治理赤字，说明全球治理倡议回应和平与发展、经济全球化和各国人民共同愿望的时代背景。
【设问】 结合材料，运用《当代国际政治与经济》知识，谈谈你对“全球治理倡议正逢其时、指引方向彰显担当”的理解。
【为什么能想到】 倡议把“多边主义”列入五大原则、又同联合国宪章一脉相承、推动各国共同参与治理，因此联到真正的多边主义。
【答案落点】 倡议精神内涵同《联合国宪章》宗旨原则一脉相承，践行真正的多边主义，推动各国共同参与全球治理体系改革与建设。
【同题组】 （按原题答题层次）
· 答题层次：本题8分，按六点答题层次组织
· 共商共建共享全球治理观（1分）
· 时代主题、经济全球化、顺应各国人民愿望等（2分）
· 符合《联合国宪章》宗旨和原则（1分）
· 推动构建国际新秩序、倡导国际关系民主化、践行多边主义、坚持正确义利观、兼顾利益等任意点（2分）
· 推动构建人类命运共同体（1分）
· 贡献中国智慧、中国方案，勇于大国担当（1分）"
Q0365,365,4286,4299,政治多极化,单边/斥：反对单边主义等错误倾向,践行真正的多边主义,2026丰台期末Q21,2026丰台期末Q21,为什么能想到;同题组;材料触发点;答案落点;设问,,809,"11. 2026丰台期末Q21
【材料触发点】 题目要求围绕“四大全球倡议为构建人类命运共同体凝聚磅礴合力”写短评，题干呈现四大全球倡议回应时代课题、凝聚国际共识与共同未来之间的关系。回答这一关系时，应说明共同问题要在多边框架中平等协商解决，反对单边主义和阵营对抗。
【设问】 结合材料，运用《当代国际政治与经济》知识，以“四大全球倡议为构建人类命运共同体凝聚磅礴合力”为主题，撰写一篇短评。
【为什么能想到】 针对单边主义这一时代课题，四大倡议主张在多边框架里平等协商；把“凝聚合力”解释为反对阵营对抗、靠多边平台办事，恰好对应践行真正的多边主义。
【答案落点】 四大全球倡议为构建人类命运共同体凝聚合作力量，体现我国践行真正的多边主义，主张各国在平等协商中合作解决共同问题。
【同题组】 （按原题答题层次）
· 答题层次：本题8分，短评题，围绕“四大全球倡议为构建人类命运共同体凝聚磅礴合力”展开，按整体回应和论证充分度定层级。
· 核心问题：不是简单罗列四个倡议，而是说明四大全球倡议如何推动构建人类命运共同体。
· 论证角度：可从四大全球倡议的本质、当前世界形势的必要性、四大全球倡议的作用三"
Q0366,366,4302,4312,政治多极化,单边/斥：反对单边主义等错误倾向,践行真正的多边主义,2026海淀期中Q22(1),2026海淀期中Q22,为什么能想到;同题组;材料触发点;答案落点;设问,,671,"12. 2026海淀期中Q22(1)
【材料触发点】 题目直接给出全球治理倡议五项核心理念，并问其获得认同的原因；这些理念说明倡议回应的是全球治理原则、方法和路径问题。
【设问】 运用《当代国际政治与经济》知识，说明全球治理倡议为什么能获得国际社会广泛认同，（6分）
【为什么能想到】 题面一次性列出主权平等、遵守国际法治、践行多边主义、倡导以人为本、注重行动导向五项核心理念；这五项并排出现，回答的是为什么不同国家都能接受这套主张。问""为什么获得认同""重点不在描述理念本身，要解释这些理念恰好回答了全球治理改革中""按什么原则、用什么方法、走什么路径""的共同关切。先把主权平等和国际法治列为各国普遍可接受的原则底线，再把多边主义和以人为本接为方法上的最大公约数，最后用行动导向指向改革可操作路径。
【答案落点】 全球治理倡议以奉行主权平等、遵守国际法治、践行多边主义、倡导以人为本、注重行动导向为核心理念，为全球治理改革提供原则、方法和路径。
【同题组】 （按原题答题层次）
· 答题层次：本题6分，按答案链训练，不展示固定分值层次。
· 时代基础：全球治理倡议顺应和平与发展的时代潮流，符合世界各国"
Q0367,367,4317,4327,政治多极化,单边/斥：反对单边主义等错误倾向,践行真正的多边主义,2026朝阳二模Q20(2)人类命运共同体理念维护世界和平与发展,2026朝阳二模Q20,为什么能想到;同题组;材料触发点;答案落点;设问,,620,"13. 2026朝阳二模Q20(2)人类命运共同体理念维护世界和平与发展
【材料触发点】 答题要求角度2写明“倡导合作共赢”，并把“坚持多边主义”列为可替代关键词；材料要求分析人类命运共同体理念为什么能维护世界和平与发展，指向超越零和博弈、通过多边合作解决全球性问题。
【设问】 结合材料，运用《当代国际政治与经济》知识，分析人类命运共同体理念为什么能维护世界和平与发展。
【为什么能想到】 看到答题要求把“坚持多边主义”放在合作共赢角度中，就不能只写一般合作或中国方案。人类命运共同体理念维护和平与发展，关键在于反对单边和零和逻辑，依靠多边合作协调各国行动。
【答案落点】 人类命运共同体理念倡导多边合作，反对单边主义和零和博弈，有利于各国共同应对全球性问题，维护世界和平与发展。
【同题组】 （按原题答题层次）
· 答题层次：本题6分，按三个角度组织；每个角度2分，知识1分、结合材料1分。
· 角度一：符合共同利益和时代主题（2分）。可写人类命运共同体理念超越民族国家本位，维护全人类共同利益，顺应和平与发展；时代主题可作替代表达。
· 角度二：倡导合作共赢、坚持多边主义、共商共建共享（2分）"
Q0368,368,4330,4339,政治多极化,单边/斥：反对单边主义等错误倾向,践行真正的多边主义,2026西城期末Q20参与全球气候治理中的中国实践,2026西城期末Q20,为什么能想到;同题组;材料触发点;答案落点;设问,,584,"14. 2026西城期末Q20参与全球气候治理中的中国实践
【材料触发点】 题目围绕中国参与全球气候治理的理念与行动展开，“践行真正的多边主义”提示应把中国实践放到维护全球气候治理多边进程中理解。
【设问】 结合材料，运用《国际政治与经济》知识，阐释参与全球气候治理的中国实践。
【为什么能想到】 气候治理需要多边机制和国际协作。材料中落实《巴黎协定》、向联合国提交国家自主贡献目标，正是中国维护多边进程、反对单边治理的具体表现。
【答案落点】 中国践行真正的多边主义，落实《巴黎协定》并维护全球气候治理多边进程，推动各国以多边合作共同应对气候变化。
【同题组】 （按原题答题层次）
· 本题8分，按“是什么—为什么—效果”三层写。
· 是什么2分：先说中国在全球气候治理中是建设者、引领者或负责任大国；再结合材料概括具体做法，如坚持绿色发展、新发展理念，发挥有为政府和有效市场作用。
· 为什么3分：从四类中写满三类即可：全球气候治理挑战或完善全球治理体系；世界各国共同利益；中国理念，如人类命运共同体、全人类共同价值、正确义利观、共商共建共享、真正的多边主义、互利共赢；自觉履行国际义务、遵循国际"
Q0369,369,4342,4355,政治多极化,单边/斥：反对单边主义等错误倾向,践行真正的多边主义,2026房山二模Q20世界数据组织完善全球数据治理,2026房山二模Q20,为什么能想到;同题组;材料触发点;答案落点;设问,,580,"15. 2026房山二模Q20世界数据组织完善全球数据治理
【材料触发点】 原题要求把“共商共建共享/全球治理观/真正的多边主义”列为同一给分点，说明全球数据治理要依靠多方共同参与。
【设问】 结合材料，运用《当代国际政治与经济》知识，分析世界数据组织完善全球数据治理，服务全球数字经济发展的智慧。
【为什么能想到】 世界数据组织搭建平台、推动标准制定和互认，体现的不是单边治理，而是多边协同治理。答题要求把真正的多边主义列为可得分表达，提示学生可从多边主义角度迁移。
【答案落点】 世界数据组织践行真正的多边主义，搭建全球数据治理合作平台，推动各方共同制定、对接和互认数据治理标准。
【同题组】 （按原题答题层次）
· 答题层次：本题8分，围绕世界数据组织完善全球数据治理、服务全球数字经济发展的中国智慧展开；六个方向各1分，材料结合2分。
· 治理方向一：普惠包容的经济全球化（1分）。
· 治理方向二：平等有序的世界多极化（1分）。
· 利益基础：共同利益或共同发展（1分）。
· 合作关系：合作共赢或互利共赢（1分）。
· 治理方式：共商共建共享、全球治理观或真正的多边主义（1分）。
· 数"
Q0370,370,4358,4368,政治多极化,单边/斥：反对单边主义等错误倾向,践行真正的多边主义,2025朝阳二模Q21周边工作服务中国特色大国外交,2025朝阳二模Q21,为什么能想到;同题组;材料触发点;答案落点;设问,,855,"16. 2025朝阳二模Q21周边工作服务中国特色大国外交
【材料触发点】 答题要求点名“真正的多边主义”，材料涉及创新区域合作机制、搭建合作平台、维护地区和平稳定。
【设问】 结合材料，运用《当代国际政治与经济》知识，说明我国为什么要努力开创周边工作新局面。
【为什么能想到】 区域合作机制和合作平台体现的不是单边安排，而是多方共同参与。答题要求列出真正的多边主义，说明周边工作可从多边协同角度作答。
【答案落点】 中国在周边工作中践行真正的多边主义，通过区域合作机制和合作平台推动各方共同维护地区和平稳定。
【同题组】 （按原题答题层次）
· 答题层次：本题8分，按“中国的发展需要—区域的发展需要—世界的发展需要”三层组织；同一关键词不重复，语言要有层次、无知识错误
· 从中国的发展需要角度看（3分）：必要性1分，可写周边国家众多、符合我国与周边国家地理环境和文化发展状况、国际形势出现深刻变化；重要性任意两点2分，可写实现发展繁荣的重要基础、提高开放型经济水平、维护国家安全、为国家发展创造良好外部环境、运筹外交全局、推动构建人类命运共同体
· 从区域的发展需要角度看（3分）：共同的国家利"
Q0371,371,4371,4382,政治多极化,单边/斥：反对单边主义等错误倾向,践行真正的多边主义,2025石景山一模Q17(2)中国推动全球治理体系完善,2025石景山一模Q17,为什么能想到;同题组;材料触发点;答案落点;设问,,510,"17. 2025石景山一模Q17(2)中国推动全球治理体系完善
【材料触发点】 答题要求四个2分点之一为“践行真正的多边主义，坚定维护以联合国为核心的国际体系、以国际法为基础的国际秩序”。
【设问】 结合材料二，运用《当代国际政治与经济》知识，概述完善全球治理的“中国主张”。（8分）
【为什么能想到】 题目涉及全球治理体系完善，答题层次提示多边主义和联合国核心体系。要避免只写中国担当，必须写出多边主义这一治理路径。
【答案落点】 中国践行真正的多边主义，支持各国在多边机制中协商合作，共同完善全球治理体系。
【同题组】 （按原题答题层次）
· 答题层次：本题8分，概述完善全球治理的“中国主张”，对应“北京宣言”内容，四个核心点每点2分。
· 中国主张一：坚持共商共建共享的全球治理观。
· 中国主张二：坚持国家不分大小、强弱、贫富一律平等，共同推动国际关系民主化。
· 中国主张三：推进普惠包容的经济全球化。
· 中国主张四：践行真正的多边主义，坚定维护以联合国为核心的国际体系、以国际法为基础的国际秩序。
· 易错边界：没有对应“北京宣言”内容、只从其他角度泛谈，最高4分；答非所问、回答错误"
Q0372,372,4385,4397,政治多极化,民主：国际关系民主化,推动国际关系民主化,2026通州期末Q20,2026通州期末Q20,为什么能想到;同题组;材料触发点;答案落点;设问,,609,"1. 2026通州期末Q20
【材料触发点】 题面五大原则指向主权平等、国际法治、多边主义、以人为本和行动导向，作答要说明倡议怎样指引国际秩序和国际关系方向。
【设问】 结合材料，运用《当代国际政治与经济》知识，谈谈你对“全球治理倡议正逢其时、指引方向彰显担当”的理解。
【为什么能想到】 题面把全球治理倡议拆成五大原则——主权平等、国际法治、多边主义、以人为本、行动导向——五项并列指向""国家间如何对等参与""，指向倡议在国际关系方向上的定位。评价词""指引方向""问的是倡议在国际秩序与国际关系层面的引领作用；学生要解释倡议怎样改写国际关系运行方式，而不是再次复述五大原则。先把主权平等、国际法治、多边主义打包为国际关系民主化的内核，再写倡议对国际新秩序构建的指引作用，进而接到正确义利观对各方合理利益的兼顾。
【答案落点】 全球治理倡议推动构建国际新秩序，倡导国际关系民主化，践行多边主义，坚持正确义利观并兼顾各方合理利益。
【同题组】 （按原题答题层次）
· 答题层次：本题8分，按六点答题层次组织
· 共商共建共享全球治理观（1分）
· 时代主题、经济全球化、顺应各国人民愿望等（2分）
· 符合"
Q0373,373,4398,4407,政治多极化,民主：国际关系民主化,推动国际关系民主化,2025东城一模Q20,2025东城一模Q20,为什么能想到;同题组;材料触发点;答案落点;设问,,667,"2. 2025东城一模Q20
【材料触发点】 二十国集团峰会回应全球南方求平等、促变革的愿望，并为全球治理朝更加公正合理方向注入力量，答题重点在发展中国家利益和国际秩序变革。
【设问】 结合材料，运用《当代国际政治与经济》知识，谈谈此次元首外交的“精彩”之处。
【为什么能想到】 题面把二十国集团峰会上中国的发言与""全球南方求平等、促变革""对接，指向""精彩""二字要从中国代表发展中国家发声、推动旧秩序变革这一立场来理解。评价""精彩""等于问中国元首外交在国际关系层面带来的方向性贡献；需要说明国际关系民主化层面的实质，而不是峰会程序的描述。先把全球南方""求平等、促变革""的诉求与中国回应并列摆出，再写中国维护发展中国家利益、推动各国平等参与决策的国际关系民主化方向，进而接到全球治理公正合理化的实际效应。
【答案落点】 中国在二十国集团峰会上回应全球南方求平等、促变革的愿望，维护发展中国家的利益，为全球治理朝着更加公正合理方向发展注入力量。
【同题组】 （按原题答题层次）
· 答题层次：本题8分，按原题三层得分层次组织
· 第一层（4分）：①共同利益是合作的基础（2分；替代：具体合作，如共建“一带"
Q0374,374,4408,4419,政治多极化,民主：国际关系民主化,推动国际关系民主化,2025顺义一模Q20,2025顺义一模Q20,为什么能想到;同题组;材料触发点;答案落点;设问,,933,"3. 2025顺义一模Q20
【材料触发点】 顺义一模的“小而美”项目尊重共建国家民生需求，帮助当地改善民生、促进经济社会发展和民心相通，说明国际合作应在平等、共同发展的关系中展开。
【设问】 结合材料，运用《当代国际政治与经济》知识，说明“小而美”项目为何成为中国开展国际发展合作的亮点和名片。
【为什么能想到】 题面强调""小而美""项目以共建国家民生需求为出发点，落在改善民生、经济社会发展和民心相通三类成果上，指向这是把合作主导权交还给当地的平等合作。问""为何成为亮点和名片""，要回答合作方式的特征，而不是复述项目内容；特征应指向尊重对方、平等共建的国际关系层面。先把""尊重共建国家民生需求""作为合作方式的关键点摆出，再写项目通过平等合作改善民生、促进发展和民心相通，进而接到这种合作方式推动国际关系民主化的方向意义。
【答案落点】 “小而美”项目尊重共建国家民生需求，通过平等合作改善民生、促进当地经济社会发展和民心相通，推动国际关系民主化。
【同题组】 （按原题答题层次）
· 答题层次：本题8分，按项目本身优势、当地价值、我国意义或理念、世界意义和贡献四层组织，总分不超过8分。
· 项目本"
Q0375,375,4420,4431,政治多极化,民主：国际关系民主化,推动国际关系民主化,2025朝阳期末Q21,2025朝阳期末Q21,为什么能想到;同题组;材料触发点;答案落点;设问,,917,"4. 2025朝阳期末Q21
【材料触发点】 题面把世界动荡冲突、单边霸凌、脱钩断链和意识形态分歧作为外部风险，问中国特色大国外交如何营造外部环境；总体外部环境的根本前提是把答案先放回和平与发展的时代主题，再把促进世界和平与发展和维护和平稳定的国际环境作为方向。
【设问】 结合材料，运用《当代国际政治与经济》知识，说明如何通过开展中国特色大国外交为推进中国式现代化营造良好外部环境。
【为什么能想到】 全球南方壮大却遭围堵打压，说明国际事务不能由少数大国垄断，正指向国际关系民主化。
【答案落点】 大国外交推动国际关系民主化，主张国际上的事由各国商量着办，营造公正合理的外部环境。
【同题组】 （按原题答题层次）
· 答题层次：本题8分，要求总分或分总结构，层次清楚且四个外部环境角度齐全，结构与角度完整占1分。
· 总体外部环境（1分）：坚持和加强党对外交工作的领导，坚持以习近平外交思想为指导，全面贯彻总体国家安全观，推动构建人类命运共同体；坚定奉行独立自主的和平外交政策，坚持和平共处五项原则，维护我国主权、安全和发展利益，促进世界和平与发展，推进三大全球倡议走深走实。
· 外部政治环境（2"
Q0376,376,4432,4441,政治多极化,民主：国际关系民主化,推动国际关系民主化,2026西城二模Q19(1),2026西城二模Q19,为什么能想到;同题组;材料触发点;答案落点;设问,,458,"5. 2026西城二模Q19(1)
【材料触发点】 数据跨境流动和数字经济发展形成全球性议题，中国参与全球数据治理要先说明全球化背景和共同价值基础。
【设问】 结合材料，运用当代国际政治知识，阐释中国参与全球数据治理的逻辑。
【为什么能想到】 全球数据治理涉及各国规则和话语权，中国坚持共商共建共享，正是推动国际关系民主化的体现。
【答案落点】 中国坚持共商共建共享，推动国际关系民主化，推动构建公正合理的全球数据治理新秩序。
【同题组】 （按原题答题层次）
· 答题层次：本题6分，按背景解释、宗旨原则、世界意义三层组织
· 背景解释（2分）：全球化发展趋势1分；替代可写和平与发展、全人类共同价值、人类共同利益；结合材料分析1分
· 宗旨原则说明（2分）：共商共建共享1分，变通可写国际关系民主化等；结合材料说明我国参与全球数据组织的实践1分，可写实践经验、安全与发展、大国担当
· 对世界的意义（2分，任意二）：构建公正合理的全球数据治理新秩序；推动包容普惠的经济全球化或共同推动现代化；推动构建人类命运共同体"
Q0377,377,4442,4451,政治多极化,民主：国际关系民主化,推动国际关系民主化,2025丰台期末Q20——中非达成战略性共识的理论逻辑和价值意蕴,2025丰台期末Q20,为什么能想到;同题组;材料触发点;答案落点;设问,,603,"6. 2025丰台期末Q20——中非达成战略性共识的理论逻辑和价值意蕴
【材料触发点】 题面写中非围绕落实全球发展、安全、文明倡议，共同反对脱钩断链、单边主义和保护主义形成共识，说明这一战略共识产生于发展中国家联合自强、共同维护和平与发展的时代背景。
【设问】 阅读材料，运用《当代国际政治与经济》知识，阐明中非达成一系列战略性共识的理论逻辑和价值意蕴。
【为什么能想到】 中非作为发展中国家联合反对单边主义和保护主义，要求大小国家平等参与规则，指向国际关系民主化。
【答案落点】 中非达成战略性共识推动国际关系民主化，主张大小国家一律平等，建设相互尊重、合作共赢的新型国际关系。
【同题组】 （按原题答题层次）
· 答题层次：本题8分，前四点各1分，后两点合计4分。
· 理论逻辑层（4分）：中非达成战略性共识符合和平与发展的时代主题1分；基于国家间共同利益构建中非命运共同体1分；在平等互利基础上开展合作1分；落实共商共建共享的全球治理观1分。
· 价值意蕴层（2分）：有利于推动建设相互尊重、公平正义、合作共赢的新型国际关系；只写“新型国际关系”得1分，具体写出“相互尊重、公平正义、合作共赢”"
Q0378,378,4452,4460,政治多极化,民主：国际关系民主化,推动国际关系民主化,2024西城二模Q19中国答案的国际关系新思路,2024西城二模Q19,为什么能想到;同题组;材料触发点;答案落点;设问,,507,"7. 2024西城二模Q19中国答案的国际关系新思路
【材料触发点】 题面把恃强凌弱、零和博弈、结盟对抗作为旧国际关系的问题，需要把中国答案放回当今世界主题之下，说明它顺应而非违背和平与发展的时代潮流。
【设问】 结合材料，阐述中国答案所体现的处理国际关系的新思路。
【为什么能想到】 材料说一大批新兴市场和发展中国家崛起、现行国际秩序不适应，这些国家要更多发言权，指向国际关系民主化。
【答案落点】 中国答案赋予发展中国家更多发言权，推动国际关系民主化，使国际秩序朝着更加公正合理的方向发展。
【同题组】 （按原题答题层次）
· 答题层次：本题5分，1分总判断，4分任取二点
· 总判断（1分）：全人类是一个命运与共的大家庭，国与国之间利益交汇、命运交织、休戚与共；也可用和平与发展作时代背景替代
· 新思路层（4分，以下任取二点，每点2分）：人类命运共同体理念超越集团政治的“小圈子”规则；超越实力至上的逻辑；超越少数国家定义“普世价值”的垄断；顺应时代潮流，倡导全球协作，推动国际秩序朝着更加公正合理的方向发展。正面解释可展开为赋予发展中国家更多发言权、推动国际关系民主化、坚持真正的多边主义、"
Q0379,379,4461,4472,政治多极化,民主：国际关系民主化,推动国际关系民主化,"2025延庆一模Q20(2)外交部发言人回应""脱钩断链""",2025延庆一模Q20,为什么能想到;同题组;材料触发点;答案落点;设问,,731,"8. 2025延庆一模Q20(2)外交部发言人回应""脱钩断链""
【材料触发点】 材料二中个别国家鼓噪""脱钩断链""和供应链""去风险""，与近70个国家和地区企业到链博会寻找""链""通中外方案形成对照；要论证供应链合作的正当性，必须用时代主题判定""合作""才是符合潮流的方向，""脱钩""违背潮流。
【设问】 假如你是外交部发言人，请结合材料二，运用《当代国际政治与经济》知识，对上述提问做出回应。
【为什么能想到】 链博会有70个国家参与，题目又要求回应“脱钩断链”“去风险”等把产供链合作单边化、壁垒化的倾向。这里要抓各国平等参与产供链合作的权利：产供链治理不能由少数国家垄断或单边操控，因此可从推动国际关系民主化说明各国平等参与、共建世界共赢链。
【答案落点】 世界多极化是当今国际形势的突出特点，中国推动国际关系民主化，主张各国平等参与产供链合作，共建“世界共赢链”。
【同题组】 （按原题答题层次）
· 答题层次：本题8分，四个角度，每角度2分。
· 时代主题：维护全球产供链韧性和稳定，是推动世界经济可持续发展的重要保障，符合国际社会共同利益，顺应和平与发展的时代主题。
· 经济全球化方向：中国坚持高"
Q0380,380,4473,4483,政治多极化,民主：国际关系民主化,推动国际关系民主化,2025朝阳二模Q21（周边工作新局面中的国际关系民主化）,2025朝阳二模Q21,为什么能想到;同题组;材料触发点;答案落点;设问,,1053,"9. 2025朝阳二模Q21（周边工作新局面中的国际关系民主化）
【材料触发点】 设问从“世界发展需要”层面问周边工作的意义，材料中的周边合作、互利共赢和命运共同体共识体现中国以区域合作推动国际关系民主化、践行真正的多边主义并促进全球治理变革。
【设问】 结合材料，运用《当代国际政治与经济》知识，说明我国为什么要努力开创周边工作新局面。
【为什么能想到】 题面把""周边工作新局面""和""世界发展需要""两层放在一段；周边不是局部议题，而是被作为撬动世界层面国际关系结构变化的支点。要回答""为什么""必须从世界层面拿出理由——周边合作如果只满足双边收益就解释不了""世界发展需要""，必须接到国际秩序方向上。先把中国携手周边国家建设合作共赢的新型国际关系作为出发点，再把这一关系外溢为推动国际关系民主化、实现真正的多边主义，最终指向把周边经验放大为推动全球治理变革的动力。
【答案落点】 中国携手周边国家推动建设合作共赢的新型国际关系，推动国际关系民主化，实现真正的多边主义，把周边经验外溢为推动全球治理变革的动力。
【同题组】 （按原题答题层次）
· 答题层次：本题8分，按“中国的发展需要—区域的发展需要—"
Q0381,381,4486,4497,政治多极化,民主：国际关系民主化,推动国际关系民主化,2025石景山一模Q17(2),2025石景山一模Q17,为什么能想到;同题组;材料触发点;答案落点;设问,,643,"10. 2025石景山一模Q17(2)
【材料触发点】 题面“北京宣言”强调世界多极化应是平等有序的、国际法平等统一适用，要求从国家平等和共同参与治理角度概括中国主张。
【设问】 结合材料二，运用《当代国际政治与经济》知识，概述完善全球治理的“中国主张”。（8分）
【为什么能想到】 北京宣言用""平等有序的多极化""""国际法平等统一适用""两个表述同时强调""平等""，指向中国主张的核心是国家间地位与规则适用上的对等。问""中国主张""，主张应说明中国对治理方式的根本立场，而不是宣言具体条目的复述。先把""国家不分大小、强弱、贫富一律平等""作为中国主张的根本立场写出，再展开为各国平等参与决策、享受权利、履行义务的具体规则，进而接到共同推动国际关系民主化的方向。
【答案落点】 中国主张坚持国家不分大小、强弱、贫富一律平等，各国平等参与决策、享受权利、履行义务，共同推动国际关系民主化。
【同题组】 （按原题答题层次）
· 答题层次：本题8分，概述完善全球治理的“中国主张”，对应“北京宣言”内容，四个核心点每点2分。
· 中国主张一：坚持共商共建共享的全球治理观。
· 中国主张二：坚持国家不分大小、强弱、贫"
Q0382,382,4500,4509,政治多极化,民主：国际关系民主化,推动国际关系民主化,2026朝阳二模Q20(1),2026朝阳二模Q20,为什么能想到;同题组;材料触发点;答案落点;设问,,732,"11. 2026朝阳二模Q20(1)
【材料触发点】 两种理念的目标差异，指向共同发展和更加民主的国际关系。
【设问】 依据材料，概括《威斯特伐利亚和约》体系与人类命运共同体理念在处理国际关系上的差异。
【为什么能想到】 材料把威斯特伐利亚体系下的国家排他、零和博弈与命运共同体的共同利益、共同发展对照摆出，指向两种理念在""国际关系是否民主""这一目标上分立。问""差异""，差异指向两套理念在国际关系性质（强权主导还是平等参与）上的根本分歧，而不是停留在主体范围对比。先把命运共同体追求共同利益和共同发展的目标作为对照点写出，再说明它推动各国平等参与的国际关系民主化方向，进而接到这套方向对零和博弈和冲突对立的根本回应。
【答案落点】 人类命运共同体理念追求共同利益和共同发展，推动国际关系民主化，有利于避免零和博弈和冲突对立。
【同题组】 （按原题答题层次）
· 答题层次：本题4分，比较《威斯特伐利亚和约》体系与人类命运共同体理念在处理国际关系上的差异，按做法/立场不同2分、结果/目标不同2分组织。
· 做法/立场不同（2分）：前者以民族国家为最高政治单元、以国家实力为秩序基础、坚持国家本位、维护"
Q0383,383,4514,4523,政治多极化,民主：国际关系民主化,推动国际关系民主化,2024海淀二模Q18(1)多极化世界中的民主与全球治理,2024海淀二模Q18,为什么能想到;同题组;材料触发点;答案落点;设问,,585,"12. 2024海淀二模Q18(1)多极化世界中的民主与全球治理
【材料触发点】 资料包写新兴国家和经济体对全球事务影响力上升，但在国际组织中的代表性仍然不够，全球南方国家要在区域和全球治理中发出声音，直接指向国际关系民主化。
【设问】 任选一个议题，参考资料包中的内容，运用《当代国际政治与经济》知识，围绕所选的议题写一篇时政述评。（8分）要求：观点明确；知识运用准确；论述合乎逻辑，条理清晰。
【为什么能想到】 题目选择“多极化世界中的民主与全球治理”时，“民主”不能只停在国内政治概念，而要转化为国际层面的代表性和平等参与。材料中的全球南方发声和代表性不足，正对应推动国际关系民主化。
【答案落点】 新兴国家和全球南方国家影响力上升但代表性不足，要求推动国际关系民主化，提升发展中国家在全球治理中的代表性和发言权。
【同题组】 （按原题答题层次）
· 答题层次：本题8分，时政述评等级题；原题没有把共同利益单列为固定得分层。
· 可用角度：可从时代主题、世界多极化、人类命运共同体、国际组织等角度作答。
· 定档要求：观点明确；知识运用准确；论述合乎逻辑、条理清晰。高档要紧扣所选议题综合展开；"
Q0384,384,4525,4534,政治多极化,民主：国际关系民主化,推动国际关系民主化、和平解决国际争端,2025东城二模Q20（国际关系民主化）,2025东城二模Q20,为什么能想到;同题组;材料触发点;答案落点;设问,,682,"1. 2025东城二模Q20（国际关系民主化）
【材料触发点】 题目指向""具体方案/行动""层落地。要回答中国为破解国际局势变乱交织提供的政治层面方案，必须用""推动国际关系民主化、和平解决国际争端""作为可替代""贡献中国智慧和中国方案""的具体行动术语。
【设问】 结合材料，运用《当代国际政治与经济》知识，写一篇小论文。要求：自拟题目、观点明确、逻辑清晰，200字左右。
【为什么能想到】 题面把""同球共济""与""中国行动""并写在一个小论文要求里；""行动""二字把答案锁在具体方案层面，泛标签性表态没有承载力。小论文应指向中国为破解当前国际局势变乱交织提供了哪些政治层面具体方案，不能只写""贡献中国智慧""标签。先把当前国际局势变乱交织作为同球共济精神要回应的现实，再把中国推动国际关系民主化、和平解决国际争端列为可操作的政治行动，最后指向为破解变乱交织提供具体可行的政治方案。
【答案落点】 中国推动国际关系民主化、和平解决国际争端，为破解当前国际局势变乱交织提供具体可行的政治方案。
【同题组】 （按原题答题层次）
· 答题层次：本题8分，按背景、精神、行动三层组织
· 第一层：背景（2分）：结合第一自然"
Q0385,385,4535,4545,政治多极化,民主：国际关系民主化,推动国际关系民主化、和平解决国际争端,2025东城期末Q20——评价欧盟对中国新能源汽车征收临时反补贴税,2025东城期末Q20,为什么能想到;同题组;材料触发点;答案落点;设问,,732,"2. 2025东城期末Q20——评价欧盟对中国新能源汽车征收临时反补贴税
【材料触发点】 题面写欧盟单边征税、中方坚决反对并多次提出建设性解决方案；题目要求写认识短文，适合从反对贸易保护主义、维护本国利益和通过磋商和平解决争端展开。
【设问】 运用《当代国际政治与经济》知识，写一篇短文，谈谈你对上述材料的认识。要求：题目自拟，观点明确，逻辑清晰，200字左右。
【为什么能想到】 本题触发点主要是“多次提出建设性解决方案”和“继续磋商”，不是多边规则民主化。由此想到本核心时，应把重心放在“和平解决国际争端”：面对经贸分歧，中国既维护本国利益，也主张通过对话协商解决争端，避免单边主义和对抗升级。国际关系民主化只能作背景性延伸，不宜当主轴。
【答案落点】 面对欧盟反补贴税分歧，我国坚决维护本国利益，同时主张通过磋商交流、和平谈判解决争端，反对单边主义和贸易保护主义，推动互利共赢。
【同题组】 （按原题答题层次）
· 答题层次：本题8分，短文题，先完成题目和分段，再按中国贡献、批判欧盟行为、中国态度或做法组织。
· 短文形式：题目1分；分三段1分。
· 中国贡献层（3分）：我国新能源汽车产业发"
Q0386,386,4546,4556,政治多极化,民主：国际关系民主化,推动国际关系民主化、和平解决国际争端,2024东城二模Q20,2024东城二模Q20,为什么能想到;同题组;材料触发点;答案落点;设问,,626,"3. 2024东城二模Q20
【材料触发点】 题目整体说明“三大倡议”如何助力未来，作答不能只把发展、安全、文明三项分开写，还要先说明出三大倡议与人类命运共同体的总体关系。
【设问】 结合材料，运用《当代国际政治与经济》知识，说明中国的“三大倡议”如何助力人类走向美好未来。（7分）
【为什么能想到】 全球安全倡议靠对话协商、以和平方式解决争端，而非由少数国家说了算——这种“各国平等议事”的处理路径，正对应国际关系民主化与和平解决争端。
【答案落点】 全球安全倡议通过对话协商，以和平方式解决国际争端，推动国际关系民主化，建设持久和平、普遍安全的世界。
【同题组】 （按原题答题层次）
· 答题层次：本题7分，三个倡议各2分，总论1分；总论可放在开头，也可放在结尾。
· 全球发展倡议（2分）：路径1分，写通过合作援助，为世界共谋发展合作开辟新空间、提供新机遇、注入新动力；效果1分，写增强发展中国家的发展内生动力、繁荣世界经济等。
· 全球安全倡议（2分）：路径1分，写通过对话协商以和平方式解决国际争端，坚持遵守《联合国宪章》宗旨和原则，以共赢思维应对安全挑战；效果1分，写推动建设持久和平、普"
Q0387,387,4559,4567,政治多极化,民主：国际关系民主化,国际关系民主化与国际政治经济新秩序,2026通州一模Q19,2026通州一模Q19,为什么能想到;同题组;材料触发点;答案落点;设问,,519,"1. 2026通州一模Q19
【材料触发点】 材料强调大国要带头讲平等、讲法治，并坚定维护以联合国为核心的国际体系和以国际法为基础的国际秩序。
【设问】 结合材料，运用《当代国际政治与经济》知识，分析中国元首外交如何为世界注入稳定性与正能量。（8分）
【为什么能想到】 “讲平等、讲法治”和“国际法为基础的国际秩序”指向国际事务不能由强权支配，而应由各国在规则基础上平等协商，答题应指向国际关系民主化和更加公正合理的国际秩序。
【答案落点】 中国元首外交倡导国际关系民主化，推动国际秩序和全球治理体系朝着更加公正合理的方向发展。
【同题组】 （按原题答题层次）
· 答题层次：本题8分，措施或知识4分，材料分析且必须答作用4分，落点指向为世界注入稳定性与正能量
· 可采知识：和平与发展时代主题、共同利益是合作的基础、兼顾他国合理关切、维护多边贸易体制、推动经济全球化朝开放包容普惠平衡共赢方向发展、坚持正确义利观、推动国际关系民主化和国际政治经济新秩序、共商共建共享全球治理观、推动构建人类命运共同体、中国特色大国外交
· 作答提醒：不能只罗列知识；每个知识点都要接材料中元首外交的合作、治理、开放"
Q0388,388,4572,4581,政治多极化,世界多极化、全球南方与发展中国家,世界多极化与全球南方联合自强,2024顺义思政二模Q19(2),2024顺义思政二模Q19,为什么能想到;同题组;材料触发点;答案落点;设问,,695,"1. 2024顺义思政二模Q19(2)
【材料触发点】 题目把中国发展新质生产力置于世界新一轮科技革命和产业变革中考查，要求说明我国发展新质生产力对增强实力、提升核心竞争力和参与国际竞争的意义。
【设问】 结合材料，综合运用《政治与法治》和《当代国际政治与经济》知识，说明我国积极推动新质生产力发展的原因。（8分）
【为什么能想到】 题面把新质生产力放在“世界新一轮科技革命和产业变革”中考查，又集中出现综合国力、核心竞争力、国际竞争等词，说明本题的国际维度主要是世界多极化中的实力变化。这里不宜展开“全球南方联合自强”，而应抓住前半层：发展新质生产力能够增强中国综合国力和国际竞争力，为世界多极化深入发展提供新的力量支撑。
【答案落点】 中国发展新质生产力、增强综合国力和核心竞争力，有利于在新一轮科技革命和产业变革中提升新兴力量的国际影响，推动世界多极化深入发展。
【同题组】 （按原题答题层次）
· 答题层次：本题8分，综合运用《政治与法治》和《当代国际政治与经济》说明发展新质生产力原因
· 社会发展规律：生产力是最活跃、最革命的因素，是社会发展的最终决定力量；推动新质生产力发展是遵循人类社"
Q0389,389,4582,4593,政治多极化,世界多极化、全球南方与发展中国家,世界多极化与全球南方联合自强,2026朝阳期末Q20,2026朝阳期末Q20,为什么能想到;同题组;材料触发点;答案落点;设问,,960,"2. 2026朝阳期末Q20
【材料触发点】 题目追问中国外交在国际政治层面更有作为的原因，材料把“支持金砖机制做大做强”“推动金砖国家在多极化进程中提升代表性和话语权”“全球南方联合自强”连成一条政治格局关系链，触发多极化背景与发展中国家话语权目标。
【设问】 结合材料，运用《当代国际政治与经济》知识，分析中国特色大国外交为什么要更有作为。
【为什么能想到】 材料把""支持金砖机制做大做强""""推动金砖国家在多极化进程中提升代表性和话语权""""全球南方联合自强""接成一条政治格局关系链；金砖机制、多极化进程、全球南方在同一段并列出现，发展中国家在国际政治结构中地位提升的逻辑已经写在材料里。问中国特色大国外交""为什么要更有作为""，要给出超出双边交往的国际政治理由——这种作为是被多极化进程的内在要求拉出来的。先把世界多极化深入发展、单边主义和霸权强权仍存作为格局判断，再把中国支持金砖机制、维护发展中国家整体利益接为格局回应，最后指向推动发展中国家提升代表性和话语权、促进全球南方联合自强。
【答案落点】 世界多极化深入发展，单边主义、霸权强权仍然存在。中国维护发展中国家整体利益，支持金砖机制做大做"
Q0390,390,4594,4605,政治多极化,世界多极化、全球南方与发展中国家,世界多极化与全球南方联合自强,2025朝阳期末Q21,2025朝阳期末Q21,为什么能想到;同题组;材料触发点;答案落点;设问,,1116,"3. 2025朝阳期末Q21
【材料触发点】 题面写国际力量对比深刻调整、“全球南方”声势壮大，同时强权霸凌和围堵打压新兴力量上升，说明中国特色大国外交要通过平等有序的多极化和全球南方合作改善外部政治环境。
【设问】 结合材料，运用《当代国际政治与经济》知识，说明如何通过开展中国特色大国外交为推进中国式现代化营造良好外部环境。
【为什么能想到】 题面把""国际力量对比深刻调整、全球南方声势壮大""与""强权霸凌、围堵打压新兴力量""两股力量同时摆出；一升一压的对照，正是回答""如何营造外部环境""必须处理的格局矛盾。要给中国特色大国外交一个面向国际政治格局的具体动作，不能只写态度；必须把多极化趋势和全球南方合作落成可以抵御围堵打压的外部政治布局。先把国际力量对比调整、全球南方壮大列为可以借力的格局趋势，再把中国倡导平等有序的多极化和加强全球南方团结接为顺势行动，最后指向反对围堵打压新兴力量、为中国式现代化营造更公正稳定的外部政治环境。
【答案落点】 中国倡导平等有序的世界多极化，加强全球南方团结与合作，反对少数国家围堵打压新兴力量，为中国式现代化营造更加公正稳定的外部政治环境。
【同题组】 （按原"
Q0391,391,4606,4617,政治多极化,世界多极化、全球南方与发展中国家,世界多极化与全球南方联合自强,2025丰台二模Q20,2025丰台二模Q20,为什么能想到;同题组;材料触发点;答案落点;设问,,729,"4. 2025丰台二模Q20
【材料触发点】 题目理解“中国力量”如何完善全球治理，材料多次出现人类命运共同体、平等开放合作共享和公正合理的治理方向。
【设问】 当今世界，全球治理体系与国际秩序变革加速推进。我们愿同各方一道，一以贯之以实际行动为完善全球治理注入中国力量。结合材料，运用《当代国际政治与经济》知识，谈谈你对“为完善全球治理注入中国力量”的理解。
【为什么能想到】 习近平开篇就讲“全球南方群体性崛起是世界大变局的鲜明标志”、中国是“第一方阵”，这把中国放进格局之力来看，故用多极化与全球南方联合自强作答。
【答案落点】 中国作为最大发展中国家是国际政治经济格局中一支重要力量，积极参与全球治理，推动全球南方实现现代化。
【同题组】 （按原题答题层次）
· 答题层次：本题8分，四个角度，每角度2分；要围绕“中国如何为完善全球治理注入力量”展开。
· 发展中国家身份与全球南方：作为世界上最大的发展中国家，中国是国际政治经济格局中的重要力量，积极参与全球治理，为推动全球南方实现现代化发挥作用。
· 国际组织参与：中国积极参与联合国、金砖国家、二十国集团、博鳌亚洲论坛等国际组织，在全球"
Q0392,392,4619,4628,政治多极化,世界多极化、全球南方与发展中国家,国际组织,2024海淀二模Q18(1),2024海淀二模Q18,为什么能想到;同题组;材料触发点;答案落点;设问,,710,"1. 2024海淀二模Q18(1)
【材料触发点】 时政述评可以选择“多极化世界中的民主与全球治理”，资料包列举金砖国家、二十国集团、上海合作组织等机制作用增强，说明国际组织和合作机制是全球治理民主化的重要平台。
【设问】 任选一个议题，参考资料包中的内容，运用《当代国际政治与经济》知识，围绕所选的议题写一篇时政述评。（8分）要求：观点明确；知识运用准确；论述合乎逻辑，条理清晰。
【为什么能想到】 资料包把金砖国家、二十国集团、上海合作组织这一组合作机制放在一起，并强调它们的作用在增强；这组机制都跨越南北、超越阵营，是回答""民主""议题最贴合的平台。时政述评要""观点明确""，选""多极化世界中的民主与全球治理""议题时必须给出实现民主化的依托，不能只停留在愿景层。先把金砖国家、二十国集团、上海合作组织列为机制平台并强调作用增强，再把这些平台接为全球南方表达诉求和参与全球治理的入口，最后指向推动全球治理民主化的实际路径。
【答案落点】 金砖国家、二十国集团、上海合作组织等国际组织和合作机制作用增强，为全球南方国家在国际舞台发挥更大作用、发出全球治理声音提供重要平台。
【同题组】 （按原题答题层次"
Q0393,393,4630,4641,政治多极化,世界多极化、全球南方与发展中国家,世界多极化是当今国际形势的突出特点,2025延庆一模Q20(2)（世界多极化）,2025延庆一模Q20,为什么能想到;同题组;材料触发点;答案落点;设问,,826,"1. 2025延庆一模Q20(2)（世界多极化）
【材料触发点】 设问问中国维护全球产供链韧性为何成立。要回答国际格局层面的中国立场，必须用""世界多极化是当今国际形势突出特点""作为格局判断——以此说明""脱钩断链""逆潮流，中国愿与各国合作。
【设问】 假如你是外交部发言人，请结合材料二，运用《当代国际政治与经济》知识，对上述提问做出回应。
【为什么能想到】 题面把""脱钩断链""与近70国企业齐聚链博会作正反对照；这种反差不能只用经济利益来解释，背后是国际格局已从单极走向多极，单一国家无法切断全球分工。阐释中国的政策主张要先给出格局层判断，否则""维护产供链合作""看上去只是利益陈述；必须用国际形势的突出特点说明合作才是符合潮流的方向。先把世界多极化是当今国际形势的突出特点作为格局判断，再把""脱钩断链""指认为逆潮流而动，最后指向中国愿与各国深化产供链合作，把全球供应链打造为多极化时代的""世界共赢链""。
【答案落点】 世界多极化是当今国际形势的突出特点，""脱钩断链""逆潮流而动，中国愿与各国深化产供链合作，把全球供应链打造为多极化时代的""世界共赢链""。
【同题组】 （按原题答题层次）
· 答题层次："
Q0394,394,4642,4655,政治多极化,世界多极化、全球南方与发展中国家,世界多极化是当今国际形势的突出特点,2024西城二模Q17,2024西城二模Q17,为什么能想到;同题组;材料触发点;答案落点;设问,,716,"2. 2024西城二模Q17
【材料触发点】 题目把我国发展新质生产力放在“新一轮科技革命在全球范围内风起云涌”的背景下，要求分析我国作为世界上最大的发展中国家如何在科技革命和产业变革中提升综合国力与国际竞争力。
【设问】 新一轮科技革命在全球范围内风起云涌。结合材料，综合运用所学，谈谈在当今时代，我国作为世界上最大的发展中国家应当扮演的角色。
【为什么能想到】 题干指向我国最大发展中国家的定位，科技革命在重塑国际力量格局；世界多极化是当今国际形势突出特点，故角色之一即推动多极化、增发展中国家话语权。
【答案落点】 世界多极化是当今国际形势的突出特点，我国作为最大发展中国家应推动世界多极化，增强发展中国家在国际事务中的话语权。
【同题组】 （按原题答题层次）
· 答题提醒：本题9分，是综合等级题，不能写成六要素罗列。
· 高档要求（7-9分）：观点鲜明，能围绕“我国作为世界上最大的发展中国家应当扮演的角色”深入或全面展开，知识工具恰当精准，逻辑结构合理。
· 中档要求（4-6分）：观点比较明确，能扣住问题展开，但知识准确度、分析深度或逻辑完整度不足。
· 低档提醒（0-3分）：观点不明"
Q0395,395,4656,4667,政治多极化,世界多极化、全球南方与发展中国家,世界多极化是当今国际形势的突出特点,2025朝阳期末Q21,2025朝阳期末Q21,为什么能想到;同题组;材料触发点;答案落点;设问,,946,"3. 2025朝阳期末Q21
【材料触发点】 题面把世界动荡冲突、单边霸凌、脱钩断链和意识形态分歧作为外部风险，问中国特色大国外交如何营造外部环境；总体外部环境的根本前提是把答案先放回和平与发展的时代主题，再把促进世界和平与发展和维护和平稳定的国际环境作为方向。
【设问】 结合材料，运用《当代国际政治与经济》知识，说明如何通过开展中国特色大国外交为推进中国式现代化营造良好外部环境。
【为什么能想到】 国际力量对比深刻调整、全球南方声势壮大，说明世界格局不再由少数国家单向主导，而是在多种力量共同作用中发展，因此可联想到世界多极化。
【答案落点】 世界多极化是当今国际形势的突出特点，我国顺应这一潮流开展大国外交，营造和平稳定的外部环境。
【同题组】 （按原题答题层次）
· 答题层次：本题8分，要求总分或分总结构，层次清楚且四个外部环境角度齐全，结构与角度完整占1分。
· 总体外部环境（1分）：坚持和加强党对外交工作的领导，坚持以习近平外交思想为指导，全面贯彻总体国家安全观，推动构建人类命运共同体；坚定奉行独立自主的和平外交政策，坚持和平共处五项原则，维护我国主权、安全和发展利益，促进世界和"
Q0396,396,4668,4677,政治多极化,世界多极化、全球南方与发展中国家,世界多极化是当今国际形势的突出特点,2025东城二模Q20,2025东城二模Q20,为什么能想到;同题组;材料触发点;答案落点;设问,,592,"4. 2025东城二模Q20
【材料触发点】 题面开头集中呈现全球经济复苏乏力、贸易保护主义、地区冲突、阵营对抗、脱钩断链、恐怖主义和气候变化等挑战，小论文首层必须先交代“同球共济”提出的时代背景。
【设问】 结合材料，运用《当代国际政治与经济》知识，写一篇小论文。要求：自拟题目、观点明确、逻辑清晰，200字左右。
【为什么能想到】 题面集中呈现经济复苏乏力、贸易保护主义、地区冲突、阵营对抗、脱钩断链、恐怖主义和气候变化等挑战，说明世界面临多重风险，少数国家单边主导难以解决共同问题。小论文论证“同球共济”时，可先说明世界多极化背景下国际局势变乱交织，再指出各国需要平等合作、共同应对。
【答案落点】 世界多极化是当今国际形势的突出特点，国际局势变乱交织、面临诸多问题挑战，呼唤各国同球共济。
【同题组】 （按原题答题层次）
· 答题层次：本题8分，按背景、精神、行动三层组织
· 第一层：背景（2分）：结合第一自然段简述国际局势，如国际局势变乱交织、局部动荡不断、面临诸多问题和挑战。若只笼统写和平与发展主题、世界多极化等学科背景，给1分
· 第二层：精神（4分）：“同球共济”精神丰富人类命运"
Q0397,397,4678,4687,政治多极化,世界多极化、全球南方与发展中国家,世界多极化是当今国际形势的突出特点,2024海淀二模Q18(1)多极化世界中的民主与全球治理,2024海淀二模Q18,为什么能想到;同题组;材料触发点;答案落点;设问,,587,"5. 2024海淀二模Q18(1)多极化世界中的民主与全球治理
【材料触发点】 资料包同时呈现全球南方崛起、人工智能与大数据带来的两极分化和全球治理代表性不足；要把这些现象解释为""全球治理民主化""的现实条件，必须先回到""和平与发展仍是时代主题""——只有时代主题没变，全球治理改革才能在和平合作的框架内推进，而不是走向阵营对抗。
【设问】 任选一个议题，参考资料包中的内容，运用《当代国际政治与经济》知识，围绕所选的议题写一篇时政述评。（8分）要求：观点明确；知识运用准确；论述合乎逻辑，条理清晰。
【为什么能想到】 资料包讲全球南方崛起、全球治理代表性不足，说明国际力量对比变化，正是世界多极化推动治理变革的具体线索。
【答案落点】 世界多极化是当今国际形势的突出特点，新兴市场和发展中国家群体性崛起，推动国际格局深刻演变。
【同题组】 （按原题答题层次）
· 答题层次：本题8分，时政述评等级题；原题没有把共同利益单列为固定得分层。
· 可用角度：可从时代主题、世界多极化、人类命运共同体、国际组织等角度作答。
· 定档要求：观点明确；知识运用准确；论述合乎逻辑、条理清晰。高档要紧扣所选议题综合展"
Q0398,398,4688,4696,政治多极化,世界多极化、全球南方与发展中国家,世界多极化是当今国际形势的突出特点,2025海淀期中Q21(2),2025海淀期中Q21,为什么能想到;同题组;材料触发点;答案落点;设问,,652,"6. 2025海淀期中Q21(2)
【材料触发点】 设问分析外交的“变”，题面把新中国外交放在不同历史阶段和国际格局演进中，说明外交内容和任务的调整与外部时代背景变化相联系。
【设问】 结合材料，运用《当代国际政治与经济》知识，分析新中国外交的“变”与“不变”。
【为什么能想到】 本题让分析外交的“变”，材料按不同历史阶段呈现中国外交重点调整；其中“变”不是外交原则变化，而是国际力量格局、国际合作方式和时代主题变化下的任务调整。看到政治多极化与经济全球化深入发展，就应把外交的阶段性调整放在世界多极化背景中说明：国际力量对比和国际格局变化，推动中国外交与时俱进。
【答案落点】 新中国外交之“变”在于：政治多极化、经济全球化深入发展，和平与发展成为时代主题，外交据此因时而变、与时俱进。
【同题组】 （按原题答题层次）
· 答题层次：按答案链训练，不展示固定分值层次；围绕新中国外交的“变”与“不变”展开。
· 变的方面：新中国外交的时代背景不断变化，政治多极化、经济全球化深入发展，和平与发展成为时代主题；中国的综合国力不断增强，国际地位不断提升，承担越来越多的国际责任；外交指导思想与时俱进，"
Q0399,399,4697,4708,政治多极化,世界多极化、全球南方与发展中国家,世界多极化是当今国际形势的突出特点,2026朝阳期末Q20,2026朝阳期末Q20,为什么能想到;同题组;材料触发点;答案落点;设问,,720,"7. 2026朝阳期末Q20
【材料触发点】 题目指向分析中国特色大国外交更有作为的必要性，材料呈现“构建周边命运共同体—妥善管控矛盾分歧—让人民远离冲突和战争—共建安宁家园—培育战略互信”的关系链，要求从时代主题和中国外交的共同体目标说明主动作为的理由。
【设问】 结合材料，运用《当代国际政治与经济》知识，分析中国特色大国外交为什么要更有作为。
【为什么能想到】 材料说支持金砖做大做强、在多极化进程中提升发展中国家代表性话语权，中国主动作为顺应的正是多极化大势。
【答案落点】 世界多极化是当今国际形势的突出特点，中国更有作为顺应多极化大势，提升发展中国家的代表性和话语权。
【同题组】 （按原题答题层次）
· 本题8分，按四个角度组织，每个角度都写成“背景+目标”。
· 可先总起：中国特色大国外交主动作为，是顺应世界发展大势、服务国家发展大局的必然选择；后面角度不够完整时，这句可帮助兜住1分。
· 和平发展角度：和平与发展是当今时代主题；再结合材料说明推动人类命运共同体、维护共同利益、推动国际新秩序或完善全球治理。
· 国际政治角度：可写世界多极化深入发展，也可写单边主义、霸权主义和强"
Q0400,400,4711,4724,政治多极化,世界多极化、全球南方与发展中国家,世界多极化是当今国际形势的突出特点,2026房山二模Q20世界数据组织完善全球数据治理,2026房山二模Q20,为什么能想到;同题组;材料触发点;答案落点;设问,,588,"8. 2026房山二模Q20世界数据组织完善全球数据治理
【材料触发点】 原题要求写明“世界数据组织顺应经济全球化和世界多极化的趋势”，并在给分点中列出“世界多极化1分”。
【设问】 结合材料，运用《当代国际政治与经济》知识，分析世界数据组织完善全球数据治理，服务全球数字经济发展的智慧。
【为什么能想到】 世界数据组织不是单一国家平台，而是推动各方参与数据治理、制定和互认标准的国际组织化实践。答题层次提示给“世界多极化”1分，应把它落在世界多极化趋势，而不是泛化为全球南方表达。
【答案落点】 世界数据组织顺应世界多极化趋势，推动各方平等参与全球数据治理规则制定和标准互认，服务全球数字经济发展。
【同题组】 （按原题答题层次）
· 答题层次：本题8分，围绕世界数据组织完善全球数据治理、服务全球数字经济发展的中国智慧展开；六个方向各1分，材料结合2分。
· 治理方向一：普惠包容的经济全球化（1分）。
· 治理方向二：平等有序的世界多极化（1分）。
· 利益基础：共同利益或共同发展（1分）。
· 合作关系：合作共赢或互利共赢（1分）。
· 治理方式：共商共建共享、全球治理观或真正的多边主义（"
Q0401,401,4727,4736,政治多极化,国际秩序与国际法治,坚持主权平等与安全保障,2026西城二模Q19(2),2026西城二模Q19,为什么能想到;同题组;材料触发点;答案落点;设问,,586,"1. 2026西城二模Q19(2)
【材料触发点】 数据价值释放需要规则协调，也需要尊重各国数据治理权利并防范数据安全风险。
【设问】 结合材料，运用《当代国际政治与经济》知识，为释放数据价值、繁荣数字经济提2条建议，并说明理由。
【为什么能想到】 题面把""数据治理权利""和""数据安全风险""放在数据流动的两端；释放数据价值如果绕开任一端都会引发争端，指向建议必须同时回答归属和风险两个问题。提""建议""要给出可被各国普遍接受的规则取向，不是单写技术手段；必须把数据治理放回""主权 + 安全""的双底线之上。先把数据治理权利明确归到各国主权，再把数据安全列为流动必须守住的底线，最后指向在保障安全前提下促进数据合理流动，让数据价值真正惠及数字经济发展。
【答案落点】 各国应坚持主权平等，尊重各国数据治理权利，在保障数据安全的前提下促进数据合理流动。
【同题组】 （按原题答题层次）
· 答题层次：本题4分，为释放数据价值、繁荣数字经济提2条建议并说明理由，一点2分，两点4分
· 可选角度：主权平等、开放合作、包容普惠、安全保障，知识运用准确，建议具体可行
· 示例路径：坚持主权平等，推动开放合作，构建"
Q0402,402,4737,4745,政治多极化,国际秩序与国际法治,坚持主权平等与安全保障,2026丰台期末Q20,2026丰台期末Q20,为什么能想到;同题组;材料触发点;答案落点;设问,,389,"2. 2026丰台期末Q20
【材料触发点】 中拉“发展工程”强调产业链供应链稳定畅通，设问问“五大工程”如何扩大中拉利益汇合点。
【设问】 结合材料，运用《当代国际政治与经济》知识，阐释“五大工程”如何扩大中拉利益汇合点。
【为什么能想到】 团结工程护以联合国为核心的国际体系，和平工程落实全球安全倡议、合力反恐禁毒，谈的都是安全底盘，对应“坚持主权平等与安全保障”。
【答案落点】 团结工程坚定维护以联合国为核心的国际体系，和平工程落实全球安全倡议，坚持主权平等与共同安全，扩大中拉安全利益汇合点。
【同题组】 （同主题练习提醒）
· 本题适合作为同主题训练，不按固定得分层次展开。
· 练习主线：围绕“五大工程如何扩大中拉利益汇合点”组织，扣住团结、发展、文明、和平、民心五类工程。
· 可写方向：说明五大工程如何扩大中拉共同利益、促进互利共赢，并推动中拉命运共同体建设。"
Q0403,403,4748,4758,政治多极化,具体治理议题与文明互鉴,坚持共同但有区别的责任，要求发达国家为完善全球气候治理承担更多责任,2024朝阳二模Q20,2024朝阳二模Q20,为什么能想到;同题组;材料触发点;答案落点;设问,,929,"1. 2024朝阳二模Q20
【材料触发点】 题面强调全球过量碳排放主要来自发达国家，且《联合国气候变化框架公约》和《巴黎协定》要求发达国家率先减排并支持发展中国家，触发共同但有区别的责任。
【设问】 结合研讨背景，运用《当代国际政治与经济》知识，完成下表。
【为什么能想到】 题面给出""全球过量碳排放主要来自发达国家""的事实，同时把《联合国气候变化框架公约》《巴黎协定》中""发达国家率先减排并支持发展中国家""的规定摆出；事实与条约义务两条线在同一段汇合，区分责任的依据已经写在材料里。""基本原则""一栏还需要一条带区分性的责任原则，不能只说""大家都有责任""，必须解释为何责任要按历史排放和发展阶段加权。先把发达国家累积排放与条约义务作为""区别""的依据，再把发达国家的资金、技术、减排承诺列为应兑现的具体内容，最后指向由发达国家承担更多责任以完善全球气候治理。
【答案落点】 完善全球气候治理应坚持共同但有区别的责任，发达国家应认真兑现资金、技术和减排承诺，为完善全球气候治理承担更多责任。
【同题组】 （按原题答题层次）
· 答题层次：本题8分，基本原则2分，各方达成共识6分。
· 基本原则（2分）"
Q0404,404,4760,4770,政治多极化,具体治理议题与文明互鉴,跨国公司等全球企业，尤其是工业领域企业，应致力于技术创新，加快绿色低碳转型，努力降低碳排放,2024朝阳二模Q20,2024朝阳二模Q20,为什么能想到;同题组;材料触发点;答案落点;设问,,882,"1. 2024朝阳二模Q20
【材料触发点】 研讨背景指出能源转型和技术创新成为迫切要求，气候治理不能只靠政府承诺，还需要跨国公司和工业企业用技术创新降低排放。
【设问】 结合研讨背景，运用《当代国际政治与经济》知识，完成下表。
【为什么能想到】 研讨背景把""能源转型""和""技术创新""列为对气候治理的迫切要求；这两个词都把行动主体压到了产业一端，单靠政府间的减排承诺无法兑现。表格的""共识""一栏要补出一条政府之外的责任主体，必须把工业领域企业从被监管对象升格为减排行动的主体。先把能源转型和技术创新的迫切性列为企业责任的来源，再把跨国公司和工业企业接为减排行动的主力，最后指向通过技术创新、绿色低碳转型降低碳排放，为完善全球气候治理提供企业行动支撑。
【答案落点】 跨国公司等全球企业，尤其是工业领域企业，应致力于技术创新，加快绿色低碳转型，努力降低碳排放，为完善全球气候治理提供企业行动支撑。
【同题组】 （按原题答题层次）
· 答题层次：本题8分，基本原则2分，各方达成共识6分。
· 基本原则（2分）：平等（1分；有平等/公平/公正/多边主义/协商一致一词即可）；开放（1分；有开放/合作/共享"
Q0405,405,4772,4780,政治多极化,具体治理议题与文明互鉴,超越集团政治、实力至上和少数国家垄断价值定义的治理逻辑,2024西城二模Q19,2024西城二模Q19,为什么能想到;同题组;材料触发点;答案落点;设问,,597,"1. 2024西城二模Q19
【材料触发点】 题面集中列出恃强凌弱、巧取豪夺、零和博弈、结盟对抗和封闭排他，这些都是旧国际关系逻辑，中国答案需要先批判集团政治、实力至上和少数国家垄断价值定义。
【设问】 结合材料，阐述中国答案所体现的处理国际关系的新思路。
【为什么能想到】 题面集中列出恃强凌弱、巧取豪夺、零和博弈、结盟对抗和封闭排他，这些都是旧国际关系逻辑。中国答案强调超越集团政治的“小圈子”规则、实力至上的逻辑和少数西方国家定义的“普世价值”，体现的是反对霸权主义和强权政治、以更公平的新思路处理国际关系。
【答案落点】 中国答案超越集团政治的“小圈子”规则、实力至上的逻辑和少数西方国家定义的“普世价值”，反对霸权主义和强权政治，为处理国际关系提供更公平的新思路。
【同题组】 （按原题答题层次）
· 答题层次：本题5分，1分总判断，4分任取二点
· 总判断（1分）：全人类是一个命运与共的大家庭，国与国之间利益交汇、命运交织、休戚与共；也可用和平与发展作时代背景替代
· 新思路层（4分，以下任取二点，每点2分）：人类命运共同体理念超越集团政治的“小圈子”规则；超越实力至上的逻辑；超越少"
Q0406,406,4787,4797,中国,政策,坚持总体国家安全观，统筹发展与安全，以新安全格局保障新发展格局,2026朝阳期中Q17,2026朝阳期中Q17,为什么能想到;同题组;材料触发点;答案落点;设问,,882,"1. 2026朝阳期中Q17
【材料触发点】 题目让学生说明推进“人工智能+”过程中要处理好哪些重要关系，题面同时呈现人工智能作为经济增长引擎和数据泄露、模型缺陷、伦理失控等风险，因此要用发展和安全的关系统摄产业推进、风险防控与高质量发展三侧。
【设问】 结合材料，运用《当代国际政治与经济》知识阐述我国应如何处理好推进“人工智能+”发展过程中的重要关系。
【为什么能想到】 乙同学既讲人工智能驱动增长，又列出数据泄露、模型缺陷、伦理失控且74%风险涉安全；两面并存，须靠统筹发展与安全、以新安全格局保新发展格局。
【答案落点】 推进“人工智能+”要统筹发展和安全，坚持总体国家安全观和底线思维，在维护国家经济安全、科技安全、防范数据、模型和伦理风险的同时，推动经济平稳可持续发展和高质量发展，为经济增长注入新动能。
【同题组】 （按原题答题层次）
· 答题层次：本题8分；一层3分，两层6分，三层8分。每层按“关系概括1分+两端展开各1分”组织。
· 处理好自力更生和对外开放的关系（3分）：先概括二者关系，再分别写自力更生一端和对外开放一端。自力更生可联系核心技术自主可控、把握创新主动权、创新驱"
Q0407,407,4798,4809,中国,政策,坚持总体国家安全观，统筹发展与安全，以新安全格局保障新发展格局,2024朝阳一模Q21,2024朝阳一模Q21,为什么能想到;同题组;材料触发点;答案落点;设问,,801,"2. 2024朝阳一模Q21
【材料触发点】 题目评价重点强调我国发展的外部环境日趋严峻、风险挑战增多，推动中国经济开新局需要把发展优势与安全风险统筹起来。
【设问】 结合上述资料，在分析我国当前经济形势的基础上，运用《当代国际政治与经济》知识，谈谈如何推动中国经济在变局中开新局。
【为什么能想到】 题面集中列出实力至上、恃强凌弱、零和博弈、结盟对抗、封闭排他，这些正是中国新思路要超越的旧逻辑。
【答案落点】 面对外部环境日趋严峻、风险挑战增多，中国应坚持总体国家安全观，统筹发展与安全，以新安全格局保障新发展格局。
【同题组】 （按原题答题层次）
· 答题层次：本题9分，按4+5结构组织；先用4分概括我国当前经济形势，再用5分回答如何在变局中开新局。
· 分析我国当前经济形势（4分）：经济总量持续增长、经济增速保持稳健；我国经济进入以新发展理念引领的高质量发展阶段；外部环境日趋严峻、风险挑战增多；我国经济保持强大韧性和良好势头，在世界经济中的地位和贡献稳步提升。
· 开新局部分（5分）：必须从政治多极化、经济全球化两个维度结合材料展开。两个维度都写，4个要点准确可达5分，3个要点准确可"
Q0408,408,4810,4821,中国,政策,坚持总体国家安全观，统筹发展与安全，以新安全格局保障新发展格局,2025朝阳期末Q21,2025朝阳期末Q21,为什么能想到;同题组;材料触发点;答案落点;设问,,992,"3. 2025朝阳期末Q21
【材料触发点】 题面把世界动荡冲突、单边霸凌、脱钩断链和意识形态分歧作为外部风险，问中国特色大国外交如何营造外部环境；总体外部环境的根本前提是把答案先放回和平与发展的时代主题，再把促进世界和平与发展和维护和平稳定的国际环境作为方向。
【设问】 结合材料，运用《当代国际政治与经济》知识，说明如何通过开展中国特色大国外交为推进中国式现代化营造良好外部环境。
【为什么能想到】 题面把世界动荡冲突、单边霸凌、脱钩断链和意识形态分歧作为外部风险，说明中国式现代化需要安全稳定的外部环境。中国特色大国外交既服务发展，也回应外部安全风险，体现出坚持总体国家安全观、统筹发展和安全、以新安全格局保障新发展格局。
【答案落点】 坚持总体国家安全观，统筹发展和安全，以新安全格局保障新发展格局，营造安全稳定的外部环境。
【同题组】 （按原题答题层次）
· 答题层次：本题8分，要求总分或分总结构，层次清楚且四个外部环境角度齐全，结构与角度完整占1分。
· 总体外部环境（1分）：坚持和加强党对外交工作的领导，坚持以习近平外交思想为指导，全面贯彻总体国家安全观，推动构建人类命运共同体；坚"
Q0409,409,4823,4831,中国,政策,新中国外交始终服务国家性质并坚持党对外交统一集中领导,2025海淀期中Q21(2),2025海淀期中Q21,为什么能想到;同题组;材料触发点;答案落点;设问,,628,"1. 2025海淀期中Q21(2)
【材料触发点】 设问分析外交“不变”，题面虽按历史阶段呈现外交内容变化，但外交服务的国家性质不变。
【设问】 结合材料，运用《当代国际政治与经济》知识，分析新中国外交的“变”与“不变”。
【为什么能想到】 题面按历史阶段铺开外交内容差异，但每个阶段都是""新中国外交""——主语统一指向中国国家性质，指向阶段在变、国家性质不变。分析""不变""中的根本属性，要解释外交服务对象层面的稳定性——国家性质决定外交方向，这是阶段差异背后的恒定线。先承认阶段差异确实存在，再点明外交所服务的我国人民民主专政国家性质始终不变，最后指向外交方向因国家性质而稳定。
【答案落点】 新中国外交始终服务于我国人民民主专政的国家性质。
【同题组】 （按原题答题层次）
· 答题层次：按答案链训练，不展示固定分值层次；围绕新中国外交的“变”与“不变”展开。
· 变的方面：新中国外交的时代背景不断变化，政治多极化、经济全球化深入发展，和平与发展成为时代主题；中国的综合国力不断增强，国际地位不断提升，承担越来越多的国际责任；外交指导思想与时俱进，习近平外交思想为新时代中国特色大国外交提供根本遵"
Q0410,410,4832,4843,中国,政策,新中国外交始终服务国家性质并坚持党对外交统一集中领导,2025朝阳期末Q21,2025朝阳期末Q21,为什么能想到;同题组;材料触发点;答案落点;设问,,916,"2. 2025朝阳期末Q21
【材料触发点】 题面把世界动荡冲突、单边霸凌、脱钩断链和意识形态分歧作为外部风险，问中国特色大国外交如何营造外部环境；总体外部环境的根本前提是把答案先放回和平与发展的时代主题，再把促进世界和平与发展和维护和平稳定的国际环境作为方向。
【设问】 结合材料，运用《当代国际政治与经济》知识，说明如何通过开展中国特色大国外交为推进中国式现代化营造良好外部环境。
【为什么能想到】 中国特色大国外交服务中国式现代化，总体外部环境首先要交代党对外交工作的领导。
【答案落点】 我国外交始终服务社会主义国家性质，坚持党对外交工作的统一集中领导，营造良好外部环境。
【同题组】 （按原题答题层次）
· 答题层次：本题8分，要求总分或分总结构，层次清楚且四个外部环境角度齐全，结构与角度完整占1分。
· 总体外部环境（1分）：坚持和加强党对外交工作的领导，坚持以习近平外交思想为指导，全面贯彻总体国家安全观，推动构建人类命运共同体；坚定奉行独立自主的和平外交政策，坚持和平共处五项原则，维护我国主权、安全和发展利益，促进世界和平与发展，推进三大全球倡议走深走实。
· 外部政治环境（2分"
Q0411,411,4845,4853,中国,政策,中国坚持独立自主的和平外交政策,2025海淀期中Q21(2)〔本题可同时联系外交政策层与准则层〕,2025海淀期中Q21,为什么能想到;同题组;材料触发点;答案落点;设问,,633,"1. 2025海淀期中Q21(2)〔本题可同时联系外交政策层与准则层〕
【材料触发点】 设问分析新中国外交的“不变”，题面呈现阶段变化但外交政策底色未变，要从独立自主的和平外交政策总框架说明连续性。
【设问】 结合材料，运用《当代国际政治与经济》知识，分析新中国外交的“变”与“不变”。
【为什么能想到】 新中国外交不同阶段的任务和对象在变，但外交始终服务中国人民根本利益和世界和平发展。“不变”层要回答外交政策底色，而不是只罗列外交事件。先说明独立自主的和平外交政策，再接维护世界和平、促进共同发展的宗旨和目标。
【答案落点】 新中国始终坚持独立自主的和平外交政策，坚持独立自主的基本立场，维护我国主权、安全和发展利益，同时为世界和平与发展贡献力量。
【同题组】 （按原题答题层次）
· 答题层次：按答案链训练，不展示固定分值层次；围绕新中国外交的“变”与“不变”展开。
· 变的方面：新中国外交的时代背景不断变化，政治多极化、经济全球化深入发展，和平与发展成为时代主题；中国的综合国力不断增强，国际地位不断提升，承担越来越多的国际责任；外交指导思想与时俱进，习近平外交思想为新时代中国特色大国外交"
Q0412,412,4854,4865,中国,政策,中国坚持独立自主的和平外交政策,2025顺义一模Q20〔本题只写政策层〕,2025顺义一模Q20,为什么能想到;同题组;材料触发点;答案落点;设问,,841,"2. 2025顺义一模Q20〔本题只写政策层〕
【材料触发点】 “小而美”项目依托共建“一带一路”开展，聚焦共建国家民生需求，体现中国尊重对方自主选择、不附加政治条件的和平发展道路。
【设问】 结合材料，运用《当代国际政治与经济》知识，说明“小而美”项目为何成为中国开展国际发展合作的亮点和名片。
【为什么能想到】 项目聚焦共建国家民生需求，强调尊重、务实、互利，而不是阵营对抗或制度输出。问“亮点和名片”，要解释中国国际发展合作的外交政策底色。先说明“小而美”对接民生需求，再说明中国坚持独立自主和平外交政策和和平发展道路。
【答案落点】 中国坚持独立自主和平外交政策，通过“小而美”项目尊重共建国家需求、促进民生改善，使国际发展合作成为和平发展道路的具体实践。
【同题组】 （按原题答题层次）
· 答题层次：本题8分，按项目本身优势、当地价值、我国意义或理念、世界意义和贡献四层组织，总分不超过8分。
· 项目本身的创新和实践优势（2分）：聚焦发展中国家紧迫需求、灵活实施、快速响应基层社区需求可得1分；规模小更易统筹、可推广，形成品牌和共同发展目标可得1分。
· 项目对当地的价值（2分）：改善"
Q0413,413,4866,4877,中国,政策,中国坚持独立自主的和平外交政策,2026顺义二模Q20〔本题只写政策层〕,2026顺义二模Q20,为什么能想到;同题组;材料触发点;答案落点;设问,,720,"3. 2026顺义二模Q20〔本题只写政策层〕
【材料触发点】 材料把中国式现代化定位为走和平发展道路、造福中国也促进世界现代化，体现我国独立自主和平外交政策服务民族复兴和促进共同发展的统一。
【设问】 结合材料，运用《当代国际政治与经济》知识，谈谈对“今天的中国，明天的世界”的理解。
【为什么能想到】 中国的发展合作项目服务他国民生和发展，没有以阵营对抗、强加制度或零和竞争为逻辑。理解中国式现代化的世界意义，要说明中国怎样处理同世界的关系。先说明中国坚持独立自主的和平外交政策，再接和平发展道路和发展合作项目，最后指向既造福中国人民也促进世界共同发展。
【答案落点】 中国坚持独立自主的和平外交政策，以和平发展道路推进中国式现代化，既维护自身发展，也为世界和平与共同发展贡献力量。
【同题组】 （按原题答题层次）
· 本题8分，建议按“总—国际政治—国际经济—总”结构写。
· 总起：说明“今天的中国，明天的世界”体现中国发展与世界未来紧密相连，中国式现代化具有世界意义。
· 国际政治角度：可写中国是世界和平的建设者、国际秩序的维护者，坚持独立自主的和平外交政策，推动构建人类命运共同体、新型"
Q0414,414,4878,4889,中国,政策,中国坚持独立自主的和平外交政策,2025朝阳期末Q21〔本题可同时联系外交政策层与准则层〕,2025朝阳期末Q21,为什么能想到;同题组;材料触发点;答案落点;设问,,962,"4. 2025朝阳期末Q21〔本题可同时联系外交政策层与准则层〕
【材料触发点】 题目把世界动荡冲突、单边霸凌、脱钩断链和意识形态分歧作为外部风险，说明中国式现代化的外部环境首先要建立在独立自主外交政策基础上。
【设问】 结合材料，运用《当代国际政治与经济》知识，说明如何通过开展中国特色大国外交为推进中国式现代化营造良好外部环境。
【为什么能想到】 外部风险都涉及对中国主权、安全和发展利益的挤压。问如何营造外部环境，必须先稳住外交政策底色。先说明中国坚定奉行独立自主的和平外交政策，再接维护主权、安全和发展利益，最后指向营造和平稳定的国际环境。
【答案落点】 中国坚定奉行独立自主的和平外交政策，维护我国主权、安全和发展利益，为推进中国式现代化营造和平稳定的国际环境。
【同题组】 （按原题答题层次）
· 答题层次：本题8分，要求总分或分总结构，层次清楚且四个外部环境角度齐全，结构与角度完整占1分。
· 总体外部环境（1分）：坚持和加强党对外交工作的领导，坚持以习近平外交思想为指导，全面贯彻总体国家安全观，推动构建人类命运共同体；坚定奉行独立自主的和平外交政策，坚持和平共处五项原则，维护我国"
Q0415,415,4890,4898,中国,政策,中国坚持独立自主的和平外交政策,2026顺义一模Q20,2026顺义一模Q20,为什么能想到;同题组;材料触发点;答案落点;设问,,515,"5. 2026顺义一模Q20
【材料触发点】 设问问南南合作“典范”的深层逻辑，材料中的科技小院与发展中国家共享农业技术、降低成本、培养人才，说明南南合作通过具体项目回应全球南方农业发展、民生改善和共同发展需求。
【设问】 结合材料，运用《当代国际政治与经济》知识，阐述科技小院成为南南合作典范的深层逻辑。
【为什么能想到】 科技小院帮各国探索适合自身的农业道路、激发内生动力，不附加条件、尊重他国自主，正是中国坚持独立自主的和平外交政策的体现。
【答案落点】 中国坚持独立自主的和平外交政策，以科技小院助力发展中国家自主发展，彰显维护世界和平、促进共同发展的外交宗旨。
【同题组】 （按原题答题层次）
· 本题7分，先写共同利益1分，这一层必须出现。
· 国际政治3分：可从和平与发展是当今时代主题写起；再写构建人类命运共同体，也可替换为独立自主的和平外交政策、维护世界和平促进共同发展的宗旨、正确义利观；还可写新型国际关系、合作共赢、互利共赢、共享发展成果。
· 国际经济3分：结合科技小院说明农业技术提高生产率、降低成本，带来发展动力；通过培养本土人才激发内生动力，推动可持续发展；体现经济全球"
Q0416,416,4900,4908,中国,政策,和平共处五项原则是我国对外关系基本准则,2025海淀期中Q21(2)〔本题可同时联系外交政策层与准则层〕,2025海淀期中Q21,为什么能想到;同题组;材料触发点;答案落点;设问,,604,"1. 2025海淀期中Q21(2)〔本题可同时联系外交政策层与准则层〕
【材料触发点】 设问分析新中国外交“不变”，材料中的外交政策基本准则指向和平共处五项原则这一稳定不变的对外关系准则。
【设问】 结合材料，运用《当代国际政治与经济》知识，分析新中国外交的“变”与“不变”。
【为什么能想到】 外交阶段在变，但中国处理对外关系的基本准则保持稳定。“不变”不是只有政策名称，还包括对外关系基本准则。先点明和平共处五项原则的准则地位，再说明它保证中国外交始终尊重各国主权和平等互利。
【答案落点】 中国把和平共处五项原则作为对外关系基本准则，尊重各国主权和发展道路，在平等互利基础上发展对外关系。
【同题组】 （按原题答题层次）
· 答题层次：按答案链训练，不展示固定分值层次；围绕新中国外交的“变”与“不变”展开。
· 变的方面：新中国外交的时代背景不断变化，政治多极化、经济全球化深入发展，和平与发展成为时代主题；中国的综合国力不断增强，国际地位不断提升，承担越来越多的国际责任；外交指导思想与时俱进，习近平外交思想为新时代中国特色大国外交提供根本遵循和行动指南。
· 不变的方面：新中国外交始终服"
Q0417,417,4909,4920,中国,政策,和平共处五项原则是我国对外关系基本准则,2025朝阳期末Q21,2025朝阳期末Q21,为什么能想到;同题组;材料触发点;答案落点;设问,,988,"2. 2025朝阳期末Q21
【材料触发点】 题面把世界动荡冲突、单边霸凌、脱钩断链和意识形态分歧作为外部风险，问中国特色大国外交如何营造外部环境；总体外部环境的根本前提是把答案先放回和平与发展的时代主题，再把促进世界和平与发展和维护和平稳定的国际环境作为方向。
【设问】 结合材料，运用《当代国际政治与经济》知识，说明如何通过开展中国特色大国外交为推进中国式现代化营造良好外部环境。
【为什么能想到】 题面把动荡冲突、单边霸凌、脱钩断链和意识形态分歧作为外部风险，说明良好外部环境需要稳定、平等和合作的国家关系。和平共处五项原则强调相互尊重、平等互利与和平共处，正好能解释中国如何通过发展友好合作营造和平稳定的外部环境。
【答案落点】 我国以和平共处五项原则为处理对外关系的基本准则，发展友好合作，营造和平稳定的外部环境。
【同题组】 （按原题答题层次）
· 答题层次：本题8分，要求总分或分总结构，层次清楚且四个外部环境角度齐全，结构与角度完整占1分。
· 总体外部环境（1分）：坚持和加强党对外交工作的领导，坚持以习近平外交思想为指导，全面贯彻总体国家安全观，推动构建人类命运共同体；坚定奉行独"
Q0418,418,4921,4932,中国,政策,和平共处五项原则是我国对外关系基本准则,2024朝阳一模Q21,2024朝阳一模Q21,为什么能想到;同题组;材料触发点;答案落点;设问,,819,"3. 2024朝阳一模Q21
【材料触发点】 题目先要求分析“变局”中的经济形势，题目评价重点提示我国发展的外部环境日趋严峻、风险挑战增多，因此要先说明外部风险压力。
【设问】 结合上述资料，在分析我国当前经济形势的基础上，运用《当代国际政治与经济》知识，谈谈如何推动中国经济在变局中开新局。
【为什么能想到】 在变局中维护主权、安全和发展利益，需要稳定的外交立场打底；材料指向营造良好外部环境，故用和平共处五项原则是我国对外关系基本准则来支撑。
【答案落点】 坚持和平共处五项原则，维护我国主权、安全和发展利益，为中国经济在变局中开新局营造良好外部环境。
【同题组】 （按原题答题层次）
· 答题层次：本题9分，按4+5结构组织；先用4分概括我国当前经济形势，再用5分回答如何在变局中开新局。
· 分析我国当前经济形势（4分）：经济总量持续增长、经济增速保持稳健；我国经济进入以新发展理念引领的高质量发展阶段；外部环境日趋严峻、风险挑战增多；我国经济保持强大韧性和良好势头，在世界经济中的地位和贡献稳步提升。
· 开新局部分（5分）：必须从政治多极化、经济全球化两个维度结合材料展开。两个维度都写，"
Q0419,419,4934,4945,中国,政策,坚持独立自主、自力更生，增强发展主动权,2024朝阳一模Q21,2024朝阳一模Q21,为什么能想到;同题组;材料触发点;答案落点;设问,,913,"1. 2024朝阳一模Q21
【材料触发点】 题目评价重点强调面对外部风险挑战，推动中国经济开新局必须坚持独立自主、增强自主创新能力，把关键核心技术和发展主动权掌握在自己手中。
【设问】 结合上述资料，在分析我国当前经济形势的基础上，运用《当代国际政治与经济》知识，谈谈如何推动中国经济在变局中开新局。
【为什么能想到】 题目评价重点把外部风险挑战与自主创新、关键核心技术联系起来，说明中国经济开新局必须增强发展主动权。题目让学生回答中国经济如何在变局中开新局，要回应外部技术封锁这一压力来源。从外部风险挑战切入，说明中国必须把关键核心技术和发展主动权掌握在自己手里，再指向坚持独立自主、自力更生、增强发展主动权。
【答案落点】 面对外部风险挑战，中国应坚持独立自主，增强自主创新能力，实现关键核心技术自主可控，把发展主动权牢牢掌握在自己手中。
【同题组】 （按原题答题层次）
· 答题层次：本题9分，按4+5结构组织；先用4分概括我国当前经济形势，再用5分回答如何在变局中开新局。
· 分析我国当前经济形势（4分）：经济总量持续增长、经济增速保持稳健；我国经济进入以新发展理念引领的高质量发展阶段；"
Q0420,420,4946,4953,中国,政策,坚持独立自主、自力更生，增强发展主动权,2026通州期末Q21,2026通州期末Q21,为什么能想到;同题组;材料触发点;答案落点;设问,,385,"2. 2026通州期末Q21
【材料触发点】 “十四五”圆满收官题以中国—中亚峰会、“一带一路”国际合作高峰论坛、中非合作论坛、进博会、服贸会、消博会等事实，体现我国持续扩大高水平对外开放、拓展多边合作平台。
【设问】 结合材料，综合运用所学，阐释我国是如何为中国式现代化建设谱写宏伟篇章的。
【为什么能想到】 材料夸自主研发芯片操作系统、专利破四百万件，是靠自己攥住核心技术；正因把科技自立自强当支撑，才说“坚持独立自主、自力更生，增强发展主动权”。
【答案落点】 我国坚持独立自主、自力更生，把科技自立自强作为国家发展的战略支撑，掌握核心技术，增强了发展主动权。
【同题组】 （综合题提醒）
· 本题按中国式现代化综合多模块题处理，不按《当代国际政治与经济》固定同题组展开。
· 迁移提醒：不能因为出现“高水平对外开放”“独立自主、自力更生”就扩成选必一固定同题组。"
Q0421,421,4956,4967,中国,政策,坚持独立自主、自力更生，增强发展主动权,2025朝阳一模Q20,2025朝阳一模Q20,为什么能想到;同题组;材料触发点;答案落点;设问,,1134,"3. 2025朝阳一模Q20
【材料触发点】 题目问我国如何在全球产业链供应链新态势中赢得主动，材料呈现断链风险和技术规则竞争，说明答题不能只写开放合作，还应说明核心技术攻关和产业链安全。
【设问】 结合材料，运用《当代国际政治与经济》知识，说明我国应如何应对全球产业链供应链新态势，在全球产业变革中赢得主动。
【为什么能想到】 材料呈现全球产业链供应链断链风险，以及绿色认证、数字技术正在重塑国际产业竞争规则。题目让学生说明我国如何应对这些新态势并在全球产业变革中赢得主动，不能只写开放合作。先把断链风险和规则竞争作为外部新态势点出，再把核心技术攻关和产业链自主可控接成应对动作，最后归到坚持独立自主、自力更生、增强发展主动权。
【答案落点】 面对全球产业链供应链断链风险以及绿色认证、数字技术重塑竞争规则的新态势，我国应坚持独立自主、自力更生，加强核心技术攻关，提升产业链自主可控能力，增强产业链供应链韧性和抗风险能力。
【同题组】 （按原题答题层次）
· 答题层次：本题总分标注为8分，围绕全球产业链供应链新态势，从多元化布局、区域化合作、绿色化转型、数字化加速四个特点分别作答，每个特点都写“"
Q0422,422,4971,4979,中国,政策,中国特色大国外交与人类命运共同体,2026通州一模Q19,2026通州一模Q19,为什么能想到;同题组;材料触发点;答案落点;设问,,703,"1. 2026通州一模Q19
【材料触发点】 设问聚焦中国元首外交；材料呈现中俄、中美、欧洲、周边、上合组织和中拉论坛等多层外交活动，最终指向让世界看到真实立体的中国并赢得更深信任。
【设问】 结合材料，运用《当代国际政治与经济》知识，分析中国元首外交如何为世界注入稳定性与正能量。（8分）
【为什么能想到】 题目聚焦中国元首外交；材料呈现中俄、中美、欧洲、周边、上合组织和中拉论坛等多层外交活动，最终指向让世界看到真实立体的中国并赢得更深信任。 由具体做法看理论落点，核心在中国发展、他国利益和全球问题被放在同一命运关联中处理。因此这一条可归入“中国特色大国外交与人类命运共同体”：中国元首外交展现中国特色大国外交的主动作为，坚持对话合作、维护以联合国为核心的国际体系，推动构建人类命运共同体，为动荡变革的世界注入稳定性与正能量。
【答案落点】 中国元首外交展现中国特色大国外交的主动作为，坚持对话合作、维护以联合国为核心的国际体系，推动构建人类命运共同体，为动荡变革的世界注入稳定性与正能量。
【同题组】 （按原题答题层次）
· 答题层次：本题8分，措施或知识4分，材料分析且必须答作用4分，落点"
Q0423,423,4984,4994,中国,政策,周边工作新局面四定位：发展繁荣的重要基础、维护国家安全的重点、运筹外交全局的首要、推动构建人类命运共同体的关键,2025朝阳二模Q21,2025朝阳二模Q21,为什么能想到;同题组;材料触发点;答案落点;设问,,1058,"1. 2025朝阳二模Q21
【材料触发点】 题面说明我国同周边关系处于近代以来最好时期，同时周边格局与世界变局深度联动，周边国家众多且合作密集，要求先回答“为什么周边工作在中国发展和外交全局中重要”。
【设问】 结合材料，运用《当代国际政治与经济》知识，说明我国为什么要努力开创周边工作新局面。
【为什么能想到】 材料同时给出""近代以来最好时期""""周边格局与世界变局深度联动""""周边国家众多且合作密集""三层信号——既有机遇也有联动风险，指向周边工作分量极重。问为什么要""开创新局面""，必须从四个定位维度系统作答——发展、安全、外交全局、命运共同体缺一不可，浅写两条会失格。先把周边国家众多、与世界变局联动的客观格局作为前提，再分别接发展繁荣的重要基础、维护国家安全的重点、运筹外交全局的首要，最终指向推动构建人类命运共同体的关键。
【答案落点】 我国周边国家众多，周边格局和世界变局深度联动，努力开创周边工作新局面是实现发展繁荣的重要基础、维护国家安全的重点、运筹外交全局的首要，也是推动构建人类命运共同体的关键。
【同题组】 （按原题答题层次）
· 答题层次：本题8分，按“中国的发展需要—区域的"
Q0424,424,4999,5011,中国,智慧,贡献中国智慧、中国方案、中国力量,2026通州期末Q20,2026通州期末Q20,为什么能想到;同题组;材料触发点;答案落点;设问,,613,"1. 2026通州期末Q20
【材料触发点】 设问中的“彰显担当”指向中国在全球治理中的责任和贡献，题面四大全球倡议为动荡世界注入稳定性和确定性，触发中国智慧、中国方案和大国担当。
【设问】 结合材料，运用《当代国际政治与经济》知识，谈谈你对“全球治理倡议正逢其时、指引方向彰显担当”的理解。
【为什么能想到】 题面把全球治理倡议放在""为动荡世界注入稳定性和确定性""的位置；动荡是外部条件，稳定与确定是中国一方提供的输出，担当来自这种""提供方""的身份。要""理解""""彰显担当""必须把它单独立点，与""正逢其时""""指引方向""区分开；担当层需要说明中国作为治理方案的供给者所做的事。先把世界变局和治理赤字作为倡议要回应的难题，再把中国提出全球治理倡议作为对动荡世界的稳定供给，最后指向为应对治理赤字贡献中国智慧、中国方案，体现大国担当。
【答案落点】 中国提出全球治理倡议，为应对世界变局和治理赤字贡献中国智慧、中国方案，体现勇于大国担当。
【同题组】 （按原题答题层次）
· 答题层次：本题8分，按六点答题层次组织
· 共商共建共享全球治理观（1分）
· 时代主题、经济全球化、顺应各国人民愿望等（2分）
"
Q0425,425,5012,5021,中国,智慧,贡献中国智慧、中国方案、中国力量,2025东城二模Q20同球共济小论文,2025东城二模Q20,为什么能想到;同题组;材料触发点;答案落点;设问,,669,"2. 2025东城二模Q20同球共济小论文
【材料触发点】 题面给出中国在地区和平、气候治理、人工智能治理中的具体行动；小论文行动层要把这些行动统合为中国智慧和中国方案的提供。
【设问】 结合材料，运用《当代国际政治与经济》知识，写一篇小论文。要求：自拟题目、观点明确、逻辑清晰，200字左右。
【为什么能想到】 题面把中国在地区和平、气候治理、人工智能治理三个领域的具体行动并列展示；地区、气候、人工智能恰好分属安全、生态、技术三个全球共同问题层面。小论文要把分布在不同领域的中国行动收束为一条主线，不能写成案例罗列；必须用""中国智慧、中国方案""把行动统合为方案的提供。先把劝和促谈、气候治理倡议、人工智能治理倡议作为跨领域行动的代表，再把它们统合为中国对全球共同问题的方案输出，最后指向为解决全球共同问题贡献中国智慧和中国方案。
【答案落点】 中国以分享发展经验、劝和促谈和气候、人工智能治理倡议等行动，为解决全球共同问题贡献中国智慧和中国方案。
【同题组】 （按原题答题层次）
· 答题层次：本题8分，按背景、精神、行动三层组织
· 第一层：背景（2分）：结合第一自然段简述国际局势，如国际局势"
Q0426,426,5022,5031,中国,智慧,贡献中国智慧、中国方案、中国力量,2026西城期末Q20——参与全球气候治理中的中国实践,2026西城期末Q20,为什么能想到;同题组;材料触发点;答案落点;设问,,736,"3. 2026西城期末Q20——参与全球气候治理中的中国实践
【材料触发点】 中国通过全国碳市场、气候适应战略和持续更新NDC，把国内实践转化为可向其他国家输出的治理经验，构成""中国方案""的实际内容；""中国实践""必须从国内做法上升到为全球治理贡献方案。
【设问】 结合材料，运用《国际政治与经济》知识，阐释参与全球气候治理的中国实践。
【为什么能想到】 题面把全国碳市场、气候适应战略、持续更新NDC三件事并写为中国的气候治理行动；这三项都是国内制度安排，但又都有可被其他国家复用的部分。""中国实践""在题中应指向全球气候治理层面，不能只写国内减排成绩；必须把国内做法升格为可向外输出的治理经验。先把全国碳市场、碳交易机制完善、气候适应行动作为国内治理实践的实例，再把这些实例归纳为可被借鉴的治理经验，最后指向为全球气候治理提供可借鉴的中国方案。
【答案落点】 中国通过构建全国碳市场、完善碳交易机制和推进气候适应行动，为全球气候治理提供可借鉴的中国方案。
【同题组】 （按原题答题层次）
· 本题8分，按“是什么—为什么—效果”三层写。
· 是什么2分：先说中国在全球气候治理中是建设者、引领者或负责"
Q0427,427,5032,5043,中国,智慧,贡献中国智慧、中国方案、中国力量,2024丰台二模Q19,2024丰台二模Q19,为什么能想到;同题组;材料触发点;答案落点;设问,,719,"4. 2024丰台二模Q19
【材料触发点】 题目将环境保护中的发展中国家合作单独列为第二角度，说明这道题不能只写中国国内减排，而需要说明中国通过南南合作帮助发展中国家应对环境与发展问题。
【设问】 结合材料，运用《当代国际政治与经济》知识，说明中国""答卷""如何彰显大国担当。
【为什么能想到】 题目把“环境保护中的发展中国家合作”单独列为第二角度，提示答题重心要从“中国自己减排”转到“中国帮其他发展中国家应对环境与发展”。写“答卷”如何彰显大国担当，要把帮助对象明确为发展中国家，不能写成自家成就清单；必须用对外合作的维度回答担当。先把发展中国家在环境与发展上的双重困难作为合作对象，再把中国通过南南合作帮助发展中国家发展作为具体行动，最后指向在环境保护和应对气候变化中贡献中国智慧、中国方案和中国力量。
【答案落点】 中国通过南南合作帮助发展中国家发展，在环境保护和应对气候变化中贡献中国智慧、中国方案和中国力量。
【同题组】 （按原题答题层次）
· 答题层次：本题6分，三个角度各2分，必须写“做了什么+效果或意义”。
· 角度一：中国如何承担大国责任，并分析其发挥建设性作用（2分）。
· "
Q0428,428,5044,5052,中国,智慧,贡献中国智慧、中国方案、中国力量,2026顺义一模Q20,2026顺义一模Q20,为什么能想到;同题组;材料触发点;答案落点;设问,,666,"5. 2026顺义一模Q20
【材料触发点】 顺义一模问科技小院成为南南合作典范的深层逻辑，科技小院不是简单复制中国经验，而是把中国农业治理经验同全球南方国家的本土农业问题和人才培养需求结合起来。
【设问】 结合材料，运用《当代国际政治与经济》知识，阐述科技小院成为南南合作典范的深层逻辑。
【为什么能想到】 材料里科技小院走向全球南方，把中国农业治理经验与共建国家本土农业问题和人才培养需求结合，关键词是""本土化""""共享""""共赢""而非单纯输出。问""典范的深层逻辑""，不是让学生罗列科技小院做了什么事，而是要解释为何这种合作模式可以被全球南方接受、能成为可复制的方案。先点出全球南方农业发展面临的共同利益和现实困难，再说明科技小院通过技术合作和本土人才培养提高生产率、降低成本，最后指向贡献中国智慧、中国方案、中国力量。
【答案落点】 科技小院以中国智慧、中国方案回应全球南方农业发展的共同利益，通过本土化人才培养和农业技术合作提高生产率、降低成本，推动南南合作共赢共享。
【同题组】 （按原题答题层次）
· 本题7分，先写共同利益1分，这一层必须出现。
· 国际政治3分：可从和平与发展是当今时代主"
Q0429,429,5053,5063,中国,智慧,贡献中国智慧、中国方案、中国力量,2025西城一模Q21,2025西城一模Q21,为什么能想到;同题组;材料触发点;答案落点;设问,,741,"6. 2025西城一模Q21
【材料触发点】 材料写全球南方代表团到中国城市乡村参观学习，问题要求解释中国发展理念成为国际公共产品，说明应从世界意义上写中国经验为发展中国家现代化提供路径与方案。
【设问】 （1）运用所学，解释“我国的发展理念成为国际公共产品”这一现象。（6分）（2）我国还提供了哪些国际公共产品？试举一例简要说明。（2分）
【为什么能想到】 全球南方代表团专门到中国城市和乡村参观学习，这一动作本身就在说明中国发展理念已经被国际社会当作可借鉴的“公共产品”在使用，而不只是国内经验。要“解释”一个现象，不能只描述参观本身；必须说明为什么中国理念可以走出国门、能给发展中国家的现代化道路带来什么独特价值。先把全球南方寻求现代化路径的诉求讲清，再用中国发展理念和实践成就回应这一诉求，最后指向拓展走向现代化的途径、贡献中国智慧、中国方案、中国力量。
【答案落点】 中国发展理念和实践成就为全球南方国家提供可借鉴经验，拓展了发展中国家走向现代化的途径，贡献了中国智慧中国方案。
【同题组】 （按原题答题层次）
· 答题层次：本题8分，按总体解释、新发展理念说明、世界意义和举例组织。
· "
Q0430,430,5064,5075,中国,智慧,贡献中国智慧、中国方案、中国力量,2026顺义二模Q20,2026顺义二模Q20,为什么能想到;同题组;材料触发点;答案落点;设问,,712,"7. 2026顺义二模Q20
【材料触发点】 材料呈现中国式现代化向世界开放、与各国共享机遇，说明中国把自身现代化实践转化为可供世界借鉴的中国智慧和中国方案。
【设问】 结合材料，运用《当代国际政治与经济》知识，谈谈对“今天的中国，明天的世界”的理解。
【为什么能想到】 微电网、乡村打井、物流网络、希望农场、菌草技术、鲁班工坊都不是抽象理念，而是中国方案在海外转化为具体项目。“今天的中国，明天的世界”要说明中国式现代化的世界意义和方案价值。先列举可感项目，再写中国把发展经验转化为世界可共享的方案，最后指向贡献中国智慧、中国方案、中国力量。
【答案落点】 中国把中国式现代化的新蓝图和发展实践转化为可感可及的合作项目，为人类走向未来贡献中国智慧、中国方案和中国力量。
【同题组】 （按原题答题层次）
· 本题8分，建议按“总—国际政治—国际经济—总”结构写。
· 总起：说明“今天的中国，明天的世界”体现中国发展与世界未来紧密相连，中国式现代化具有世界意义。
· 国际政治角度：可写中国是世界和平的建设者、国际秩序的维护者，坚持独立自主的和平外交政策，推动构建人类命运共同体、新型国际关系，也可写"
Q0431,431,5076,5086,中国,智慧,贡献中国智慧、中国方案、中国力量,"2026房山一模Q19海南""一线放开""自由便利",2026房山一模Q19,为什么能想到;同题组;材料触发点;答案落点;设问,,726,"8. 2026房山一模Q19海南""一线放开""自由便利
【材料触发点】 题目分析海南自贸港封关如何助力国际循环，题干中""一线放开""对应进出岛跨境自由便利措施，需要从消费角度把降低通关成本、提高通关效率、推动货物和服务贸易升级写出来，对接贸易投资自由化便利化与要素自由流动。
【设问】 结合材料，运用《当代国际政治与经济》知识，分析海南自贸港封关是如何助力国际循环的。
【为什么能想到】 题目分析海南自贸港封关如何助力国际循环，题干中“一线放开”对应进出岛跨境自由便利措施，需要从降低通关成本、提高通关效率、推动货物和服务贸易升级看国际循环。海南自贸港的高水平开放实践不仅服务自身发展，也为畅通国际循环和建设开放型世界经济贡献中国智慧、中国方案、中国力量。
【答案落点】 中国以海南自贸港高水平开放实践，为畅通国际循环、助力开放型世界经济建设贡献中国智慧、中国方案、中国力量。
【同题组】 （按原题答题层次）
· 答题层次：本题8分，按消费/市场、生产/产业、投资/营商、中国方案四层组织；前三类开放链条合计按材料表现取分，不要超过6分，中国方案层另按2分处理。
· 消费/市场层（2分）：发挥超大规模市"
Q0432,432,5087,5098,中国,智慧,贡献中国智慧、中国方案、中国力量,2025顺义一模Q20,2025顺义一模Q20,为什么能想到;同题组;材料触发点;答案落点;设问,,807,"9. 2025顺义一模Q20
【材料触发点】 顺义一模的“小而美”项目直接回应共建国家民生需求，让国际发展合作成果惠及普通民众，说明经济全球化成果要更多指向共建国家发展和民生改善上。
【设问】 结合材料，运用《当代国际政治与经济》知识，说明“小而美”项目为何成为中国开展国际发展合作的亮点和名片。
【为什么能想到】 “小而美”已成中国发展合作名片，它给出的是可供他国借鉴的合作方案，正把贡献中国智慧、中国方案、中国力量落到重构国际秩序、构建命运共同体上。
【答案落点】 ""小而美""项目为重构公正合理的国际政治经济秩序贡献中国智慧、中国方案、中国力量，助力构建人类命运共同体，成为中国发展合作亮点。
【同题组】 （按原题答题层次）
· 答题层次：本题8分，按项目本身优势、当地价值、我国意义或理念、世界意义和贡献四层组织，总分不超过8分。
· 项目本身的创新和实践优势（2分）：聚焦发展中国家紧迫需求、灵活实施、快速响应基层社区需求可得1分；规模小更易统筹、可推广，形成品牌和共同发展目标可得1分。
· 项目对当地的价值（2分）：改善民生、促进就业、提升公共卫生水平、促进经济社会发展、提升民众获得感等"
Q0433,433,5099,5112,中国,智慧,贡献中国智慧、中国方案、中国力量,2024西城二模Q17,2024西城二模Q17,为什么能想到;同题组;材料触发点;答案落点;设问,,713,"10. 2024西城二模Q17
【材料触发点】 题目把我国发展新质生产力放在“新一轮科技革命在全球范围内风起云涌”的背景下，要求分析我国作为世界上最大的发展中国家如何在科技革命和产业变革中提升综合国力与国际竞争力。
【设问】 新一轮科技革命在全球范围内风起云涌。结合材料，综合运用所学，谈谈在当今时代，我国作为世界上最大的发展中国家应当扮演的角色。
【为什么能想到】 面对科技革命这一各国共同课题，最大发展中国家能拿出的是可供分享的理念与方案；这正对应贡献中国智慧、中国方案、中国力量，做世界发展贡献者。
【答案落点】 作为最大发展中国家，我国应做世界发展的贡献者和推动者，为应对新一轮科技革命贡献中国智慧、中国方案、中国力量。
【同题组】 （按原题答题层次）
· 答题提醒：本题9分，是综合等级题，不能写成六要素罗列。
· 高档要求（7-9分）：观点鲜明，能围绕“我国作为世界上最大的发展中国家应当扮演的角色”深入或全面展开，知识工具恰当精准，逻辑结构合理。
· 中档要求（4-6分）：观点比较明确，能扣住问题展开，但知识准确度、分析深度或逻辑完整度不足。
· 低档提醒（0-3分）：观点不明确、罗"
Q0434,434,5113,5123,中国,智慧,贡献中国智慧、中国方案、中国力量,2026朝阳期中Q17,2026朝阳期中Q17,为什么能想到;同题组;材料触发点;答案落点;设问,,800,"12. 2026朝阳期中Q17
【材料触发点】 题面一方面强调芯片、算法、大模型等核心环节自主可控，另一方面说明自主可控不是闭门造车，体现人工智能发展要在维护核心利益的同时开展开放合作。
【设问】 结合材料，运用《当代国际政治与经济》知识阐述我国应如何处理好推进“人工智能+”发展过程中的重要关系。
【为什么能想到】 丙同学提出关注发展中国家需求、帮助全球南方弥合智能鸿沟；中国向共同问题提供的是理念与合作方案，这正是贡献中国智慧、中国方案、中国力量。
【答案落点】 在谋求本国发展同时兼顾他国合理关切，以人工智能合作贡献中国智慧、中国方案、中国力量。
【同题组】 （按原题答题层次）
· 答题层次：本题8分；一层3分，两层6分，三层8分。每层按“关系概括1分+两端展开各1分”组织。
· 处理好自力更生和对外开放的关系（3分）：先概括二者关系，再分别写自力更生一端和对外开放一端。自力更生可联系核心技术自主可控、把握创新主动权、创新驱动、技术研发和核心竞争力；对外开放可联系国际交流合作、参与经济全球化和国际分工、发展开放型经济、共商共建共享、两个市场两种资源、国内国际双循环。
· 处理好发展和安"
Q0435,435,5124,5133,中国,智慧,贡献中国智慧、中国方案、中国力量,2026朝阳一模Q20,2026朝阳一模Q20,为什么能想到;同题组;材料触发点;答案落点;设问,,744,"13. 2026朝阳一模Q20
【材料触发点】 人形机器人、AI眼镜、开源大模型、创新药以及鲁班工坊、菌草技术等材料，说明中国既有创新能力，也能把发展经验和技术方案转化为全球发展资源。
【设问】 结合材料，运用《当代国际政治与经济》的知识，阐述中国为什么能为全球发展注入稳定性和正能量。
【为什么能想到】 开源大模型、创新药是成果，鲁班工坊、菌草技术是可供别国借用的发展办法，中国把它们变成全球可用资源，正对应贡献中国智慧、中国方案、中国力量。
【答案落点】 中国坚持创新驱动战略，推动开源大模型、创新药等成果发展，并通过鲁班工坊、菌草技术等合作提供发展方案，为全球发展贡献中国智慧、中国方案、中国力量。
【同题组】 （按原题答题层次）
· 答题层次：本题8分，按必答点、共享发展经验、发展潜力三个层次组织；全题总分不超过8分，发展潜力角度最多5分。
· 必答点（2分）：当前国际竞争的实质是以经济和科技实力为基础的综合国力较量1分；中国坚持创新驱动战略，科技实力日益增强，成为全球创新策源地，为全球产业链供应链稳定提供坚实支撑1分。
· 共享发展经验（3分）：通过分享减贫经验、生态治理经验、职业教"
Q0436,436,5134,5141,中国,智慧,贡献中国智慧、中国方案、中国力量,2026顺义一模Q21,2026顺义一模Q21,为什么能想到;同题组;材料触发点;答案落点;设问,,436,"14. 2026顺义一模Q21
【材料触发点】 “审势、乘势、驭势”综合题可从国政经角度说明：中国式现代化走和平发展道路，坚持多边主义、互利共赢和人类命运共同体理念，为世界和平与发展提供中国智慧和中国方案。
【设问】 结合材料，综合运用所学，谈谈以中国式现代化全面推进中华民族伟大复兴，应如何运用“审势、乘势、驭势”的智慧。
【为什么能想到】 材料落点是中国“为世界提供机遇”、彰显“和而不同”，给的是方案而非要价；这种把经验外溢为公共产品的姿态，对应贡献中国智慧、中国方案、中国力量。
【答案落点】 中国坚持走和平发展道路，倡导人类命运共同体，为世界的和平与发展提供中国智慧和中国方案，彰显大国担当。
【同题组】 （按原题答题层次）
· 答题提醒：综合题，8分任意4个角度；本题选必一对应国政经角度2分
· 国政经角度：和平与发展是当今时代主题；中国式现代化是走和平发展道路的现代化；坚持多边主义，坚持互利共赢，倡导人类命运共同体；为世界和平与发展提供中国智慧、中国方案"
Q0437,437,5142,5155,中国,智慧,贡献中国智慧、中国方案、中国力量,2025门头沟一模Q19,2025门头沟一模Q19,为什么能想到;同题组;材料触发点;答案落点;设问,,1006,"15. 2025门头沟一模Q19
【材料触发点】 门头沟一模中的地球生命共同体、人工智能能力建设普惠计划和全球安全倡议，体现中国为全球治理提供公共产品，贡献中国智慧中国方案。
【设问】 结合材料，运用《当代国际政治与经济》的相关知识，分析中国做“赋能型大国”的世界意义？
【为什么能想到】 题面给出地球生命共同体、人工智能能力建设普惠计划、全球安全倡议三项中国主张；它们分别覆盖生态、技术能力和安全三类全球公共问题，是""赋能""而非""占有""的公共产品。分析""赋能型大国""的世界意义，不能只写中国本身的能力，要解释中国把能力转化为可被其他国家共享的国际公共产品的方式。先把地球生命共同体、人工智能能力建设普惠计划、全球安全倡议列为中国提供的国际公共产品，再说明这些公共产品对全球治理的赋能作用，最终指向贡献中国智慧、中国方案，推动完善全球治理。
【答案落点】 中国通过地球生命共同体、人工智能能力建设普惠计划和全球安全倡议等提供国际公共产品，贡献中国智慧中国方案，推动完善全球治理。
【同题组】 （按原题答题层次）
· 答题层次：本题8分，答出四条并有具体说明即可满分；每条2分，通常按“观点1分+说明1"
Q0438,438,5158,5168,中国,智慧,贡献中国智慧、中国方案、中国力量,2026朝阳二模Q20(2),2026朝阳二模Q20,为什么能想到;同题组;材料触发点;答案落点;设问,,553,"16. 2026朝阳二模Q20(2)
【材料触发点】 人类命运共同体理念是中国提出的解决全球问题、维护和平发展的方案。
【设问】 结合材料，运用《当代国际政治与经济》知识，分析人类命运共同体理念为什么能维护世界和平与发展。
【为什么能想到】 材料点明人类命运共同体是“中国提出的”解决全球问题、护和平发展的方案；这一中国主张为世界提供的是理念与机制，正对应贡献中国智慧、中国方案、中国力量。
【答案落点】 人类命运共同体理念从全人类福祉出发，为解决全球性问题提供中国方案，推动构建更加公正合理的国际治理体系，促进各国在共同发展中实现持久和平与繁荣。
【同题组】 （按原题答题层次）
· 答题层次：本题6分，按三个角度组织；每个角度2分，知识1分、结合材料1分。
· 角度一：符合共同利益和时代主题（2分）。可写人类命运共同体理念超越民族国家本位，维护全人类共同利益，顺应和平与发展；时代主题可作替代表达。
· 角度二：倡导合作共赢、坚持多边主义、共商共建共享（2分）。可写摒弃零和博弈，推动各方合作应对全球性问题。
· 角度三：提供中国方案，推动国际新秩序或新型国际关系（2分）。可写：解决全球性问题"
Q0439,439,5172,5181,中国,智慧,中国推动构建人类命运共同体,2025东城一模Q20,2025东城一模Q20,为什么能想到;同题组;材料触发点;答案落点;设问,,734,"1. 2025东城一模Q20
【材料触发点】 此次出访11天内出席APEC、G20等近40场多边活动，达成60多项合作文件，并在G20峰会上回应全球南方求平等、促变革的强烈意愿，呈现中国特色大国外交在多边场合的实践拓展。
【设问】 结合材料，运用《当代国际政治与经济》知识，谈谈此次元首外交的“精彩”之处。
【为什么能想到】 ""11天出席近40场""""达成60多项合作文件""""回应全球南方求平等、促变革""——三组数字+一项立场表态，材料用密度感与立场感共同凸显这一外交活动的体量与价值导向。写""精彩之处""，不能只列数字；要把密集多边活动接到中国外交背后的总方向——以人类命运共同体为旗帜的中国特色大国外交新境界。先把出访的高强度多边节奏与合作成果作为外交实践拓展事实，再说明对全球南方平等变革诉求的回应彰显中国主张，最后指向开辟中国特色大国外交新境界、展现构建人类命运共同体新实践。
【答案落点】 此次元首外交密集出席APEC、G20等近40场多边活动，达成60多项合作文件，回应全球南方求平等、促变革的强烈意愿，开辟中国特色大国外交的新境界，展现构建人类命运共同体的新实践。
【同题组】 （按原题答题"
Q0440,440,5182,5191,中国,智慧,中国推动构建人类命运共同体,2025东城二模Q20,2025东城二模Q20,为什么能想到;同题组;材料触发点;答案落点;设问,,626,"2. 2025东城二模Q20
【材料触发点】 题面把地球比作全人类共同家园，并列举全球共同挑战和中国行动，核心任务是说明“同球共济”精神与人类命运共同体的关系。
【设问】 结合材料，运用《当代国际政治与经济》知识，写一篇小论文。要求：自拟题目、观点明确、逻辑清晰，200字左右。
【为什么能想到】 题面把地球比作""全人类共同家园""，并列举共同挑战和中国行动；""共同家园""四字指向主题是命运绑定而非利益博弈。小论文要观点明确、论证有据；必须解释""同球共济""如何与人类命运共同体衔接，不能写成现象罗列。先把人类共同家园面临的共同挑战作为问题起点，再说明""同球共济""精神丰富了人类命运共同体内涵，最后指向为各国共担风险、共谋发展提供价值引领。
【答案落点】 “同球共济”精神回应人类共同家园面临的共同挑战，丰富了人类命运共同体内涵，为各国共担风险、共谋发展提供价值引领。
【同题组】 （按原题答题层次）
· 答题层次：本题8分，按背景、精神、行动三层组织
· 第一层：背景（2分）：结合第一自然段简述国际局势，如国际局势变乱交织、局部动荡不断、面临诸多问题和挑战。若只笼统写和平与发展主题、世界多极化等学科"
Q0441,441,5192,5201,中国,智慧,中国推动构建人类命运共同体,2026朝阳一模Q20中国为全球发展注入稳定性和正能量,2026朝阳一模Q20,为什么能想到;同题组;材料触发点;答案落点;设问,,845,"3. 2026朝阳一模Q20中国为全球发展注入稳定性和正能量
【材料触发点】 题面中中国通过创新驱动、扩大开放、共享发展机遇、对发展中国家赋能等行动，把中国发展与世界发展深度绑定；题目第②点要把这些行动统合到人类命运共同体上。
【设问】 结合材料，运用《当代国际政治与经济》的知识，阐述中国为什么能为全球发展注入稳定性和正能量。
【为什么能想到】 创新驱动、扩大开放、共享发展机遇、对发展中国家赋能——四类行动都把中国发展与世界发展绑定在同一轨道，不存在""自家发展""的孤立项。阐述中国为何""能""注入稳定性和正能量，必须给出统合性的方向标——把这些行动统合到人类命运共同体，才能解释""能""的整体逻辑。先把材料里的四类中国行动作为事实底盘，再说明这些行动共同指向中国与世界共同发展的取向，最后指向推动构建人类命运共同体。
【答案落点】 中国通过创新驱动、共享发展机遇和对发展中国家赋能，推动构建人类命运共同体。
【同题组】 （按原题答题层次）
· 答题层次：本题8分，按必答点、共享发展经验、发展潜力三个层次组织；全题总分不超过8分，发展潜力角度最多5分。
· 必答点（2分）：当前国际竞争的实质是以经济"
Q0442,442,5202,5213,中国,智慧,中国推动构建人类命运共同体,2025丰台二模Q20,2025丰台二模Q20,为什么能想到;同题组;材料触发点;答案落点;设问,,868,"4. 2025丰台二模Q20
【材料触发点】 题目理解“中国力量”如何完善全球治理，材料多次出现人类命运共同体、平等开放合作共享和公正合理的治理方向。
【设问】 当今世界，全球治理体系与国际秩序变革加速推进。我们愿同各方一道，一以贯之以实际行动为完善全球治理注入中国力量。结合材料，运用《当代国际政治与经济》知识，谈谈你对“为完善全球治理注入中国力量”的理解。
【为什么能想到】 材料反复出现""人类命运共同体""""平等开放合作共享""""公正合理""——三组关键词把""中国力量""和命运共同体绑在一起，指向答案的总方向。理解""中国力量""如何完善全球治理，要解释中国力量的方向性——不是简单参与，而是以命运共同体理念引领治理体制变革。先点出全球治理体系和国际秩序变革加速推进的背景，再说明中国以平等、开放、合作、共享原则与各国共建治理体制，最后指向推动构建人类命运共同体、推动全球治理体制更加公正合理。
【答案落点】 中国推动构建人类命运共同体，遵循平等、开放、合作、共享等原则，同世界各国一起推动全球治理体制更加公正合理。
【同题组】 （按原题答题层次）
· 答题层次：本题8分，四个角度，每角度2分；要围绕“"
Q0443,443,5214,5222,中国,智慧,中国推动构建人类命运共同体,2026丰台一模Q19,2026丰台一模Q19,为什么能想到;同题组;材料触发点;答案落点;设问,,443,"5. 2026丰台一模Q19
【材料触发点】 题面把2030年可持续发展议程、减贫国际合作、教育合作和卫生健康经验分享统一为全球共同发展事业，问中国大国情怀与担当；中国把自身发展与世界各国可持续发展放在一起，体现的是人类命运共同体的理念。
【设问】 结合材料，运用《当代国际政治与经济》知识，说明中国在全球可持续发展中彰显了怎样的大国情怀与担当。
【为什么能想到】 材料把中国自身发展同落实联合国2030议程、各国可持续发展并提；这种把本国前途与世界发展捆在一起的胸怀，正是中国推动构建人类命运共同体的体现。
【答案落点】 中国秉持人类命运共同体理念，携手各国落实联合国2030年可持续发展议程，在消除贫困、教育普及和卫生健康合作中展现负责任大国的情怀和担当。
【同题组】 （同主题练习提醒）
· 本题适合作为同主题训练，不按固定得分层次展开。
· 可写方向：围绕全球治理、中国担当、人类命运共同体、多边主义、正确义利观等组织答案。
· 易错提醒：不要把其他题目的逐点层次直接套到本题。"
Q0444,444,5223,5232,中国,智慧,中国推动构建人类命运共同体,2025丰台期末Q20——中非达成战略性共识的理论逻辑和价值意蕴,2025丰台期末Q20,为什么能想到;同题组;材料触发点;答案落点;设问,,741,"6. 2025丰台期末Q20——中非达成战略性共识的理论逻辑和价值意蕴
【材料触发点】 题面写中非围绕全球倡议、反对保护主义、提升发展中国家发言权达成共识，形成中非合力捍卫共同利益、共同应对全球挑战的合作样态；设问问价值意蕴，最高站位须指向人类命运共同体。
【设问】 阅读材料，运用《当代国际政治与经济》知识，阐明中非达成一系列战略性共识的理论逻辑和价值意蕴。
【为什么能想到】 题面写中非围绕""全球倡议""""反对保护主义""""提升发展中国家发言权""三类议题达成共识，把中非合作从经贸层面升级到捍卫共同利益、共担全球挑战。价值意蕴要给最高站位，不能停在中非双边层面；必须把战略性共识接到推动构建人类命运共同体的方向。先把三类共识读为中非合力捍卫共同利益的具体动作，再写中非携手应对全球挑战，最后指向中非携手推进现代化、推动构建人类命运共同体。
【答案落点】 中非达成战略性共识，合力捍卫发展中国家共同利益，为中非携手推进现代化、推动构建人类命运共同体提供方向。
【同题组】 （按原题答题层次）
· 答题层次：本题8分，前四点各1分，后两点合计4分。
· 理论逻辑层（4分）：中非达成战略性共识符合和平与发"
Q0445,445,5233,5241,中国,智慧,中国推动构建人类命运共同体,"2026延庆一模Q19(2)——中国""推动重塑全球能源治理格局""的理论逻辑和价值意蕴",2026延庆一模Q19,为什么能想到;同题组;材料触发点;答案落点;设问,,672,"7. 2026延庆一模Q19(2)——中国""推动重塑全球能源治理格局""的理论逻辑和价值意蕴
【材料触发点】 题面写中国通过绿色能源合作回应全球气候变化和能源转型挑战，帮助共建国家实现绿色低碳发展；设问问价值意蕴，绿色能源治理事关全人类共同利益和可持续发展，必须指向人类命运共同体。
【设问】 结合材料二，运用《当代国际政治与经济》知识，说明中国“推动重塑全球能源治理格局”的理论逻辑和价值意蕴。
【为什么能想到】 题面把中国绿色能源合作放在回应全球气候变化和能源转型的背景下，帮助共建国家实现绿色低碳发展——受益面是全人类共同利益。价值意蕴要给最高站位，不能停在能源贸易；要把绿色能源治理接到全人类共同利益和可持续发展。先把全球气候变化和能源转型作为各国共同挑战，再写中国通过深化绿色能源国际合作帮助共建国家实现能源转型，最后指向推动构建人类命运共同体。
【答案落点】 中国深化绿色能源国际合作，帮助共建国家实现能源转型和可持续发展，推动构建人类命运共同体。
【同题组】 （按原题答题层次）
· 答题层次：本题8分，按理论逻辑4分和价值意蕴4分组织。
· 理论逻辑（4分）：两个角度各2分，每个角度按"
Q0446,446,5242,5253,中国,智慧,中国推动构建人类命运共同体,"2025顺义一模Q20——""小而美""项目为何成为中国开展国际发展合作的亮点和名片",2025顺义一模Q20,为什么能想到;同题组;材料触发点;答案落点;设问,,927,"8. 2025顺义一模Q20——""小而美""项目为何成为中国开展国际发展合作的亮点和名片
【材料触发点】 题面写""小而美""项目改善共建国家民生、促进民心相通，发展合作直接指向普通民众生活；设问问亮点和名片原因，应把发展合作上升到人类命运共同体的高度。
【设问】 结合材料，运用《当代国际政治与经济》知识，说明“小而美”项目为何成为中国开展国际发展合作的亮点和名片。
【为什么能想到】 题面把""小而美""项目对准共建国家普通民众，""民生改善""和""民心相通""成为合作的直接产出——发展合作触达点是普通百姓生活。写为何成为亮点和名片的最高站位，必须把这种贴近民生的合作上升到人类命运共同体层级，不能停在项目类别。先把""民生改善""""民心相通""读为直接惠及普通民众，再说明这是把命运共同体指向普通百姓的具体生活，最后指向以具体合作推动构建人类命运共同体。
【答案落点】 ""小而美""项目改善共建国家民生、促进民心相通，以具体合作推动构建人类命运共同体。
【同题组】 （按原题答题层次）
· 答题层次：本题8分，按项目本身优势、当地价值、我国意义或理念、世界意义和贡献四层组织，总分不超过8分。
· 项目本身的创新和实"
Q0447,447,5254,5263,中国,智慧,中国推动构建人类命运共同体,2024顺义思政二模Q19(2),2024顺义思政二模Q19,为什么能想到;同题组;材料触发点;答案落点;设问,,693,"9. 2024顺义思政二模Q19(2)
【材料触发点】 顺义二模从中国发展新质生产力提升国家实力与国际作用切入，要求说明我国发展新质生产力对国际格局和全球共同发展的意义。
【设问】 结合材料，综合运用《政治与法治》和《当代国际政治与经济》知识，说明我国积极推动新质生产力发展的原因。（8分）
【为什么能想到】 题面把发展新质生产力同中国国家实力和国际作用挂钩，再延伸到国际格局和全球共同发展，把国内发展任务推到国际意义层面。分析推动新质生产力的原因不能只停在国内动力；必须从国际格局和全球共同发展两条线给出意义。先把新质生产力的国内意义读为提高国家实力、增强核心竞争力，再说明这有利于推动世界多极化深入发展，最后指向推动构建人类命运共同体。
【答案落点】 我国积极推动新质生产力发展，有利于提高国家实力、增强核心竞争力，推动世界多极化深入发展，构建人类命运共同体。
【同题组】 （按原题答题层次）
· 答题层次：本题8分，综合运用《政治与法治》和《当代国际政治与经济》说明发展新质生产力原因
· 社会发展规律：生产力是最活跃、最革命的因素，是社会发展的最终决定力量；推动新质生产力发展是遵循人类社会发"
Q0448,448,5264,5274,中国,智慧,中国推动构建人类命运共同体,2024东城二模Q20,2024东城二模Q20,为什么能想到;同题组;材料触发点;答案落点;设问,,741,"10. 2024东城二模Q20
【材料触发点】 题目整体说明“三大倡议”如何助力未来，作答不能只把发展、安全、文明三项分开写，还要先说明出三大倡议与人类命运共同体的总体关系。
【设问】 结合材料，运用《当代国际政治与经济》知识，说明中国的“三大倡议”如何助力人类走向美好未来。（7分）
【为什么能想到】 题目把“三大倡议”作为一个整体来追问其未来意义，指向卷面需要先有总论，再展开发展、安全、文明三项分述。题目让学生说明三大倡议怎么助力人类走向美好未来，关键是先把三大倡议和人类命运共同体的总体关系点出来，再去写发展、安全、文明三项分述。写三项分述之前先来一句总论，把三大倡议接到推动构建人类命运共同体，再展开发展、安全、文明各自的具体路径。
【答案落点】 中国的三大倡议为推动构建人类命运共同体提供方案和路径，为动荡变化的时代注入更多稳定性和确定性，为人类走向美好未来提供中国方案。
【同题组】 （按原题答题层次）
· 答题层次：本题7分，三个倡议各2分，总论1分；总论可放在开头，也可放在结尾。
· 全球发展倡议（2分）：路径1分，写通过合作援助，为世界共谋发展合作开辟新空间、提供新机遇、注入新"
Q0449,449,5275,5286,中国,智慧,中国推动构建人类命运共同体,2026顺义二模Q20,2026顺义二模Q20,为什么能想到;同题组;材料触发点;答案落点;设问,,726,"11. 2026顺义二模Q20
【材料触发点】 题面原句是“世界好，中国才会好；中国好，世界会更好”，作答样例明确写“中国坚持独立自主的和平外交政策，推动构建人类命运共同体”。
【设问】 结合材料，运用《当代国际政治与经济》知识，谈谈对“今天的中国，明天的世界”的理解。
【为什么能想到】 中国式现代化始终向世界开放，与各国共享机遇，具体表现为能源、饮水、物流、农业技术和职业教育等合作项目。“今天的中国，明天的世界”本质上是在问中国式现代化怎样把中国发展和世界未来联结起来。先用“中国好，世界会更好”概括共同命运，再把开放共享项目写成中国行动，最后指向推动构建人类命运共同体。
【答案落点】 中国坚持“世界好，中国才会好；中国好，世界会更好”的理念，通过开放共享的发展实践推动构建人类命运共同体。
【同题组】 （按原题答题层次）
· 本题8分，建议按“总—国际政治—国际经济—总”结构写。
· 总起：说明“今天的中国，明天的世界”体现中国发展与世界未来紧密相连，中国式现代化具有世界意义。
· 国际政治角度：可写中国是世界和平的建设者、国际秩序的维护者，坚持独立自主的和平外交政策，推动构建人类命运"
Q0450,450,5287,5294,中国,智慧,中国推动构建人类命运共同体,2026顺义一模Q21,2026顺义一模Q21,为什么能想到;同题组;材料触发点;答案落点;设问,,567,"12. 2026顺义一模Q21
【材料触发点】 “审势、乘势、驭势”综合题可从国政经角度说明：中国式现代化走和平发展道路，坚持多边主义、互利共赢和人类命运共同体理念，为世界和平与发展提供中国智慧和中国方案。
【设问】 结合材料，综合运用所学，谈谈以中国式现代化全面推进中华民族伟大复兴，应如何运用“审势、乘势、驭势”的智慧。
【为什么能想到】 题面把中华民族伟大复兴战略全局和世界百年未有之大变局放在一起，既讲国内发展大势，也讲复杂多变的外部环境。回答“审势、乘势、驭势”不能只讲国内治理，还要说明中国式现代化如何在世界大势中坚持和平发展、开放合作和多边主义。先说明和平与发展仍是时代主题，再写中国式现代化走和平发展道路，坚持多边主义和互利共赢，最后指向倡导人类命运共同体、贡献中国智慧和中国方案。
【答案落点】 和平与发展仍是时代主题，中国式现代化是走和平发展道路的现代化，中国坚持多边主义和互利共赢，倡导人类命运共同体，为世界和平与发展提供中国智慧和中国方案。
【同题组】 （按原题答题层次）
· 答题提醒：综合题，8分任意4个角度；本题选必一对应国政经角度2分
· 国政经角度：和平与发展是当今"
Q0451,451,5295,5306,中国,智慧,中国推动构建人类命运共同体,2025延庆一模Q20(2)（人类命运共同体）,2025延庆一模Q20,为什么能想到;同题组;材料触发点;答案落点;设问,,758,"13. 2025延庆一模Q20(2)（人类命运共同体）
【材料触发点】 设问问中国维护全球产供链韧性为何成立。要回答中国主张的最终目标，必须用""推动构建人类命运共同体""作为中国对外行动的根本目标——把全球产供链合作接到中国与各国共同发展、共享安全的命运共同体框架中。
【设问】 假如你是外交部发言人，请结合材料二，运用《当代国际政治与经济》知识，对上述提问做出回应。
【为什么能想到】 材料二写出中国维护全球产供链韧性和稳定的政策主张，各国在产供链合作中既要共享机遇又要共担安全责任。题目指向以外交部发言人身份回应提问，需要点出中国主张背后的最高价值底色。把全球产供链合作接到中国与各国共同发展、共享安全的框架中，再把这一框架的总目标归到推动构建人类命运共同体，让产供链韧性主张指向根本目标上。
【答案落点】 中国主张维护全球产供链韧性和稳定，推动构建人类命运共同体，让各国在产供链合作中共享发展机遇、共担安全责任。
【同题组】 （按原题答题层次）
· 答题层次：本题8分，四个角度，每角度2分。
· 时代主题：维护全球产供链韧性和稳定，是推动世界经济可持续发展的重要保障，符合国际社会共同利益，顺应"
Q0452,452,5307,5319,中国,智慧,中国推动构建人类命运共同体,2026通州期末Q20（人类命运共同体担当）,2026通州期末Q20,为什么能想到;同题组;材料触发点;答案落点;设问,,471,"14. 2026通州期末Q20（人类命运共同体担当）
【材料触发点】 设问问""彰显担当""。要回答倡议背后的中国总目标，必须用""推动构建人类命运共同体的主动担当""作为最高目标——把中国担当与世界共同利益深度对接。
【设问】 结合材料，运用《当代国际政治与经济》知识，谈谈你对“全球治理倡议正逢其时、指引方向彰显担当”的理解。
【为什么能想到】 题面追问中国担当，中国提出全球治理倡议并回应世界共同难题，体现的是推动构建人类命运共同体的中国行动。
【答案落点】 全球治理倡议彰显出中国推动构建人类命运共同体的主动担当，使中国担当与世界共同利益深度对接。
【同题组】 （按原题答题层次）
· 答题层次：本题8分，按六点答题层次组织
· 共商共建共享全球治理观（1分）
· 时代主题、经济全球化、顺应各国人民愿望等（2分）
· 符合《联合国宪章》宗旨和原则（1分）
· 推动构建国际新秩序、倡导国际关系民主化、践行多边主义、坚持正确义利观、兼顾利益等任意点（2分）
· 推动构建人类命运共同体（1分）
· 贡献中国智慧、中国方案，勇于大国担当（1分）"
Q0453,453,5320,5328,中国,智慧,中国推动构建人类命运共同体,2026顺义一模Q20,2026顺义一模Q20,为什么能想到;同题组;材料触发点;答案落点;设问,,531,"15. 2026顺义一模Q20
【材料触发点】 设问问南南合作“典范”的深层逻辑，材料中的科技小院与发展中国家共享农业技术、降低成本、培养人才，说明南南合作通过具体项目回应全球南方农业发展、民生改善和共同发展需求。
【设问】 结合材料，运用《当代国际政治与经济》知识，阐述科技小院成为南南合作典范的深层逻辑。
【为什么能想到】 设问问南南合作""典范""的深层逻辑，材料不是在讲单方受益，而是在讲中国行动如何回应共同挑战、扩展共同发展空间；这正是把题面事实上升到人类命运共同体的关键。
【答案落点】 构建人类命运共同体是习近平外交思想的核心理念，科技小院走向世界，正是中国推动构建人类命运共同体的生动实践。
【同题组】 （按原题答题层次）
· 本题7分，先写共同利益1分，这一层必须出现。
· 国际政治3分：可从和平与发展是当今时代主题写起；再写构建人类命运共同体，也可替换为独立自主的和平外交政策、维护世界和平促进共同发展的宗旨、正确义利观；还可写新型国际关系、合作共赢、互利共赢、共享发展成果。
· 国际经济3分：结合科技小院说明农业技术提高生产率、降低成本，带来发展动力；通过培养本土人才激发内生动"
Q0454,454,5329,5340,中国,智慧,中国推动构建人类命运共同体,2025朝阳期末Q21,2025朝阳期末Q21,为什么能想到;同题组;材料触发点;答案落点;设问,,925,"16. 2025朝阳期末Q21
【材料触发点】 题面把世界动荡冲突、单边霸凌、脱钩断链和意识形态分歧作为外部风险，问中国特色大国外交如何营造外部环境；总体外部环境的根本前提是把答案先放回和平与发展的时代主题，再把促进世界和平与发展和维护和平稳定的国际环境作为方向。
【设问】 结合材料，运用《当代国际政治与经济》知识，说明如何通过开展中国特色大国外交为推进中国式现代化营造良好外部环境。
【为什么能想到】 世界动荡冲突和全球性挑战加剧，要求中国把自身现代化同世界和平发展连接，联到人类命运共同体。
【答案落点】 大国外交推动构建人类命运共同体，深化同各国友好合作，为中国式现代化营造良好的外部环境。
【同题组】 （按原题答题层次）
· 答题层次：本题8分，要求总分或分总结构，层次清楚且四个外部环境角度齐全，结构与角度完整占1分。
· 总体外部环境（1分）：坚持和加强党对外交工作的领导，坚持以习近平外交思想为指导，全面贯彻总体国家安全观，推动构建人类命运共同体；坚定奉行独立自主的和平外交政策，坚持和平共处五项原则，维护我国主权、安全和发展利益，促进世界和平与发展，推进三大全球倡议走深走实。
· "
Q0455,455,5341,5351,中国,智慧,中国推动构建人类命运共同体,2026朝阳期中Q17,2026朝阳期中Q17,为什么能想到;同题组;材料触发点;答案落点;设问,,879,"17. 2026朝阳期中Q17
【材料触发点】 同学丙强调人工智能是造福人类的国际公共产品，中国主张关注发展中国家需求，帮助全球南方加强能力建设、弥合全球智能鸿沟；这对应中国发展与世界发展的关系。
【设问】 结合材料，运用《当代国际政治与经济》知识阐述我国应如何处理好推进“人工智能+”发展过程中的重要关系。
【为什么能想到】 本条不能用同学甲的自主可控线索触发。看到“国际公共产品”“全球南方”“弥合全球智能鸿沟”，说明材料把人工智能发展放到中国与世界共同发展关系中考查。由此应想到中国推动构建人类命运共同体：我国推进人工智能发展，不只是服务本国现代化，也要兼顾他国合理关切，为世界提供公共产品和发展机遇。
【答案落点】 在自身发展的同时为世界提供机遇、秉持正确义利观，推动构建人类命运共同体，实现共同发展。
【同题组】 （按原题答题层次）
· 答题层次：本题8分；一层3分，两层6分，三层8分。每层按“关系概括1分+两端展开各1分”组织。
· 处理好自力更生和对外开放的关系（3分）：先概括二者关系，再分别写自力更生一端和对外开放一端。自力更生可联系核心技术自主可控、把握创新主动权、创新驱动、技"
Q0456,456,5352,5360,中国,智慧,中国推动构建人类命运共同体,2025海淀二模Q21,2025海淀二模Q21,为什么能想到;同题组;材料触发点;答案落点;设问,,638,"18. 2025海淀二模Q21
【材料触发点】 中国担任安理会轮值主席、推动讨论聚焦实质性问题并与全球南方国家发起“和平之友”小组，说明中国不仅参与联合国事务，也为全球治理提供理念和方案。
【设问】 结合材料，运用《当代国际政治与经济》知识，阐释“中国需要联合国，联合国也需要中国”。
【为什么能想到】 中国不只参与联合国事务，还与全球南方发起“和平之友”、拿出治理理念方案，把各国安危系在一处；这种命运相连落到“推动构建人类命运共同体”。
【答案落点】 中国为联合国贡献中国智慧和方案，推动构建人类命运共同体，引领全球治理方向，故联合国也需要中国。
【同题组】 （按原题答题层次）
· 答题层次：本题6分，双向论证“中国需要联合国，联合国也需要中国”。
· 中国需要联合国（3分）：联合国地位和作用2分，写联合国的普遍性、代表性、权威性，集体安全机制核心，实践多边主义最佳场所，或维护世界和平、推动共同发展、促进人类文明进步等，任意两条得2分；联合国对中国对外开放和现代化事业作出独特贡献、成为中国开展多边合作的主要舞台1分。
· 联合国需要中国（3分）：中国作为联合国创始会员国、安理会常任理事国"
Q0457,457,5361,5373,中国,智慧,中国推动构建人类命运共同体,2026石景山一模Q20,2026石景山一模Q20,为什么能想到;同题组;材料触发点;答案落点;设问,,629,"19. 2026石景山一模Q20
【材料触发点】 题面""五个共同""列出共同维护多边贸易体制、共同推进贸易投资自由化便利化、共同建设产业链供应链、共同推动数字绿色贸易合作、共同促进区域繁荣等内容，问中国倡议如何助推亚太合作；亚太各国能在这些方向上联动合作，前提是它们具有相互交织的共同利益。
【设问】 运用《当代国际政治与经济》知识，任选两个关键词，说明中国倡议如何助推亚太合作。
【为什么能想到】 ""五个共同""把亚太各国利益与地区繁荣捆在一起、凝聚合作共识，将各国命运相连，故用中国推动构建人类命运共同体点明倡议的价值指向。
【答案落点】 中国倡议致力于共同维护、共同推进、共享繁荣，推动构建人类命运共同体，凝聚亚太合作共识。
【同题组】 （按原题答题层次）
· 本题8分：从1个关键词展开，可拿4分；从2个关键词展开，最多8分。
· 每个关键词都按“关键词+学科用语+结合材料分析”写，不只贴标签。
· 可选关键词：共商共建共享、人类命运共同体、经济全球化、和平发展合作共赢、维护共同利益；也可用材料中的“共同、开放、包容”组织。
· 高分表达要观点明确、紧扣问题、知识准确、逻辑清楚；只罗列知识、"
Q0458,458,5374,5382,中国,智慧,中国推动构建人类命运共同体,2024西城二模Q19中国答案的国际关系新思路,2024西城二模Q19,为什么能想到;同题组;材料触发点;答案落点;设问,,512,"20. 2024西城二模Q19中国答案的国际关系新思路
【材料触发点】 题面把恃强凌弱、零和博弈、结盟对抗作为旧国际关系的问题，需要把中国答案放回当今世界主题之下，说明它顺应而非违背和平与发展的时代潮流。
【设问】 结合材料，阐述中国答案所体现的处理国际关系的新思路。
【为什么能想到】 中国答案把全人类看作命运与共的大家庭，用共同体思路破解零和博弈，体现中国推动构建人类命运共同体。
【答案落点】 中国推动构建人类命运共同体，超越少数西方国家定义的“普世价值”，顺应时代潮流，推动国际秩序更加公正合理。
【同题组】 （按原题答题层次）
· 答题层次：本题5分，1分总判断，4分任取二点
· 总判断（1分）：全人类是一个命运与共的大家庭，国与国之间利益交汇、命运交织、休戚与共；也可用和平与发展作时代背景替代
· 新思路层（4分，以下任取二点，每点2分）：人类命运共同体理念超越集团政治的“小圈子”规则；超越实力至上的逻辑；超越少数国家定义“普世价值”的垄断；顺应时代潮流，倡导全球协作，推动国际秩序朝着更加公正合理的方向发展。正面解释可展开为赋予发展中国家更多发言权、推动国际关系民主化、坚持真正的"
Q0459,459,5383,5394,中国,智慧,中国推动构建人类命运共同体,2026朝阳期末Q20,2026朝阳期末Q20,为什么能想到;同题组;材料触发点;答案落点;设问,,716,"21. 2026朝阳期末Q20
【材料触发点】 题目指向分析中国特色大国外交更有作为的必要性，材料呈现“构建周边命运共同体—妥善管控矛盾分歧—让人民远离冲突和战争—共建安宁家园—培育战略互信”的关系链，要求从时代主题和中国外交的共同体目标说明主动作为的理由。
【设问】 结合材料，运用《当代国际政治与经济》知识，分析中国特色大国外交为什么要更有作为。
【为什么能想到】 材料从周边命运共同体到安宁家园，说明中国以自身担当促和平发展，指向推动构建人类命运共同体。
【答案落点】 中国作为负责任大国更有作为，推动构建人类命运共同体，服务国家发展大局，促进世界的和平与共同发展。
【同题组】 （按原题答题层次）
· 本题8分，按四个角度组织，每个角度都写成“背景+目标”。
· 可先总起：中国特色大国外交主动作为，是顺应世界发展大势、服务国家发展大局的必然选择；后面角度不够完整时，这句可帮助兜住1分。
· 和平发展角度：和平与发展是当今时代主题；再结合材料说明推动人类命运共同体、维护共同利益、推动国际新秩序或完善全球治理。
· 国际政治角度：可写世界多极化深入发展，也可写单边主义、霸权主义和强权政治仍"
Q0460,460,5395,5405,中国,智慧,中国推动构建人类命运共同体,2025朝阳二模Q21我国为什么要努力开创周边工作新局面,2025朝阳二模Q21,为什么能想到;同题组;材料触发点;答案落点;设问,,959,"22. 2025朝阳二模Q21我国为什么要努力开创周边工作新局面
【材料触发点】 题面给出中国同周边17国达成构建命运共同体共识；""区域的发展需要""角度要把这种共识接到周边国家命运共同体表述。
【设问】 结合材料，运用《当代国际政治与经济》知识，说明我国为什么要努力开创周边工作新局面。
【为什么能想到】 材料具体写出""同周边17国达成构建命运共同体共识""——17这个数字指向共识不是个别合作，而是区域性共同方向。从区域发展需要角度回答开创新局面，要把17国共识接到命运共同体的区域表达上，浅写""加强合作""会丢""共同体""主线。先把17国共识作为周边合作的政治起点，再说明这是区域共同发展的方向锚点，最终指向推动构建周边国家命运共同体。
【答案落点】 中国同周边17国达成构建命运共同体共识，推动构建周边国家命运共同体。
【同题组】 （按原题答题层次）
· 答题层次：本题8分，按“中国的发展需要—区域的发展需要—世界的发展需要”三层组织；同一关键词不重复，语言要有层次、无知识错误
· 从中国的发展需要角度看（3分）：必要性1分，可写周边国家众多、符合我国与周边国家地理环境和文化发展状况、国际形势出"
Q0461,461,5408,5421,中国,智慧,中国推动构建人类命运共同体,2025门头沟一模Q19,2025门头沟一模Q19,为什么能想到;同题组;材料触发点;答案落点;设问,,981,"23. 2025门头沟一模Q19
【材料触发点】 题面列举地球生命共同体、人工智能能力建设普惠计划和全球安全倡议等中国提供的公共产品，问""赋能型大国""的世界意义；这些公共产品的总方向是推动构建人类命运共同体。
【设问】 结合材料，运用《当代国际政治与经济》的相关知识，分析中国做“赋能型大国”的世界意义？
【为什么能想到】 题面把地球生命共同体、人工智能能力建设普惠计划、全球安全倡议三类中国提供的公共产品并列——""赋能型大国""的标志是以公共产品共享方式服务世界。写世界意义不能只复述公共产品名称；必须把三类公共产品归并到一个总方向上。先把地球生命共同体、AI能力建设普惠计划和全球安全倡议读为面向全人类的公共产品，再说明这些产品维护世界和平、促进共同发展，最终指向推动构建人类命运共同体。
【答案落点】 中国以地球生命共同体、人工智能能力建设普惠计划和全球安全倡议等公共产品维护世界和平、促进共同发展，推动构建人类命运共同体。
【同题组】 （按原题答题层次）
· 答题层次：本题8分，答出四条并有具体说明即可满分；每条2分，通常按“观点1分+说明1分”组织。
· 世界经济意义（2分）：中国提供广阔"
Q0462,462,5425,5439,中国,智慧,四大全球倡议相互促进、有机统一，系统推动构建人类命运共同体,2026东城期末Q20,2026东城期末Q20,为什么能想到;同题组;材料触发点;答案落点;设问,,1148,"1. 2026东城期末Q20
【材料触发点】 设问问“四大全球倡议如何系统推动构建人类命运共同体”，题面集中呈现发展、安全、文明、治理四项倡议，指向建设持久和平、普遍安全、共同繁荣、开放包容、清洁美丽的世界。
【设问】 结合材料，运用《当代国际政治与经济》知识，分析四大全球倡议如何系统推动构建人类命运共同体。
【为什么能想到】 题目要求分析四大全球倡议如何系统推动构建人类命运共同体，关键在于看四项倡议分别回应世界发展的不同维度：发展解决繁荣问题，安全回应和平稳定，文明增进互信包容，治理促进公正有序。四项倡议合在一起，服务于建设持久和平、普遍安全、共同繁荣、开放包容、清洁美丽的世界。
【答案落点】 携手构建人类命运共同体，就是要建设持久和平、普遍安全、共同繁荣、开放包容、清洁美丽的世界，四大全球倡议分别从发展、安全、文明、治理维度服务这一总体目标。
【材料触发点】 题目问“如何系统推动”，必须把发展、安全、文明、治理四个倡议合成相互促进的整体，而不是并列罗列四个口号。
【设问】 结合材料，运用《当代国际政治与经济》知识，分析四大全球倡议如何系统推动构建人类命运共同体。
【为什么能想到】 "
Q0463,463,5441,5451,中国,智慧,全球发展倡议：以发展促繁荣,2026东城期末Q20,2026东城期末Q20,为什么能想到;同题组;材料触发点;答案落点;设问,,722,"1. 2026东城期末Q20
【材料触发点】 四大全球倡议要系统推动人类命运共同体，发展倡议对应共同繁荣这个物质根基。
【设问】 结合材料，运用《当代国际政治与经济》知识，分析四大全球倡议如何系统推动构建人类命运共同体。
【为什么能想到】 中国携手一百五十多个国家共建“一带一路”，让各方在合作中共享机遇，用发展把共同繁荣的底子打实；这一维度对应“全球发展倡议：以发展促繁荣”。
【答案落点】 全球发展倡议以发展促繁荣，坚持互利共赢、正确义利观和共商共建共享，在发展合作中共享机遇，为构建人类命运共同体奠定共同繁荣的物质根基。
【同题组】 （按原题答题层次）
· 答题层次：本题7分，按四大倡议、系统推动、实践层面组织
· 学理总说：携手构建人类命运共同体，就是要建设持久和平、普遍安全、共同繁荣、开放包容、清洁美丽的世界
· 四大倡议层（4分）：全球发展倡议以发展促繁荣，可写坚持互利共赢、坚持正确义利观、共商共建共享、发展合作中共享机遇；全球安全倡议以安全保稳定，可写相互尊重、平等协商、筑牢安全屏障、在安全互信中维护和平；全球文明倡议以文明增互信，可写文明交流互鉴、增进相互理解与信任、倡导平等"
Q0464,464,5452,5462,中国,智慧,全球发展倡议：以发展促繁荣,2024东城二模Q20,2024东城二模Q20,为什么能想到;同题组;材料触发点;答案落点;设问,,717,"2. 2024东城二模Q20
【材料触发点】 材料列举共建“一带一路”、“小而美”项目、合作发展基金等具体行动，说明全球发展倡议的路径是合作援助，效果是增强发展中国家内生动力并促进世界经济。
【设问】 结合材料，运用《当代国际政治与经济》知识，说明中国的“三大倡议”如何助力人类走向美好未来。（7分）
【为什么能想到】 材料列举共建“一带一路”、“小而美”项目、合作发展基金等具体行动，说明全球发展倡议不是抽象口号，而是通过合作项目增强发展中国家的内生动力并促进世界经济。由此可从“以发展促繁荣”说明：中国以发展合作开辟新空间、提供新机遇、注入新动力。
【答案落点】 全球发展倡议通过共建“一带一路”、“小而美”项目和合作发展基金等合作援助，为世界发展合作开辟新空间、提供新机遇、注入新动力，增强发展中国家的发展内生动力，繁荣世界经济。
【同题组】 （按原题答题层次）
· 答题层次：本题7分，三个倡议各2分，总论1分；总论可放在开头，也可放在结尾。
· 全球发展倡议（2分）：路径1分，写通过合作援助，为世界共谋发展合作开辟新空间、提供新机遇、注入新动力；效果1分，写增强发展中国家的发展内生动力、"
Q0465,465,5464,5474,中国,智慧,全球安全倡议：以安全保稳定,2026东城期末Q20,2026东城期末Q20,为什么能想到;同题组;材料触发点;答案落点;设问,,715,"1. 2026东城期末Q20
【材料触发点】 促成沙特伊朗历史性和解、推动建立国际调解院等行动，体现安全倡议维护和平稳定的功能。
【设问】 结合材料，运用《当代国际政治与经济》知识，分析四大全球倡议如何系统推动构建人类命运共同体。
【为什么能想到】 促成沙特伊朗历史性和解、推动建立国际调解院，靠相互尊重、平等协商稳住地区局势；这种以对话止争端的实践，正落到“全球安全倡议：以安全保稳定”。
【答案落点】 全球安全倡议以安全保稳定，倡导相互尊重、平等协商和安全互信，在维护和平中筑牢构建人类命运共同体的和平屏障。
【同题组】 （按原题答题层次）
· 答题层次：本题7分，按四大倡议、系统推动、实践层面组织
· 学理总说：携手构建人类命运共同体，就是要建设持久和平、普遍安全、共同繁荣、开放包容、清洁美丽的世界
· 四大倡议层（4分）：全球发展倡议以发展促繁荣，可写坚持互利共赢、坚持正确义利观、共商共建共享、发展合作中共享机遇；全球安全倡议以安全保稳定，可写相互尊重、平等协商、筑牢安全屏障、在安全互信中维护和平；全球文明倡议以文明增互信，可写文明交流互鉴、增进相互理解与信任、倡导平等包容的文明观、"
Q0466,466,5475,5485,中国,智慧,全球安全倡议：以安全保稳定,2024东城二模Q20,2024东城二模Q20,为什么能想到;同题组;材料触发点;答案落点;设问,,649,"2. 2024东城二模Q20
【材料触发点】 材料把全球安全倡议与维和行动、全球安全挑战放在一起，要求把中国路径写成和平协商、联合国宪章原则和共赢安全的统一链条。
【设问】 结合材料，运用《当代国际政治与经济》知识，说明中国的“三大倡议”如何助力人类走向美好未来。（7分）
【为什么能想到】 材料把全球安全倡议与“派出联合国维和人员5万余人次”“安理会常任理事国中人数最多”并列，应对动荡与安全难题，故落到全球安全倡议以安全保稳定。
【答案落点】 全球安全倡议通过参与联合国维和行动，主张在联合国宪章宗旨和原则下通过对话协商和平解决国际争端，以共赢思维应对安全挑战，推动建设持久和平、普遍安全的世界。
【同题组】 （按原题答题层次）
· 答题层次：本题7分，三个倡议各2分，总论1分；总论可放在开头，也可放在结尾。
· 全球发展倡议（2分）：路径1分，写通过合作援助，为世界共谋发展合作开辟新空间、提供新机遇、注入新动力；效果1分，写增强发展中国家的发展内生动力、繁荣世界经济等。
· 全球安全倡议（2分）：路径1分，写通过对话协商以和平方式解决国际争端，坚持遵守《联合国宪章》宗旨和原则，以共赢思维"
Q0467,467,5487,5497,中国,智慧,全球文明倡议：以文明增互信,2026东城期末Q20,2026东城期末Q20,为什么能想到;同题组;材料触发点;答案落点;设问,,694,"1. 2026东城期末Q20
【材料触发点】 推动设立“文明对话国际日”对应文明交流互鉴和增进互信。
【设问】 结合材料，运用《当代国际政治与经济》知识，分析四大全球倡议如何系统推动构建人类命运共同体。
【为什么能想到】 推动设立“文明对话国际日”，把不同文明拉到一张桌上交流，增进的是彼此理解与信任；这一着对应“全球文明倡议：以文明增互信”。
【答案落点】 全球文明倡议以文明增互信，倡导文明交流互鉴、平等包容文明观和全人类共同价值，为构建人类命运共同体提供精神纽带。
【同题组】 （按原题答题层次）
· 答题层次：本题7分，按四大倡议、系统推动、实践层面组织
· 学理总说：携手构建人类命运共同体，就是要建设持久和平、普遍安全、共同繁荣、开放包容、清洁美丽的世界
· 四大倡议层（4分）：全球发展倡议以发展促繁荣，可写坚持互利共赢、坚持正确义利观、共商共建共享、发展合作中共享机遇；全球安全倡议以安全保稳定，可写相互尊重、平等协商、筑牢安全屏障、在安全互信中维护和平；全球文明倡议以文明增互信，可写文明交流互鉴、增进相互理解与信任、倡导平等包容的文明观、弘扬全人类共同价值；全球治理倡议以治理求公"
Q0468,468,5498,5508,中国,智慧,全球文明倡议：以文明增互信,2024东城二模Q20,2024东城二模Q20,为什么能想到;同题组;材料触发点;答案落点;设问,,689,"2. 2024东城二模Q20
【材料触发点】 材料说明不同文明交流、碰撞甚至冲突日趋频繁，文明倡议的答题重点是通过民间外交、公共外交和交流互鉴化解隔阂、促进民心相通。
【设问】 结合材料，运用《当代国际政治与经济》知识，说明中国的“三大倡议”如何助力人类走向美好未来。（7分）
【为什么能想到】 材料说明不同文明交流、碰撞甚至冲突日趋频繁，文明倡议的重点在于通过民间外交、公共外交和交流互鉴化解隔阂、促进民心相通。全球文明倡议能够把文明交流转化为互信基础，推动各国人民相知相亲，为建设开放包容的世界提供社会支撑。
【答案落点】 面对不同文明交流碰撞甚至冲突日趋频繁，全球文明倡议通过民间外交、公共外交推动文明交流互鉴、传承创新，促进民心相通、各国人民相知相亲，建设开放包容的世界。
【同题组】 （按原题答题层次）
· 答题层次：本题7分，三个倡议各2分，总论1分；总论可放在开头，也可放在结尾。
· 全球发展倡议（2分）：路径1分，写通过合作援助，为世界共谋发展合作开辟新空间、提供新机遇、注入新动力；效果1分，写增强发展中国家的发展内生动力、繁荣世界经济等。
· 全球安全倡议（2分）：路径1分，写"
Q0469,469,5510,5520,中国,智慧,全球治理倡议：以治理求公正,2026东城期末Q20,2026东城期末Q20,为什么能想到;同题组;材料触发点;答案落点;设问,,697,"1. 2026东城期末Q20
【材料触发点】 全球治理难题和国际调解院等实践说明治理倡议要指向制度保障和公平治理。
【设问】 结合材料，运用《当代国际政治与经济》知识，分析四大全球倡议如何系统推动构建人类命运共同体。
【为什么能想到】 全球治理难题摆着、又有国际调解院这样的新机制，指向用更公平的治理让各方共赢；这层意思要用“全球治理倡议：以治理求公正”承接。
【答案落点】 全球治理倡议以治理求公正，推动完善全球治理、在公平治理中实现共赢，为构建人类命运共同体提供制度保障。
【同题组】 （按原题答题层次）
· 答题层次：本题7分，按四大倡议、系统推动、实践层面组织
· 学理总说：携手构建人类命运共同体，就是要建设持久和平、普遍安全、共同繁荣、开放包容、清洁美丽的世界
· 四大倡议层（4分）：全球发展倡议以发展促繁荣，可写坚持互利共赢、坚持正确义利观、共商共建共享、发展合作中共享机遇；全球安全倡议以安全保稳定，可写相互尊重、平等协商、筑牢安全屏障、在安全互信中维护和平；全球文明倡议以文明增互信，可写文明交流互鉴、增进相互理解与信任、倡导平等包容的文明观、弘扬全人类共同价值；全球治理倡议以治"
Q0470,470,5522,5532,中国,智慧,从中国主张到国际共识，从合作理念到共同行动,2026东城期末Q20,2026东城期末Q20,为什么能想到;同题组;材料触发点;答案落点;设问,,749,"1. 2026东城期末Q20
【材料触发点】 共建“一带一路”、促成沙特伊朗历史性和解、文明对话国际日和国际调解院，都是全球倡议从理念指向共同行动的实践支撑。
【设问】 结合材料，运用《当代国际政治与经济》知识，分析四大全球倡议如何系统推动构建人类命运共同体。
【为什么能想到】 “一带一路”、劝和促谈、文明对话、国际调解都已落地，说明四大倡议没停在口号、已成行动；正合“从中国主张到国际共识，从合作理念到共同行动”。
【答案落点】 四大全球倡议通过共建“一带一路”、劝和促谈、文明对话和国际调解等实践，从中国主张走向国际共识，从合作理念走向共同行动，不断推动构建人类命运共同体。
【同题组】 （按原题答题层次）
· 答题层次：本题7分，按四大倡议、系统推动、实践层面组织
· 学理总说：携手构建人类命运共同体，就是要建设持久和平、普遍安全、共同繁荣、开放包容、清洁美丽的世界
· 四大倡议层（4分）：全球发展倡议以发展促繁荣，可写坚持互利共赢、坚持正确义利观、共商共建共享、发展合作中共享机遇；全球安全倡议以安全保稳定，可写相互尊重、平等协商、筑牢安全屏障、在安全互信中维护和平；全球文明倡议以文明"
Q0471,471,5534,5544,中国,智慧,理念蕴含普遍价值，能够形成共识、促成合作和发展、应对全人类共同问题和共同挑战,2025西城一模Q21,2025西城一模Q21,为什么能想到;同题组;材料触发点;答案落点;设问,,729,"1. 2025西城一模Q21
【材料触发点】 题目解释中国发展理念为什么成为国际公共产品，关键是说明这些理念具有跨国适用价值，能回应共同挑战并促成国际合作。
【设问】 （1）运用所学，解释“我国的发展理念成为国际公共产品”这一现象。（6分）（2）我国还提供了哪些国际公共产品？试举一例简要说明。（2分）
【为什么能想到】 材料列举深圳、安吉、宁德、十八洞村等中国实践被全球南方国家学习借鉴，中国发展理念在他国得到检验和采纳。题目让学生解释""我国的发展理念成为国际公共产品""这一现象，关键是回答理念为什么具有跨国适用价值。先把多个中国实践被各国借鉴的事实写出，再说明这些理念能够回应全人类共同问题和共同挑战，最后归到理念蕴含普遍价值、能够形成共识、促成合作和发展。
【答案落点】 我国发展理念经深圳、安吉、宁德、十八洞村等实践检验并被全球南方国家学习借鉴，因其蕴含普遍价值，能够回应全人类共同问题和共同挑战，推动各国形成共识并开展合作发展，所以能够成为国际公共产品。
【同题组】 （按原题答题层次）
· 答题层次：本题8分，按总体解释、新发展理念说明、世界意义和举例组织。
· 第（1）问总体解释（2分"
Q0472,472,5546,5554,中国,智慧,推动构建中拉命运共同体,2026丰台期末Q20（中拉命运共同体）,2026丰台期末Q20,为什么能想到;同题组;材料触发点;答案落点;设问,,513,"1. 2026丰台期末Q20（中拉命运共同体）
【材料触发点】 设问问""五大工程""如何扩大中拉利益汇合点。要把团结/发展/文明/和平/民心五项工程分别接到共同利益、合作领域和机制支撑，不能把材料里的结果句当成设问。
【设问】 结合材料，运用《当代国际政治与经济》知识，阐释“五大工程”如何扩大中拉利益汇合点。
【为什么能想到】 题面列出团结工程、发展工程、文明工程、和平工程、民心工程五大工程，覆盖中拉合作的五大领域。题目让学生阐释""五大工程""如何扩大中拉利益汇合点，要把五项工程分别接到共同利益、合作领域和机制支撑。把团结、发展、文明、和平、民心五项工程串成一条主线，再把这条主线归到推动构建中拉命运共同体新篇章的总目标上。
【答案落点】 中拉""五大工程""覆盖团结、发展、文明、和平、民心五大领域，扩大中拉利益汇合点，推动构建中拉命运共同体新篇章。
【同题组】 （同主题练习提醒）
· 本题适合作为同主题训练，不按固定得分层次展开。
· 练习主线：围绕“五大工程如何扩大中拉利益汇合点”组织，扣住团结、发展、文明、和平、民心五类工程。
· 可写方向：说明五大工程如何扩大中拉共同利益、促进互利共赢，"
Q0473,473,5556,5564,中国,智慧,共同落实全球发展倡议,2026丰台期末Q20（全球发展倡议）,2026丰台期末Q20,为什么能想到;同题组;材料触发点;答案落点;设问,,506,"1. 2026丰台期末Q20（全球发展倡议）
【材料触发点】 设问问""发展工程""如何作用于双方现代化。要回答中国发展合作的中国方案抓手，必须用""全球发展倡议""作为中国对外发展合作的总倡议名——以中国主张接到拉美现代化目标。
【设问】 结合材料，运用《当代国际政治与经济》知识，阐释“五大工程”如何扩大中拉利益汇合点。
【为什么能想到】 材料在""发展工程""部分写出中拉双方共同推进发展合作，需要一个中国主张的总抓手与之对接。题目让学生说明""发展工程""如何作用于中拉双方现代化，要扣住中国对外发展合作的中国方案抓手。把""发展工程""与中国的全球发展倡议对接，再把全球发展倡议接到拉美现代化目标上，推动双方共享发展机遇。
【答案落点】 中拉双方在""发展工程""中共同落实全球发展倡议，把中国发展合作主张与拉美现代化目标对接，推动双方共享发展机遇。
【同题组】 （同主题练习提醒）
· 本题适合作为同主题训练，不按固定得分层次展开。
· 练习主线：围绕“五大工程如何扩大中拉利益汇合点”组织，扣住团结、发展、文明、和平、民心五类工程。
· 可写方向：说明五大工程如何扩大中拉共同利益、促进互利共赢，并推动中拉命运"
Q0474,474,5566,5577,中国,智慧,倡导文明平等互鉴，弘扬全人类共同价值，尊重世界文明多样性,2025朝阳期末Q21中国特色大国外交营造良好外部环境（外部文化与国际舆论环境）,2025朝阳期末Q21,为什么能想到;同题组;材料触发点;答案落点;设问,,933,"1. 2025朝阳期末Q21中国特色大国外交营造良好外部环境（外部文化与国际舆论环境）
【材料触发点】 题面在外部文化和国际舆论环境部分提到""意识形态分歧""""文化冲突""等外部风险；中国要通过文明多样性和文明互鉴消解隔阂，营造良好的国际舆论环境。
【设问】 结合材料，运用《当代国际政治与经济》知识，说明如何通过开展中国特色大国外交为推进中国式现代化营造良好外部环境。
【为什么能想到】 题面点出意识形态分歧，营造文化和舆论环境就要以文明平等互鉴化解隔阂。
【答案落点】 中国尊重世界文明多样性，以文明交流超越文明隔阂、以文明互鉴超越文明冲突、以文明共存超越文明优越，为中国式现代化营造良好的外部文化和国际舆论环境。
【同题组】 （按原题答题层次）
· 答题层次：本题8分，要求总分或分总结构，层次清楚且四个外部环境角度齐全，结构与角度完整占1分。
· 总体外部环境（1分）：坚持和加强党对外交工作的领导，坚持以习近平外交思想为指导，全面贯彻总体国家安全观，推动构建人类命运共同体；坚定奉行独立自主的和平外交政策，坚持和平共处五项原则，维护我国主权、安全和发展利益，促进世界和平与发展，推进三大全球倡议"
Q0475,475,5578,5589,中国,智慧,倡导文明平等互鉴，弘扬全人类共同价值，尊重世界文明多样性,2026顺义二模Q20,2026顺义二模Q20,为什么能想到;同题组;材料触发点;答案落点;设问,,711,"2. 2026顺义二模Q20
【材料触发点】 题目指向理解“今天的中国，明天的世界”，题干中的微电网、打井、物流、希望农场等项目强调中国式现代化的开放实践让发展成果被更多国家共享，使经济全球化更有活力。
【设问】 结合材料，运用《当代国际政治与经济》知识，谈谈对“今天的中国，明天的世界”的理解。
【为什么能想到】 题目从“今天的中国，明天的世界”展开，材料既谈中国发展让经济全球化更有活力，也包含中国与世界相互理解、共享发展的价值指向。发展合作不仅需要经济联通，也需要互信和文明交流支撑，因此可从文明平等互鉴、全人类共同价值和文明多样性说明。
【答案落点】 中国倡导文明平等互鉴、弘扬全人类共同价值、尊重世界文明多样性，以共享发展、促进文明互鉴让明天的世界更加美好。
【同题组】 （按原题答题层次）
· 本题8分，建议按“总—国际政治—国际经济—总”结构写。
· 总起：说明“今天的中国，明天的世界”体现中国发展与世界未来紧密相连，中国式现代化具有世界意义。
· 国际政治角度：可写中国是世界和平的建设者、国际秩序的维护者，坚持独立自主的和平外交政策，推动构建人类命运共同体、新型国际关系，也可写共"
Q0476,476,5590,5598,中国,智慧,倡导文明平等互鉴，弘扬全人类共同价值，尊重世界文明多样性,2025海淀二模Q21,2025海淀二模Q21,为什么能想到;同题组;材料触发点;答案落点;设问,,630,"3. 2025海淀二模Q21
【材料触发点】 中国担任安理会轮值主席、推动讨论聚焦实质性问题并与全球南方国家发起“和平之友”小组，说明中国不仅参与联合国事务，也为全球治理提供理念和方案。
【设问】 结合材料，运用《当代国际政治与经济》知识，阐释“中国需要联合国，联合国也需要中国”。
【为什么能想到】 中国请民间社会代表参会、又同全球南方一道发声，让不同群体都能在联合国被听见；这种凝聚共识、尊重多样的取向，对应“倡导文明平等互鉴”。
【答案落点】 中国在联合国弘扬全人类共同价值、倡导文明平等互鉴，凝聚国际共识，故联合国也需要中国。
【同题组】 （按原题答题层次）
· 答题层次：本题6分，双向论证“中国需要联合国，联合国也需要中国”。
· 中国需要联合国（3分）：联合国地位和作用2分，写联合国的普遍性、代表性、权威性，集体安全机制核心，实践多边主义最佳场所，或维护世界和平、推动共同发展、促进人类文明进步等，任意两条得2分；联合国对中国对外开放和现代化事业作出独特贡献、成为中国开展多边合作的主要舞台1分。
· 联合国需要中国（3分）：中国作为联合国创始会员国、安理会常任理事国，是世界上最大的"
Q0477,477,5599,5609,中国,智慧,倡导文明平等互鉴，弘扬全人类共同价值，尊重世界文明多样性,2026东城期末Q20,2026东城期末Q20,为什么能想到;同题组;材料触发点;答案落点;设问,,756,"4. 2026东城期末Q20
【材料触发点】 设问问“四大全球倡议如何系统推动构建人类命运共同体”，题面集中呈现发展、安全、文明、治理四项倡议，指向建设持久和平、普遍安全、共同繁荣、开放包容、清洁美丽的世界。
【设问】 结合材料，运用《当代国际政治与经济》知识，分析四大全球倡议如何系统推动构建人类命运共同体。
【为什么能想到】 材料里推动设立“文明对话国际日”这一笔，强调文明平等交流、相互理解；要把这层精神纽带讲出来，就落到“倡导文明平等互鉴，弘扬全人类共同价值”。
【答案落点】 全球文明倡议倡导文明交流互鉴、平等包容，弘扬全人类共同价值，以文明增互信，为构建人类命运共同体凝聚精神纽带。
【同题组】 （按原题答题层次）
· 答题层次：本题7分，按四大倡议、系统推动、实践层面组织
· 学理总说：携手构建人类命运共同体，就是要建设持久和平、普遍安全、共同繁荣、开放包容、清洁美丽的世界
· 四大倡议层（4分）：全球发展倡议以发展促繁荣，可写坚持互利共赢、坚持正确义利观、共商共建共享、发展合作中共享机遇；全球安全倡议以安全保稳定，可写相互尊重、平等协商、筑牢安全屏障、在安全互信中维护和平；全球"
Q0478,478,5610,5618,中国,智慧,倡导文明平等互鉴，弘扬全人类共同价值，尊重世界文明多样性,2026丰台期末Q20,2026丰台期末Q20,为什么能想到;同题组;材料触发点;答案落点;设问,,396,"5. 2026丰台期末Q20
【材料触发点】 中拉“发展工程”强调产业链供应链稳定畅通，设问问“五大工程”如何扩大中拉利益汇合点。
【设问】 结合材料，运用《当代国际政治与经济》知识，阐释“五大工程”如何扩大中拉利益汇合点。
【为什么能想到】 文明工程要树立平等、互鉴、对话、包容的文明观，弘扬全人类共同价值，讲的是价值认同而非利益，正好对接“倡导文明平等互鉴，弘扬全人类共同价值”。
【答案落点】 文明工程共同落实全球文明倡议，树立平等、互鉴、对话、包容的文明观，弘扬全人类共同价值，扩大中拉文明层面的利益汇合点。
【同题组】 （同主题练习提醒）
· 本题适合作为同主题训练，不按固定得分层次展开。
· 练习主线：围绕“五大工程如何扩大中拉利益汇合点”组织，扣住团结、发展、文明、和平、民心五类工程。
· 可写方向：说明五大工程如何扩大中拉共同利益、促进互利共赢，并推动中拉命运共同体建设。"
Q0479,479,5619,5629,中国,智慧,倡导文明平等互鉴，弘扬全人类共同价值，尊重世界文明多样性,2024丰台一模Q21,2024丰台一模Q21,为什么能想到;同题组;材料触发点;答案落点;设问,,736,"6. 2024丰台一模Q21
【材料触发点】 题目直接围绕“和平、发展、公平、正义、民主、自由”这一全人类共同价值展开，材料同时出现联合国宪章、人类共同挑战和共建人类命运共同体；题目指向可从构建人类命运共同体等角度作答。
【设问】 结合材料，综合运用所学，谈谈你对全人类共同价值的理解。
【为什么能想到】 题面把全人类共同价值同联合国宪章、人类共同挑战、世界人民携手共建人类命运共同体放在同一段中，说明这不是单纯文化价值题，而是在问共同价值为什么能成为国际合作的价值基础。理解全人类共同价值，应说明出它对不同国家、不同文明的共同吸引力，以及它对解决共同挑战、凝聚共识的意义。先点出和平、发展、公平、正义、民主、自由是各国人民共同追求，再写其以联合国宪章为基础、契合时代发展需要，最终指向有利于凝聚共识、共建人类命运共同体。
【答案落点】 和平、发展、公平、正义、民主、自由是各国人民的共同追求，全人类共同价值以联合国宪章为基础，契合各国携手应对共同挑战的需要，有利于凝聚共识、共建人类命运共同体。
【同题组】 （按原题答题层次）
· 作答提示：本题8分，是开放等级题和多模块题，不按固定答题点机械展开"
Q0480,480,5632,5645,中国,智慧,倡导文明平等互鉴，弘扬全人类共同价值，尊重世界文明多样性,"2025门头沟一模Q19中国做""赋能型大国""的世界意义",2025门头沟一模Q19,为什么能想到;同题组;材料触发点;答案落点;设问,,913,"7. 2025门头沟一模Q19中国做""赋能型大国""的世界意义
【材料触发点】 材料引非洲学者评价和""现代化道路上一个都不能少""等表述，说明中国不把自己的现代化路径强加给他国，倡导发展道路多样化和文明平等互鉴。
【设问】 结合材料，运用《当代国际政治与经济》的相关知识，分析中国做“赋能型大国”的世界意义？
【为什么能想到】 材料引用非洲学者评价和“现代化道路上一个都不能少”等表述，说明中国尊重各国自主选择符合国情的发展道路，不把自身模式强加给他国。由此可联想到文明平等互鉴、全人类共同价值和尊重文明多样性，并说明中国为国际治理价值体系提供更加包容的新思路。
【答案落点】 中国倡导文明平等互鉴，弘扬全人类共同价值，尊重各国自主选择符合国情的发展道路，为国际治理价值体系提供更加包容的新思路。
【同题组】 （按原题答题层次）
· 答题层次：本题8分，答出四条并有具体说明即可满分；每条2分，通常按“观点1分+说明1分”组织。
· 世界经济意义（2分）：中国提供广阔而充满创新活力的市场、释放超大规模市场红利；与各国共享发展机遇，推动全球化向互利共赢方向发展。可替换为促进贸易投资自由化便利化、推动经济"
Q0481,481,5650,5660,中国,责任,坚持正确义利观,2026朝阳期中Q17,2026朝阳期中Q17,为什么能想到;同题组;材料触发点;答案落点;设问,,888,"1. 2026朝阳期中Q17
【材料触发点】 题面从我国推进人工智能发展转向关注发展中国家需求、帮助全球南方能力建设和弥合智能鸿沟，作答要把本国发展同世界共同发展放在同一层说明。
【设问】 结合材料，运用《当代国际政治与经济》知识阐述我国应如何处理好推进“人工智能+”发展过程中的重要关系。
【为什么能想到】 丙同学要求在自身发展之外兼顾发展中国家需求、帮助其加强能力建设，说明中国处理国际合作不是单方取利，而是兼顾他国合理关切和共同收益。这体现义利相兼、以义为先的正确义利观。
【答案落点】 推进“人工智能+”要处理好中国发展和世界发展的关系，既维护本国利益、谋求本国发展，又兼顾他国合理关切，为世界提供公共产品和机遇，坚持正确义利观，帮助发展中国家加强能力建设，贡献中国智慧和中国方案，体现大国责任，推动构建人类命运共同体。
【同题组】 （按原题答题层次）
· 答题层次：本题8分；一层3分，两层6分，三层8分。每层按“关系概括1分+两端展开各1分”组织。
· 处理好自力更生和对外开放的关系（3分）：先概括二者关系，再分别写自力更生一端和对外开放一端。自力更生可联系核心技术自主可控、把握创新主"
Q0482,482,5661,5669,中国,责任,坚持正确义利观,2025西城二模Q19(2),2025西城二模Q19,为什么能想到;同题组;材料触发点;答案落点;设问,,596,"2. 2025西城二模Q19(2)
【材料触发点】 对最不发达国家实行零关税，核心不是一般进口政策，而是中国以广阔市场支持较弱国家发展，体现正确义利观和大国担当。
【设问】 结合材料，运用《当代国际政治与经济》知识，说明这一做法中的中国担当。
【为什么能想到】 对象是""最不发达国家""且税目是""100%零关税""，不是普通自贸安排；这种单向让利说明中国是在用市场支持较弱国家发展，而不是简单做贸易生意。问""中国担当""，写""开放更多市场""还不够，必须解释中国为什么愿意把利益让出来——要从义利观角度回答中国为何兼顾道义与共同发展。先把最不发达国家发展机会有限作为现实背景，再说明中国以广阔市场支持其参与国际贸易的让利行为，最后指向坚持正确义利观、在自身发展中帮助他国共同发展。
【答案落点】 中国向最不发达国家开放广阔市场，坚持正确义利观，在追求自身发展的同时帮助发展中国家获得更多贸易机会。
【同题组】 （按原题答题层次）
· 答题层次：本题5分，按中国担当3分和世界意义2分组织
· 中国担当（3分）：开放广阔的中国市场或坚持正确义利观（1分）；与发展中国家或最不发达国家共享发展新机遇，惠民生增福祉"
Q0483,483,5670,5678,中国,责任,坚持正确义利观,2025海淀二模Q21,2025海淀二模Q21,为什么能想到;同题组;材料触发点;答案落点;设问,,856,"3. 2025海淀二模Q21
【材料触发点】 中国担任安理会轮值主席、推动讨论聚焦实质性问题并与全球南方国家发起“和平之友”小组，说明中国不仅参与联合国事务，也为全球治理提供理念和方案。
【设问】 结合材料，运用《当代国际政治与经济》知识，阐释“中国需要联合国，联合国也需要中国”。
【为什么能想到】 中国担任安理会轮值主席、推动讨论""聚焦实质性问题""并与全球南方国家发起""和平之友""小组——这一组事实强调中国是带着理念和方案在联合国发挥引领作用，不只是参会。""联合国也需要中国""这一半，要解释中国对联合国的反向贡献——必须从中国如何兼顾发展中国家共同利益、为联合国注入治理智慧的角度回答。先点出中国作为安理会常任理事国的责任站位，再把推动聚焦实质性问题与发起""和平之友""小组写为带着发展中国家诉求作贡献，最后指向坚持正确义利观、为完善全球治理提供中国智慧中国方案。
【答案落点】 中国担任安理会轮值主席、推动安理会讨论聚焦实质性问题，并同全球南方国家发起“和平之友”小组，体现义利相济、以义为先的正确义利观，为完善全球治理、构建新型国际关系和构建人类命运共同体贡献中国智慧和中国方案。
【同题组】 "
Q0484,484,5679,5690,中国,责任,坚持正确义利观,2025顺义一模Q20,2025顺义一模Q20,为什么能想到;同题组;材料触发点;答案落点;设问,,895,"4. 2025顺义一模Q20
【材料触发点】 顺义一模的“小而美”项目直接服务共建国家民生，体现中国在国际发展合作中兼顾道义、共同发展和自身责任。
【设问】 结合材料，运用《当代国际政治与经济》知识，说明“小而美”项目为何成为中国开展国际发展合作的亮点和名片。
【为什么能想到】 ""小而美""项目直接面向共建国家民生需求，规模小但落地直接；""小""""美""""直接服务""几个词在指向这是道义导向的发展合作，不是资源换取式的交易。问为何成为""亮点和名片""，要解释中国在国际合作中独有的价值取向——只写做了什么不够，必须答出背后的义利观和大国形象。先把共建国家民生改善需求作为合作起点，再说明中国通过""小而美""项目兼顾共同发展和自身责任，最后指向坚持正确义利观、塑造负责任大国形象。
【答案落点】 中国通过“小而美”项目帮助共建国家改善民生、促进发展，体现正确义利观和负责任大国形象。
【同题组】 （按原题答题层次）
· 答题层次：本题8分，按项目本身优势、当地价值、我国意义或理念、世界意义和贡献四层组织，总分不超过8分。
· 项目本身的创新和实践优势（2分）：聚焦发展中国家紧迫需求、灵活实施、快速响应基层社"
Q0485,485,5691,5699,中国,责任,坚持正确义利观,2026丰台一模Q19（正确义利观）,2026丰台一模Q19,为什么能想到;同题组;材料触发点;答案落点;设问,,516,"5. 2026丰台一模Q19（正确义利观）
【材料触发点】 设问问""大国情怀与担当""。要回答中国如何处理义与利、自身利益与他国利益的关系，必须用""坚持正确义利观""作为外交价值观底色，与践行真正的多边主义并列。
【设问】 结合材料，运用《当代国际政治与经济》知识，说明中国在全球可持续发展中彰显了怎样的大国情怀与担当。
【为什么能想到】 材料把中国坚持联合国宪章宗旨原则、践行真正的多边主义和处理同各国利益关系的行动并列呈现。题目让学生说明中国在全球可持续发展中彰显了怎样的大国情怀与担当，要扣住中国如何处理义与利、自身利益与他国利益的关系。把维护联合国宪章宗旨原则和践行真正的多边主义作为外交立场写出，再把扩大同各国利益的汇合点接到坚持正确义利观这一价值观底色上。
【答案落点】 中国坚定维护联合国宪章的宗旨和原则，坚持正确义利观，积极践行真正的多边主义，致力于扩大同各国利益的汇合点，展现负责任大国担当。
【同题组】 （同主题练习提醒）
· 本题适合作为同主题训练，不按固定得分层次展开。
· 可写方向：围绕全球治理、中国担当、人类命运共同体、多边主义、正确义利观等组织答案。
· 易错提醒：不要把"
Q0486,486,5700,5711,中国,责任,坚持正确义利观,2026顺义二模Q20,2026顺义二模Q20,为什么能想到;同题组;材料触发点;答案落点;设问,,653,"6. 2026顺义二模Q20
【材料触发点】 题目指向理解“今天的中国，明天的世界”，题干中的微电网、打井、物流、希望农场等项目强调中国式现代化的开放实践让发展成果被更多国家共享，使经济全球化更有活力。
【设问】 结合材料，运用《当代国际政治与经济》知识，谈谈对“今天的中国，明天的世界”的理解。
【为什么能想到】 开篇“世界好，中国才会好；中国好，世界会更好”，讲的就是不搞零和、兼顾自身与他国之利的态度，这种义利相兼正是坚持正确义利观。
【答案落点】 中国坚持正确义利观，义利相兼、摒弃零和思维，做全球发展的贡献者，真正实现""中国好，世界会更好""。
【同题组】 （按原题答题层次）
· 本题8分，建议按“总—国际政治—国际经济—总”结构写。
· 总起：说明“今天的中国，明天的世界”体现中国发展与世界未来紧密相连，中国式现代化具有世界意义。
· 国际政治角度：可写中国是世界和平的建设者、国际秩序的维护者，坚持独立自主的和平外交政策，推动构建人类命运共同体、新型国际关系，也可写共商共建共享、中国智慧的生动实践。
· 国际经济角度：可写中国是世界经济发展的重要推动者，坚持对外开放基本国策和互利共"
Q0487,487,5712,5720,中国,责任,坚持正确义利观,2026顺义一模Q20,2026顺义一模Q20,为什么能想到;同题组;材料触发点;答案落点;设问,,565,"7. 2026顺义一模Q20
【材料触发点】 设问问南南合作“典范”的深层逻辑，材料中的科技小院与发展中国家共享农业技术、降低成本、培养人才，说明南南合作通过具体项目回应全球南方农业发展、民生改善和共同发展需求。
【设问】 结合材料，运用《当代国际政治与经济》知识，阐述科技小院成为南南合作典范的深层逻辑。
【为什么能想到】 设问问南南合作""典范""的深层逻辑，关键不只是写中国做了什么，还要解释中国怎样处理自身发展、他国关切和共同利益的关系；因此要从义利相济、以义为先的正确义利观切入，再把材料中的合作或治理行动接到大国担当。
【答案落点】 中国坚持正确义利观，义利兼顾、以义为先，与南方国家共享农业技术、培养本土人才、增强内生发展动力，惠及当地民生，成为南南合作典范。
【同题组】 （按原题答题层次）
· 本题7分，先写共同利益1分，这一层必须出现。
· 国际政治3分：可从和平与发展是当今时代主题写起；再写构建人类命运共同体，也可替换为独立自主的和平外交政策、维护世界和平促进共同发展的宗旨、正确义利观；还可写新型国际关系、合作共赢、互利共赢、共享发展成果。
· 国际经济3分：结合科技小院说明农"
Q0488,488,5721,5732,中国,责任,坚持正确义利观,2025朝阳期末Q21,2025朝阳期末Q21,为什么能想到;同题组;材料触发点;答案落点;设问,,992,"8. 2025朝阳期末Q21
【材料触发点】 题面把世界动荡冲突、单边霸凌、脱钩断链和意识形态分歧作为外部风险，问中国特色大国外交如何营造外部环境；总体外部环境的根本前提是把答案先放回和平与发展的时代主题，再把促进世界和平与发展和维护和平稳定的国际环境作为方向。
【设问】 结合材料，运用《当代国际政治与经济》知识，说明如何通过开展中国特色大国外交为推进中国式现代化营造良好外部环境。
【为什么能想到】 题面把世界动荡冲突、单边霸凌、脱钩断链和意识形态分歧作为外部风险，说明中国营造外部环境不能只考虑自身利益，也要通过合作回应共同问题。正确义利观强调义利相兼、以义为先，能够解释中国在维护自身发展的同时深化互利合作、改善外部发展环境。
【答案落点】 我国外交坚持正确义利观，义利相兼、以义为先，深化互利合作，营造良好的外部发展环境。
【同题组】 （按原题答题层次）
· 答题层次：本题8分，要求总分或分总结构，层次清楚且四个外部环境角度齐全，结构与角度完整占1分。
· 总体外部环境（1分）：坚持和加强党对外交工作的领导，坚持以习近平外交思想为指导，全面贯彻总体国家安全观，推动构建人类命运共同体；坚"
Q0489,489,5733,5741,中国,责任,坚持正确义利观,"2026延庆一模Q19(2)——中国""推动重塑全球能源治理格局""的理论逻辑和价值意蕴",2026延庆一模Q19,为什么能想到;同题组;材料触发点;答案落点;设问,,555,"9. 2026延庆一模Q19(2)——中国""推动重塑全球能源治理格局""的理论逻辑和价值意蕴
【材料触发点】 题面写中国与共建国家围绕绿色能源开发、技术合作、绿色基建联动，构成绿色发展上的共同需求；设问问理论逻辑，必须先给出合作成立的理论解释。
【设问】 结合材料二，运用《当代国际政治与经济》知识，说明中国“推动重塑全球能源治理格局”的理论逻辑和价值意蕴。
【为什么能想到】 材料把绿色能源合作落到""既解当地民生之需，又实现年减碳数百万吨""，中国兼顾受援国民生与全球减碳、不独取其利，正切合坚持正确义利观。
【答案落点】 中国与共建国家在绿色能源开发利用中存在共同利益，坚持正确义利观、共商共建共享，构建能源治理利益共同体。
【同题组】 （按原题答题层次）
· 答题层次：本题8分，按理论逻辑4分和价值意蕴4分组织。
· 理论逻辑（4分）：两个角度各2分，每个角度按观点1分+结合绿色能源合作材料说明1分。国家利益角度可写共同利益是国家间合作的基础、维护国家利益是主权国家对外活动的出发点、坚持正确义利观；历史潮流角度可写和平与发展时代主题、经济全球化趋势。
· 价值意蕴（4分）：三选二，每点2分。"
Q0490,490,5742,5751,中国,责任,坚持正确义利观,2026朝阳一模Q20,2026朝阳一模Q20,为什么能想到;同题组;材料触发点;答案落点;设问,,704,"10. 2026朝阳一模Q20
【材料触发点】 鲁班工坊、菌草技术、减贫和生态治理经验表明中国在合作中兼顾自身发展与发展中国家民生改善，不是单方获利，而是义利兼顾、互利共赢。
【设问】 结合材料，运用《当代国际政治与经济》的知识，阐述中国为什么能为全球发展注入稳定性和正能量。
【为什么能想到】 菌草种植助力当地减贫与生态治理，中国分享经验既服务他国民生又不谋私利，这种义利兼顾的取向正落在坚持正确义利观上。
【答案落点】 中国坚持正确义利观，以分享发展经验助力发展中国家持续发展，展现大国责任担当，推动构建人类命运共同体。
【同题组】 （按原题答题层次）
· 答题层次：本题8分，按必答点、共享发展经验、发展潜力三个层次组织；全题总分不超过8分，发展潜力角度最多5分。
· 必答点（2分）：当前国际竞争的实质是以经济和科技实力为基础的综合国力较量1分；中国坚持创新驱动战略，科技实力日益增强，成为全球创新策源地，为全球产业链供应链稳定提供坚实支撑1分。
· 共享发展经验（3分）：通过分享减贫经验、生态治理经验、职业教育经验等助力发展中国家持续发展，并展现大国责任担当、正确义利观、中国智慧或中国方"
Q0491,491,5752,5761,中国,责任,坚持正确义利观,2025房山一模Q18(2),2025房山一模Q18,为什么能想到;同题组;材料触发点;答案落点;设问,,667,"11. 2025房山一模Q18(2)
【材料触发点】 开源战略题要求阐释技术革新如何成为全球合作新模式，DeepSeek开源让全球开发者自由使用和改进，部分国家企业低成本开发本地化AI模型，说明科技开放可以推动开放型世界经济和经济全球化发展。
【设问】 “中国的开源战略不仅是技术上的革新，更是对全球合作新模式的一次积极探索和实践。”结合材料，运用《当代国际政治与经济》知识，谈谈你对这句话的理解。
【为什么能想到】 DeepSeek开源不是单纯技术发布，而是把中国技术能力向全球开发者开放，让其他国家低成本开发本地化模型。设问强调“全球合作新模式”，说明要解释中国在合作中如何处理自身发展与他国共同收益。由“开源共享、低成本使用、本地化开发”可推出中国不是单方占有技术红利，而是在坚持自身发展的同时兼顾他国合理关切，所以落到正确义利观。
【答案落点】 中国在《联合国宪章》宗旨原则框架下，坚持正确义利观，以开源共享加强国际交流合作，积极参与全球治理。
【同题组】 （按原题答题层次）
· 答题层次：本题8分，按两条链条加逻辑分组织
· 第一链（4分）：当前国际竞争的实质 -> 坚持高水平对外开放/"
Q0492,492,5762,5774,中国,责任,坚持正确义利观,2026通州期末Q20,2026通州期末Q20,为什么能想到;同题组;材料触发点;答案落点;设问,,464,"12. 2026通州期末Q20
【材料触发点】 设问评价全球治理倡议为何“正逢其时”，题面呈现百年变局、地区动荡、逆全球化和治理赤字，说明全球治理倡议回应和平与发展、经济全球化和各国人民共同愿望的时代背景。
【设问】 结合材料，运用《当代国际政治与经济》知识，谈谈你对“全球治理倡议正逢其时、指引方向彰显担当”的理解。
【为什么能想到】 治理赤字和动荡冲突下，中国强调兼顾各国共同利益、提供国际公共产品，正是正确义利观的现实用法。
【答案落点】 中国坚持正确义利观、兼顾各国共同利益，为变乱交织的世界注入稳定性和确定性，彰显担当作为。
【同题组】 （按原题答题层次）
· 答题层次：本题8分，按六点答题层次组织
· 共商共建共享全球治理观（1分）
· 时代主题、经济全球化、顺应各国人民愿望等（2分）
· 符合《联合国宪章》宗旨和原则（1分）
· 推动构建国际新秩序、倡导国际关系民主化、践行多边主义、坚持正确义利观、兼顾利益等任意点（2分）
· 推动构建人类命运共同体（1分）
· 贡献中国智慧、中国方案，勇于大国担当（1分）"
Q0493,493,5775,5788,中国,责任,坚持正确义利观,2026房山二模Q20,2026房山二模Q20,为什么能想到;同题组;材料触发点;答案落点;设问,,550,"13. 2026房山二模Q20
【材料触发点】 弥补数据鸿沟、释放数据价值和共同发展，体现中国参与发展合作时兼顾义与利的行动逻辑。
【设问】 结合材料，运用《当代国际政治与经济》知识，分析世界数据组织完善全球数据治理，服务全球数字经济发展的智慧。
【为什么能想到】 弥合数据鸿沟、释放数据价值、谋共同发展，材料显示中国参与时不只取利、还兼顾发展公平；这种义利兼顾的行动逻辑，对应坚持正确义利观。
【答案落点】 我国以正确义利观推动世界数据组织完善全球数据治理，在技术联合研发、标准互认和弥合数据鸿沟中兼顾共同利益与发展公平。
【同题组】 （按原题答题层次）
· 答题层次：本题8分，围绕世界数据组织完善全球数据治理、服务全球数字经济发展的中国智慧展开；六个方向各1分，材料结合2分。
· 治理方向一：普惠包容的经济全球化（1分）。
· 治理方向二：平等有序的世界多极化（1分）。
· 利益基础：共同利益或共同发展（1分）。
· 合作关系：合作共赢或互利共赢（1分）。
· 治理方式：共商共建共享、全球治理观或真正的多边主义（1分）。
· 数据流动：推动数据要素在全球范围内流动（1分）。
· 材料落点"
Q0494,494,5793,5802,中国,责任,坚持正确义利观,2026西城期末Q20参与全球气候治理中的中国实践,2026西城期末Q20,为什么能想到;同题组;材料触发点;答案落点;设问,,593,"14. 2026西城期末Q20参与全球气候治理中的中国实践
【材料触发点】 答题要求角度2在“中国理念”中明确列出“正确义利观”，材料强调中国承担气候治理责任并为发展中国家应对气候变化提供系统性方案。
【设问】 结合材料，运用《国际政治与经济》知识，阐释参与全球气候治理的中国实践。
【为什么能想到】 气候治理中的中国实践既维护本国发展利益，也兼顾全球可持续发展和发展中国家合理关切。答题要求列出正确义利观，提示学生要把责任担当与利益兼顾联系起来。
【答案落点】 中国坚持正确义利观，在推进自身绿色低碳转型的同时承担国际责任、贡献治理方案，兼顾本国利益与全球共同利益。
【同题组】 （按原题答题层次）
· 本题8分，按“是什么—为什么—效果”三层写。
· 是什么2分：先说中国在全球气候治理中是建设者、引领者或负责任大国；再结合材料概括具体做法，如坚持绿色发展、新发展理念，发挥有为政府和有效市场作用。
· 为什么3分：从四类中写满三类即可：全球气候治理挑战或完善全球治理体系；世界各国共同利益；中国理念，如人类命运共同体、全人类共同价值、正确义利观、共商共建共享、真正的多边主义、互利共赢；自觉履行"
Q0495,495,5805,5813,中国,责任,坚持正确义利观,2026通州一模Q19中国元首外交为世界注入稳定性与正能量,2026通州一模Q19,为什么能想到;同题组;材料触发点;答案落点;设问,,517,"15. 2026通州一模Q19中国元首外交为世界注入稳定性与正能量
【材料触发点】 原题答题角度包括“正确义利观”，材料强调中国元首外交为世界注入稳定性和正能量。
【设问】 结合材料，运用《当代国际政治与经济》知识，分析中国元首外交如何为世界注入稳定性与正能量。（8分）
【为什么能想到】 中国元首外交不仅追求自身发展利益，也关注世界和平发展和他国合理关切。答题要求列出正确义利观，提示应把中国外交的义利统一写出来。
【答案落点】 中国元首外交坚持正确义利观，兼顾本国利益和他国合理关切，以负责任行动推动共同发展和国际稳定。
【同题组】 （按原题答题层次）
· 答题层次：本题8分，措施或知识4分，材料分析且必须答作用4分，落点指向为世界注入稳定性与正能量
· 可采知识：和平与发展时代主题、共同利益是合作的基础、兼顾他国合理关切、维护多边贸易体制、推动经济全球化朝开放包容普惠平衡共赢方向发展、坚持正确义利观、推动国际关系民主化和国际政治经济新秩序、共商共建共享全球治理观、推动构建人类命运共同体、中国特色大国外交
· 作答提醒：不能只罗列知识；每个知识点都要接材料中元首外交的合作、治理、开放或和"
Q0496,496,5815,5823,中国,责任,与发展中国家共享发展新机遇，惠民生增福祉，实现互利共赢,2025西城二模Q19(2),2025西城二模Q19,为什么能想到;同题组;材料触发点;答案落点;设问,,598,"1. 2025西城二模Q19(2)
【材料触发点】 中国对同中国建交的最不发达国家实行100%税目产品零关税，直接涉及发展中国家如何进入中国市场、改善民生并形成互利关系。
【设问】 结合材料，运用《当代国际政治与经济》知识，说明这一做法中的中国担当。
【为什么能想到】 ""100%税目产品""""零关税""两个数字+对象限定为最不发达建交国，意味着这是把中国大市场对发展中国家敞开，让对方拿到进入中国的实际机会。问""中国担当""，要把中国的让利接到发展中国家的获得感上——既写中方共享发展机遇，也写对方惠民生，最终形成互利共赢。先把最不发达国家进入中国市场的现实门槛作为切入点，再用零关税待遇接为共享中国发展新机遇，最后指向帮助其惠民生增福祉、在开放合作中实现互利共赢。
【答案落点】 中国给予最不发达国家零关税待遇，与发展中国家共享发展新机遇，帮助其惠民生增福祉，推动双方在开放合作中实现互利共赢。
【同题组】 （按原题答题层次）
· 答题层次：本题5分，按中国担当3分和世界意义2分组织
· 中国担当（3分）：开放广阔的中国市场或坚持正确义利观（1分）；与发展中国家或最不发达国家共享发展新机遇，惠民生增"
Q0497,497,5824,5832,中国,责任,与发展中国家共享发展新机遇，惠民生增福祉，实现互利共赢,2026顺义一模Q20,2026顺义一模Q20,为什么能想到;同题组;材料触发点;答案落点;设问,,516,"2. 2026顺义一模Q20
【材料触发点】 设问问南南合作“典范”的深层逻辑，材料中的科技小院与发展中国家共享农业技术、降低成本、培养人才，说明南南合作通过具体项目回应全球南方农业发展、民生改善和共同发展需求。
【设问】 结合材料，运用《当代国际政治与经济》知识，阐述科技小院成为南南合作典范的深层逻辑。
【为什么能想到】 材料突出为各国培养本土化人才、增强其农业内生动力，把中国机遇敞开给南方各国，对应与发展中国家共享发展新机遇、惠民生增福祉、实现互利共赢。
【答案落点】 科技小院面向全球南方开展农业合作，培养人才、增强内生发展动力，推动共享发展成果，实现互利共赢。
【同题组】 （按原题答题层次）
· 本题7分，先写共同利益1分，这一层必须出现。
· 国际政治3分：可从和平与发展是当今时代主题写起；再写构建人类命运共同体，也可替换为独立自主的和平外交政策、维护世界和平促进共同发展的宗旨、正确义利观；还可写新型国际关系、合作共赢、互利共赢、共享发展成果。
· 国际经济3分：结合科技小院说明农业技术提高生产率、降低成本，带来发展动力；通过培养本土人才激发内生动力，推动可持续发展；体现经济全"
Q0498,498,5833,5842,中国,责任,与发展中国家共享发展新机遇，惠民生增福祉，实现互利共赢,2025东城一模Q20,2025东城一模Q20,为什么能想到;同题组;材料触发点;答案落点;设问,,562,"3. 2025东城一模Q20
【材料触发点】 此次出访中，中国同秘鲁签署自贸协定升级议定书和共建“一带一路”合作规划，并在11天内达成60多项合作文件，说明相关国家围绕贸易合作、区域合作和发展议题存在共同利益。
【设问】 结合材料，运用《当代国际政治与经济》知识，谈谈此次元首外交的“精彩”之处。
【为什么能想到】 中国同秘鲁签署自贸协定升级议定书和共建“一带一路”合作规划，并在11天内达成60多项合作文件，呈现的是同发展中国家深化合作、共享发展机遇的关系。这里应把材料写成互利共赢和惠民生增福祉，而不是转向泛泛外交依据。
【答案落点】 此次拉美之行深化合作、维护发展中国家利益，与其共享发展新机遇、惠民生增福祉，实现互利共赢。
【同题组】 （按原题答题层次）
· 答题层次：本题8分，按原题三层得分层次组织
· 第一层（4分）：①共同利益是合作的基础（2分；替代：具体合作，如共建“一带一路”、贸易自由化便利化，可给1分）；②推动高水平对外开放/促进高质量发展/推动经济全球化发展朝着更加开放、包容、普惠、平衡、共赢的方向发展（2分）
· 第二层（2分）：维护发展中国家的利益（2分；替代：完善全"
Q0499,499,5843,5853,中国,责任,与发展中国家共享发展新机遇，惠民生增福祉，实现互利共赢,2026朝阳期中Q17,2026朝阳期中Q17,为什么能想到;同题组;材料触发点;答案落点;设问,,802,"4. 2026朝阳期中Q17
【材料触发点】 题面一方面强调芯片、算法、大模型等核心环节自主可控，另一方面说明自主可控不是闭门造车，体现人工智能发展要在维护核心利益的同时开展开放合作。
【设问】 结合材料，运用《当代国际政治与经济》知识阐述我国应如何处理好推进“人工智能+”发展过程中的重要关系。
【为什么能想到】 丙同学强调帮全球南方加强能力建设、弥合智能鸿沟，指向平等合作而非零和；这正对应与发展中国家共享发展新机遇、惠民生增福祉、互利共赢。
【答案落点】 处理好中国发展与世界发展关系，秉持正确义利观，推动发展中国家共享机遇、惠民生增福祉、互利共赢。
【同题组】 （按原题答题层次）
· 答题层次：本题8分；一层3分，两层6分，三层8分。每层按“关系概括1分+两端展开各1分”组织。
· 处理好自力更生和对外开放的关系（3分）：先概括二者关系，再分别写自力更生一端和对外开放一端。自力更生可联系核心技术自主可控、把握创新主动权、创新驱动、技术研发和核心竞争力；对外开放可联系国际交流合作、参与经济全球化和国际分工、发展开放型经济、共商共建共享、两个市场两种资源、国内国际双循环。
· 处理好发展"
Q0500,500,5854,5863,中国,责任,与发展中国家共享发展新机遇，惠民生增福祉，实现互利共赢,2026朝阳一模Q20,2026朝阳一模Q20,为什么能想到;同题组;材料触发点;答案落点;设问,,714,"5. 2026朝阳一模Q20
【材料触发点】 鲁班工坊、菌草种植、减贫和生态治理经验直接服务发展中国家生产生活改善，说明中国把自身发展经验转化为发展中国家的可持续发展能力。
【设问】 结合材料，运用《当代国际政治与经济》的知识，阐述中国为什么能为全球发展注入稳定性和正能量。
【为什么能想到】 中国把减贫、生态治理、职业教育经验分享给卢旺达等国，让其搭上中国发展便车，对应与发展中国家共享发展新机遇、惠民生增福祉、实现互利共赢。
【答案落点】 中国向发展中国家分享减贫、生态治理与职业教育经验，让其共享中国发展机遇，惠民生增福祉，实现互利共赢。
【同题组】 （按原题答题层次）
· 答题层次：本题8分，按必答点、共享发展经验、发展潜力三个层次组织；全题总分不超过8分，发展潜力角度最多5分。
· 必答点（2分）：当前国际竞争的实质是以经济和科技实力为基础的综合国力较量1分；中国坚持创新驱动战略，科技实力日益增强，成为全球创新策源地，为全球产业链供应链稳定提供坚实支撑1分。
· 共享发展经验（3分）：通过分享减贫经验、生态治理经验、职业教育经验等助力发展中国家持续发展，并展现大国责任担当、正确义利"
Q0501,501,5864,5872,中国,责任,与发展中国家共享发展新机遇，惠民生增福祉，实现互利共赢,2026丰台期末Q20,2026丰台期末Q20,为什么能想到;同题组;材料触发点;答案落点;设问,,391,"6. 2026丰台期末Q20
【材料触发点】 中拉“发展工程”强调产业链供应链稳定畅通，设问问“五大工程”如何扩大中拉利益汇合点。
【设问】 结合材料，运用《当代国际政治与经济》知识，阐释“五大工程”如何扩大中拉利益汇合点。
【为什么能想到】 发展工程落实全球发展倡议、维护多边贸易体制和产业链畅通，落点是让拉美一起获益而非中方独得，故用“与发展中国家共享发展新机遇，实现互利共赢”。
【答案落点】 发展工程共同落实全球发展倡议，与拉美共享发展新机遇，惠民生、增福祉，实现互利共赢，扩大中拉发展利益汇合点。
【同题组】 （同主题练习提醒）
· 本题适合作为同主题训练，不按固定得分层次展开。
· 练习主线：围绕“五大工程如何扩大中拉利益汇合点”组织，扣住团结、发展、文明、和平、民心五类工程。
· 可写方向：说明五大工程如何扩大中拉共同利益、促进互利共赢，并推动中拉命运共同体建设。"
Q0502,502,5874,5884,中国,责任,坚持正确义利观，在发展合作中共享机遇,2026东城期末Q20四大全球倡议系统推动构建人类命运共同体（全球发展倡议子项）,2026东城期末Q20,为什么能想到;同题组;材料触发点;答案落点;设问,,794,"1. 2026东城期末Q20四大全球倡议系统推动构建人类命运共同体（全球发展倡议子项）
【材料触发点】 题面把全球发展倡议与共建“一带一路”等发展合作相连；“以发展促繁荣”要求把发展合作接到互利共赢、共享机遇和共同繁荣。
【设问】 结合材料，运用《当代国际政治与经济》知识，分析四大全球倡议如何系统推动构建人类命运共同体。
【为什么能想到】 四大全球倡议题要说明各倡议如何系统支撑人类命运共同体。发展倡议的材料支撑集中在共建“一带一路”等发展合作，应从互利共赢、共享发展机遇写到共同繁荣的物质根基，不能混入其他题目的发展合作细节。
【答案落点】 全球发展倡议以发展促繁荣，坚持互利共赢，在共建“一带一路”等发展合作中共享机遇，为构建人类命运共同体奠定共同繁荣的物质根基。
【同题组】 （按原题答题层次）
· 答题层次：本题7分，按四大倡议、系统推动、实践层面组织
· 学理总说：携手构建人类命运共同体，就是要建设持久和平、普遍安全、共同繁荣、开放包容、清洁美丽的世界
· 四大倡议层（4分）：全球发展倡议以发展促繁荣，可写坚持互利共赢、坚持正确义利观、共商共建共享、发展合作中共享机遇；全球安全倡议以"
Q0503,503,5885,5894,中国,责任,坚持正确义利观，在发展合作中共享机遇,2026朝阳一模Q20中国为全球发展注入稳定性和正能量,2026朝阳一模Q20,为什么能想到;同题组;材料触发点;答案落点;设问,,719,"2. 2026朝阳一模Q20中国为全球发展注入稳定性和正能量
【材料触发点】 鲁班工坊、菌草技术、减贫和生态治理经验表明中国在合作中兼顾自身发展与发展中国家民生改善，不是单方获利，而是义利兼顾、互利共赢。
【设问】 结合材料，运用《当代国际政治与经济》的知识，阐述中国为什么能为全球发展注入稳定性和正能量。
【为什么能想到】 鲁班工坊培养急需技术人才、菌草助力减贫，中国在分享中既尽道义又求共赢，正切合坚持正确义利观、在发展合作中共享机遇这一表述。
【答案落点】 中国坚持正确的义利观和互利共赢，以分享减贫、职业教育经验和菌草技术让全球共享中国发展机遇。
【同题组】 （按原题答题层次）
· 答题层次：本题8分，按必答点、共享发展经验、发展潜力三个层次组织；全题总分不超过8分，发展潜力角度最多5分。
· 必答点（2分）：当前国际竞争的实质是以经济和科技实力为基础的综合国力较量1分；中国坚持创新驱动战略，科技实力日益增强，成为全球创新策源地，为全球产业链供应链稳定提供坚实支撑1分。
· 共享发展经验（3分）：通过分享减贫经验、生态治理经验、职业教育经验等助力发展中国家持续发展，并展现大国责任担当"
Q0504,504,5896,5905,中国,责任,改善发展中国家民生并助力持续发展,2026朝阳一模Q20,2026朝阳一模Q20,为什么能想到;同题组;材料触发点;答案落点;设问,,708,"1. 2026朝阳一模Q20
【材料触发点】 鲁班工坊、菌草种植、减贫和生态治理经验直接服务发展中国家生产生活改善，说明中国把自身发展经验转化为发展中国家的可持续发展能力。
【设问】 结合材料，运用《当代国际政治与经济》的知识，阐述中国为什么能为全球发展注入稳定性和正能量。
【为什么能想到】 材料中菌草种植助力减贫、生态治理直接改善当地生产生活，提升的是受援国可持续发展能力，恰好落在改善发展中国家民生并助力持续发展。
【答案落点】 中国通过鲁班工坊、菌草技术、减贫和生态治理经验分享，助力发展中国家持续发展，改善发展中国家民生。
【同题组】 （按原题答题层次）
· 答题层次：本题8分，按必答点、共享发展经验、发展潜力三个层次组织；全题总分不超过8分，发展潜力角度最多5分。
· 必答点（2分）：当前国际竞争的实质是以经济和科技实力为基础的综合国力较量1分；中国坚持创新驱动战略，科技实力日益增强，成为全球创新策源地，为全球产业链供应链稳定提供坚实支撑1分。
· 共享发展经验（3分）：通过分享减贫经验、生态治理经验、职业教育经验等助力发展中国家持续发展，并展现大国责任担当、正确义利观、中国智慧"
Q0505,505,5906,5917,中国,责任,改善发展中国家民生并助力持续发展,2025顺义一模Q20,2025顺义一模Q20,为什么能想到;同题组;材料触发点;答案落点;设问,,840,"2. 2025顺义一模Q20
【材料触发点】 题面列出中老铁路安居村系列项目、卢旺达“200口井”项目和援建牙买加中国园林项目，分别对应地区发展、饮水安全和精神生活改善。
【设问】 结合材料，运用《当代国际政治与经济》知识，说明“小而美”项目为何成为中国开展国际发展合作的亮点和名片。
【为什么能想到】 题目材料列出中老铁路安居村、“200口井”、牙买加中国园林等“小而美”项目，重点不在项目名称本身，而在这些项目直接改善当地生活条件、增强持续发展能力。由此可说明中国发展合作通过具体工程改善发展中国家民生并助力可持续发展。
【答案落点】 “小而美”项目通过中老铁路安居村、“200口井”和牙买加中国园林等具体工程改善民生、促进经济社会发展、提升当地民众获得感。
【同题组】 （按原题答题层次）
· 答题层次：本题8分，按项目本身优势、当地价值、我国意义或理念、世界意义和贡献四层组织，总分不超过8分。
· 项目本身的创新和实践优势（2分）：聚焦发展中国家紧迫需求、灵活实施、快速响应基层社区需求可得1分；规模小更易统筹、可推广，形成品牌和共同发展目标可得1分。
· 项目对当地的价值（2分）：改善民"
Q0506,506,5918,5929,中国,责任,改善发展中国家民生并助力持续发展,2026顺义二模Q20,2026顺义二模Q20,为什么能想到;同题组;材料触发点;答案落点;设问,,740,"3. 2026顺义二模Q20
【材料触发点】 材料集中列举微电网、打井、物流、希望农场、菌草技术和鲁班工坊，都是直接改善发展中国家生产生活条件的合作项目。
【设问】 结合材料，运用《当代国际政治与经济》知识，谈谈对“今天的中国，明天的世界”的理解。
【为什么能想到】 圭亚那村庄用上微电网、塞内加尔乡村解决用水、巴西贫民社区打通快递末端、纳米比亚农户获得农业信心，中亚青年获得职业发展机会。理解“中国好，世界会更好”不能空泛写理念，必须说明中国发展怎样变成其他国家人民可感可及的民生改善。先列举具体项目，再写改善发展中国家民生和提升持续发展能力，最后指向让发展成果惠及更多国家人民。
【答案落点】 中国通过微电网、乡村打井、希望农场、菌草技术和鲁班工坊等项目改善发展中国家民生，提升其持续发展能力，让发展成果惠及更多国家人民。
【同题组】 （按原题答题层次）
· 本题8分，建议按“总—国际政治—国际经济—总”结构写。
· 总起：说明“今天的中国，明天的世界”体现中国发展与世界未来紧密相连，中国式现代化具有世界意义。
· 国际政治角度：可写中国是世界和平的建设者、国际秩序的维护者，坚持独立自主的和"
Q0507,507,5930,5938,中国,责任,改善发展中国家民生并助力持续发展,2026顺义一模Q20,2026顺义一模Q20,为什么能想到;同题组;材料触发点;答案落点;设问,,559,"4. 2026顺义一模Q20
【材料触发点】 设问问南南合作“典范”的深层逻辑，材料中的科技小院与发展中国家共享农业技术、降低成本、培养人才，说明南南合作通过具体项目回应全球南方农业发展、民生改善和共同发展需求。
【设问】 结合材料，运用《当代国际政治与经济》知识，阐述科技小院成为南南合作典范的深层逻辑。
【为什么能想到】 设问问南南合作“典范”的深层逻辑，材料中的科技小院把农业技术、人才培养和成本降低落到发展中国家的生产生活改善上。典范之处不只是合作形式新，而是它能提升当地农业能力和持续发展能力，体现出改善发展中国家民生并助力持续发展的价值。
【答案落点】 科技小院提升农业生产率、培养本土人才，激发内生动力，改善了发展中国家民生并助力其可持续发展。
【同题组】 （按原题答题层次）
· 本题7分，先写共同利益1分，这一层必须出现。
· 国际政治3分：可从和平与发展是当今时代主题写起；再写构建人类命运共同体，也可替换为独立自主的和平外交政策、维护世界和平促进共同发展的宗旨、正确义利观；还可写新型国际关系、合作共赢、互利共赢、共享发展成果。
· 国际经济3分：结合科技小院说明农业技术提高生"
Q0508,508,5940,5951,中国,责任,民心相通与文明互鉴,2025顺义一模Q20,2025顺义一模Q20,为什么能想到;同题组;材料触发点;答案落点;设问,,782,"1. 2025顺义一模Q20
【材料触发点】 援建牙买加中国园林项目丰富当地民众精神生活，说明“小而美”项目不仅是物质援助，也承载文明交流和民心相通功能。
【设问】 结合材料，运用《当代国际政治与经济》知识，说明“小而美”项目为何成为中国开展国际发展合作的亮点和名片。
【为什么能想到】 材料单列援建牙买加中国园林“丰富当地民众精神生活”一笔，它非修桥打井式物质援助，而靠文化浸润赢得理解认同，对应民心相通与文明互鉴。
【答案落点】 中国通过援建牙买加中国园林等“小而美”项目传播中华文化、增强文明互鉴、提升国际认同，使国际发展合作更具民心基础。
【同题组】 （按原题答题层次）
· 答题层次：本题8分，按项目本身优势、当地价值、我国意义或理念、世界意义和贡献四层组织，总分不超过8分。
· 项目本身的创新和实践优势（2分）：聚焦发展中国家紧迫需求、灵活实施、快速响应基层社区需求可得1分；规模小更易统筹、可推广，形成品牌和共同发展目标可得1分。
· 项目对当地的价值（2分）：改善民生、促进就业、提升公共卫生水平、促进经济社会发展、提升民众获得感等，要写出具体惠民措施。
· 项目对我国的意义或折射"
Q0509,509,5952,5962,中国,责任,民心相通与文明互鉴,2024东城二模Q20,2024东城二模Q20,为什么能想到;同题组;材料触发点;答案落点;设问,,642,"2. 2024东城二模Q20
【材料触发点】 材料写全球文明倡议面对不同文明交汇、碰撞甚至冲突日趋频繁，开展民间外交、公共外交，促进各国人民相知相亲。
【设问】 结合材料，运用《当代国际政治与经济》知识，说明中国的“三大倡议”如何助力人类走向美好未来。（7分）
【为什么能想到】 全球文明倡议的材料线索是“文明交汇碰撞”和“民间外交、公共外交”，这些行动的直接效果是通过交流互鉴减少隔阂、增进理解和认同。因此可从民心相通与文明互鉴说明中国行动的意义。
【答案落点】 全球文明倡议通过民间外交、公共外交和文明交流互鉴，促进各国人民相知相亲，为发展、安全、文明三类倡议形成合力提供社会基础。
【同题组】 （按原题答题层次）
· 答题层次：本题7分，三个倡议各2分，总论1分；总论可放在开头，也可放在结尾。
· 全球发展倡议（2分）：路径1分，写通过合作援助，为世界共谋发展合作开辟新空间、提供新机遇、注入新动力；效果1分，写增强发展中国家的发展内生动力、繁荣世界经济等。
· 全球安全倡议（2分）：路径1分，写通过对话协商以和平方式解决国际争端，坚持遵守《联合国宪章》宗旨和原则，以共赢思维应对安全挑战；"
Q0510,510,5963,5973,中国,责任,民心相通与文明互鉴,2025朝阳二模Q21,2025朝阳二模Q21,为什么能想到;同题组;材料触发点;答案落点;设问,,927,"3. 2025朝阳二模Q21
【材料触发点】 周边工作新局面既包含经贸合作、机制平台，也包含教育文化交流和民心相通；周边关系长期稳定需要人文纽带支撑。
【设问】 结合材料，运用《当代国际政治与经济》知识，说明我国为什么要努力开创周边工作新局面。
【为什么能想到】 周边工作新局面既包含经贸合作、机制平台，也包含教育文化交流和民心相通；周边关系长期稳定需要人文纽带支撑。材料中的教育文化交流和民心相通，说明周边合作不只靠利益联结，还要靠文明互鉴和社会基础，因此可写中国加强同周边国家文化交流，促进民心相通，夯实周边合作基础。
【答案落点】 中国加强同周边国家的教育文化交流，促进文化借鉴融合和民心相通，有利于加强团结合作，夯实开创周边工作新局面的社会基础。
【同题组】 （按原题答题层次）
· 答题层次：本题8分，按“中国的发展需要—区域的发展需要—世界的发展需要”三层组织；同一关键词不重复，语言要有层次、无知识错误
· 从中国的发展需要角度看（3分）：必要性1分，可写周边国家众多、符合我国与周边国家地理环境和文化发展状况、国际形势出现深刻变化；重要性任意两点2分，可写实现发展繁荣的重要基础、提高"
Q0511,511,5977,5988,中国,责任,南南合作与全球南方共同发展,2025丰台二模Q20,2025丰台二模Q20,为什么能想到;同题组;材料触发点;答案落点;设问,,743,"1. 2025丰台二模Q20
【材料触发点】 材料把“全球南方”群体性崛起和中国作为“全球南方”第一方阵联系起来，答题要先说明中国发展中国家身份和国际格局分量。
【设问】 当今世界，全球治理体系与国际秩序变革加速推进。我们愿同各方一道，一以贯之以实际行动为完善全球治理注入中国力量。结合材料，运用《当代国际政治与经济》知识，谈谈你对“为完善全球治理注入中国力量”的理解。
【为什么能想到】 习近平讲全球南方“为发展而起、因发展而兴”，中国要做“共同发展的中坚力量”、推动把发展置于国际经贸议程中心——共同发展诉求正指向南南合作。
【答案落点】 中国作为世界上最大的发展中国家，是国际政治经济格局中一支重要力量，积极参与全球治理，为推动全球南方实现现代化发挥作用。
【同题组】 （按原题答题层次）
· 答题层次：本题8分，四个角度，每角度2分；要围绕“中国如何为完善全球治理注入力量”展开。
· 发展中国家身份与全球南方：作为世界上最大的发展中国家，中国是国际政治经济格局中的重要力量，积极参与全球治理，为推动全球南方实现现代化发挥作用。
· 国际组织参与：中国积极参与联合国、金砖国家、二十国集团、博"
Q0512,512,5989,5997,中国,责任,南南合作与全球南方共同发展,2026顺义一模Q20,2026顺义一模Q20,为什么能想到;同题组;材料触发点;答案落点;设问,,540,"2. 2026顺义一模Q20
【材料触发点】 题目不是问科技小院一般意义，而是问其成为南南合作典范的深层逻辑；11国落地、非洲试验和巴西机械化说明中国方案能结合当地实际，促进全球南方农业合作。
【设问】 结合材料，运用《当代国际政治与经济》知识，阐述科技小院成为南南合作典范的深层逻辑。
【为什么能想到】 题问""南南合作典范""，而11国落地、非洲带农户试验、巴西家庭农业机械化都是发展中国家间的农业互助，正落在南南合作与全球南方共同发展。
【答案落点】 科技小院回应全球南方农业发展的共同利益，把中国农业技术、本土化人才培养和当地生产问题结合起来，从单一技术输出转向支持农业生态整体建设和协同创新，推动南南合作共赢共享。
【同题组】 （按原题答题层次）
· 本题7分，先写共同利益1分，这一层必须出现。
· 国际政治3分：可从和平与发展是当今时代主题写起；再写构建人类命运共同体，也可替换为独立自主的和平外交政策、维护世界和平促进共同发展的宗旨、正确义利观；还可写新型国际关系、合作共赢、互利共赢、共享发展成果。
· 国际经济3分：结合科技小院说明农业技术提高生产率、降低成本，带来发展动力；通过培养"
Q0513,513,5998,6009,中国,责任,南南合作与全球南方共同发展,2024丰台二模Q19,2024丰台二模Q19,为什么能想到;同题组;材料触发点;答案落点;设问,,589,"3. 2024丰台二模Q19
【材料触发点】 设问问中国“答卷”如何彰显大国担当，题目限定在应对气候变化和环境保护，因此全球治理观必须连接中国承担责任、南南合作和区域合作，而不是泛写治理口号。
【设问】 结合材料，运用《当代国际政治与经济》知识，说明中国""答卷""如何彰显大国担当。
【为什么能想到】 中国与四十个发展中国家签四十八份气候变化南南合作备忘录，帮它们提升应对能力；这种发展中国家抱团的合力，正落到“南南合作与全球南方共同发展”。
【答案落点】 中国通过南南合作帮助发展中国家应对气候变化，贡献中国智慧、中国力量，促进全球南方共同发展，彰显大国担当。
【同题组】 （按原题答题层次）
· 答题层次：本题6分，三个角度各2分，必须写“做了什么+效果或意义”。
· 角度一：中国如何承担大国责任，并分析其发挥建设性作用（2分）。
· 角度二：中国如何通过南南合作帮助发展中国家发展，并分析其贡献中国智慧、中国方案或中国力量（2分）。
· 角度三：中国如何通过区域合作促进区域环境改善，并分析其推动构建人类命运共同体（2分）。
· 可补充方向：完善全球治理、共商共建共享、合作共赢可以作为分析语言"
Q0514,514,6011,6028,中国,责任,中国推进绿色低碳转型并参与全球气候治理,2026西城期末Q20,2026西城期末Q20,为什么能想到;同题组;材料触发点;答案落点;设问,,1291,"1. 2026西城期末Q20
【材料触发点】 NDC表格列出非化石能源、森林碳汇、绿色交通等进展与2035目标，说明中国通过国内绿色低碳转型落实国际气候行动承诺。
【设问】 结合材料，运用《国际政治与经济》知识，阐释参与全球气候治理的中国实践。
【为什么能想到】 NDC表格列出非化石能源、森林碳汇、绿色交通等进展与2035目标，说明中国通过国内绿色低碳转型落实国际气候行动承诺。题目让学生阐释中国参与全球气候治理的实践，需要把国内绿色低碳转型和国际气候行动承诺连起来。把非化石能源、森林碳汇、绿色交通的进展按NDC框架写齐，再接出2035年更高目标，指向以国内绿色低碳转型兑现国际气候承诺。
【答案落点】 中国发展非化石能源、增加森林碳汇、推广绿色交通，推进绿色低碳发展转型，并设定2035年更高NDC目标，以实际行动应对气候变化。
【材料触发点】 题面表格把全国碳市场进展和2035覆盖目标单列，说明中国用市场化工具把企业减排行动嵌入全球气候治理。
【设问】 结合材料，运用《国际政治与经济》知识，阐释参与全球气候治理的中国实践。
【为什么能想到】 题面表格把全国碳市场进展和2035覆盖目标单列"
Q0515,515,6029,6039,中国,责任,中国推进绿色低碳转型并参与全球气候治理,2025东城期末Q20——评价欧盟对中国新能源汽车征收临时反补贴税,2025东城期末Q20,为什么能想到;同题组;材料触发点;答案落点;设问,,738,"2. 2025东城期末Q20——评价欧盟对中国新能源汽车征收临时反补贴税
【材料触发点】 题面写中方坚决反对欧方临时反补贴税并多次提出建设性解决方案；设问需要说明认识短文，谈到中国态度必须把""维护本国利益""明确写出。
【设问】 运用《当代国际政治与经济》知识，写一篇短文，谈谈你对上述材料的认识。要求：题目自拟，观点明确，逻辑清晰，200字左右。
【为什么能想到】 题面要求就欧方对中国新能源汽车加征临时反补贴税写认识短文，材料一方面涉及中方维护正当权益，另一方面说明新能源汽车发展服务绿色低碳转型。挂在本核心点时，要抓新能源汽车产业对全球气候治理的贡献：中国发展新能源技术和产品，既维护自身产业正当利益，也为世界气候、绿色生态保护提供支撑，体现中国推进绿色低碳转型并参与全球气候治理。
【答案落点】 我国以新能源汽车产业的行动为世界气候、绿色生态保护作贡献，推进绿色低碳转型、参与全球气候治理。
【同题组】 （按原题答题层次）
· 答题层次：本题8分，短文题，先完成题目和分段，再按中国贡献、批判欧盟行为、中国态度或做法组织。
· 短文形式：题目1分；分三段1分。
· 中国贡献层（3分）：我国新能"
Q0516,516,6041,6050,中国,责任,严格落实《巴黎协定》要求，每五年向联合国提交国家自主贡献目标，维护全球气候治理多边进程,2026西城期末Q20,2026西城期末Q20,为什么能想到;同题组;材料触发点;答案落点;设问,,815,"1. 2026西城期末Q20
【材料触发点】 题面注释说明NDC是《巴黎协定》的核心机制，各缔约方每五年提交一次国家自主行动目标，中国已在2015年、2020年提交过两轮目标。
【设问】 结合材料，运用《国际政治与经济》知识，阐释参与全球气候治理的中国实践。
【为什么能想到】 题面注释说明NDC是《巴黎协定》的核心机制，各缔约方每五年提交一次国家自主行动目标，中国已在2015年、2020年提交过两轮目标。 判断该用“严格落实《巴黎协定》要求，每五年向联合国提交国家自主贡献目标，维护全球气候治理多边进程”，看的是材料是否呈现相关行动应放在联合国框架、国际法基础和多边机制中理解；本题正是这一关系。可得出：中国严格落实《巴黎协定》要求，按每五年一次的机制向联合国提交国家自主贡献目标，在2015年、2020年两轮目标基础上于2025年继续更新2035年NDC目标，以实际行动维护全球气候治理多边进程。
【答案落点】 中国严格落实《巴黎协定》要求，按每五年一次的机制向联合国提交国家自主贡献目标，在2015年、2020年两轮目标基础上于2025年继续更新2035年NDC目标，以实际行动维护全球气候治"
Q0517,517,6052,6061,中国,责任,中国是负责任大国并勇于担当,2026西城期末Q20,2026西城期末Q20,为什么能想到;同题组;材料触发点;答案落点;设问,,617,"1. 2026西城期末Q20
【材料触发点】 中国此前已于2015年、2020年两轮提交NDC，2025年11月又向联合国提交《中国2035年国家自主贡献目标》，体现中国持续更新气候行动承诺、主动担当大国责任。
【设问】 结合材料，运用《国际政治与经济》知识，阐释参与全球气候治理的中国实践。
【为什么能想到】 中国2025年11月又向联合国提交《2035年国家自主贡献目标》，比前两轮继续加码气候承诺；这主动加压，对应“中国是负责任大国并勇于担当”。
【答案落点】 中国主动担当全球气候治理责任，于2025年11月向联合国提交《中国2035年国家自主贡献目标》，持续更新气候行动承诺，以实际行动展现负责任大国担当。
【同题组】 （按原题答题层次）
· 本题8分，按“是什么—为什么—效果”三层写。
· 是什么2分：先说中国在全球气候治理中是建设者、引领者或负责任大国；再结合材料概括具体做法，如坚持绿色发展、新发展理念，发挥有为政府和有效市场作用。
· 为什么3分：从四类中写满三类即可：全球气候治理挑战或完善全球治理体系；世界各国共同利益；中国理念，如人类命运共同体、全人类共同价值、正确义利观、"
Q0518,518,6062,6073,中国,责任,中国是负责任大国并勇于担当,2024丰台二模Q19,2024丰台二模Q19,为什么能想到;同题组;材料触发点;答案落点;设问,,567,"2. 2024丰台二模Q19
【材料触发点】 设问主语是中国“答卷”，题目限定为面临气候变化挑战，中国怎样承担责任及其意义，因此需要先说明负责任大国角色。
【设问】 结合材料，运用《当代国际政治与经济》知识，说明中国""答卷""如何彰显大国担当。
【为什么能想到】 面对巴黎协定首次大考，中国把碳排放强度降下来、带动全球风电光伏成本大跌，主动交出答卷；把能力变公共贡献，对应“中国是负责任大国并勇于担当”。
【答案落点】 中国作为负责任大国，在面临气候变化挑战时积极承担责任，以实际行动参与全球环境治理，发挥建设性作用。
【同题组】 （按原题答题层次）
· 答题层次：本题6分，三个角度各2分，必须写“做了什么+效果或意义”。
· 角度一：中国如何承担大国责任，并分析其发挥建设性作用（2分）。
· 角度二：中国如何通过南南合作帮助发展中国家发展，并分析其贡献中国智慧、中国方案或中国力量（2分）。
· 角度三：中国如何通过区域合作促进区域环境改善，并分析其推动构建人类命运共同体（2分）。
· 可补充方向：完善全球治理、共商共建共享、合作共赢可以作为分析语言，但要服务于上述三个角度。
· 易错边界：只"
Q0519,519,6074,6082,中国,责任,中国是负责任大国并勇于担当,2026丰台一模Q19,2026丰台一模Q19,为什么能想到;同题组;材料触发点;答案落点;设问,,423,"3. 2026丰台一模Q19
【材料触发点】 题目直接追问“大国情怀与担当”，材料从消除贫困、教育普及和卫生健康三方面说明中国把自身发展成就转化为国际合作贡献。
【设问】 结合材料，运用《当代国际政治与经济》知识，说明中国在全球可持续发展中彰显了怎样的大国情怀与担当。
【为什么能想到】 题目直接追问“大国情怀与担当”，材料把减贫、教育、卫生健康的自身成就转为国际合作贡献；这种把能力变公共贡献的做法，对应中国是负责任大国并勇于担当。
【答案落点】 中国秉持人类命运共同体理念，坚持胸怀天下，携手各国落实联合国2030年可持续发展议程，在消除贫困、教育普及和卫生健康合作中做全球发展的贡献者，展现负责任大国的情怀和担当。
【同题组】 （同主题练习提醒）
· 本题适合作为同主题训练，不按固定得分层次展开。
· 可写方向：围绕全球治理、中国担当、人类命运共同体、多边主义、正确义利观等组织答案。
· 易错提醒：不要把其他题目的逐点层次直接套到本题。"
Q0520,520,6083,6094,中国,责任,中国是负责任大国并勇于担当,2025顺义一模Q20,2025顺义一模Q20,为什么能想到;同题组;材料触发点;答案落点;设问,,804,"4. 2025顺义一模Q20
【材料触发点】 题面写中国在共建国家推进惠民生“小而美”项目，帮助当地提升发展水平、解决饮水问题、丰富精神生活，说明中国通过具体民生合作承担国际发展责任。
【设问】 结合材料，运用《当代国际政治与经济》知识，说明“小而美”项目为何成为中国开展国际发展合作的亮点和名片。
【为什么能想到】 中老铁路安居村、“200口井”让卢旺达村民喝上放心水等惠民项目，是中国把能力变成解他国民生难题的实在贡献，正是中国作为负责任大国勇于担当。
【答案落点】 中国通过中老铁路安居村、“200口井”和援建牙买加中国园林等“小而美”项目改善当地民生，彰显大国担当和负责任大国形象。
【同题组】 （按原题答题层次）
· 答题层次：本题8分，按项目本身优势、当地价值、我国意义或理念、世界意义和贡献四层组织，总分不超过8分。
· 项目本身的创新和实践优势（2分）：聚焦发展中国家紧迫需求、灵活实施、快速响应基层社区需求可得1分；规模小更易统筹、可推广，形成品牌和共同发展目标可得1分。
· 项目对当地的价值（2分）：改善民生、促进就业、提升公共卫生水平、促进经济社会发展、提升民众获得感等，要写"
Q0521,521,6095,6103,中国,责任,中国是负责任大国并勇于担当,2026门头沟一模Q21,2026门头沟一模Q21,为什么能想到;同题组;材料触发点;答案落点;设问,,639,"5. 2026门头沟一模Q21
【材料触发点】 设问问中国为何能为世界提供确定性，材料三呈现中国是150多个国家和地区的主要贸易伙伴，并通过对外投资为东道国贡献税收，故应从中国承担大国责任、贡献世界经济稳定的角度作答。
【设问】 结合材料，综合运用所学，谈谈中国为何能为世界提供宝贵的确定性。
【为什么能想到】 材料三列出中国是150多个国家和地区的主要贸易伙伴，并通过对外投资为东道国贡献3000多亿美元税收，是中国主动稳住世界经济的事实。题目让学生回答中国为什么能为世界提供宝贵的确定性，要论证中国行动背后的大国责任。先把中国与各国的贸易伙伴关系作为稳定预期的来源点出，再把对外投资税收贡献接到中国主动承担世界经济稳定的责任上，最后归到中国是负责任大国并勇于担当。
【答案落点】 中国坚持大国担当，是150多个国家和地区的主要贸易伙伴，并通过对外投资为东道国贡献3000多亿美元税收，以互利共赢的开放战略为世界共享发展机遇。
【同题组】 （按原题答题层次）
· 答题层次：本题10分，选必一重点看材料三的国政经角度，不按全题综合题展开
· 国政经角度：结合材料三，用《当代国际政治与经济》知识阐释"
Q0522,522,6104,6116,中国,责任,中国是负责任大国并勇于担当,2026通州期末Q20,2026通州期末Q20,为什么能想到;同题组;材料触发点;答案落点;设问,,464,"6. 2026通州期末Q20
【材料触发点】 设问评价全球治理倡议为何“正逢其时”，题面呈现百年变局、地区动荡、逆全球化和治理赤字，说明全球治理倡议回应和平与发展、经济全球化和各国人民共同愿望的时代背景。
【设问】 结合材料，运用《当代国际政治与经济》知识，谈谈你对“全球治理倡议正逢其时、指引方向彰显担当”的理解。
【为什么能想到】 面对全球性挑战和治理赤字，中国提出治理倡议、提供国际公共产品，体现负责任大国主动担当。
【答案落点】 全球治理倡议是中国贡献的又一重要国际公共产品，与三大倡议协同发力，彰显中国负责任大国的主动担当。
【同题组】 （按原题答题层次）
· 答题层次：本题8分，按六点答题层次组织
· 共商共建共享全球治理观（1分）
· 时代主题、经济全球化、顺应各国人民愿望等（2分）
· 符合《联合国宪章》宗旨和原则（1分）
· 推动构建国际新秩序、倡导国际关系民主化、践行多边主义、坚持正确义利观、兼顾利益等任意点（2分）
· 推动构建人类命运共同体（1分）
· 贡献中国智慧、中国方案，勇于大国担当（1分）"
Q0523,523,6118,6129,中国,责任,聚焦发展中国家紧迫需求，以灵活快速的小而美项目形成共同发展品牌,2025顺义一模Q20,2025顺义一模Q20,为什么能想到;同题组;材料触发点;答案落点;设问,,958,"1. 2025顺义一模Q20
【材料触发点】 题面把“小而美”项目放在共建“一带一路”从“大写意”进入“工笔画”的阶段，列举饮水、地区发展、精神生活等具体民生需求，说明这类项目的优势在于精准、灵活和可复制。
【设问】 结合材料，运用《当代国际政治与经济》知识，说明“小而美”项目为何成为中国开展国际发展合作的亮点和名片。
【为什么能想到】 题面把""小而美""项目放在共建""一带一路""由""大写意""进入""工笔画""的阶段，列举饮水、地区发展、精神生活等具体民生需求。题目让学生说明""小而美""项目为什么能成为中国开展国际发展合作的亮点和名片，要扣住这种项目的独特优势。把饮水、地区发展、精神生活等具体需求接成项目精准对接民生的事实，再说明项目规模小所以更灵活、可推广，最后归到聚焦发展中国家紧迫需求、灵活实施、快速响应基层社区需求、规模小更易统筹和可推广。
【答案落点】 “小而美”项目聚焦发展中国家紧迫需求，灵活实施、快速响应基层社区需求，规模小更易统筹和推广，因而能够形成国际发展合作品牌和共同发展目标。
【同题组】 （按原题答题层次）
· 答题层次：本题8分，按项目本身优势、当地价值、我国意义或理念、世"
Q0524,524,6130,6138,中国,责任,聚焦发展中国家紧迫需求，以灵活快速的小而美项目形成共同发展品牌,2026丰台期末Q20,2026丰台期末Q20,为什么能想到;同题组;材料触发点;答案落点;设问,,397,"2. 2026丰台期末Q20
【材料触发点】 中拉“发展工程”强调产业链供应链稳定畅通，设问问“五大工程”如何扩大中拉利益汇合点。
【设问】 结合材料，运用《当代国际政治与经济》知识，阐释“五大工程”如何扩大中拉利益汇合点。
【为什么能想到】 民心工程不搞大工程，三年内落地三百个“小而美”项目、办教育培训，专挑拉美最急需处下手，恰对应“聚焦发展中国家紧迫需求，形成共同发展品牌”。
【答案落点】 民心工程实施300个""小而美""民生项目，聚焦拉美发展中国家紧迫需求，灵活快速惠及民生，形成共同发展品牌，扩大民心汇合点。
【同题组】 （同主题练习提醒）
· 本题适合作为同主题训练，不按固定得分层次展开。
· 练习主线：围绕“五大工程如何扩大中拉利益汇合点”组织，扣住团结、发展、文明、和平、民心五类工程。
· 可写方向：说明五大工程如何扩大中拉共同利益、促进互利共赢，并推动中拉命运共同体建设。"
Q0525,525,6140,6149,中国,责任,展现大国责任担当,2026西城二模Q19(1),2026西城二模Q19,为什么能想到;同题组;材料触发点;答案落点;设问,,451,"1. 2026西城二模Q19(1)
【材料触发点】 中国参与全球数据治理，既贡献自身数字发展经验，也承担负责任大国的全球治理责任。
【设问】 结合材料，运用当代国际政治知识，阐释中国参与全球数据治理的逻辑。
【为什么能想到】 中国参与数据治理并贡献数字发展经验和治理方案，不只是自保数据安全，也是在承担全球治理责任。
【答案落点】 中国积极参与全球数据治理，贡献数字发展经验和治理方案，展现负责任大国的责任担当。
【同题组】 （按原题答题层次）
· 答题层次：本题6分，按背景解释、宗旨原则、世界意义三层组织
· 背景解释（2分）：全球化发展趋势1分；替代可写和平与发展、全人类共同价值、人类共同利益；结合材料分析1分
· 宗旨原则说明（2分）：共商共建共享1分，变通可写国际关系民主化等；结合材料说明我国参与全球数据组织的实践1分，可写实践经验、安全与发展、大国担当
· 对世界的意义（2分，任意二）：构建公正合理的全球数据治理新秩序；推动包容普惠的经济全球化或共同推动现代化；推动构建人类命运共同体"
Q0526,526,6150,6158,中国,责任,展现大国责任担当,2026门头沟一模Q21,2026门头沟一模Q21,为什么能想到;同题组;材料触发点;答案落点;设问,,508,"2. 2026门头沟一模Q21
【材料触发点】 题目让学生说明中国为何能为世界提供宝贵的确定性，材料三把中国与世界经济深度联动、进口市场扩大和跨国企业加码在华投资放在一起，要从开放合作带来双向互利的角度作答。
【设问】 结合材料，综合运用所学，谈谈中国为何能为世界提供宝贵的确定性。
【为什么能想到】 中国连续十七年是第二大进口市场、对外投资为东道国纳税三千多亿美元、跨国企业还加码在华，这种把机遇分给别人的开放，正是“展现大国责任担当”。
【答案落点】 中国展现负责任大国担当，奉行互利共赢的开放战略，推动构建人类命运共同体，故能为动荡变革的世界提供宝贵的确定性。
【同题组】 （按原题答题层次）
· 答题层次：本题10分，选必一重点看材料三的国政经角度，不按全题综合题展开
· 国政经角度：结合材料三，用《当代国际政治与经济》知识阐释中国为世界提供确定性，可写大国担当、互利共赢的开放战略、构建人类命运共同体等；材料逻辑是中国与世界经济深度联动、与全球各方共享机遇、对外投资和跨国企业在华投资
· 迁移提醒：材料一主要对应中国特色社会主义、哲学或思维；材料二主要对应《经济与社会》，不要把两部分都"
Q0527,527,6159,6167,中国,责任,展现大国责任担当,2025西城二模Q19(2),2025西城二模Q19,为什么能想到;同题组;材料触发点;答案落点;设问,,451,"3. 2025西城二模Q19(2)
【材料触发点】 对最不发达国家实行零关税，直接降低其进入中国市场的制度性成本，体现贸易自由化和普惠包容的经济全球化方向。
【设问】 结合材料，运用《当代国际政治与经济》知识，说明这一做法中的中国担当。
【为什么能想到】 中国凭借自身完备产业体系和广阔市场，主动对最不发达国家零关税、共享发展机遇，把自身能力变成对外贡献，落点正是“展现大国责任担当”。
【答案落点】 开放中国市场、坚持正确义利观，与发展中国家共享发展新机遇、惠民生增福祉、互利共赢，展现大国担当。
【同题组】 （按原题答题层次）
· 答题层次：本题5分，按中国担当3分和世界意义2分组织
· 中国担当（3分）：开放广阔的中国市场或坚持正确义利观（1分）；与发展中国家或最不发达国家共享发展新机遇，惠民生增福祉，实现互利共赢（2分，需有对象和具体说明）
· 世界意义（2分）：推动普惠包容的经济全球化/建设开放型世界经济/促进贸易自由化，促进共同发展、维护持久和平，共同推进现代化；任意1点1分，共2分"
Q0528,528,6168,6178,中国,责任,展现大国责任担当,2026朝阳期中Q17,2026朝阳期中Q17,为什么能想到;同题组;材料触发点;答案落点;设问,,805,"4. 2026朝阳期中Q17
【材料触发点】 题面一方面强调芯片、算法、大模型等核心环节自主可控，另一方面说明自主可控不是闭门造车，体现人工智能发展要在维护核心利益的同时开展开放合作。
【设问】 结合材料，运用《当代国际政治与经济》知识阐述我国应如何处理好推进“人工智能+”发展过程中的重要关系。
【为什么能想到】 丙同学把人工智能定位为造福人类的国际公共产品、主动帮全球南方提升能力；中国把自身能力转化为公共贡献，承担发展合作责任，即展现大国责任担当。
【答案落点】 处理好中国发展与世界发展关系，为世界提供公共产品和机遇、兼顾他国合理关切，展现大国责任担当。
【同题组】 （按原题答题层次）
· 答题层次：本题8分；一层3分，两层6分，三层8分。每层按“关系概括1分+两端展开各1分”组织。
· 处理好自力更生和对外开放的关系（3分）：先概括二者关系，再分别写自力更生一端和对外开放一端。自力更生可联系核心技术自主可控、把握创新主动权、创新驱动、技术研发和核心竞争力；对外开放可联系国际交流合作、参与经济全球化和国际分工、发展开放型经济、共商共建共享、两个市场两种资源、国内国际双循环。
· 处理"
Q0529,529,6179,6188,中国,责任,展现大国责任担当,2026朝阳一模Q20,2026朝阳一模Q20,为什么能想到;同题组;材料触发点;答案落点;设问,,729,"5. 2026朝阳一模Q20
【材料触发点】 中国通过创新成果、开放政策和发展合作把自身发展同世界发展连接起来，特别是以经验分享和技术合作帮助发展中国家改善民生。
【设问】 结合材料，运用《当代国际政治与经济》的知识，阐述中国为什么能为全球发展注入稳定性和正能量。
【为什么能想到】 本题要求说明中国能够为全球发展注入稳定性和正能量，材料中的开放合作、经验分享和对发展中国家的赋能体现中国不是旁观者，而是全球发展的贡献者。这里应从大国责任担当说明中国行动的价值。
【答案落点】 中国分享减贫、生态治理经验改善发展中国家民生，彰显大国责任与担当，为全球发展注入稳定性和正能量。
【同题组】 （按原题答题层次）
· 答题层次：本题8分，按必答点、共享发展经验、发展潜力三个层次组织；全题总分不超过8分，发展潜力角度最多5分。
· 必答点（2分）：当前国际竞争的实质是以经济和科技实力为基础的综合国力较量1分；中国坚持创新驱动战略，科技实力日益增强，成为全球创新策源地，为全球产业链供应链稳定提供坚实支撑1分。
· 共享发展经验（3分）：通过分享减贫经验、生态治理经验、职业教育经验等助力发展中国家持续发展"
Q0530,530,6189,6200,中国,责任,展现大国责任担当,"2025延庆一模Q20(2)外交部发言人回应""脱钩断链""",2025延庆一模Q20,为什么能想到;同题组;材料触发点;答案落点;设问,,650,"6. 2025延庆一模Q20(2)外交部发言人回应""脱钩断链""
【材料触发点】 材料二中个别国家鼓噪""脱钩断链""和供应链""去风险""，与近70个国家和地区企业到链博会寻找""链""通中外方案形成对照；要论证供应链合作的正当性，必须用时代主题判定""合作""才是符合潮流的方向，""脱钩""违背潮流。
【设问】 假如你是外交部发言人，请结合材料二，运用《当代国际政治与经济》知识，对上述提问做出回应。
【为什么能想到】 面对脱钩断链，中国办链博会扩大合作“朋友圈”，主动稳链强链，体现负责任大国担当。
【答案落点】 作为负责任大国，中国坚持高质量发展和高水平对外开放，在追求本国利益时兼顾他国关切，彰显大国责任担当。
【同题组】 （按原题答题层次）
· 答题层次：本题8分，四个角度，每角度2分。
· 时代主题：维护全球产供链韧性和稳定，是推动世界经济可持续发展的重要保障，符合国际社会共同利益，顺应和平与发展的时代主题。
· 经济全球化方向：中国坚持高质量发展和高水平对外开放，反对“脱钩断链”，推动经济全球化朝开放、包容、普惠、平衡、共赢方向发展。
· 世界多极化：世界多极化是当今国际形势的突出特点，“脱钩断链"
Q0531,531,6203,6210,中国,责任,促进技术共享和民生改善，为全球可持续发展贡献力量,2024石景山一模Q19(2),2024石景山一模Q19,为什么能想到;同题组;材料触发点;答案落点;设问,,518,"1. 2024石景山一模Q19(2)
【材料触发点】 海外生产基地将创造就业、带动当地经济发展、推动中匈技术交流和构建绿色生态圈，说明企业扎根当地依赖技术、资源和发展成果共享。
【设问】 结合材料，运用《当代国际政治与经济》知识，分析中国新能源汽车企业从“走出去”到“扎下根”的原因。（8分）
【为什么能想到】 海外生产基地创造当地就业、带动匈牙利经济发展、推动中匈技术交流并构建绿色生态圈，是中国企业把技术与发展成果与当地共享的事实。题目让学生分析中国新能源汽车企业从""走出去""到""扎下根""的原因，要看到扎根依赖技术合作和民生贡献。把创造就业、带动当地经济、推动技术交流、构建绿色生态圈四件事串成中国企业扎根当地的过程，再归到促进技术共享和民生改善、为全球可持续发展贡献力量。
【答案落点】 中国新能源汽车企业通过技术交流与资源共享，创造当地就业、带动匈牙利经济社会发展，并以全产业链优势帮助当地构建绿色生态圈。
【同题组】 （同主题练习提醒）
· 本题适合作为同主题训练，不按固定得分层次展开。
· 可写方向：顺应经济全球化趋势，利用比较优势优化资源配置，降低生产贸易成本，打造国际竞争新优势，并"
Q0532,532,6213,6226,中国,责任,促进技术共享和民生改善，为全球可持续发展贡献力量,2025门头沟一模Q19,2025门头沟一模Q19,为什么能想到;同题组;材料触发点;答案落点;设问,,971,"2. 2025门头沟一模Q19
【材料触发点】 门头沟一模的雅万高铁、埃及钻探技术和坦桑尼亚“小豆子大营养”项目，说明中国用技术优势赋能发展中国家，把技术合作转化为当地自主发展能力和民生改善。
【设问】 结合材料，运用《当代国际政治与经济》的相关知识，分析中国做“赋能型大国”的世界意义？
【为什么能想到】 门头沟一模列举雅万高铁、埃及钻探技术、坦桑尼亚""小豆子大营养""项目，中国把技术优势转化为发展中国家的自主发展能力和民生改善。题目让学生分析中国做""赋能型大国""的世界意义，指向中国行动对全球可持续发展的贡献。把高铁、钻探、农业项目接成中国与发展中国家共享技术的事实链，再说明这种合作直接改善当地民生，最后归到促进技术共享和民生改善、为全球可持续发展贡献力量。
【答案落点】 中国以科技助力发展中国家发展，雅万高铁、埃及钻探技术和坦桑尼亚农业项目提升当地自主发展能力、改善民生，为全球可持续发展贡献力量。
【同题组】 （按原题答题层次）
· 答题层次：本题8分，答出四条并有具体说明即可满分；每条2分，通常按“观点1分+说明1分”组织。
· 世界经济意义（2分）：中国提供广阔而充满创新活力的市场"
Q0533,533,6231,6243,中国,一条历史线,中国综合国力、国际地位和话语权提升,2025海淀期中Q21(2),2025海淀期中Q21,为什么能想到;同题组;材料触发点;答案落点;设问,,1001,"1. 2025海淀期中Q21(2)
【材料触发点】 设问分析新中国外交之“变”，题面呈现“站起来”“富起来”“强起来”阶段演进，触发国家实力、国际地位和国际责任变化。
【设问】 结合材料，运用《当代国际政治与经济》知识，分析新中国外交的“变”与“不变”。
【为什么能想到】 ""站起来""""富起来""""强起来""三个阶段词不是单纯历史标签，而是国家实力梯度上升的标尺，对应外交承担的国际责任也在加重。分析""变""，必须解释外交承担为何随实力变化而扩展——不能照搬阶段事实，要把实力—地位—责任的因果链写出来。先点明三个阶段呼应综合国力跃升的客观进程，再说明国际地位随之提升、话语权扩大，最后指向中国在国际社会承担越来越多的国际责任。
【答案落点】 随着中国综合国力不断增强、国际地位不断提升，中国在国际社会中承担越来越多的国际责任。
【材料触发点】 题面呈现新时代中国拓展主要国家合作、深化周边外交和对非合作，说明中国在国际事务中的表达能力和影响能力增强。
【设问】 结合材料，运用《当代国际政治与经济》知识，分析新中国外交的“变”与“不变”。
【为什么能想到】 新时代外交从大国关系拓展到周边、对非，是合作面"
Q0534,534,6244,6255,中国,一条历史线,中国综合国力、国际地位和话语权提升,2025朝阳期末Q21,2025朝阳期末Q21,为什么能想到;同题组;材料触发点;答案落点;设问,,1048,"2. 2025朝阳期末Q21
【材料触发点】 题面问如何面对意识形态分歧并营造良好外部环境，说明中国特色大国外交还要通过国际话语和国家形象建设改善外部舆论条件。
【设问】 结合材料，运用《当代国际政治与经济》知识，说明如何通过开展中国特色大国外交为推进中国式现代化营造良好外部环境。
【为什么能想到】 题面把""意识形态分歧""作为外部风险列出，并要求""营造良好外部环境""；这种组合在标注答题不只是经贸合作，更要回应国际舆论和话语层面的对立。问""如何营造良好外部环境""，仅写合作行动不够；必须解释中国如何通过话语权建设回应意识形态分歧、改善国际舆论条件。先把意识形态分歧作为外部环境中的舆论压力源，再说明中国通过讲好中国故事、交流经验、塑造形象提升国际话语权，最后指向为中国式现代化营造良好国际舆论环境。
【答案落点】 中国提升国际话语权，讲好中国故事、交流中国经验、塑造中国形象，有利于回应意识形态分歧，为推进中国式现代化营造良好的国际舆论环境。
【同题组】 （按原题答题层次）
· 答题层次：本题8分，要求总分或分总结构，层次清楚且四个外部环境角度齐全，结构与角度完整占1分。
· 总体外部环境（1分"
Q0535,535,6257,6265,中国,一条历史线,中国作为联合国创始会员国和安理会常任理事国，是国际政治经济格局中的重要力量〔中国国际地位综合表达角度〕,2025海淀二模Q21,2025海淀二模Q21,为什么能想到;同题组;材料触发点;答案落点;设问,,648,"1. 2025海淀二模Q21
【材料触发点】 要说明联合国为什么需要中国，必须先说明中国在联合国和国际格局中的身份与分量，才能推出中国能为联合国事业提供支撑。
【设问】 结合材料，运用《当代国际政治与经济》知识，阐释“中国需要联合国，联合国也需要中国”。
【为什么能想到】 要讲联合国为何需要中国，得先摆出中国是头一个在宪章上签字、又恢复合法席位的安理会常任理事国；这份分量正是“国际政治经济格局中重要力量”。
【答案落点】 中国作为联合国创始会员国和安理会常任理事国，同时是世界上最大的发展中国家、国际政治经济格局中的重要力量，能够为联合国事业和全球治理提供重要支持。
【同题组】 （按原题答题层次）
· 答题层次：本题6分，双向论证“中国需要联合国，联合国也需要中国”。
· 中国需要联合国（3分）：联合国地位和作用2分，写联合国的普遍性、代表性、权威性，集体安全机制核心，实践多边主义最佳场所，或维护世界和平、推动共同发展、促进人类文明进步等，任意两条得2分；联合国对中国对外开放和现代化事业作出独特贡献、成为中国开展多边合作的主要舞台1分。
· 联合国需要中国（3分）：中国作为联合国创始会员"
Q0536,536,6266,6277,中国,一条历史线,中国作为联合国创始会员国和安理会常任理事国，是国际政治经济格局中的重要力量〔中国国际地位综合表达角度〕,2025丰台二模Q20,2025丰台二模Q20,为什么能想到;同题组;材料触发点;答案落点;设问,,801,"2. 2025丰台二模Q20
【材料触发点】 题目理解“中国力量”如何完善全球治理，材料多次出现人类命运共同体、平等开放合作共享和公正合理的治理方向。
【设问】 当今世界，全球治理体系与国际秩序变革加速推进。我们愿同各方一道，一以贯之以实际行动为完善全球治理注入中国力量。结合材料，运用《当代国际政治与经济》知识，谈谈你对“为完善全球治理注入中国力量”的理解。
【为什么能想到】 题目理解“中国力量”如何完善全球治理，材料多次出现人类命运共同体、平等开放合作共享和公正合理的治理方向，并把相关行动放在联合国框架、国际法基础和多边机制中展开。中国作为最大发展中国家、联合国安理会常任理事国，是国际政治经济格局中的重要力量，能够为完善全球治理注入中国力量。
【答案落点】 中国作为最大发展中国家、联合国安理会常任理事国，是国际政治经济格局中一支重要力量，为完善全球治理注入中国力量。
【同题组】 （按原题答题层次）
· 答题层次：本题8分，四个角度，每角度2分；要围绕“中国如何为完善全球治理注入力量”展开。
· 发展中国家身份与全球南方：作为世界上最大的发展中国家，中国是国际政治经济格局中的重要力量，"
Q0537,537,6279,6290,中国,一条历史线,中国积极参与国际组织，在联合国、金砖国家、二十国集团、博鳌亚洲论坛等国际组织中的作用日益显著，已成为全球治理体系的重要参与者、贡献者和改革者,2025丰台二模Q20,2025丰台二模Q20,为什么能想到;同题组;材料触发点;答案落点;设问,,771,"1. 2025丰台二模Q20
【材料触发点】 材料列出金砖、联合国、二十国集团、博鳌亚洲论坛等平台，要求说明中国通过国际组织参与和改革全球治理。
【设问】 当今世界，全球治理体系与国际秩序变革加速推进。我们愿同各方一道，一以贯之以实际行动为完善全球治理注入中国力量。结合材料，运用《当代国际政治与经济》知识，谈谈你对“为完善全球治理注入中国力量”的理解。
【为什么能想到】 材料列出金砖、联合国、二十国集团、博鳌亚洲论坛等平台，说明中国参与全球治理不是单一场合的外交活动，而是在多个国际组织和机制中持续发挥作用。由此可说明中国已成为全球治理体系的重要参与者、贡献者和改革者。
【答案落点】 中国积极参与联合国、金砖国家、二十国集团、博鳌亚洲论坛等国际组织，作用日益显著，已成为全球治理体系的重要参与者、贡献者和改革者。
【同题组】 （按原题答题层次）
· 答题层次：本题8分，四个角度，每角度2分；要围绕“中国如何为完善全球治理注入力量”展开。
· 发展中国家身份与全球南方：作为世界上最大的发展中国家，中国是国际政治经济格局中的重要力量，积极参与全球治理，为推动全球南方实现现代化发挥作用。
· 国"
Q0538,538,6291,6299,中国,一条历史线,中国积极参与国际组织，在联合国、金砖国家、二十国集团、博鳌亚洲论坛等国际组织中的作用日益显著，已成为全球治理体系的重要参与者、贡献者和改革者,2025海淀二模Q21,2025海淀二模Q21,为什么能想到;同题组;材料触发点;答案落点;设问,,646,"2. 2025海淀二模Q21
【材料触发点】 中国担任安理会轮值主席、推动讨论聚焦实质性问题并与全球南方国家发起“和平之友”小组，说明中国不仅参与联合国事务，也为全球治理提供理念和方案。
【设问】 结合材料，运用《当代国际政治与经济》知识，阐释“中国需要联合国，联合国也需要中国”。
【为什么能想到】 中国自恢复席位起一以贯之为全球治理作贡献，如今又主持安理会、推动停火止战，早非旁观者；这一轨迹用“全球治理重要参与者、贡献者和改革者”概括。
【答案落点】 中国是联合国改革最早倡导者和有力支持者之一，已成为全球治理体系重要参与者、贡献者和改革者，故联合国需要中国。
【同题组】 （按原题答题层次）
· 答题层次：本题6分，双向论证“中国需要联合国，联合国也需要中国”。
· 中国需要联合国（3分）：联合国地位和作用2分，写联合国的普遍性、代表性、权威性，集体安全机制核心，实践多边主义最佳场所，或维护世界和平、推动共同发展、促进人类文明进步等，任意两条得2分；联合国对中国对外开放和现代化事业作出独特贡献、成为中国开展多边合作的主要舞台1分。
· 联合国需要中国（3分）：中国作为联合国创始会员国、"
Q0539,539,6302,6310,中国,一条主线,习近平外交思想指导中国特色大国外交（外交为民、服务中国式现代化）,2025海淀期中Q21(2),2025海淀期中Q21,为什么能想到;同题组;材料触发点;答案落点;设问,,668,"1. 2025海淀期中Q21(2)
【材料触发点】 题面从不同历史阶段转向新时代中国特色大国外交，外交理念随时代发展而丰富，触发指导思想与时俱进。
【设问】 结合材料，运用《当代国际政治与经济》知识，分析新中国外交的“变”与“不变”。
【为什么能想到】 题面指向""新时代中国特色大国外交""，外交理念在新阶段被进一步丰富；这一过渡说明外交指导思想随时代演进，而不是外交动作的零散变化。分析新中国外交之""变""，要解释指导思想如何与时俱进、为何在新时代形成新的理论形态。先把新时代中国特色大国外交作为思想载体接进来，再说明实践需要催生新的理论概括，最后指向习近平外交思想为中国特色大国外交提供根本遵循和行动指南。
【答案落点】 新时代形成习近平外交思想，为新时代中国特色大国外交提供根本遵循和行动指南，体现外交指导思想与时俱进。
【同题组】 （按原题答题层次）
· 答题层次：按答案链训练，不展示固定分值层次；围绕新中国外交的“变”与“不变”展开。
· 变的方面：新中国外交的时代背景不断变化，政治多极化、经济全球化深入发展，和平与发展成为时代主题；中国的综合国力不断增强，国际地位不断提升，承担越来越多的"
Q0540,540,6311,6322,中国,一条主线,习近平外交思想指导中国特色大国外交（外交为民、服务中国式现代化）,2026朝阳期末Q20,2026朝阳期末Q20,为什么能想到;同题组;材料触发点;答案落点;设问,,857,"2. 2026朝阳期末Q20
【材料触发点】 设问把中国特色大国外交的主动作为同中国发展大局相连，材料呈现“践行外交为民宗旨—构建海外安全保障体系—让中国公民、法人在海外更安全、更踏实、更放心”的关系链，触发维护人民利益与服务中国式现代化的目标表达。
【设问】 结合材料，运用《当代国际政治与经济》知识，分析中国特色大国外交为什么要更有作为。
【为什么能想到】 材料给出""外交为民宗旨—海外安全保障体系—中国公民、法人在海外更安全、更踏实、更放心""完整链条，三环都指向人民利益，不是抽象的国家利益。问外交为什么要""更有作为""，要回答外交为民、服务中国式现代化这一作为方向，不能仅写做了什么事。先把外交为民宗旨作为根本立场，再用海外安全保障体系建设作为践行宗旨的具体动作，最后指向维护人民利益、服务中国式现代化。
【答案落点】 中国践行外交为民宗旨，完善海外安全保障体系，让中国公民和法人在海外更安全、更踏实、更放心，有利于维护人民利益、服务中国式现代化。
【同题组】 （按原题答题层次）
· 本题8分，按四个角度组织，每个角度都写成“背景+目标”。
· 可先总起：中国特色大国外交主动作为，是顺应世界"
Q0541,541,6323,6334,中国,一条主线,习近平外交思想指导中国特色大国外交（外交为民、服务中国式现代化）,2025朝阳期末Q21,2025朝阳期末Q21,为什么能想到;同题组;材料触发点;答案落点;设问,,919,"3. 2025朝阳期末Q21
【材料触发点】 题面把世界动荡冲突、单边霸凌、脱钩断链和意识形态分歧作为外部风险，问中国特色大国外交如何营造外部环境；总体外部环境的根本前提是把答案先放回和平与发展的时代主题，再把促进世界和平与发展和维护和平稳定的国际环境作为方向。
【设问】 结合材料，运用《当代国际政治与经济》知识，说明如何通过开展中国特色大国外交为推进中国式现代化营造良好外部环境。
【为什么能想到】 中国特色大国外交服务中国式现代化，正是习近平外交思想统领外交实践的入口。
【答案落点】 在习近平外交思想指导下推进中国特色大国外交，坚持外交为民，服务中国式现代化、营造良好外部环境。
【同题组】 （按原题答题层次）
· 答题层次：本题8分，要求总分或分总结构，层次清楚且四个外部环境角度齐全，结构与角度完整占1分。
· 总体外部环境（1分）：坚持和加强党对外交工作的领导，坚持以习近平外交思想为指导，全面贯彻总体国家安全观，推动构建人类命运共同体；坚定奉行独立自主的和平外交政策，坚持和平共处五项原则，维护我国主权、安全和发展利益，促进世界和平与发展，推进三大全球倡议走深走实。
· 外部政治环境"
Q0542,542,6335,6344,中国,一条主线,习近平外交思想指导中国特色大国外交（外交为民、服务中国式现代化）,2025东城一模Q20,2025东城一模Q20,为什么能想到;同题组;材料触发点;答案落点;设问,,528,"4. 2025东城一模Q20
【材料触发点】 此次出访中，中国同秘鲁签署自贸协定升级议定书和共建“一带一路”合作规划，并在11天内达成60多项合作文件，说明相关国家围绕贸易合作、区域合作和发展议题存在共同利益。
【设问】 结合材料，运用《当代国际政治与经济》知识，谈谈此次元首外交的“精彩”之处。
【为什么能想到】 11天逾4万公里、近40场多边活动，材料称这趟出访“精彩收官”；要评其理论高度，就落到习近平外交思想指导中国特色大国外交、服务中国式现代化。
【答案落点】 11天行程开辟中国特色大国外交新境界，是构建人类命运共同体的新实践，服务中国式现代化建设。
【同题组】 （按原题答题层次）
· 答题层次：本题8分，按原题三层得分层次组织
· 第一层（4分）：①共同利益是合作的基础（2分；替代：具体合作，如共建“一带一路”、贸易自由化便利化，可给1分）；②推动高水平对外开放/促进高质量发展/推动经济全球化发展朝着更加开放、包容、普惠、平衡、共赢的方向发展（2分）
· 第二层（2分）：维护发展中国家的利益（2分；替代：完善全球治理/推进国际关系民主化，可给1分）
· 第三层（2分）：开辟中国"
Q0543,543,6348,6356,联合国,多边主义/多极化场所,联合国是当今世界最具普遍性、代表性和权威性的政府间国际组织，并在维护和平、推动发展、促进人类文明进步中发挥重要作用,2025海淀二模Q21,2025海淀二模Q21,为什么能想到;同题组;材料触发点;答案落点;设问,,686,"1. 2025海淀二模Q21
【材料触发点】 材料一列出联合国在粮食安全、儿童、饮水卫生、健康、气候行动和和平安全等方面的成果，当题目让学生说明中国为何需要联合国时，需要说明联合国维护和平、推动发展、促进人类文明进步的综合作用。
【设问】 结合材料，运用《当代国际政治与经济》知识，阐释“中国需要联合国，联合国也需要中国”。
【为什么能想到】 材料一列出联合国在粮食安全、儿童、气候行动上的成果数据，证明它维护和平、推动发展无可替代；这才撑得起“最具普遍、代表、权威性的国际组织”。
【答案落点】 联合国是当今世界最具普遍性、代表性和权威性的政府间国际组织，是实践多边主义的最佳场所，在维护世界和平、推动共同发展和促进人类文明进步中发挥重要作用。
【同题组】 （按原题答题层次）
· 答题层次：本题6分，双向论证“中国需要联合国，联合国也需要中国”。
· 中国需要联合国（3分）：联合国地位和作用2分，写联合国的普遍性、代表性、权威性，集体安全机制核心，实践多边主义最佳场所，或维护世界和平、推动共同发展、促进人类文明进步等，任意两条得2分；联合国对中国对外开放和现代化事业作出独特贡献、成为中国开展"
Q0544,544,6359,6371,联合国,联合国宪章宗旨和原则,维护《联合国宪章》宗旨和原则,2026通州期末Q20,2026通州期末Q20,为什么能想到;同题组;材料触发点;答案落点;设问,,422,"1. 2026通州期末Q20
【材料触发点】 题面说明全球治理倡议精神内涵同联合国宪章宗旨和原则一脉相承，题目原句聚焦是否符合《联合国宪章》。
【设问】 结合材料，运用《当代国际政治与经济》知识，谈谈你对“全球治理倡议正逢其时、指引方向彰显担当”的理解。
【为什么能想到】 题面直接说倡议精神同《联合国宪章》宗旨原则一脉相承，这一原句就是维护宪章宗旨原则的入口。
【答案落点】 全球治理倡议精神内涵同联合国宪章宗旨和原则一脉相承，符合《联合国宪章》。
【同题组】 （按原题答题层次）
· 答题层次：本题8分，按六点答题层次组织
· 共商共建共享全球治理观（1分）
· 时代主题、经济全球化、顺应各国人民愿望等（2分）
· 符合《联合国宪章》宗旨和原则（1分）
· 推动构建国际新秩序、倡导国际关系民主化、践行多边主义、坚持正确义利观、兼顾利益等任意点（2分）
· 推动构建人类命运共同体（1分）
· 贡献中国智慧、中国方案，勇于大国担当（1分）"
Q0545,545,6372,6380,联合国,联合国宪章宗旨和原则,维护《联合国宪章》宗旨和原则,2025海淀二模Q21,2025海淀二模Q21,为什么能想到;同题组;材料触发点;答案落点;设问,,631,"2. 2025海淀二模Q21
【材料触发点】 中国担任安理会轮值主席、推动安理会讨论聚焦实质性问题，体现中国以实际行动维护联合国权威和宪章宗旨原则。
【设问】 结合材料，运用《当代国际政治与经济》知识，阐释“中国需要联合国，联合国也需要中国”。
【为什么能想到】 安理会是联合国维护国际和平与安全的重要机构，中国担任轮值主席并推动讨论聚焦实质性问题，说明中国不是旁观者，而是在联合国框架内维护宪章宗旨和原则。
【答案落点】 中国坚定维护以联合国为核心的国际体系，维护《联合国宪章》宗旨和原则，并以安理会轮值主席等实际行动支持联合国工作。
【同题组】 （按原题答题层次）
· 答题层次：本题6分，双向论证“中国需要联合国，联合国也需要中国”。
· 中国需要联合国（3分）：联合国地位和作用2分，写联合国的普遍性、代表性、权威性，集体安全机制核心，实践多边主义最佳场所，或维护世界和平、推动共同发展、促进人类文明进步等，任意两条得2分；联合国对中国对外开放和现代化事业作出独特贡献、成为中国开展多边合作的主要舞台1分。
· 联合国需要中国（3分）：中国作为联合国创始会员国、安理会常任理事国，是世界上最大"
Q0546,546,6381,6392,联合国,联合国宪章宗旨和原则,维护《联合国宪章》宗旨和原则,2025丰台二模Q20,2025丰台二模Q20,为什么能想到;同题组;材料触发点;答案落点;设问,,852,"3. 2025丰台二模Q20
【材料触发点】 材料把联合国成立80周年、维护联合国权威和发挥联合国作用作为底色，当题目让学生谈""为完善全球治理注入中国力量""时，需要说明中国常任理事国身份、《联合国宪章》和多边主义。
【设问】 当今世界，全球治理体系与国际秩序变革加速推进。我们愿同各方一道，一以贯之以实际行动为完善全球治理注入中国力量。结合材料，运用《当代国际政治与经济》知识，谈谈你对“为完善全球治理注入中国力量”的理解。
【为什么能想到】 材料强调联合国成立80周年、维护联合国权威和发挥联合国作用，指向需要说明中国常任理事国身份、《联合国宪章》宗旨和多边主义。题目让学生谈对""为完善全球治理注入中国力量""的理解，要从中国如何借联合国框架推动全球治理的角度回答。把中国常任理事国身份接到遵守宪章宗旨原则上，再指向践行多边主义、维护多边体制权威性和有效性这条判断。
【答案落点】 中国作为联合国常任理事国，遵守《联合国宪章》宗旨原则，践行多边主义，维护多边体制的权威性和有效性。
【同题组】 （按原题答题层次）
· 答题层次：本题8分，四个角度，每角度2分；要围绕“中国如何为完善全球治理注入力量”"
Q0547,547,6393,6401,联合国,联合国宪章宗旨和原则,维护《联合国宪章》宗旨和原则,2026丰台一模Q19,2026丰台一模Q19,为什么能想到;同题组;材料触发点;答案落点;设问,,421,"4. 2026丰台一模Q19
【材料触发点】 题面用减贫国际合作、教育合作和卫生健康经验分享三组材料，说明中国把自身发展同各国发展利益结合起来；要回答中国大国情怀与担当，需要先解释中国为什么能与各国在可持续发展上形成合作。
【设问】 结合材料，运用《当代国际政治与经济》知识，说明中国在全球可持续发展中彰显了怎样的大国情怀与担当。
【为什么能想到】 中国携手各国落实的是“联合国2030年可持续发展议程”，行动有联合国框架托底；要解释合作何以成立，就落到维护《联合国宪章》宗旨和原则这一秩序基础。
【答案落点】 中国坚定维护联合国宪章的宗旨和原则，携手各国落实联合国2030年可持续发展议程，积极践行真正的多边主义。
【同题组】 （同主题练习提醒）
· 本题适合作为同主题训练，不按固定得分层次展开。
· 可写方向：围绕全球治理、中国担当、人类命运共同体、多边主义、正确义利观等组织答案。
· 易错提醒：不要把其他题目的逐点层次直接套到本题。"
Q0548,548,6402,6412,联合国,联合国宪章宗旨和原则,维护《联合国宪章》宗旨和原则,2024东城二模Q20,2024东城二模Q20,为什么能想到;同题组;材料触发点;答案落点;设问,,618,"5. 2024东城二模Q20
【材料触发点】 题目整体说明“三大倡议”如何助力未来，作答不能只把发展、安全、文明三项分开写，还要先说明出三大倡议与人类命运共同体的总体关系。
【设问】 结合材料，运用《当代国际政治与经济》知识，说明中国的“三大倡议”如何助力人类走向美好未来。（7分）
【为什么能想到】 全球安全倡议以中国参与联合国维和、在安理会担当常任理事国为支撑，行动嵌在联合国机制内，因此要点明遵守《联合国宪章》宗旨和原则。
【答案落点】 全球安全倡议坚持遵守《联合国宪章》宗旨和原则，以共赢思维应对安全挑战，推动建设普遍安全的世界。
【同题组】 （按原题答题层次）
· 答题层次：本题7分，三个倡议各2分，总论1分；总论可放在开头，也可放在结尾。
· 全球发展倡议（2分）：路径1分，写通过合作援助，为世界共谋发展合作开辟新空间、提供新机遇、注入新动力；效果1分，写增强发展中国家的发展内生动力、繁荣世界经济等。
· 全球安全倡议（2分）：路径1分，写通过对话协商以和平方式解决国际争端，坚持遵守《联合国宪章》宗旨和原则，以共赢思维应对安全挑战；效果1分，写推动建设持久和平、普遍安全的世界。
"
Q0549,549,6413,6422,联合国,联合国宪章宗旨和原则,维护《联合国宪章》宗旨和原则,2025房山一模Q18(2),2025房山一模Q18,为什么能想到;同题组;材料触发点;答案落点;设问,,572,"6. 2025房山一模Q18(2)
【材料触发点】 开源战略题要求阐释技术革新如何成为全球合作新模式，DeepSeek开源让全球开发者自由使用和改进，部分国家企业低成本开发本地化AI模型，说明科技开放可以推动开放型世界经济和经济全球化发展。
【设问】 “中国的开源战略不仅是技术上的革新，更是对全球合作新模式的一次积极探索和实践。”结合材料，运用《当代国际政治与经济》知识，谈谈你对这句话的理解。
【为什么能想到】 中方推动联合国大会通过人工智能能力建设合作决议、促成60国签署声明，把科技合作放进联合国框架推进，正切合维护《联合国宪章》宗旨和原则。
【答案落点】 中国开源战略在维护《联合国宪章》宗旨和原则框架下推进，推动构建人类命运共同体，积极参与全球治理。
【同题组】 （按原题答题层次）
· 答题层次：本题8分，按两条链条加逻辑分组织
· 第一链（4分）：当前国际竞争的实质 -> 坚持高水平对外开放/对外开放基本国策 -> 以科学技术的发展推动建设创新型、开放型世界经济（不可替代） -> 促进经济全球化发展
· 第二链（3分）：和平与发展的国际潮流 -> 在联合国宗旨和原则框架下（不可替"
Q0550,550,6423,6433,联合国,联合国宪章宗旨和原则,维护《联合国宪章》宗旨和原则,2026海淀期中Q22(1),2026海淀期中Q22,为什么能想到;同题组;材料触发点;答案落点;设问,,604,"7. 2026海淀期中Q22(1)
【材料触发点】 题目问全球治理倡议为何被包括联合国在内的国际组织认同，当学生要回答倡议与现有国际法治基础和联合国宪章精神的一致性时，把维护《联合国宪章》宗旨和原则写出来。
【设问】 运用《当代国际政治与经济》知识，说明全球治理倡议为什么能获得国际社会广泛认同，（6分）
【为什么能想到】 题面提到全球治理倡议获得包括联合国在内国际组织的认同，强调倡议与现有国际法治基础和宪章精神的一致性。题目让学生说明全球治理倡议为何能获得国际社会广泛认同，要从倡议合规、合乎宪章宗旨的角度作答。把倡议与《联合国宪章》宗旨和原则的一脉相承写出，再说明倡议因此能与现有国际体系基本准则相衔接。
【答案落点】 全球治理倡议坚定捍卫联合国宪章宗旨和原则，因而能够与现有国际体系的基本准则相衔接。
【同题组】 （按原题答题层次）
· 答题层次：本题6分，按答案链训练，不展示固定分值层次。
· 时代基础：全球治理倡议顺应和平与发展的时代潮流，符合世界各国人民共同愿望。
· 核心理念：奉行主权平等、遵守国际法治、践行多边主义、倡导以人为本、注重行动导向。
· 治理方向：坚定捍卫《联合国宪"
Q0551,551,6437,6445,联合国,联合国宪章宗旨和原则,中国作为联合国创始会员国和安理会常任理事国〔以联合国为核心的国际体系参与角度〕,2025海淀二模Q21（中国身份）,2025海淀二模Q21,为什么能想到;同题组;材料触发点;答案落点;设问,,732,"1. 2025海淀二模Q21（中国身份）
【材料触发点】 题目说明“联合国也需要中国”，关键在于中国作为联合国创始会员国和安理会常任理事国，在维护国际和平与安全、推动联合国事业中具有重要地位和作用。
【设问】 结合材料，运用《当代国际政治与经济》知识，阐释“中国需要联合国，联合国也需要中国”。
【为什么能想到】 题面要求说明中国为什么对联合国不可或缺，指向使用""创始会员国/安理会常任理事国""的双重身份打底。题目让学生阐释""联合国也需要中国""，要先回答中国具有怎样的联合国身份。把中国""创始会员国和安理会常任理事国""的身份写出，再接到中国积极参与联合国工作、坚定维护以联合国为核心的国际体系。
【答案落点】 中国作为联合国创始会员国和安理会常任理事国，积极参与联合国各项工作，坚定维护以联合国为核心的国际体系，为联合国事业提供重要支撑。
【同题组】 （按原题答题层次）
· 答题层次：本题6分，双向论证“中国需要联合国，联合国也需要中国”。
· 中国需要联合国（3分）：联合国地位和作用2分，写联合国的普遍性、代表性、权威性，集体安全机制核心，实践多边主义最佳场所，或维护世界和平、推动共同发展、促"
Q0552,552,6447,6458,联合国,联合国宪章宗旨和原则,坚定维护以联合国为核心的国际体系和以国际法为基础的国际秩序,2025朝阳期末Q21,2025朝阳期末Q21,为什么能想到;同题组;材料触发点;答案落点;设问,,924,"1. 2025朝阳期末Q21
【材料触发点】 题面把世界动荡冲突、单边霸凌、脱钩断链和意识形态分歧作为外部风险，问中国特色大国外交如何营造外部环境；总体外部环境的根本前提是把答案先放回和平与发展的时代主题，再把促进世界和平与发展和维护和平稳定的国际环境作为方向。
【设问】 结合材料，运用《当代国际政治与经济》知识，说明如何通过开展中国特色大国外交为推进中国式现代化营造良好外部环境。
【为什么能想到】 动荡冲突、单边霸凌和强权政治破坏国际规则，必须回到联合国核心体系和国际法秩序来营造政治环境。
【答案落点】 坚定维护以联合国为核心的国际体系、以国际法为基础的国际秩序，营造和平稳定的外部环境。
【同题组】 （按原题答题层次）
· 答题层次：本题8分，要求总分或分总结构，层次清楚且四个外部环境角度齐全，结构与角度完整占1分。
· 总体外部环境（1分）：坚持和加强党对外交工作的领导，坚持以习近平外交思想为指导，全面贯彻总体国家安全观，推动构建人类命运共同体；坚定奉行独立自主的和平外交政策，坚持和平共处五项原则，维护我国主权、安全和发展利益，促进世界和平与发展，推进三大全球倡议走深走实。
· 外"
Q0553,553,6459,6467,联合国,联合国宪章宗旨和原则,坚定维护以联合国为核心的国际体系和以国际法为基础的国际秩序,2025海淀二模Q21,2025海淀二模Q21,为什么能想到;同题组;材料触发点;答案落点;设问,,647,"2. 2025海淀二模Q21
【材料触发点】 中国担任安理会轮值主席、推动讨论聚焦实质性问题并与全球南方国家发起“和平之友”小组，说明中国不仅参与联合国事务，也为全球治理提供理念和方案。
【设问】 结合材料，运用《当代国际政治与经济》知识，阐释“中国需要联合国，联合国也需要中国”。
【为什么能想到】 中国第一个在联合国宪章上签字，履职主席时又努力弥合分歧、守护宪章宗旨，行动都围着联合国转；这种取向正是“坚定维护以联合国为核心的国际体系”。
【答案落点】 中国坚定维护以联合国为核心的国际体系和以国际法为基础的国际秩序，捍卫《联合国宪章》宗旨原则，故联合国需要中国。
【同题组】 （按原题答题层次）
· 答题层次：本题6分，双向论证“中国需要联合国，联合国也需要中国”。
· 中国需要联合国（3分）：联合国地位和作用2分，写联合国的普遍性、代表性、权威性，集体安全机制核心，实践多边主义最佳场所，或维护世界和平、推动共同发展、促进人类文明进步等，任意两条得2分；联合国对中国对外开放和现代化事业作出独特贡献、成为中国开展多边合作的主要舞台1分。
· 联合国需要中国（3分）：中国作为联合国创始会员国"
Q0554,554,6468,6479,联合国,联合国宪章宗旨和原则,坚定维护以联合国为核心的国际体系和以国际法为基础的国际秩序,2025丰台二模Q20,2025丰台二模Q20,为什么能想到;同题组;材料触发点;答案落点;设问,,738,"3. 2025丰台二模Q20
【材料触发点】 题目理解“中国力量”如何完善全球治理，材料多次出现人类命运共同体、平等开放合作共享和公正合理的治理方向。
【设问】 当今世界，全球治理体系与国际秩序变革加速推进。我们愿同各方一道，一以贯之以实际行动为完善全球治理注入中国力量。结合材料，运用《当代国际政治与经济》知识，谈谈你对“为完善全球治理注入中国力量”的理解。
【为什么能想到】 王毅强调今年是联合国成立80周年、越要维护联合国权威，把中国行动锚回联合国框架，故用维护以联合国为核心的国际体系、以国际法为基础的国际秩序。
【答案落点】 中国作为联合国常任理事国遵守《联合国宪章》宗旨原则，坚定维护以联合国为核心的国际体系，维护多边体制的权威性和有效性。
【同题组】 （按原题答题层次）
· 答题层次：本题8分，四个角度，每角度2分；要围绕“中国如何为完善全球治理注入力量”展开。
· 发展中国家身份与全球南方：作为世界上最大的发展中国家，中国是国际政治经济格局中的重要力量，积极参与全球治理，为推动全球南方实现现代化发挥作用。
· 国际组织参与：中国积极参与联合国、金砖国家、二十国集团、博鳌亚洲论坛"
Q0555,555,6480,6488,联合国,联合国宪章宗旨和原则,坚定维护以联合国为核心的国际体系和以国际法为基础的国际秩序,2026丰台期末Q20（联合国为核心的国际体系）,2026丰台期末Q20,为什么能想到;同题组;材料触发点;答案落点;设问,,548,"4. 2026丰台期末Q20（联合国为核心的国际体系）
【材料触发点】 题目让学生说明""团结工程""对中拉协同的作用，要回答中拉在国际关系层面的共同立场时，用""维护以联合国为核心的国际体系和以国际法为基础的国际秩序""作为团结的国际制度基础，与同题""发展工程""的经济机制分开。
【设问】 结合材料，运用《当代国际政治与经济》知识，阐释“五大工程”如何扩大中拉利益汇合点。
【为什么能想到】 题面把""团结工程""放在中拉协同的国际关系层面，指向使用以联合国为核心的国际体系作为团结的制度依托。题目让学生说明""团结工程""如何推动中拉双方现代化，要从国际制度基础给出答案。把""团结工程""中的中拉协同接到维护以联合国为核心的国际体系和以国际法为基础的国际秩序上，再写双方在国际和地区事务中发出共同声音。
【答案落点】 中拉双方在""团结工程""中坚定维护以联合国为核心的国际体系和以国际法为基础的国际秩序，在国际和地区事务中发出共同声音。
【同题组】 （同主题练习提醒）
· 本题适合作为同主题训练，不按固定得分层次展开。
· 练习主线：围绕“五大工程如何扩大中拉利益汇合点”组织，扣住团结、发展、文明、和平、民心五类"
Q0556,556,6492,6501,联合国,联合国宪章宗旨和原则,坚定维护以联合国为核心的国际体系和以国际法为基础的国际秩序,2026西城期末Q20参与全球气候治理中的中国实践,2026西城期末Q20,为什么能想到;同题组;材料触发点;答案落点;设问,,614,"5. 2026西城期末Q20参与全球气候治理中的中国实践
【材料触发点】 答题要求角度3写明“维护联合国的核心作用/完善全球治理体系”，材料写中国向联合国提交国家自主贡献目标并落实《巴黎协定》。
【设问】 结合材料，运用《国际政治与经济》知识，阐释参与全球气候治理的中国实践。
【为什么能想到】 全球气候治理离不开联合国框架和国际法规则。看到《巴黎协定》、联合国、国家自主贡献目标，应把中国实践提升到维护以联合国为核心的国际体系和国际法秩序上。
【答案落点】 中国落实《巴黎协定》、向联合国提交国家自主贡献目标，维护联合国在全球气候治理中的核心作用，坚定维护以联合国为核心的国际体系和以国际法为基础的国际秩序。
【同题组】 （按原题答题层次）
· 本题8分，按“是什么—为什么—效果”三层写。
· 是什么2分：先说中国在全球气候治理中是建设者、引领者或负责任大国；再结合材料概括具体做法，如坚持绿色发展、新发展理念，发挥有为政府和有效市场作用。
· 为什么3分：从四类中写满三类即可：全球气候治理挑战或完善全球治理体系；世界各国共同利益；中国理念，如人类命运共同体、全人类共同价值、正确义利观、共商共"
Q0557,557,6504,6515,联合国,联合国宪章宗旨和原则,坚定维护以联合国为核心的国际体系和以国际法为基础的国际秩序,2025石景山一模Q17(2)中国推动全球治理体系完善,2025石景山一模Q17,为什么能想到;同题组;材料触发点;答案落点;设问,,512,"6. 2025石景山一模Q17(2)中国推动全球治理体系完善
【材料触发点】 正式答题层次提示要求“坚定维护以联合国为核心的国际体系、以国际法为基础的国际秩序”。
【设问】 结合材料二，运用《当代国际政治与经济》知识，概述完善全球治理的“中国主张”。（8分）
【为什么能想到】 全球治理体系完善必须依托国际体系和国际法秩序。答题要求点名联合国核心体系和国际法基础，说明这是本题稳定的联合国模块迁移点。
【答案落点】 中国坚定维护以联合国为核心的国际体系和以国际法为基础的国际秩序，推动全球治理在多边规则框架内完善。
【同题组】 （按原题答题层次）
· 答题层次：本题8分，概述完善全球治理的“中国主张”，对应“北京宣言”内容，四个核心点每点2分。
· 中国主张一：坚持共商共建共享的全球治理观。
· 中国主张二：坚持国家不分大小、强弱、贫富一律平等，共同推动国际关系民主化。
· 中国主张三：推进普惠包容的经济全球化。
· 中国主张四：践行真正的多边主义，坚定维护以联合国为核心的国际体系、以国际法为基础的国际秩序。
· 易错边界：没有对应“北京宣言”内容、只从其他角度泛谈，最高4分；答非所问、回答"
Q0558,558,6517,6525,联合国,联合国宪章宗旨和原则,遵循联合国宪章宗旨和原则,2026通州一模Q19,2026通州一模Q19,为什么能想到;同题组;材料触发点;答案落点;设问,,503,"1. 2026通州一模Q19
【材料触发点】 题面给出坚定维护以联合国为核心的国际体系和以国际法为基础的国际秩序。
【设问】 结合材料，运用《当代国际政治与经济》知识，分析中国元首外交如何为世界注入稳定性与正能量。（8分）
【为什么能想到】 出现“以联合国为核心的国际体系”和“国际法为基础的国际秩序”，就不能只写一般外交合作，而要点出维护联合国权威、遵循联合国宪章宗旨和原则。
【答案落点】 中国元首外交坚定维护以联合国为核心的国际体系和以国际法为基础的国际秩序，维护《联合国宪章》宗旨和原则。
【同题组】 （按原题答题层次）
· 答题层次：本题8分，措施或知识4分，材料分析且必须答作用4分，落点指向为世界注入稳定性与正能量
· 可采知识：和平与发展时代主题、共同利益是合作的基础、兼顾他国合理关切、维护多边贸易体制、推动经济全球化朝开放包容普惠平衡共赢方向发展、坚持正确义利观、推动国际关系民主化和国际政治经济新秩序、共商共建共享全球治理观、推动构建人类命运共同体、中国特色大国外交
· 作答提醒：不能只罗列知识；每个知识点都要接材料中元首外交的合作、治理、开放或和平作用，说明如何形成稳定性和"
Q0559,559,6530,6542,联合国,联合国发展议程与全球治理贡献,落实联合国2030年可持续发展议程,2026丰台一模Q19,2026丰台一模Q19,为什么能想到;同题组;材料触发点;答案落点;设问,,932,"1. 2026丰台一模Q19
【材料触发点】 题面用2030年可持续发展议程统领消除贫困、教育普及、卫生健康三组事实，当题目让学生从联合国框架下的全球共同目标理解中国担当时，把""落实联合国2030年可持续发展议程""写出来。
【设问】 结合材料，运用《当代国际政治与经济》知识，说明中国在全球可持续发展中彰显了怎样的大国情怀与担当。
【为什么能想到】 题面用2030年可持续发展议程串起消除贫困、教育普及、卫生健康三组事实，指向中国行动是在联合国共同目标下展开。题目让学生说明中国在全球可持续发展中的大国情怀与担当，要从中国与联合国议程对接的角度回答。把题干中的减贫、教育、健康成就接到落实联合国2030年议程上，再写中国携手各国推动全球可持续发展事业。
【答案落点】 中国携手各国落实联合国2030年可持续发展议程，在减贫、教育和卫生健康领域开展国际合作，推动全球可持续发展事业。
【材料触发点】 丰台Q19题目让学生结合全球可持续发展说明中国担当，消除贫困、教育普及和卫生健康是必须嵌入的三组材料事实，用来给""人类命运共同体""""真正的多边主义""""共商共建共享的全球治理观""""负责任大国担当""等术语提"
Q0560,560,6544,6552,联合国,联合国发展议程与全球治理贡献,为解决全球性问题提供中国智慧和中国方案，助力联合国在全球治理中发挥更大作用,2025海淀二模Q21（中国对联合国反向支撑）,2025海淀二模Q21,为什么能想到;同题组;材料触发点;答案落点;设问,,759,"1. 2025海淀二模Q21（中国对联合国反向支撑）
【材料触发点】 题目让学生说明""联合国也需要中国""，要回答中国能为联合国做什么时，用""提供中国智慧和中国方案+助力联合国在全球治理中发挥更大作用""两条把中国反向贡献写到位。
【设问】 结合材料，运用《当代国际政治与经济》知识，阐释“中国需要联合国，联合国也需要中国”。
【为什么能想到】 题面要求说出中国对联合国的反向贡献，指向使用""中国智慧和中国方案""加""助力联合国发挥更大作用""两条搭配。题目让学生阐释""联合国也需要中国""，要从中国对联合国的具体支撑给出答案。把中国推动多边合作机制完善和发展写出，再加上""为解决全球性问题提供中国智慧和中国方案""与""助力联合国在全球治理中发挥更大作用""两条，把反向贡献落实。
【答案落点】 中国推动多边合作机制的完善和发展，为解决全球性问题提供中国智慧和中国方案，助力联合国在全球治理中发挥更大作用。
【同题组】 （按原题答题层次）
· 答题层次：本题6分，双向论证“中国需要联合国，联合国也需要中国”。
· 中国需要联合国（3分）：联合国地位和作用2分，写联合国的普遍性、代表性、权威性，集体安全机制核心，"
Q0561,561,6555,6563,联合国,中国与联合国关系,联合国对中国对外开放和现代化事业作出独特贡献，成为中国开展多边合作的主要舞台,2025海淀二模Q21,2025海淀二模Q21,为什么能想到;同题组;材料触发点;答案落点;设问,,743,"1. 2025海淀二模Q21
【材料触发点】 材料把中国恢复在联合国合法席位后持续参与全球治理摆在前面，当题目让学生说明中国为何离不开联合国时，需要说明联合国作为中国对外开放和现代化事业的外部平台、多边合作的主要舞台。
【设问】 结合材料，运用《当代国际政治与经济》知识，阐释“中国需要联合国，联合国也需要中国”。
【为什么能想到】 中国恢复在联合国合法席位后持续参与全球治理，联合国是中国走向世界的重要外部平台。题目让学生阐释""中国需要联合国，联合国也需要中国""，要从联合国对中国自身的独特意义入手。把联合国对中国对外开放和现代化事业的独特贡献写出，再点出联合国是中国开展多边合作的主要舞台，为中国参与全球治理创造良好外部环境。
【答案落点】 联合国对中国对外开放和现代化事业作出独特贡献，成为中国开展多边合作的主要舞台，为中国参与全球治理创造良好外部环境。
【同题组】 （按原题答题层次）
· 答题层次：本题6分，双向论证“中国需要联合国，联合国也需要中国”。
· 中国需要联合国（3分）：联合国地位和作用2分，写联合国的普遍性、代表性、权威性，集体安全机制核心，实践多边主义最佳场所，或维护世界"
