suite_id,year,district,stage,question,parent_question,row_granularity,book_module,question_type,evidence_source,source_types,status,artifact_location,decision_reason,next_action,integration_status
2024_unknown_district_unknown_stage,2024,,,SUITE_BLOCKER,,suite,REFERENCE_HELPER_ONLY,unknown,/Users/wanglifei/Desktop/2024模拟题/北京2024各区《经济与社会》考题-wlfwlf.docx | /Users/wanglifei/Desktop/2024模拟题/北京及2024各区《经济与社会》考题-wlf.pdf,paper,reference-only,/Users/wanglifei/Desktop/北京高考政治/reports/必修二三与必修四文化_题源分类准备_20260617_1301/01_source_inventory/source_inventory.csv,"{""reason"": ""no stable district/stage identity; helper compilation only"", ""source_types"": [""paper""]}",use_as_helper_not_coverage_evidence,main_matrix_original
2024_unknown_district_一模,2024,,一模,SUITE_BLOCKER,,suite,REFERENCE_HELPER_ONLY,unknown,/Users/wanglifei/Desktop/2024模拟题/202404各区一模试题分类（按模块）/2024届各区一模试题分类汇编必修1.docx | /Users/wanglifei/Desktop/2024模拟题/202404各区一模试题分类（按模块）/2024届各区一模试题分类汇编必修2 .docx | /Users/wanglifei/Desktop/2024模拟题/202404各区一模试题分类（按模块）/2024届各区一模试题分类汇编必修3.docx | /Users/wanglifei/Desktop/2024模拟题/202404各区一模试题分类（按模块）/2024届各区一模试题分类汇编必修4.docx,module-classification,reference-only,/Users/wanglifei/Desktop/北京高考政治/reports/必修二三与必修四文化_题源分类准备_20260617_1301/01_source_inventory/source_inventory.csv,"{""reason"": ""no stable district/stage identity; helper compilation only"", ""source_types"": [""module-classification""]}",use_as_helper_not_coverage_evidence,main_matrix_original
2024_东城_一模,2024,东城,一模,1,,question,B3_POLITICS_RULE_OF_LAW,objective,/Users/wanglifei/Desktop/北京高考政治/reports/必修二三与必修四文化_题源分类准备_20260617_1301/02_text_cache/ocr_cache/2024_东城_一模/试卷.ocr.txt,ocr-cache,included,/Users/wanglifei/Desktop/北京高考政治/reports/必修二三与必修四文化_题源分类准备_20260617_1301/02_text_cache/ocr_absorbed/2024_东城_一模.txt,"{""target"": ""B3_POLITICS_RULE_OF_LAW"", ""target_score"": 2, ""boundary"": ""B1_EXCLUDED"", ""boundary_score"": 1, ""matches"": {""B3_POLITICS_RULE_OF_LAW"": ""中国共产党,boost:中国共产党"", ""B1_EXCLUDED"": ""中国梦""}}",future_baodian_intake,main_matrix_original
2024_东城_一模,2024,东城,一模,10,,question,XB2_EXCLUDED,objective,/Users/wanglifei/Desktop/北京高考政治/reports/必修二三与必修四文化_题源分类准备_20260617_1301/02_text_cache/ocr_cache/2024_东城_一模/试卷.ocr.txt,ocr-cache,module-boundary-excluded,/Users/wanglifei/Desktop/北京高考政治/reports/必修二三与必修四文化_题源分类准备_20260617_1301/02_text_cache/ocr_absorbed/2024_东城_一模.txt,"{""target"": ""B2_ECONOMICS"", ""target_score"": 0, ""boundary"": ""XB2_EXCLUDED"", ""boundary_score"": 13, ""matches"": {""XB2_EXCLUDED"": ""继承,诉讼,boost:继承,boost:诉讼""}, ""explicit_boundary_modules"": {""XB2_EXCLUDED"": [""诉讼""]}, ""override"": ""explicit_boundary_term""}",exclude_from_three_target_lines,main_matrix_original
2024_东城_一模,2024,东城,一模,11,,question,XB2_EXCLUDED,objective,/Users/wanglifei/Desktop/北京高考政治/reports/必修二三与必修四文化_题源分类准备_20260617_1301/02_text_cache/ocr_cache/2024_东城_一模/试卷.ocr.txt,ocr-cache,module-boundary-excluded,/Users/wanglifei/Desktop/北京高考政治/reports/必修二三与必修四文化_题源分类准备_20260617_1301/02_text_cache/ocr_absorbed/2024_东城_一模.txt,"{""target"": ""B3_POLITICS_RULE_OF_LAW"", ""target_score"": 7, ""boundary"": ""XB2_EXCLUDED"", ""boundary_score"": 4, ""matches"": {""B3_POLITICS_RULE_OF_LAW"": ""政府,检察,法院"", ""XB2_EXCLUDED"": ""诉讼,民事,boost:诉讼,boost:民事""}, ""explicit_boundary_modules"": {""XB2_EXCLUDED"": [""诉讼"", ""民事""]}, ""override"": ""explicit_boundary_term""}",exclude_from_three_target_lines,main_matrix_original
2024_东城_一模,2024,东城,一模,12,,question,B2_ECONOMICS,objective,/Users/wanglifei/Desktop/北京高考政治/reports/必修二三与必修四文化_题源分类准备_20260617_1301/02_text_cache/ocr_cache/2024_东城_一模/试卷.ocr.txt,ocr-cache,included,/Users/wanglifei/Desktop/北京高考政治/reports/必修二三与必修四文化_题源分类准备_20260617_1301/02_text_cache/ocr_absorbed/2024_东城_一模.txt,"{""target"": ""B2_ECONOMICS"", ""target_score"": 15, ""boundary"": ""B4_PHILOSOPHY_EXCLUDED"", ""boundary_score"": 0, ""matches"": {""B2_ECONOMICS"": ""民营经济,民营企业,高质量发展,boost:民营经济,boost:高质量发展""}}",future_baodian_intake,main_matrix_original
2024_东城_一模,2024,东城,一模,13,,question,B2_ECONOMICS,objective,/Users/wanglifei/Desktop/北京高考政治/reports/必修二三与必修四文化_题源分类准备_20260617_1301/02_text_cache/ocr_cache/2024_东城_一模/试卷.ocr.txt,ocr-cache,included,/Users/wanglifei/Desktop/北京高考政治/reports/必修二三与必修四文化_题源分类准备_20260617_1301/02_text_cache/ocr_absorbed/2024_东城_一模.txt,"{""target"": ""B2_ECONOMICS"", ""target_score"": 5, ""boundary"": ""B4_PHILOSOPHY_EXCLUDED"", ""boundary_score"": 0, ""matches"": {""B2_ECONOMICS"": ""就业,劳动者,居民收入,boost:就业""}}",future_baodian_intake,main_matrix_original
2024_东城_一模,2024,东城,一模,14,,question,XB1_EXCLUDED,objective,/Users/wanglifei/Desktop/北京高考政治/reports/必修二三与必修四文化_题源分类准备_20260617_1301/02_text_cache/ocr_cache/2024_东城_一模/试卷.ocr.txt,ocr-cache,module-boundary-excluded,05_reports/strong_blocker_resolution_audit.csv,"{""rule_id"": ""STRONG_BLOCKER_XB1_GLOBAL_ENV_GOVERNANCE"", ""matched_terms"": ""COP15,全球生物多样性框架,全球生态治理,多极化"", ""source"": ""strong_blocker_resolution_review.csv"", ""evidence_source_type"": ""ocr-cache"", ""prior_status"": ""blocked"", ""prior_next_action"": ""manual_review_needed""}",exclude_from_three_target_lines,strong_blocker_resolution
2024_东城_一模,2024,东城,一模,15,,question,XB1_EXCLUDED,objective,/Users/wanglifei/Desktop/北京高考政治/reports/必修二三与必修四文化_题源分类准备_20260617_1301/02_text_cache/ocr_cache/2024_东城_一模/试卷.ocr.txt,ocr-cache,module-boundary-excluded,/Users/wanglifei/Desktop/北京高考政治/reports/必修二三与必修四文化_题源分类准备_20260617_1301/02_text_cache/ocr_absorbed/2024_东城_一模.txt,"{""target"": ""B2_ECONOMICS"", ""target_score"": 0, ""boundary"": ""XB1_EXCLUDED"", ""boundary_score"": 2, ""matches"": {""XB1_EXCLUDED"": ""人类命运共同体,boost:人类命运共同体""}, ""explicit_boundary_modules"": {""XB1_EXCLUDED"": [""人类命运共同体""]}, ""override"": ""explicit_boundary_term""}",exclude_from_three_target_lines,main_matrix_original
2024_东城_一模,2024,东城,一模,16,,question,XB1_EXCLUDED,subjective,/Users/wanglifei/Desktop/北京高考政治/reports/必修二三与必修四文化_题源分类准备_20260617_1301/02_text_cache/ocr_cache/2024_东城_一模/试卷.ocr.txt,ocr-cache,module-boundary-excluded,/Users/wanglifei/Desktop/北京高考政治/reports/必修二三与必修四文化_题源分类准备_20260617_1301/02_text_cache/ocr_absorbed/2024_东城_一模.txt,"{""target"": ""B4_CULTURE"", ""target_score"": 6, ""boundary"": ""XB1_EXCLUDED"", ""boundary_score"": 2, ""matches"": {""B3_POLITICS_RULE_OF_LAW"": ""中国共产党,boost:中国共产党"", ""B4_CULTURE"": ""文化,文明交流互鉴,中华文明,boost:文明交流互鉴,boost:中华文明"", ""B4_PHILOSOPHY_EXCLUDED"": ""认识"", ""XB1_EXCLUDED"": ""人类命运共同体,boost:人类命运共同体""}, ""explicit_boundary_modules"": {""XB1_EXCLUDED"": [""人类命运共同体""]}, ""override"": ""explicit_boundary_term""}",exclude_from_three_target_lines,main_matrix_original
2024_东城_一模,2024,东城,一模,17,,question,B2_ECONOMICS,subjective,/Users/wanglifei/Desktop/北京高考政治/reports/必修二三与必修四文化_题源分类准备_20260617_1301/02_text_cache/ocr_cache/2024_东城_一模/试卷.ocr.txt,ocr-cache,included,/Users/wanglifei/Desktop/北京高考政治/reports/必修二三与必修四文化_题源分类准备_20260617_1301/02_text_cache/ocr_absorbed/2024_东城_一模.txt,"{""target"": ""B2_ECONOMICS"", ""target_score"": 3, ""boundary"": ""B4_PHILOSOPHY_EXCLUDED"", ""boundary_score"": 0, ""matches"": {""B2_ECONOMICS"": ""营商环境,市场主体,boost:营商环境"", ""B3_POLITICS_RULE_OF_LAW"": ""行政机关,政府""}}",future_baodian_intake,main_matrix_original
2024_东城_一模,2024,东城,一模,18(1),18,subquestion,B2_ECONOMICS,subjective,/Users/wanglifei/Desktop/北京高考政治/reports/必修二三与必修四文化_题源分类准备_20260617_1301/02_text_cache/ocr_cache/2024_东城_一模/试卷.ocr.txt,ocr-cache,included,04_module_classification/subquestion_split_matrix.csv,"{""target"": ""B2_ECONOMICS"", ""target_score"": 5, ""boundary"": ""B4_PHILOSOPHY_EXCLUDED"", ""boundary_score"": 0, ""matches"": {""B2_ECONOMICS"": ""经济与社会,新质生产力,boost:经济与社会,boost:新质生产力""}}",future_baodian_intake,subquestion_integrated_target
2024_东城_一模,2024,东城,一模,18(2),18,subquestion,B3_POLITICS_RULE_OF_LAW,subjective,/Users/wanglifei/Desktop/北京高考政治/reports/必修二三与必修四文化_题源分类准备_20260617_1301/02_text_cache/ocr_cache/2024_东城_一模/试卷.ocr.txt,ocr-cache,included,04_module_classification/subquestion_split_matrix.csv,"{""override"": ""prompt_router"", ""prompt_terms"": [""政协""], ""classification_text"": ""(2)结合材料,分析政协在推动新质生产力发展中所发挥的作用。(6分)"", ""base_decision"": ""{\""target\"": \""B2_ECONOMICS\"", \""target_score\"": 2, \""boundary\"": \""B4_PHILOSOPHY_EXCLUDED\"", \""boundary_score\"": 0, \""matches\"": {\""B2_ECONOMICS\"": \""新质生产力,boost:新质生产力\"", \""B3_POLITICS_RULE_OF_LAW\"": \""政协,boost:政协\""}}""}",future_baodian_intake,subquestion_integrated_target
2024_东城_一模,2024,东城,一模,18(3),18,subquestion,XB3_EXCLUDED,subjective,/Users/wanglifei/Desktop/北京高考政治/reports/必修二三与必修四文化_题源分类准备_20260617_1301/02_text_cache/ocr_cache/2024_东城_一模/试卷.ocr.txt,ocr-cache,module-boundary-excluded,04_module_classification/subquestion_split_matrix.csv,"{""target"": ""B2_ECONOMICS"", ""target_score"": 2, ""boundary"": ""XB3_EXCLUDED"", ""boundary_score"": 2, ""matches"": {""B2_ECONOMICS"": ""新质生产力,boost:新质生产力"", ""B4_PHILOSOPHY_EXCLUDED"": ""认识"", ""XB3_EXCLUDED"": ""逻辑与思维,boost:逻辑与思维""}, ""explicit_boundary_modules"": {""XB3_EXCLUDED"": [""逻辑与思维""]}, ""override"": ""explicit_boundary_term""}",exclude_from_three_target_lines,subquestion_integrated_boundary
2024_东城_一模,2024,东城,一模,19,,question,XB2_EXCLUDED,subjective,/Users/wanglifei/Desktop/北京高考政治/reports/必修二三与必修四文化_题源分类准备_20260617_1301/02_text_cache/ocr_cache/2024_东城_一模/试卷.ocr.txt,ocr-cache,module-boundary-excluded,/Users/wanglifei/Desktop/北京高考政治/reports/必修二三与必修四文化_题源分类准备_20260617_1301/02_text_cache/ocr_absorbed/2024_东城_一模.txt,"{""target"": ""B3_POLITICS_RULE_OF_LAW"", ""target_score"": 1, ""boundary"": ""XB2_EXCLUDED"", ""boundary_score"": 10, ""matches"": {""B3_POLITICS_RULE_OF_LAW"": ""法院"", ""XB2_EXCLUDED"": ""法律与生活,民法典,诉讼,boost:法律与生活,boost:民法典,boost:诉讼""}, ""explicit_boundary_modules"": {""XB2_EXCLUDED"": [""法律与生活"", ""民法典"", ""诉讼""]}, ""override"": ""explicit_boundary_term""}",exclude_from_three_target_lines,main_matrix_original
2024_东城_一模,2024,东城,一模,2,,question,B4_CULTURE,objective,/Users/wanglifei/Desktop/北京高考政治/reports/必修二三与必修四文化_题源分类准备_20260617_1301/02_text_cache/ocr_cache/2024_东城_一模/试卷.ocr.txt,ocr-cache,included,/Users/wanglifei/Desktop/北京高考政治/reports/必修二三与必修四文化_题源分类准备_20260617_1301/02_text_cache/ocr_absorbed/2024_东城_一模.txt,"{""target"": ""B4_CULTURE"", ""target_score"": 7, ""boundary"": ""B4_PHILOSOPHY_EXCLUDED"", ""boundary_score"": 0, ""matches"": {""B2_ECONOMICS"": ""产业发展"", ""B4_CULTURE"": ""文化,文旅,boost:文旅""}}",future_baodian_intake,main_matrix_original
2024_东城_一模,2024,东城,一模,20,,question,B2_ECONOMICS,subjective,/Users/wanglifei/Desktop/北京高考政治/reports/必修二三与必修四文化_题源分类准备_20260617_1301/02_text_cache/ocr_cache/2024_东城_一模/试卷.ocr.txt,ocr-cache,included,/Users/wanglifei/Desktop/北京高考政治/reports/必修二三与必修四文化_题源分类准备_20260617_1301/02_text_cache/ocr_absorbed/2024_东城_一模.txt,"{""target"": ""B2_ECONOMICS"", ""target_score"": 4, ""boundary"": ""B4_PHILOSOPHY_EXCLUDED"", ""boundary_score"": 0, ""matches"": {""B2_ECONOMICS"": ""高质量发展,消费,boost:高质量发展""}}",future_baodian_intake,main_matrix_original
2024_东城_一模,2024,东城,一模,21,,question,B2_ECONOMICS,subjective,/Users/wanglifei/Desktop/北京高考政治/reports/必修二三与必修四文化_题源分类准备_20260617_1301/02_text_cache/ocr_cache/2024_东城_一模/试卷.ocr.txt,ocr-cache,included,/Users/wanglifei/Desktop/北京高考政治/reports/必修二三与必修四文化_题源分类准备_20260617_1301/02_text_cache/ocr_absorbed/2024_东城_一模.txt,"{""target"": ""B2_ECONOMICS"", ""target_score"": 2, ""boundary"": ""B4_PHILOSOPHY_EXCLUDED"", ""boundary_score"": 0, ""matches"": {""B2_ECONOMICS"": ""产业链,boost:产业链""}}",future_baodian_intake,main_matrix_original
2024_东城_一模,2024,东城,一模,3,,question,XB3_EXCLUDED,objective,/Users/wanglifei/Desktop/北京高考政治/reports/必修二三与必修四文化_题源分类准备_20260617_1301/02_text_cache/ocr_cache/2024_东城_一模/试卷.ocr.txt,ocr-cache,module-boundary-excluded,/Users/wanglifei/Desktop/北京高考政治/reports/必修二三与必修四文化_题源分类准备_20260617_1301/02_text_cache/ocr_absorbed/2024_东城_一模.txt,"{""target"": ""B4_CULTURE"", ""target_score"": 13, ""boundary"": ""XB3_EXCLUDED"", ""boundary_score"": 2, ""matches"": {""B2_ECONOMICS"": ""基础设施"", ""B3_POLITICS_RULE_OF_LAW"": ""人大代表,boost:人大代表"", ""B4_CULTURE"": ""文化,中华优秀传统文化,优秀传统文化,传统文化,传统色,boost:中华优秀传统文化,boost:优秀传统文化,boost:传统文化,boost:传统色"", ""XB3_EXCLUDED"": ""想象,boost:想象""}, ""explicit_boundary_modules"": {""XB3_EXCLUDED"": [""想象""]}, ""override"": ""explicit_boundary_term""}",exclude_from_three_target_lines,main_matrix_original
2024_东城_一模,2024,东城,一模,5,,question,B3_POLITICS_RULE_OF_LAW,objective,/Users/wanglifei/Desktop/北京高考政治/reports/必修二三与必修四文化_题源分类准备_20260617_1301/02_text_cache/ocr_cache/2024_东城_一模/试卷.ocr.txt,ocr-cache,included,05_reports/prompt_resolution_audit.csv,"{""override"": ""strict_prompt_resolution"", ""rule_id"": ""B3_EXPLICIT_POLITICS_PROMPT"", ""matched_terms"": ""城市治理"", ""prompt_source"": ""ocr-cache"", ""prompt"": ""近年来,北京市坚持“慢行优先、公交优先、绿色优先”交通发展理念,大力倡导和推 进慢行系统发展,鼓励和支持市民更多采用“步行十自行车骑行”方式出行,同时,加 强交通秩序管理,规范车辆出行和停放。慢行系统建设 1突出城市治理的创新,推动城市功能转变 2优化重组公共交通系统,扩大了城市空间 3要有效杜绝随意执法,恰当行使自由裁量权 4要完善政策法规,推动路权分配向行人和非机动车倾斜 A. 12 B. 13 C.24 D.34"", ""previous_decision"": ""{\""target\"": \""B2_ECONOMICS\"", \""target_score\"": 0, \""boundary\"": \""B4_PHILOSOPHY_EXCLUDED\"", \""boundary_score\"": 0, \""matches\"": {}}""}",future_baodian_intake,prompt_resolved_from_main_matrix_original
2024_东城_一模,2024,东城,一模,6,,question,XB3_EXCLUDED,objective,/Users/wanglifei/Desktop/北京高考政治/reports/必修二三与必修四文化_题源分类准备_20260617_1301/02_text_cache/ocr_cache/2024_东城_一模/试卷.ocr.txt,ocr-cache,module-boundary-excluded,/Users/wanglifei/Desktop/北京高考政治/reports/必修二三与必修四文化_题源分类准备_20260617_1301/02_text_cache/ocr_absorbed/2024_东城_一模.txt,"{""target"": ""B2_ECONOMICS"", ""target_score"": 0, ""boundary"": ""XB3_EXCLUDED"", ""boundary_score"": 4, ""matches"": {""B4_PHILOSOPHY_EXCLUDED"": ""认识,矛盾,boost:矛盾"", ""XB3_EXCLUDED"": ""科学思维,逻辑规则,boost:科学思维,boost:逻辑规则""}, ""explicit_boundary_modules"": {""XB3_EXCLUDED"": [""科学思维""]}, ""override"": ""explicit_boundary_term""}",exclude_from_three_target_lines,main_matrix_original
2024_东城_一模,2024,东城,一模,7,,question,XB3_EXCLUDED,objective,/Users/wanglifei/Desktop/北京高考政治/reports/必修二三与必修四文化_题源分类准备_20260617_1301/02_text_cache/ocr_cache/2024_东城_一模/试卷.ocr.txt,ocr-cache,module-boundary-excluded,/Users/wanglifei/Desktop/北京高考政治/reports/必修二三与必修四文化_题源分类准备_20260617_1301/02_text_cache/ocr_absorbed/2024_东城_一模.txt,"{""target"": ""B2_ECONOMICS"", ""target_score"": 0, ""boundary"": ""XB3_EXCLUDED"", ""boundary_score"": 12, ""matches"": {""XB3_EXCLUDED"": ""推理,三段论,boost:推理,boost:三段论""}, ""explicit_boundary_modules"": {""XB3_EXCLUDED"": [""三段论"", ""推理""]}, ""override"": ""explicit_boundary_term""}",exclude_from_three_target_lines,main_matrix_original
2024_东城_一模,2024,东城,一模,8,,question,XB3_EXCLUDED,objective,/Users/wanglifei/Desktop/北京高考政治/reports/必修二三与必修四文化_题源分类准备_20260617_1301/02_text_cache/ocr_cache/2024_东城_一模/试卷.ocr.txt,ocr-cache,module-boundary-excluded,05_reports/prompt_resolution_audit.csv,"{""override"": ""strict_prompt_resolution"", ""rule_id"": ""XB3_LOGIC_PROMPT"", ""matched_terms"": ""当且仅当,选科情况"", ""prompt_source"": ""ocr-cache"", ""prompt"": ""某班主任欲了解四位同学的选科情况。现已得知: 1只有小徐选物理,小赵才选地理;2或者小李选政治,或者小王选政治; 3当且仅当小孙选政治,小李选政治;4如果小王选政治,那么小赵选地理。 随后,班主任又得知了某一信息,他据此必然得出“小李选政治”的结论。该信息是 A. 小孙未选政治 B. 小赵选地理 C. 小王选政治 D. 小徐未选物理"", ""previous_decision"": ""{\""target\"": \""B2_ECONOMICS\"", \""target_score\"": 0, \""boundary\"": \""B4_PHILOSOPHY_EXCLUDED\"", \""boundary_score\"": 0, \""matches\"": {}}""}",exclude_from_three_target_lines,prompt_resolved_from_main_matrix_original
2024_东城_一模,2024,东城,一模,9,,question,XB2_EXCLUDED,objective,/Users/wanglifei/Desktop/北京高考政治/reports/必修二三与必修四文化_题源分类准备_20260617_1301/02_text_cache/ocr_cache/2024_东城_一模/试卷.ocr.txt,ocr-cache,module-boundary-excluded,/Users/wanglifei/Desktop/北京高考政治/reports/必修二三与必修四文化_题源分类准备_20260617_1301/02_text_cache/ocr_absorbed/2024_东城_一模.txt,"{""target"": ""B3_POLITICS_RULE_OF_LAW"", ""target_score"": 2, ""boundary"": ""XB2_EXCLUDED"", ""boundary_score"": 5, ""matches"": {""B3_POLITICS_RULE_OF_LAW"": ""法院"", ""XB2_EXCLUDED"": ""物权,boost:物权""}, ""explicit_boundary_modules"": {""XB2_EXCLUDED"": [""物权""]}, ""override"": ""explicit_boundary_term""}",exclude_from_three_target_lines,main_matrix_original
2024_东城_二模,2024,东城,二模,1,,question,B4_CULTURE,objective,/Users/wanglifei/Desktop/北京高考政治/reports/必修二三与必修四文化_题源分类准备_20260617_1301/02_text_cache/ocr_cache/2024_东城_二模/试卷.ocr.txt,ocr-cache,included,05_reports/prompt_resolution_audit.csv,"{""override"": ""strict_prompt_resolution"", ""rule_id"": ""B4_CULTURE_PROMPT"", ""matched_terms"": ""博物馆,公共文化服务,文化服务,文化内涵,大思政课,启智润心"", ""prompt_source"": ""ocr-cache"", ""prompt"": ""“大思政课”我们要善用之,一定要跟现实结合起来。 思政课不仅应该在课堂上讲,也应该在社会生活中来讲。 把思政小课堂同社会大课堂结合起来。 —习近平 实践教学基地。 网页跳转,历史文化跃然眼前 指尖轻点,思政奥妙纷至沓来 虚拟展馆 数字展馆。 16区 200余个 实践教学基地 天行8 窈粉 北京市“大思政课”实践教学基地数字地图 前门议事厅、12345市民热线服务中心、北京国子监博物馆、北大红楼⋯⋯目前,在 北京市“大思政课”实践教学基地数字地图上,分布于全市16区的200余个实践教 学基地已全部点亮。这一举措 1联通过去与未来,丰富首都文化内涵 2实现数字赋能传统教育,提供差异化公共文化服务 3激活京华大地鲜活课堂,为“大思政课”注入源头活水 4强化实践资源供给,启智润心,引领学生成长与时代发展同频共振 A.12 B. 13 C.24 D.34"", ""previous_decision"": ""{\""target\"": \""B4_CULTURE\"", \""target_score\"": 5, \""boundary\"": \""B4_PHILOSOPHY_EXCLUDED\"", \""boundary_score\"": 6, \""matches\"": {\""B4_CULTURE\"": \""文化,博物馆,boost:博物馆\"", \""B4_PHILOSOPHY_EXCLUDED\"": \""实践\""}}""}",future_baodian_intake,prompt_resolved_from_main_matrix_original
2024_东城_二模,2024,东城,二模,10,,question,B4_PHILOSOPHY_EXCLUDED,objective,/Users/wanglifei/Desktop/北京高考政治/reports/必修二三与必修四文化_题源分类准备_20260617_1301/02_text_cache/ocr_cache/2024_东城_二模/试卷.ocr.txt,ocr-cache,module-boundary-excluded,/Users/wanglifei/Desktop/北京高考政治/reports/必修二三与必修四文化_题源分类准备_20260617_1301/02_text_cache/ocr_absorbed/2024_东城_二模.txt,"{""target"": ""B2_ECONOMICS"", ""target_score"": 0, ""boundary"": ""B4_PHILOSOPHY_EXCLUDED"", ""boundary_score"": 4, ""matches"": {""B4_PHILOSOPHY_EXCLUDED"": ""实践,认识,主观能动性""}}",exclude_from_three_target_lines,main_matrix_original
2024_东城_二模,2024,东城,二模,11,,question,B4_PHILOSOPHY_EXCLUDED,objective,/Users/wanglifei/Desktop/北京高考政治/reports/必修二三与必修四文化_题源分类准备_20260617_1301/02_text_cache/ocr_cache/2024_东城_二模/试卷.ocr.txt,ocr-cache,module-boundary-excluded,/Users/wanglifei/Desktop/北京高考政治/reports/必修二三与必修四文化_题源分类准备_20260617_1301/02_text_cache/ocr_absorbed/2024_东城_二模.txt,"{""target"": ""B2_ECONOMICS"", ""target_score"": 0, ""boundary"": ""B4_PHILOSOPHY_EXCLUDED"", ""boundary_score"": 2, ""matches"": {""B4_PHILOSOPHY_EXCLUDED"": ""适度原则,boost:适度原则"", ""XB3_EXCLUDED"": ""属种关系,boost:属种关系""}}",exclude_from_three_target_lines,main_matrix_original
2024_东城_二模,2024,东城,二模,12,,question,B2_ECONOMICS,objective,/Users/wanglifei/Desktop/北京高考政治/reports/必修二三与必修四文化_题源分类准备_20260617_1301/02_text_cache/ocr_cache/2024_东城_二模/试卷.ocr.txt,ocr-cache,included,/Users/wanglifei/Desktop/北京高考政治/reports/必修二三与必修四文化_题源分类准备_20260617_1301/02_text_cache/ocr_absorbed/2024_东城_二模.txt,"{""target"": ""B2_ECONOMICS"", ""target_score"": 3, ""boundary"": ""B4_PHILOSOPHY_EXCLUDED"", ""boundary_score"": 0, ""matches"": {""B2_ECONOMICS"": ""产业链,boost:产业链"", ""B3_POLITICS_RULE_OF_LAW"": ""政府""}}",future_baodian_intake,main_matrix_original
2024_东城_二模,2024,东城,二模,13,,question,B2_ECONOMICS,objective,/Users/wanglifei/Desktop/北京高考政治/reports/必修二三与必修四文化_题源分类准备_20260617_1301/02_text_cache/ocr_cache/2024_东城_二模/试卷.ocr.txt,ocr-cache,included,05_reports/strong_blocker_resolution_audit.csv,"{""rule_id"": ""STRONG_BLOCKER_B2_URBANIZATION_PUBLIC_SERVICE"", ""matched_terms"": ""城镇化,农业劳动生产率,城乡融合,基本公共服务制度"", ""source"": ""strong_blocker_resolution_review.csv"", ""evidence_source_type"": ""ocr-cache"", ""prior_status"": ""blocked"", ""prior_next_action"": ""manual_review_needed""}",future_baodian_intake,strong_blocker_resolution
2024_东城_二模,2024,东城,二模,14,,question,XB1_EXCLUDED,objective,/Users/wanglifei/Desktop/北京高考政治/reports/必修二三与必修四文化_题源分类准备_20260617_1301/02_text_cache/ocr_cache/2024_东城_二模/试卷.ocr.txt,ocr-cache,module-boundary-excluded,/Users/wanglifei/Desktop/北京高考政治/reports/必修二三与必修四文化_题源分类准备_20260617_1301/02_text_cache/ocr_absorbed/2024_东城_二模.txt,"{""target"": ""B2_ECONOMICS"", ""target_score"": 0, ""boundary"": ""XB1_EXCLUDED"", ""boundary_score"": 3, ""matches"": {""XB1_EXCLUDED"": ""对外开放,国际贸易,boost:国际贸易""}}",exclude_from_three_target_lines,main_matrix_original
2024_东城_二模,2024,东城,二模,15,,question,B2_ECONOMICS,objective,/Users/wanglifei/Desktop/北京高考政治/reports/必修二三与必修四文化_题源分类准备_20260617_1301/02_text_cache/ocr_cache/2024_东城_二模/试卷.ocr.txt,ocr-cache,included,/Users/wanglifei/Desktop/北京高考政治/reports/必修二三与必修四文化_题源分类准备_20260617_1301/02_text_cache/ocr_absorbed/2024_东城_二模.txt,"{""target"": ""B2_ECONOMICS"", ""target_score"": 4, ""boundary"": ""B4_PHILOSOPHY_EXCLUDED"", ""boundary_score"": 0, ""matches"": {""B2_ECONOMICS"": ""高质量发展,供应链,boost:高质量发展,boost:供应链""}}",future_baodian_intake,main_matrix_original
2024_东城_二模,2024,东城,二模,16,,question,B4_CULTURE,subjective,/Users/wanglifei/Desktop/北京高考政治/reports/必修二三与必修四文化_题源分类准备_20260617_1301/02_text_cache/ocr_cache/2024_东城_二模/试卷.ocr.txt,ocr-cache,included,/Users/wanglifei/Desktop/北京高考政治/reports/必修二三与必修四文化_题源分类准备_20260617_1301/02_text_cache/ocr_absorbed/2024_东城_二模.txt,"{""target"": ""B4_CULTURE"", ""target_score"": 6, ""boundary"": ""B4_PHILOSOPHY_EXCLUDED"", ""boundary_score"": 0, ""matches"": {""B2_ECONOMICS"": ""乡村振兴,boost:乡村振兴"", ""B4_CULTURE"": ""文化""}}",future_baodian_intake,main_matrix_original
2024_东城_二模,2024,东城,二模,17,,question,XB3_EXCLUDED,subjective,/Users/wanglifei/Desktop/北京高考政治/reports/必修二三与必修四文化_题源分类准备_20260617_1301/02_text_cache/ocr_cache/2024_东城_二模/试卷.ocr.txt,ocr-cache,module-boundary-excluded,05_reports/remaining_target_component_audit.csv,"{""rule_id"": ""REMAINING_COMPONENT_EXTRACTED_PARENT_REMAINDER_XB3"", ""source"": ""remaining_target_component_audit.csv"", ""prior_book_module"": ""UNKNOWN_OR_MIXED"", ""prior_status"": ""blocked""}",target_component_extracted_remainder_excluded,remaining_component_parent_remainder_closed
2024_东城_二模,2024,东城,二模,18,,question,B2_ECONOMICS,subjective,/Users/wanglifei/Desktop/北京高考政治/reports/必修二三与必修四文化_题源分类准备_20260617_1301/02_text_cache/ocr_cache/2024_东城_二模/试卷.ocr.txt,ocr-cache,included,/Users/wanglifei/Desktop/北京高考政治/reports/必修二三与必修四文化_题源分类准备_20260617_1301/02_text_cache/ocr_absorbed/2024_东城_二模.txt,"{""target"": ""B2_ECONOMICS"", ""target_score"": 9, ""boundary"": ""XB2_EXCLUDED"", ""boundary_score"": 8, ""matches"": {""B2_ECONOMICS"": ""高质量发展,医保,就业,劳动者,人力资源,boost:高质量发展,boost:医保,boost:就业"", ""B3_POLITICS_RULE_OF_LAW"": ""政治与法治,政府,boost:政治与法治"", ""B4_PHILOSOPHY_EXCLUDED"": ""矛盾,boost:矛盾"", ""XB2_EXCLUDED"": ""劳动关系,boost:劳动关系""}}",future_baodian_intake,main_matrix_original
2024_东城_二模,2024,东城,二模,19,,question,XB2_EXCLUDED,subjective,/Users/wanglifei/Desktop/北京高考政治/reports/必修二三与必修四文化_题源分类准备_20260617_1301/02_text_cache/ocr_cache/2024_东城_二模/试卷.ocr.txt,ocr-cache,module-boundary-excluded,/Users/wanglifei/Desktop/北京高考政治/reports/必修二三与必修四文化_题源分类准备_20260617_1301/02_text_cache/ocr_absorbed/2024_东城_二模.txt,"{""target"": ""B3_POLITICS_RULE_OF_LAW"", ""target_score"": 1, ""boundary"": ""XB2_EXCLUDED"", ""boundary_score"": 5, ""matches"": {""B3_POLITICS_RULE_OF_LAW"": ""法院"", ""XB2_EXCLUDED"": ""诉讼,民事,boost:诉讼,boost:民事""}, ""explicit_boundary_modules"": {""XB2_EXCLUDED"": [""诉讼"", ""民事""]}, ""override"": ""explicit_boundary_term""}",exclude_from_three_target_lines,main_matrix_original
2024_东城_二模,2024,东城,二模,2,,question,B4_CULTURE,objective,/Users/wanglifei/Desktop/北京高考政治/reports/必修二三与必修四文化_题源分类准备_20260617_1301/02_text_cache/ocr_cache/2024_东城_二模/试卷.ocr.txt,ocr-cache,included,/Users/wanglifei/Desktop/北京高考政治/reports/必修二三与必修四文化_题源分类准备_20260617_1301/02_text_cache/ocr_absorbed/2024_东城_二模.txt,"{""target"": ""B4_CULTURE"", ""target_score"": 7, ""boundary"": ""B4_PHILOSOPHY_EXCLUDED"", ""boundary_score"": 0, ""matches"": {""B2_ECONOMICS"": ""产业发展"", ""B4_CULTURE"": ""文化,文化产业""}}",future_baodian_intake,main_matrix_original
2024_东城_二模,2024,东城,二模,20,,question,XB1_EXCLUDED,subjective,/Users/wanglifei/Desktop/北京高考政治/reports/必修二三与必修四文化_题源分类准备_20260617_1301/02_text_cache/ocr_cache/2024_东城_二模/试卷.ocr.txt,ocr-cache,module-boundary-excluded,/Users/wanglifei/Desktop/北京高考政治/reports/必修二三与必修四文化_题源分类准备_20260617_1301/02_text_cache/ocr_absorbed/2024_东城_二模.txt,"{""target"": ""B3_POLITICS_RULE_OF_LAW"", ""target_score"": 2, ""boundary"": ""XB1_EXCLUDED"", ""boundary_score"": 12, ""matches"": {""B3_POLITICS_RULE_OF_LAW"": ""中国共产党,boost:中国共产党"", ""B4_CULTURE"": ""文化"", ""XB1_EXCLUDED"": ""当代国际政治与经济,联合国,世界多极化,国际组织,外交,boost:当代国际政治与经济,boost:联合国,boost:世界多极化,boost:国际组织,boost:外交""}, ""explicit_boundary_modules"": {""XB1_EXCLUDED"": [""当代国际政治与经济"", ""世界多极化"", ""联合国"", ""国际组织""]}, ""override"": ""explicit_boundary_term""}",exclude_from_three_target_lines,main_matrix_original
2024_东城_二模,2024,东城,二模,21,,question,B3_POLITICS_RULE_OF_LAW,subjective,/Users/wanglifei/Desktop/北京高考政治/reports/必修二三与必修四文化_题源分类准备_20260617_1301/02_text_cache/ocr_cache/2024_东城_二模/试卷.ocr.txt,ocr-cache,included,/Users/wanglifei/Desktop/北京高考政治/reports/必修二三与必修四文化_题源分类准备_20260617_1301/02_text_cache/ocr_absorbed/2024_东城_二模.txt,"{""target"": ""B3_POLITICS_RULE_OF_LAW"", ""target_score"": 3, ""boundary"": ""B1_EXCLUDED"", ""boundary_score"": 2, ""matches"": {""B3_POLITICS_RULE_OF_LAW"": ""中国共产党,boost:中国共产党"", ""B4_PHILOSOPHY_EXCLUDED"": ""实践"", ""B1_EXCLUDED"": ""中国特色社会主义,改革开放""}}",future_baodian_intake,main_matrix_original
2024_东城_二模,2024,东城,二模,3,,question,B4_PHILOSOPHY_EXCLUDED,objective,/Users/wanglifei/Desktop/北京高考政治/reports/必修二三与必修四文化_题源分类准备_20260617_1301/02_text_cache/ocr_cache/2024_东城_二模/试卷.ocr.txt,ocr-cache,module-boundary-excluded,05_reports/source_explicit_cleanup_audit.csv,"{""rule_id"": ""SOURCE_EXPLICIT_B4P_MAQUE_PHILOSOPHY_CHOICE"", ""matched_terms"": ""解剖麻雀,矛盾普遍性,个性共性,系统观念"", ""source"": ""source_explicit_cleanup_audit.csv"", ""prior_book_module"": ""UNKNOWN_OR_MIXED"", ""prior_status"": ""blocked""}",exclude_from_three_target_lines,source_explicit_cleanup
2024_东城_二模,2024,东城,二模,4,,question,B3_POLITICS_RULE_OF_LAW,objective,/Users/wanglifei/Desktop/北京高考政治/reports/必修二三与必修四文化_题源分类准备_20260617_1301/02_text_cache/ocr_cache/2024_东城_二模/试卷.ocr.txt,ocr-cache,included,/Users/wanglifei/Desktop/北京高考政治/reports/必修二三与必修四文化_题源分类准备_20260617_1301/02_text_cache/ocr_absorbed/2024_东城_二模.txt,"{""target"": ""B3_POLITICS_RULE_OF_LAW"", ""target_score"": 3, ""boundary"": ""B4_PHILOSOPHY_EXCLUDED"", ""boundary_score"": 0, ""matches"": {""B3_POLITICS_RULE_OF_LAW"": ""中国共产党,全面从严治党,boost:中国共产党""}}",future_baodian_intake,main_matrix_original
2024_东城_二模,2024,东城,二模,5,,question,B3_POLITICS_RULE_OF_LAW,objective,/Users/wanglifei/Desktop/北京高考政治/reports/必修二三与必修四文化_题源分类准备_20260617_1301/02_text_cache/ocr_cache/2024_东城_二模/试卷.ocr.txt,ocr-cache,included,05_reports/prompt_resolution_audit.csv,"{""override"": ""strict_prompt_resolution"", ""rule_id"": ""B3_EXPLICIT_POLITICS_PROMPT"", ""matched_terms"": ""居委会,政府部门、居委会"", ""prompt_source"": ""ocr-cache"", ""prompt"": ""近期,与电动自行车相关的火灾事故时有发生,牵动人心。由于未设置电动自行车 统一充电设施,某小区居民将蓄电池带上楼充电或者拉“飞线”到楼下充电,造成严 重安全隐患。防范化解这一问题 1物业服务公司应严格规范罚款标准,依法惩治小区“飞线”充电行为 2政府部门、居委会和企业等多方协同,完善公共充电配套设施 3社区应行使社会管理职能,与电动自行车车主签订《小区规范充电协议》 4全体居民集体行使基层公共事务的管理权,加强对电动车充电的管理和巡查 A. 12 B. 13 C.24 D.34"", ""previous_decision"": ""{\""target\"": \""B3_POLITICS_RULE_OF_LAW\"", \""target_score\"": 1, \""boundary\"": \""B4_PHILOSOPHY_EXCLUDED\"", \""boundary_score\"": 0, \""matches\"": {\""B3_POLITICS_RULE_OF_LAW\"": \""政府\""}}""}",future_baodian_intake,prompt_resolved_from_main_matrix_original
2024_东城_二模,2024,东城,二模,6,,question,XB3_EXCLUDED,objective,/Users/wanglifei/Desktop/北京高考政治/reports/必修二三与必修四文化_题源分类准备_20260617_1301/02_text_cache/ocr_cache/2024_东城_二模/试卷.ocr.txt,ocr-cache,module-boundary-excluded,/Users/wanglifei/Desktop/北京高考政治/reports/必修二三与必修四文化_题源分类准备_20260617_1301/02_text_cache/ocr_absorbed/2024_东城_二模.txt,"{""target"": ""B3_POLITICS_RULE_OF_LAW"", ""target_score"": 2, ""boundary"": ""XB3_EXCLUDED"", ""boundary_score"": 2, ""matches"": {""B3_POLITICS_RULE_OF_LAW"": ""法院"", ""XB3_EXCLUDED"": ""创新思维,boost:创新思维""}, ""explicit_boundary_modules"": {""XB3_EXCLUDED"": [""创新思维""]}, ""override"": ""explicit_boundary_term""}",exclude_from_three_target_lines,main_matrix_original
2024_东城_二模,2024,东城,二模,7,,question,XB2_EXCLUDED,objective,/Users/wanglifei/Desktop/北京高考政治/reports/必修二三与必修四文化_题源分类准备_20260617_1301/02_text_cache/ocr_cache/2024_东城_二模/试卷.ocr.txt,ocr-cache,module-boundary-excluded,/Users/wanglifei/Desktop/北京高考政治/reports/必修二三与必修四文化_题源分类准备_20260617_1301/02_text_cache/ocr_absorbed/2024_东城_二模.txt,"{""target"": ""B2_ECONOMICS"", ""target_score"": 2, ""boundary"": ""XB2_EXCLUDED"", ""boundary_score"": 5, ""matches"": {""B2_ECONOMICS"": ""消费"", ""XB2_EXCLUDED"": ""侵权,诉讼,boost:侵权,boost:诉讼""}, ""explicit_boundary_modules"": {""XB2_EXCLUDED"": [""侵权"", ""诉讼""]}, ""override"": ""explicit_boundary_term""}",exclude_from_three_target_lines,main_matrix_original
2024_东城_二模,2024,东城,二模,8,,question,XB2_EXCLUDED,objective,/Users/wanglifei/Desktop/北京高考政治/reports/必修二三与必修四文化_题源分类准备_20260617_1301/02_text_cache/ocr_cache/2024_东城_二模/试卷.ocr.txt,ocr-cache,module-boundary-excluded,/Users/wanglifei/Desktop/北京高考政治/reports/必修二三与必修四文化_题源分类准备_20260617_1301/02_text_cache/ocr_absorbed/2024_东城_二模.txt,"{""target"": ""B3_POLITICS_RULE_OF_LAW"", ""target_score"": 2, ""boundary"": ""XB2_EXCLUDED"", ""boundary_score"": 7, ""matches"": {""B3_POLITICS_RULE_OF_LAW"": ""检察,法院"", ""XB2_EXCLUDED"": ""诉讼,民事,上诉,boost:诉讼,boost:民事,boost:上诉""}, ""explicit_boundary_modules"": {""XB2_EXCLUDED"": [""诉讼"", ""民事""]}, ""override"": ""explicit_boundary_term""}",exclude_from_three_target_lines,main_matrix_original
2024_东城_二模,2024,东城,二模,9,,question,XB3_EXCLUDED,objective,/Users/wanglifei/Desktop/北京高考政治/reports/必修二三与必修四文化_题源分类准备_20260617_1301/02_text_cache/ocr_cache/2024_东城_二模/试卷.ocr.txt,ocr-cache,module-boundary-excluded,05_reports/strong_blocker_resolution_audit.csv,"{""rule_id"": ""STRONG_BLOCKER_XB3_NECESSARY_CONDITION"", ""matched_terms"": ""只有,必然成立,充分必要判断"", ""source"": ""strong_blocker_resolution_review.csv"", ""evidence_source_type"": ""ocr-cache"", ""prior_status"": ""blocked"", ""prior_next_action"": ""manual_review_needed""}",exclude_from_three_target_lines,strong_blocker_resolution
2024_丰台_一模,2024,丰台,一模,1,,question,B4_CULTURE,objective,/Users/wanglifei/Desktop/2024模拟题/丰台一模/试卷/试卷.pdf | /Users/wanglifei/Desktop/2024模拟题/丰台一模/试卷/补充材料/2024北京丰台高三一模政治试题及答案.pdf,"paper,reference-answer",included,/Users/wanglifei/Desktop/北京高考政治/reports/必修二三与必修四文化_题源分类准备_20260617_1301/03_question_index/question_candidates.csv,"{""target"": ""B4_CULTURE"", ""target_score"": 5, ""boundary"": ""B4_PHILOSOPHY_EXCLUDED"", ""boundary_score"": 0, ""matches"": {""B3_POLITICS_RULE_OF_LAW"": ""中国共产党,boost:中国共产党"", ""B4_CULTURE"": ""文化,革命文化,长征精神,boost:革命文化,boost:长征精神""}}",future_baodian_intake,main_matrix_original
2024_丰台_一模,2024,丰台,一模,10,,question,XB3_EXCLUDED,objective,/Users/wanglifei/Desktop/2024模拟题/丰台一模/试卷/补充材料/2024北京丰台高三一模政治试题及答案.pdf,reference-answer,module-boundary-excluded,/Users/wanglifei/Desktop/北京高考政治/reports/必修二三与必修四文化_题源分类准备_20260617_1301/03_question_index/question_candidates.csv,"{""target"": ""B2_ECONOMICS"", ""target_score"": 0, ""boundary"": ""XB3_EXCLUDED"", ""boundary_score"": 4, ""matches"": {""XB3_EXCLUDED"": ""科学思维,创新思维,boost:科学思维,boost:创新思维""}, ""explicit_boundary_modules"": {""XB3_EXCLUDED"": [""科学思维"", ""创新思维""]}, ""override"": ""explicit_boundary_term""}",exclude_from_three_target_lines,main_matrix_original
2024_丰台_一模,2024,丰台,一模,11,,question,XB3_EXCLUDED,objective,/Users/wanglifei/Desktop/2024模拟题/丰台一模/试卷/补充材料/2024北京丰台高三一模政治试题及答案.pdf,reference-answer,module-boundary-excluded,/Users/wanglifei/Desktop/北京高考政治/reports/必修二三与必修四文化_题源分类准备_20260617_1301/03_question_index/question_candidates.csv,"{""target"": ""B2_ECONOMICS"", ""target_score"": 0, ""boundary"": ""XB3_EXCLUDED"", ""boundary_score"": 8, ""matches"": {""XB3_EXCLUDED"": ""关系判断,推论,非对称性关系判断,必要条件,boost:关系判断,boost:推论,boost:非对称性关系判断,boost:必要条件""}, ""explicit_boundary_modules"": {""XB3_EXCLUDED"": [""必要条件""]}, ""override"": ""explicit_boundary_term""}",exclude_from_three_target_lines,main_matrix_original
2024_丰台_一模,2024,丰台,一模,12,,question,XB2_EXCLUDED,objective,/Users/wanglifei/Desktop/2024模拟题/丰台一模/试卷/补充材料/2024北京丰台高三一模政治试题及答案.pdf,reference-answer,module-boundary-excluded,/Users/wanglifei/Desktop/北京高考政治/reports/必修二三与必修四文化_题源分类准备_20260617_1301/03_question_index/question_candidates.csv,"{""target"": ""B2_ECONOMICS"", ""target_score"": 9, ""boundary"": ""XB2_EXCLUDED"", ""boundary_score"": 7, ""matches"": {""B2_ECONOMICS"": ""民营经济,民营企业,高质量发展,boost:民营经济,boost:高质量发展"", ""B3_POLITICS_RULE_OF_LAW"": ""政府"", ""XB2_EXCLUDED"": ""侵权,知识产权,赔偿,专利,boost:侵权,boost:知识产权,boost:专利""}, ""explicit_boundary_modules"": {""XB2_EXCLUDED"": [""侵权"", ""知识产权"", ""专利""]}, ""override"": ""explicit_boundary_term""}",exclude_from_three_target_lines,main_matrix_original
2024_丰台_一模,2024,丰台,一模,13,,question,B2_ECONOMICS,objective,/Users/wanglifei/Desktop/2024模拟题/丰台一模/试卷/补充材料/2024北京丰台高三一模政治试题及答案.pdf,reference-answer,reference-only,/Users/wanglifei/Desktop/北京高考政治/reports/必修二三与必修四文化_题源分类准备_20260617_1301/03_question_index/question_candidates.csv,"{""target"": ""B2_ECONOMICS"", ""target_score"": 7, ""boundary"": ""B4_PHILOSOPHY_EXCLUDED"", ""boundary_score"": 0, ""matches"": {""B2_ECONOMICS"": ""社会保障,医保,居民收入,民生服务,boost:社会保障,boost:医保"", ""B3_POLITICS_RULE_OF_LAW"": ""公共服务"", ""B4_CULTURE"": ""文化""}}",locate_paper_for_confirmation,main_matrix_original
2024_丰台_一模,2024,丰台,一模,14,,question,B2_ECONOMICS,objective,/Users/wanglifei/Desktop/2024模拟题/丰台一模/试卷/补充材料/2024北京丰台高三一模政治试题及答案.pdf,reference-answer,included,05_reports/prompt_resolution_audit.csv,"{""override"": ""strict_prompt_resolution"", ""rule_id"": ""B2_EXPLICIT_ECONOMICS_PROMPT"", ""matched_terms"": ""物流"", ""prompt_source"": ""reference-answer"", ""prompt"": ""中间品是指生产过程中用于生产其他商品和服务的产品,包括生产过程中的原材料、零部件、半成品 等。它是连接全球产业上下游的重要纽带。关于拓展中间品贸易的传导路径,下列理解正确的是 1引导中间品生产企业“走出去”→充分利用国内外资源→增强国内外联动效应 2加强数据驱动的市场分析 →减少中间品贸易竞争 →上下游产业协同发展 3推进区域合作 →促进贸易投资自由化便利化 →加速中间品贸易周转 4 完善国际物流基础设施建设 →优化库存管理 →提升中间品质量 A.12 B.13 C.24 D.34"", ""previous_decision"": ""{\""target\"": \""B2_ECONOMICS\"", \""target_score\"": 1, \""boundary\"": \""B4_PHILOSOPHY_EXCLUDED\"", \""boundary_score\"": 0, \""matches\"": {\""B2_ECONOMICS\"": \""基础设施\""}}""}",future_baodian_intake,prompt_resolved_from_main_matrix_original
2024_丰台_一模,2024,丰台,一模,15,,question,XB1_EXCLUDED,objective,/Users/wanglifei/Desktop/2024模拟题/丰台一模/试卷/补充材料/2024北京丰台高三一模政治试题及答案.pdf,reference-answer,module-boundary-excluded,/Users/wanglifei/Desktop/北京高考政治/reports/必修二三与必修四文化_题源分类准备_20260617_1301/03_question_index/question_candidates.csv,"{""target"": ""B2_ECONOMICS"", ""target_score"": 0, ""boundary"": ""XB1_EXCLUDED"", ""boundary_score"": 8, ""matches"": {""XB1_EXCLUDED"": ""中国外交,外交,元首外交,boost:中国外交,boost:外交,boost:元首外交""}}",exclude_from_three_target_lines,main_matrix_original
2024_丰台_一模,2024,丰台,一模,16,,question,B3_POLITICS_RULE_OF_LAW,subjective,/Users/wanglifei/Desktop/2024模拟题/丰台一模/试卷/补充材料/2024北京丰台高三一模政治试题及答案.pdf,reference-answer,reference-only,/Users/wanglifei/Desktop/北京高考政治/reports/必修二三与必修四文化_题源分类准备_20260617_1301/03_question_index/question_candidates.csv,"{""target"": ""B3_POLITICS_RULE_OF_LAW"", ""target_score"": 4, ""boundary"": ""B4_PHILOSOPHY_EXCLUDED"", ""boundary_score"": 2, ""matches"": {""B3_POLITICS_RULE_OF_LAW"": ""政治与法治,中国共产党,boost:政治与法治,boost:中国共产党"", ""B4_PHILOSOPHY_EXCLUDED"": ""矛盾,boost:矛盾"", ""B1_EXCLUDED"": ""中国特色社会主义""}}",locate_paper_for_confirmation,main_matrix_original
2024_丰台_一模,2024,丰台,一模,17,,question,XB2_EXCLUDED,subjective,/Users/wanglifei/Desktop/2024模拟题/丰台一模/试卷/补充材料/2024北京丰台高三一模政治试题及答案.pdf,reference-answer,module-boundary-excluded,/Users/wanglifei/Desktop/北京高考政治/reports/必修二三与必修四文化_题源分类准备_20260617_1301/03_question_index/question_candidates.csv,"{""target"": ""B3_POLITICS_RULE_OF_LAW"", ""target_score"": 5, ""boundary"": ""XB2_EXCLUDED"", ""boundary_score"": 14, ""matches"": {""B3_POLITICS_RULE_OF_LAW"": ""法院"", ""B4_CULTURE"": ""社会主义核心价值观,boost:社会主义核心价值观"", ""XB2_EXCLUDED"": ""法律与生活,民法典,民事,赔偿,健康权,boost:法律与生活,boost:民法典,boost:民事,boost:健康权""}, ""explicit_boundary_modules"": {""XB2_EXCLUDED"": [""法律与生活"", ""民法典"", ""民事""]}, ""override"": ""explicit_boundary_term""}",exclude_from_three_target_lines,main_matrix_original
2024_丰台_一模,2024,丰台,一模,18,,question,B2_ECONOMICS,subjective,/Users/wanglifei/Desktop/2024模拟题/丰台一模/试卷/补充材料/2024北京丰台高三一模政治试题及答案.pdf,reference-answer,reference-only,/Users/wanglifei/Desktop/北京高考政治/reports/必修二三与必修四文化_题源分类准备_20260617_1301/03_question_index/question_candidates.csv,"{""target"": ""B2_ECONOMICS"", ""target_score"": 24, ""boundary"": ""B4_PHILOSOPHY_EXCLUDED"", ""boundary_score"": 3, ""matches"": {""B2_ECONOMICS"": ""经济与社会,高质量发展,新质生产力,产业链,劳动者,生产要素,经济增长,boost:经济与社会,boost:高质量发展,boost:新质生产力,boost:产业链,boost:生产要素"", ""B3_POLITICS_RULE_OF_LAW"": ""政府"", ""B4_PHILOSOPHY_EXCLUDED"": ""认识,矛盾,boost:矛盾"", ""XB1_EXCLUDED"": ""对外开放""}}",locate_paper_for_confirmation,main_matrix_original
2024_丰台_一模,2024,丰台,一模,19,,question,XB3_EXCLUDED,subjective,/Users/wanglifei/Desktop/2024模拟题/丰台一模/试卷/补充材料/2024北京丰台高三一模政治试题及答案.pdf,reference-answer,module-boundary-excluded,/Users/wanglifei/Desktop/北京高考政治/reports/必修二三与必修四文化_题源分类准备_20260617_1301/03_question_index/question_candidates.csv,"{""target"": ""B3_POLITICS_RULE_OF_LAW"", ""target_score"": 6, ""boundary"": ""XB3_EXCLUDED"", ""boundary_score"": 5, ""matches"": {""B3_POLITICS_RULE_OF_LAW"": ""政协,模拟政协,boost:政协,boost:模拟政协"", ""B4_PHILOSOPHY_EXCLUDED"": ""认识"", ""XB3_EXCLUDED"": ""科学思维,逻辑规则,boost:科学思维,boost:逻辑规则""}, ""explicit_boundary_modules"": {""XB3_EXCLUDED"": [""科学思维""]}, ""override"": ""explicit_boundary_term""}",exclude_from_three_target_lines,main_matrix_original
2024_丰台_一模,2024,丰台,一模,2,,question,B4_CULTURE,objective,/Users/wanglifei/Desktop/2024模拟题/丰台一模/试卷/试卷.pdf | /Users/wanglifei/Desktop/2024模拟题/丰台一模/试卷/补充材料/2024北京丰台高三一模政治试题及答案.pdf,"paper,reference-answer",included,/Users/wanglifei/Desktop/北京高考政治/reports/必修二三与必修四文化_题源分类准备_20260617_1301/03_question_index/question_candidates.csv,"{""target"": ""B4_CULTURE"", ""target_score"": 9, ""boundary"": ""B4_PHILOSOPHY_EXCLUDED"", ""boundary_score"": 0, ""matches"": {""B4_CULTURE"": ""文化,传统文化,纹样,中华文明,boost:传统文化,boost:纹样,boost:中华文明""}}",future_baodian_intake,main_matrix_original
2024_丰台_一模,2024,丰台,一模,20,,question,XB1_EXCLUDED,subjective,/Users/wanglifei/Desktop/2024模拟题/丰台一模/试卷/补充材料/2024北京丰台高三一模政治试题及答案.pdf,reference-answer,module-boundary-excluded,/Users/wanglifei/Desktop/北京高考政治/reports/必修二三与必修四文化_题源分类准备_20260617_1301/03_question_index/question_candidates.csv,"{""target"": ""B2_ECONOMICS"", ""target_score"": 17, ""boundary"": ""XB1_EXCLUDED"", ""boundary_score"": 5, ""matches"": {""B2_ECONOMICS"": ""产业链,供应链,生产要素,基础设施,boost:产业链,boost:供应链,boost:生产要素"", ""B4_PHILOSOPHY_EXCLUDED"": ""实践"", ""XB1_EXCLUDED"": ""当代国际政治与经济,经济全球化,对外开放,boost:当代国际政治与经济,boost:经济全球化""}, ""explicit_boundary_modules"": {""XB1_EXCLUDED"": [""当代国际政治与经济"", ""经济全球化""]}, ""override"": ""explicit_boundary_term""}",exclude_from_three_target_lines,main_matrix_original
2024_丰台_一模,2024,丰台,一模,21,,question,XB1_EXCLUDED,subjective,/Users/wanglifei/Desktop/2024模拟题/丰台一模/试卷/补充材料/2024北京丰台高三一模政治试题及答案.pdf,reference-answer,module-boundary-excluded,/Users/wanglifei/Desktop/北京高考政治/reports/必修二三与必修四文化_题源分类准备_20260617_1301/03_question_index/question_candidates.csv,"{""target"": ""B3_POLITICS_RULE_OF_LAW"", ""target_score"": 2, ""boundary"": ""XB1_EXCLUDED"", ""boundary_score"": 7, ""matches"": {""B3_POLITICS_RULE_OF_LAW"": ""中国共产党,boost:中国共产党"", ""XB1_EXCLUDED"": ""联合国,和平与发展,人类命运共同体,boost:联合国,boost:和平与发展,boost:人类命运共同体""}, ""explicit_boundary_modules"": {""XB1_EXCLUDED"": [""联合国"", ""人类命运共同体""]}, ""override"": ""explicit_boundary_term""}",exclude_from_three_target_lines,main_matrix_original
2024_丰台_一模,2024,丰台,一模,3,,question,B4_CULTURE,objective,/Users/wanglifei/Desktop/2024模拟题/丰台一模/试卷/试卷.pdf | /Users/wanglifei/Desktop/2024模拟题/丰台一模/试卷/补充材料/2024北京丰台高三一模政治试题及答案.pdf,"paper,reference-answer",included,/Users/wanglifei/Desktop/北京高考政治/reports/必修二三与必修四文化_题源分类准备_20260617_1301/03_question_index/question_candidates.csv,"{""target"": ""B4_CULTURE"", ""target_score"": 7, ""boundary"": ""B4_PHILOSOPHY_EXCLUDED"", ""boundary_score"": 0, ""matches"": {""B4_CULTURE"": ""文化,文旅,boost:文旅""}}",future_baodian_intake,main_matrix_original
2024_丰台_一模,2024,丰台,一模,4,,question,B3_POLITICS_RULE_OF_LAW,objective,/Users/wanglifei/Desktop/2024模拟题/丰台一模/试卷/补充材料/2024北京丰台高三一模政治试题及答案.pdf,reference-answer,reference-only,/Users/wanglifei/Desktop/北京高考政治/reports/必修二三与必修四文化_题源分类准备_20260617_1301/03_question_index/question_candidates.csv,"{""target"": ""B3_POLITICS_RULE_OF_LAW"", ""target_score"": 10, ""boundary"": ""B4_PHILOSOPHY_EXCLUDED"", ""boundary_score"": 0, ""matches"": {""B3_POLITICS_RULE_OF_LAW"": ""人民代表大会,全国人大,全国人大常委会,人大常委会,立法权,科学立法,boost:人民代表大会,boost:全国人大,boost:人大常委会,boost:科学立法""}}",locate_paper_for_confirmation,main_matrix_original
2024_丰台_一模,2024,丰台,一模,5,,question,XB2_EXCLUDED,objective,/Users/wanglifei/Desktop/2024模拟题/丰台一模/试卷/补充材料/2024北京丰台高三一模政治试题及答案.pdf,reference-answer,module-boundary-excluded,/Users/wanglifei/Desktop/北京高考政治/reports/必修二三与必修四文化_题源分类准备_20260617_1301/03_question_index/question_candidates.csv,"{""target"": ""B3_POLITICS_RULE_OF_LAW"", ""target_score"": 4, ""boundary"": ""XB2_EXCLUDED"", ""boundary_score"": 2, ""matches"": {""B3_POLITICS_RULE_OF_LAW"": ""法院"", ""XB2_EXCLUDED"": ""诉讼,boost:诉讼""}, ""explicit_boundary_modules"": {""XB2_EXCLUDED"": [""诉讼""]}, ""override"": ""explicit_boundary_term""}",exclude_from_three_target_lines,main_matrix_original
2024_丰台_一模,2024,丰台,一模,6,,question,XB2_EXCLUDED,objective,/Users/wanglifei/Desktop/2024模拟题/丰台一模/试卷/补充材料/2024北京丰台高三一模政治试题及答案.pdf,reference-answer,module-boundary-excluded,/Users/wanglifei/Desktop/北京高考政治/reports/必修二三与必修四文化_题源分类准备_20260617_1301/03_question_index/question_candidates.csv,"{""target"": ""B3_POLITICS_RULE_OF_LAW"", ""target_score"": 1, ""boundary"": ""XB2_EXCLUDED"", ""boundary_score"": 13, ""matches"": {""B3_POLITICS_RULE_OF_LAW"": ""法院"", ""XB2_EXCLUDED"": ""侵权,民事,民事行为能力,赔偿,监护人,法定监护人,boost:侵权,boost:民事,boost:民事行为能力,boost:监护人,boost:法定监护人""}, ""explicit_boundary_modules"": {""XB2_EXCLUDED"": [""侵权"", ""民事""]}, ""override"": ""explicit_boundary_term""}",exclude_from_three_target_lines,main_matrix_original
2024_丰台_一模,2024,丰台,一模,7,,question,XB3_EXCLUDED,objective,/Users/wanglifei/Desktop/2024模拟题/丰台一模/试卷/补充材料/2024北京丰台高三一模政治试题及答案.pdf,reference-answer,module-boundary-excluded,/Users/wanglifei/Desktop/北京高考政治/reports/必修二三与必修四文化_题源分类准备_20260617_1301/03_question_index/question_candidates.csv,"{""target"": ""B2_ECONOMICS"", ""target_score"": 0, ""boundary"": ""XB3_EXCLUDED"", ""boundary_score"": 6, ""matches"": {""XB3_EXCLUDED"": ""假言判断,周延,属种关系,boost:假言判断,boost:周延,boost:属种关系""}, ""explicit_boundary_modules"": {""XB3_EXCLUDED"": [""假言""]}, ""override"": ""explicit_boundary_term""}",exclude_from_three_target_lines,main_matrix_original
2024_丰台_一模,2024,丰台,一模,8,,question,B4_PHILOSOPHY_EXCLUDED,objective,/Users/wanglifei/Desktop/2024模拟题/丰台一模/试卷/补充材料/2024北京丰台高三一模政治试题及答案.pdf,reference-answer,module-boundary-excluded,/Users/wanglifei/Desktop/北京高考政治/reports/必修二三与必修四文化_题源分类准备_20260617_1301/03_question_index/question_candidates.csv,"{""target"": ""B2_ECONOMICS"", ""target_score"": 2, ""boundary"": ""B4_PHILOSOPHY_EXCLUDED"", ""boundary_score"": 5, ""matches"": {""B2_ECONOMICS"": ""高质量发展,boost:高质量发展"", ""B4_PHILOSOPHY_EXCLUDED"": ""认识,量的渐进性,质的连续性,boost:量的渐进性,boost:质的连续性""}}",exclude_from_three_target_lines,main_matrix_original
2024_丰台_一模,2024,丰台,一模,9,,question,B4_PHILOSOPHY_EXCLUDED,objective,/Users/wanglifei/Desktop/2024模拟题/丰台一模/试卷/补充材料/2024北京丰台高三一模政治试题及答案.pdf,reference-answer,module-boundary-excluded,/Users/wanglifei/Desktop/北京高考政治/reports/必修二三与必修四文化_题源分类准备_20260617_1301/03_question_index/question_candidates.csv,"{""target"": ""B2_ECONOMICS"", ""target_score"": 0, ""boundary"": ""B4_PHILOSOPHY_EXCLUDED"", ""boundary_score"": 13, ""matches"": {""B4_PHILOSOPHY_EXCLUDED"": ""实践,认识,真理,价值判断,价值选择,主观能动性,boost:真理,boost:价值判断,boost:价值选择""}, ""explicit_boundary_modules"": {""B4_PHILOSOPHY_EXCLUDED"": [""价值判断"", ""价值选择""]}, ""override"": ""explicit_boundary_term""}",exclude_from_three_target_lines,main_matrix_original
2024_丰台_二模,2024,丰台,二模,1,,question,B3_POLITICS_RULE_OF_LAW,objective,/Users/wanglifei/Desktop/北京高考政治/reports/必修二三与必修四文化_题源分类准备_20260617_1301/02_text_cache/ocr_cache/2024_丰台_二模/试卷.ocr.txt,ocr-cache,included,/Users/wanglifei/Desktop/北京高考政治/reports/必修二三与必修四文化_题源分类准备_20260617_1301/02_text_cache/ocr_absorbed/2024_丰台_二模.txt,"{""target"": ""B3_POLITICS_RULE_OF_LAW"", ""target_score"": 4, ""boundary"": ""B4_PHILOSOPHY_EXCLUDED"", ""boundary_score"": 2, ""matches"": {""B3_POLITICS_RULE_OF_LAW"": ""中国共产党,党的领导,boost:中国共产党,boost:党的领导"", ""B4_PHILOSOPHY_EXCLUDED"": ""真理,boost:真理""}}",future_baodian_intake,main_matrix_original
2024_丰台_二模,2024,丰台,二模,10,,question,XB3_EXCLUDED,objective,/Users/wanglifei/Desktop/北京高考政治/reports/必修二三与必修四文化_题源分类准备_20260617_1301/02_text_cache/ocr_cache/2024_丰台_二模/试卷.ocr.txt,ocr-cache,module-boundary-excluded,/Users/wanglifei/Desktop/北京高考政治/reports/必修二三与必修四文化_题源分类准备_20260617_1301/02_text_cache/ocr_absorbed/2024_丰台_二模.txt,"{""target"": ""B2_ECONOMICS"", ""target_score"": 0, ""boundary"": ""XB3_EXCLUDED"", ""boundary_score"": 10, ""matches"": {""B4_PHILOSOPHY_EXCLUDED"": ""实践,认识"", ""XB3_EXCLUDED"": ""推理,类比推理,演绎推理,归纳推理,boost:推理,boost:类比推理,boost:演绎推理,boost:归纳推理""}, ""explicit_boundary_modules"": {""XB3_EXCLUDED"": [""推理""]}, ""override"": ""explicit_boundary_term""}",exclude_from_three_target_lines,main_matrix_original
2024_丰台_二模,2024,丰台,二模,11,,question,B4_CULTURE,objective,/Users/wanglifei/Desktop/北京高考政治/reports/必修二三与必修四文化_题源分类准备_20260617_1301/02_text_cache/ocr_cache/2024_丰台_二模/试卷.ocr.txt,ocr-cache,included,/Users/wanglifei/Desktop/北京高考政治/reports/必修二三与必修四文化_题源分类准备_20260617_1301/02_text_cache/ocr_absorbed/2024_丰台_二模.txt,"{""target"": ""B4_CULTURE"", ""target_score"": 17, ""boundary"": ""B4_PHILOSOPHY_EXCLUDED"", ""boundary_score"": 0, ""matches"": {""B4_CULTURE"": ""文化,博物馆,文物,boost:博物馆,boost:文物""}}",future_baodian_intake,main_matrix_original
2024_丰台_二模,2024,丰台,二模,12,,question,XB2_EXCLUDED,objective,/Users/wanglifei/Desktop/北京高考政治/reports/必修二三与必修四文化_题源分类准备_20260617_1301/02_text_cache/ocr_cache/2024_丰台_二模/试卷.ocr.txt,ocr-cache,module-boundary-excluded,/Users/wanglifei/Desktop/北京高考政治/reports/必修二三与必修四文化_题源分类准备_20260617_1301/02_text_cache/ocr_absorbed/2024_丰台_二模.txt,"{""target"": ""B2_ECONOMICS"", ""target_score"": 0, ""boundary"": ""B4_PHILOSOPHY_EXCLUDED"", ""boundary_score"": 3, ""matches"": {""B4_PHILOSOPHY_EXCLUDED"": ""认识,主观能动性"", ""XB2_EXCLUDED"": ""知识产权,boost:知识产权"", ""XB3_EXCLUDED"": ""充分条件,boost:充分条件""}, ""explicit_boundary_modules"": {""XB2_EXCLUDED"": [""知识产权""], ""XB3_EXCLUDED"": [""充分条件""]}, ""override"": ""explicit_boundary_term""}",exclude_from_three_target_lines,main_matrix_original
2024_丰台_二模,2024,丰台,二模,13,,question,B4_PHILOSOPHY_EXCLUDED,objective,/Users/wanglifei/Desktop/北京高考政治/reports/必修二三与必修四文化_题源分类准备_20260617_1301/02_text_cache/ocr_cache/2024_丰台_二模/试卷.ocr.txt,ocr-cache,module-boundary-excluded,/Users/wanglifei/Desktop/北京高考政治/reports/必修二三与必修四文化_题源分类准备_20260617_1301/02_text_cache/ocr_absorbed/2024_丰台_二模.txt,"{""target"": ""B2_ECONOMICS"", ""target_score"": 0, ""boundary"": ""B4_PHILOSOPHY_EXCLUDED"", ""boundary_score"": 2, ""matches"": {""B4_PHILOSOPHY_EXCLUDED"": ""适度原则,boost:适度原则"", ""XB3_EXCLUDED"": ""逆向思维,boost:逆向思维""}}",exclude_from_three_target_lines,main_matrix_original
2024_丰台_二模,2024,丰台,二模,14,,question,XB1_EXCLUDED,objective,/Users/wanglifei/Desktop/北京高考政治/reports/必修二三与必修四文化_题源分类准备_20260617_1301/02_text_cache/ocr_cache/2024_丰台_二模/试卷.ocr.txt,ocr-cache,module-boundary-excluded,05_reports/prompt_resolution_audit.csv,"{""override"": ""strict_prompt_resolution"", ""rule_id"": ""XB1_INTERNATIONAL_PROMPT"", ""matched_terms"": ""国际贸易,进出口贸易,多党制国家,关税,对外贸易,贸易自由化"", ""prompt_source"": ""ocr-cache"", ""prompt"": ""某多党制国家即将举行大选,目前有四个主要政党竞争激烈。这些政觉分别代表了不 同的经济利益集团和社会阶层。假设该国经济高度依赖国际贸易,以下政党的主张最 有可能获得进出口贸易企业支持的是 A. 甲觉:主张提高最低工资标准,强化劳动保护法规,支持工会组织集体谈判 B. 乙觉:主张增加公共支出以促进国内基础设施建设,提高关税保护本国的产业 C. 丙觉:主张环境保护和可持续发展政策,提倡减少碳排放和支持绿色能源项目 D.丁党:主张降低关税,加强与他国的贸易合作,推动对外贸易自由化便利化"", ""previous_decision"": ""{\""target\"": \""B2_ECONOMICS\"", \""target_score\"": 1, \""boundary\"": \""XB1_EXCLUDED\"", \""boundary_score\"": 2, \""matches\"": {\""B2_ECONOMICS\"": \""基础设施\"", \""XB1_EXCLUDED\"": \""国际贸易,boost:国际贸易\""}}""}",exclude_from_three_target_lines,prompt_resolved_from_main_matrix_original
2024_丰台_二模,2024,丰台,二模,15,,question,XB1_EXCLUDED,objective,/Users/wanglifei/Desktop/北京高考政治/reports/必修二三与必修四文化_题源分类准备_20260617_1301/02_text_cache/ocr_cache/2024_丰台_二模/试卷.ocr.txt,ocr-cache,module-boundary-excluded,/Users/wanglifei/Desktop/北京高考政治/reports/必修二三与必修四文化_题源分类准备_20260617_1301/02_text_cache/ocr_absorbed/2024_丰台_二模.txt,"{""target"": ""B2_ECONOMICS"", ""target_score"": 2, ""boundary"": ""XB1_EXCLUDED"", ""boundary_score"": 4, ""matches"": {""B2_ECONOMICS"": ""经济增长,boost:经济增长"", ""XB1_EXCLUDED"": ""国际关系,经济全球化,boost:国际关系,boost:经济全球化""}, ""explicit_boundary_modules"": {""XB1_EXCLUDED"": [""经济全球化"", ""国际关系""]}, ""override"": ""explicit_boundary_term""}",exclude_from_three_target_lines,main_matrix_original
2024_丰台_二模,2024,丰台,二模,16,,question,B3_POLITICS_RULE_OF_LAW,subjective,/Users/wanglifei/Desktop/北京高考政治/reports/必修二三与必修四文化_题源分类准备_20260617_1301/02_text_cache/ocr_cache/2024_丰台_二模/试卷.ocr.txt,ocr-cache,included,/Users/wanglifei/Desktop/北京高考政治/reports/必修二三与必修四文化_题源分类准备_20260617_1301/02_text_cache/ocr_absorbed/2024_丰台_二模.txt,"{""target"": ""B3_POLITICS_RULE_OF_LAW"", ""target_score"": 6, ""boundary"": ""B4_PHILOSOPHY_EXCLUDED"", ""boundary_score"": 0, ""matches"": {""B3_POLITICS_RULE_OF_LAW"": ""政治与法治,党组织,社区治理,boost:政治与法治,boost:党组织""}}",future_baodian_intake,main_matrix_original
2024_丰台_二模,2024,丰台,二模,17,,question,XB2_EXCLUDED,subjective,/Users/wanglifei/Desktop/北京高考政治/reports/必修二三与必修四文化_题源分类准备_20260617_1301/02_text_cache/ocr_cache/2024_丰台_二模/试卷.ocr.txt,ocr-cache,module-boundary-excluded,/Users/wanglifei/Desktop/北京高考政治/reports/必修二三与必修四文化_题源分类准备_20260617_1301/02_text_cache/ocr_absorbed/2024_丰台_二模.txt,"{""target"": ""B3_POLITICS_RULE_OF_LAW"", ""target_score"": 1, ""boundary"": ""XB2_EXCLUDED"", ""boundary_score"": 29, ""matches"": {""B3_POLITICS_RULE_OF_LAW"": ""法院"", ""XB2_EXCLUDED"": ""法律与生活,民法典,侵权,知识产权,诉讼,民事,民事主体,侵权责任,赔偿,专利,boost:法律与生活,boost:民法典""}, ""explicit_boundary_modules"": {""XB2_EXCLUDED"": [""法律与生活"", ""民法典"", ""侵权"", ""知识产权"", ""诉讼"", ""民事"", ""专利""]}, ""override"": ""explicit_boundary_term""}",exclude_from_three_target_lines,main_matrix_original
2024_丰台_二模,2024,丰台,二模,18(1),18,subquestion,XB3_EXCLUDED,subjective,/Users/wanglifei/Desktop/北京高考政治/reports/必修二三与必修四文化_题源分类准备_20260617_1301/02_text_cache/ocr_cache/2024_丰台_二模/试卷.ocr.txt,ocr-cache,module-boundary-excluded,04_module_classification/subquestion_split_matrix.csv,"{""target"": ""B2_ECONOMICS"", ""target_score"": 0, ""boundary"": ""XB3_EXCLUDED"", ""boundary_score"": 4, ""matches"": {""XB3_EXCLUDED"": ""三段论,逻辑规则,boost:三段论,boost:逻辑规则""}, ""explicit_boundary_modules"": {""XB3_EXCLUDED"": [""三段论""]}, ""override"": ""explicit_boundary_term""}",exclude_from_three_target_lines,subquestion_integrated_boundary
2024_丰台_二模,2024,丰台,二模,18(2),18,subquestion,XB3_EXCLUDED,subjective,/Users/wanglifei/Desktop/北京高考政治/reports/必修二三与必修四文化_题源分类准备_20260617_1301/02_text_cache/ocr_cache/2024_丰台_二模/试卷.ocr.txt,ocr-cache,module-boundary-excluded,04_module_classification/subquestion_split_matrix.csv,"{""target"": ""B2_ECONOMICS"", ""target_score"": 0, ""boundary"": ""XB3_EXCLUDED"", ""boundary_score"": 2, ""matches"": {""XB3_EXCLUDED"": ""科学思维,boost:科学思维""}, ""explicit_boundary_modules"": {""XB3_EXCLUDED"": [""科学思维""]}, ""override"": ""explicit_boundary_term""}",exclude_from_three_target_lines,subquestion_integrated_boundary
2024_丰台_二模,2024,丰台,二模,18(3),18,subquestion,B2_ECONOMICS,subjective,/Users/wanglifei/Desktop/北京高考政治/reports/必修二三与必修四文化_题源分类准备_20260617_1301/02_text_cache/ocr_cache/2024_丰台_二模/试卷.ocr.txt,ocr-cache,included,04_module_classification/subquestion_split_matrix.csv,"{""target"": ""B2_ECONOMICS"", ""target_score"": 2, ""boundary"": ""B4_PHILOSOPHY_EXCLUDED"", ""boundary_score"": 0, ""matches"": {""B2_ECONOMICS"": ""经济与社会,boost:经济与社会""}}",future_baodian_intake,subquestion_integrated_target
2024_丰台_二模,2024,丰台,二模,19,,question,XB1_EXCLUDED,subjective,/Users/wanglifei/Desktop/北京高考政治/reports/必修二三与必修四文化_题源分类准备_20260617_1301/02_text_cache/ocr_cache/2024_丰台_二模/试卷.ocr.txt,ocr-cache,module-boundary-excluded,/Users/wanglifei/Desktop/北京高考政治/reports/必修二三与必修四文化_题源分类准备_20260617_1301/02_text_cache/ocr_absorbed/2024_丰台_二模.txt,"{""target"": ""B2_ECONOMICS"", ""target_score"": 1, ""boundary"": ""XB1_EXCLUDED"", ""boundary_score"": 6, ""matches"": {""B2_ECONOMICS"": ""消费"", ""XB1_EXCLUDED"": ""当代国际政治与经济,联合国,南南合作,boost:当代国际政治与经济,boost:联合国,boost:南南合作""}, ""explicit_boundary_modules"": {""XB1_EXCLUDED"": [""当代国际政治与经济"", ""联合国""]}, ""override"": ""explicit_boundary_term""}",exclude_from_three_target_lines,main_matrix_original
2024_丰台_二模,2024,丰台,二模,2,,question,B3_POLITICS_RULE_OF_LAW,objective,/Users/wanglifei/Desktop/北京高考政治/reports/必修二三与必修四文化_题源分类准备_20260617_1301/02_text_cache/ocr_cache/2024_丰台_二模/试卷.ocr.txt,ocr-cache,included,05_reports/remaining_strong_cleanup_audit.csv,"{""rule_id"": ""REMAINING_B3_PARTY_INNOVATION_THEORY_YOUTH_PREACHING"", ""matched_terms"": ""青年党员,党的创新理论,信仰者,传播者"", ""source"": ""remaining_strong_cleanup_audit.csv"", ""prior_book_module"": ""UNKNOWN_OR_MIXED"", ""prior_status"": ""blocked""}",future_baodian_intake,remaining_strong_cleanup
2024_丰台_二模,2024,丰台,二模,20,,question,B1_EXCLUDED,subjective,/Users/wanglifei/Desktop/北京高考政治/reports/必修二三与必修四文化_题源分类准备_20260617_1301/02_text_cache/ocr_cache/2024_丰台_二模/试卷.ocr.txt,ocr-cache,module-boundary-excluded,/Users/wanglifei/Desktop/北京高考政治/reports/必修二三与必修四文化_题源分类准备_20260617_1301/02_text_cache/ocr_absorbed/2024_丰台_二模.txt,"{""target"": ""B2_ECONOMICS"", ""target_score"": 0, ""boundary"": ""B1_EXCLUDED"", ""boundary_score"": 4, ""matches"": {""B4_PHILOSOPHY_EXCLUDED"": ""认识"", ""B1_EXCLUDED"": ""中国特色社会主义,改革开放""}}",exclude_from_three_target_lines,main_matrix_original
2024_丰台_二模,2024,丰台,二模,21,,question,B4_PHILOSOPHY_EXCLUDED,subjective,/Users/wanglifei/Desktop/北京高考政治/reports/必修二三与必修四文化_题源分类准备_20260617_1301/02_text_cache/ocr_cache/2024_丰台_二模/试卷.ocr.txt,ocr-cache,module-boundary-excluded,05_reports/culture_component_extraction_audit.csv,"{""rule_id"": ""CULTURE_COMPONENT_EXTRACTED_REMAINDER_PHILOSOPHY_B1"", ""source"": ""culture_component_extraction_review.csv"", ""prior_book_module"": ""UNKNOWN_OR_MIXED"", ""prior_status"": ""blocked"", ""user_rule"": ""文化采分点已抽离；原父题余项按非文化边界保留。""}",culture_component_extracted_remainder_excluded,culture_component_parent_remainder_closed
2024_丰台_二模,2024,丰台,二模,3,,question,B2_ECONOMICS,objective,/Users/wanglifei/Desktop/北京高考政治/reports/必修二三与必修四文化_题源分类准备_20260617_1301/02_text_cache/ocr_cache/2024_丰台_二模/试卷.ocr.txt,ocr-cache,included,/Users/wanglifei/Desktop/北京高考政治/reports/必修二三与必修四文化_题源分类准备_20260617_1301/02_text_cache/ocr_absorbed/2024_丰台_二模.txt,"{""target"": ""B2_ECONOMICS"", ""target_score"": 7, ""boundary"": ""B4_PHILOSOPHY_EXCLUDED"", ""boundary_score"": 0, ""matches"": {""B2_ECONOMICS"": ""新质生产力,产业链,人力资源,经济增长,boost:新质生产力,boost:产业链,boost:经济增长""}}",future_baodian_intake,main_matrix_original
2024_丰台_二模,2024,丰台,二模,4,,question,B4_PHILOSOPHY_EXCLUDED,objective,/Users/wanglifei/Desktop/北京高考政治/reports/必修二三与必修四文化_题源分类准备_20260617_1301/02_text_cache/ocr_cache/2024_丰台_二模/试卷.ocr.txt,ocr-cache,module-boundary-excluded,/Users/wanglifei/Desktop/北京高考政治/reports/必修二三与必修四文化_题源分类准备_20260617_1301/02_text_cache/ocr_absorbed/2024_丰台_二模.txt,"{""target"": ""B2_ECONOMICS"", ""target_score"": 0, ""boundary"": ""B4_PHILOSOPHY_EXCLUDED"", ""boundary_score"": 2, ""matches"": {""B4_PHILOSOPHY_EXCLUDED"": ""矛盾,boost:矛盾""}}",exclude_from_three_target_lines,main_matrix_original
2024_丰台_二模,2024,丰台,二模,5,,question,B2_ECONOMICS,objective,/Users/wanglifei/Desktop/北京高考政治/reports/必修二三与必修四文化_题源分类准备_20260617_1301/02_text_cache/ocr_cache/2024_丰台_二模/试卷.ocr.txt,ocr-cache,included,/Users/wanglifei/Desktop/北京高考政治/reports/必修二三与必修四文化_题源分类准备_20260617_1301/02_text_cache/ocr_absorbed/2024_丰台_二模.txt,"{""target"": ""B2_ECONOMICS"", ""target_score"": 15, ""boundary"": ""XB2_EXCLUDED"", ""boundary_score"": 6, ""matches"": {""B2_ECONOMICS"": ""消费"", ""B3_POLITICS_RULE_OF_LAW"": ""政府"", ""XB2_EXCLUDED"": ""消费者权益,boost:消费者权益""}}",future_baodian_intake,main_matrix_original
2024_丰台_二模,2024,丰台,二模,6,,question,B3_POLITICS_RULE_OF_LAW,objective,/Users/wanglifei/Desktop/北京高考政治/reports/必修二三与必修四文化_题源分类准备_20260617_1301/02_text_cache/ocr_cache/2024_丰台_二模/试卷.ocr.txt,ocr-cache,included,/Users/wanglifei/Desktop/北京高考政治/reports/必修二三与必修四文化_题源分类准备_20260617_1301/02_text_cache/ocr_absorbed/2024_丰台_二模.txt,"{""target"": ""B3_POLITICS_RULE_OF_LAW"", ""target_score"": 3, ""boundary"": ""XB2_EXCLUDED"", ""boundary_score"": 2, ""matches"": {""B2_ECONOMICS"": ""劳动者"", ""B3_POLITICS_RULE_OF_LAW"": ""检察"", ""XB2_EXCLUDED"": ""劳动关系,boost:劳动关系""}}",future_baodian_intake,main_matrix_original
2024_丰台_二模,2024,丰台,二模,7,,question,XB3_EXCLUDED,objective,/Users/wanglifei/Desktop/北京高考政治/reports/必修二三与必修四文化_题源分类准备_20260617_1301/02_text_cache/ocr_cache/2024_丰台_二模/试卷.ocr.txt,ocr-cache,module-boundary-excluded,/Users/wanglifei/Desktop/北京高考政治/reports/必修二三与必修四文化_题源分类准备_20260617_1301/02_text_cache/ocr_absorbed/2024_丰台_二模.txt,"{""target"": ""B2_ECONOMICS"", ""target_score"": 2, ""boundary"": ""XB3_EXCLUDED"", ""boundary_score"": 2, ""matches"": {""B2_ECONOMICS"": ""高质量发展,boost:高质量发展"", ""XB3_EXCLUDED"": ""分析与综合,boost:分析与综合""}, ""explicit_boundary_modules"": {""XB3_EXCLUDED"": [""分析与综合""]}, ""override"": ""explicit_boundary_term""}",exclude_from_three_target_lines,main_matrix_original
2024_丰台_二模,2024,丰台,二模,8,,question,B3_POLITICS_RULE_OF_LAW,objective,/Users/wanglifei/Desktop/北京高考政治/reports/必修二三与必修四文化_题源分类准备_20260617_1301/02_text_cache/ocr_cache/2024_丰台_二模/试卷.ocr.txt,ocr-cache,included,/Users/wanglifei/Desktop/北京高考政治/reports/必修二三与必修四文化_题源分类准备_20260617_1301/02_text_cache/ocr_absorbed/2024_丰台_二模.txt,"{""target"": ""B3_POLITICS_RULE_OF_LAW"", ""target_score"": 3, ""boundary"": ""B4_PHILOSOPHY_EXCLUDED"", ""boundary_score"": 0, ""matches"": {""B3_POLITICS_RULE_OF_LAW"": ""政协,boost:政协"", ""B4_CULTURE"": ""文化""}}",future_baodian_intake,main_matrix_original
2024_丰台_二模,2024,丰台,二模,9,,question,XB3_EXCLUDED,objective,/Users/wanglifei/Desktop/北京高考政治/reports/必修二三与必修四文化_题源分类准备_20260617_1301/02_text_cache/ocr_cache/2024_丰台_二模/试卷.ocr.txt,ocr-cache,module-boundary-excluded,05_reports/strong_blocker_resolution_audit.csv,"{""rule_id"": ""STRONG_BLOCKER_XB3_CONDITIONAL_JUDGMENT"", ""matched_terms"": ""判断正确,如果,除非,条件判断"", ""source"": ""strong_blocker_resolution_review.csv"", ""evidence_source_type"": ""ocr-cache"", ""prior_status"": ""blocked"", ""prior_next_action"": ""manual_review_needed""}",exclude_from_three_target_lines,strong_blocker_resolution
2024_朝阳_一模,2024,朝阳,一模,1,,question,B4_CULTURE,objective,/Users/wanglifei/Desktop/2024模拟题/2024朝阳一模/试卷/试卷.pdf,paper,included,/Users/wanglifei/Desktop/北京高考政治/reports/必修二三与必修四文化_题源分类准备_20260617_1301/03_question_index/question_candidates.csv,"{""target"": ""B4_CULTURE"", ""target_score"": 4, ""boundary"": ""B1_EXCLUDED"", ""boundary_score"": 2, ""matches"": {""B3_POLITICS_RULE_OF_LAW"": ""中国共产党,boost:中国共产党"", ""B4_CULTURE"": ""文化,中华文明,boost:中华文明"", ""B1_EXCLUDED"": ""中国特色社会主义""}}",future_baodian_intake,main_matrix_original
2024_朝阳_一模,2024,朝阳,一模,10,,question,XB2_EXCLUDED,objective,/Users/wanglifei/Desktop/2024模拟题/2024朝阳一模/试卷/试卷.pdf,paper,module-boundary-excluded,/Users/wanglifei/Desktop/北京高考政治/reports/必修二三与必修四文化_题源分类准备_20260617_1301/03_question_index/question_candidates.csv,"{""target"": ""B3_POLITICS_RULE_OF_LAW"", ""target_score"": 2, ""boundary"": ""XB2_EXCLUDED"", ""boundary_score"": 13, ""matches"": {""B3_POLITICS_RULE_OF_LAW"": ""法院"", ""XB2_EXCLUDED"": ""侵权,民事,民事行为能力,侵权责任,健康权,boost:侵权,boost:民事,boost:民事行为能力,boost:侵权责任,boost:健康权""}, ""explicit_boundary_modules"": {""XB2_EXCLUDED"": [""侵权"", ""民事""]}, ""override"": ""explicit_boundary_term""}",exclude_from_three_target_lines,main_matrix_original
2024_朝阳_一模,2024,朝阳,一模,11,,question,XB2_EXCLUDED,objective,/Users/wanglifei/Desktop/2024模拟题/2024朝阳一模/试卷/试卷.pdf,paper,module-boundary-excluded,/Users/wanglifei/Desktop/北京高考政治/reports/必修二三与必修四文化_题源分类准备_20260617_1301/03_question_index/question_candidates.csv,"{""target"": ""B2_ECONOMICS"", ""target_score"": 0, ""boundary"": ""XB2_EXCLUDED"", ""boundary_score"": 3, ""matches"": {""XB2_EXCLUDED"": ""所有权,boost:所有权""}, ""explicit_boundary_modules"": {""XB2_EXCLUDED"": [""所有权""]}, ""override"": ""explicit_boundary_term""}",exclude_from_three_target_lines,main_matrix_original
2024_朝阳_一模,2024,朝阳,一模,12,,question,XB2_EXCLUDED,objective,/Users/wanglifei/Desktop/2024模拟题/2024朝阳一模/试卷/试卷.pdf,paper,module-boundary-excluded,/Users/wanglifei/Desktop/北京高考政治/reports/必修二三与必修四文化_题源分类准备_20260617_1301/03_question_index/question_candidates.csv,"{""target"": ""B2_ECONOMICS"", ""target_score"": 0, ""boundary"": ""XB2_EXCLUDED"", ""boundary_score"": 9, ""matches"": {""XB2_EXCLUDED"": ""知识产权,专利,专利法,boost:知识产权,boost:专利,boost:专利法""}, ""explicit_boundary_modules"": {""XB2_EXCLUDED"": [""知识产权"", ""专利""]}, ""override"": ""explicit_boundary_term""}",exclude_from_three_target_lines,main_matrix_original
2024_朝阳_一模,2024,朝阳,一模,13,,question,B2_ECONOMICS,objective,/Users/wanglifei/Desktop/2024模拟题/2024朝阳一模/试卷/试卷.pdf,paper,included,/Users/wanglifei/Desktop/北京高考政治/reports/必修二三与必修四文化_题源分类准备_20260617_1301/03_question_index/question_candidates.csv,"{""target"": ""B2_ECONOMICS"", ""target_score"": 9, ""boundary"": ""B4_PHILOSOPHY_EXCLUDED"", ""boundary_score"": 0, ""matches"": {""B2_ECONOMICS"": ""高质量发展,财政,消费,区域协调,经济增长,boost:高质量发展,boost:财政,boost:经济增长"", ""B3_POLITICS_RULE_OF_LAW"": ""政府,公共服务""}}",future_baodian_intake,main_matrix_original
2024_朝阳_一模,2024,朝阳,一模,14,,question,XB1_EXCLUDED,objective,/Users/wanglifei/Desktop/2024模拟题/2024朝阳一模/试卷/试卷.pdf,paper,module-boundary-excluded,/Users/wanglifei/Desktop/北京高考政治/reports/必修二三与必修四文化_题源分类准备_20260617_1301/03_question_index/question_candidates.csv,"{""target"": ""B2_ECONOMICS"", ""target_score"": 2, ""boundary"": ""XB1_EXCLUDED"", ""boundary_score"": 5, ""matches"": {""B2_ECONOMICS"": ""营商环境,boost:营商环境"", ""XB1_EXCLUDED"": ""对外开放,国际贸易,boost:国际贸易""}}",exclude_from_three_target_lines,main_matrix_original
2024_朝阳_一模,2024,朝阳,一模,15,,question,XB1_EXCLUDED,objective,/Users/wanglifei/Desktop/2024模拟题/2024朝阳一模/试卷/试卷.pdf,paper,module-boundary-excluded,/Users/wanglifei/Desktop/北京高考政治/reports/必修二三与必修四文化_题源分类准备_20260617_1301/03_question_index/question_candidates.csv,"{""target"": ""B2_ECONOMICS"", ""target_score"": 0, ""boundary"": ""XB1_EXCLUDED"", ""boundary_score"": 18, ""matches"": {""B4_PHILOSOPHY_EXCLUDED"": ""实践"", ""XB1_EXCLUDED"": ""全球治理,外交,多边外交,APEC,G20,金砖,上合组织,boost:全球治理,boost:外交,boost:多边外交,boost:APEC,boost:G20""}, ""explicit_boundary_modules"": {""XB1_EXCLUDED"": [""全球治理""]}, ""override"": ""explicit_boundary_term""}",exclude_from_three_target_lines,main_matrix_original
2024_朝阳_一模,2024,朝阳,一模,16,,question,B3_POLITICS_RULE_OF_LAW,subjective,/Users/wanglifei/Desktop/2024模拟题/2024朝阳一模/试卷/试卷.pdf,paper,included,/Users/wanglifei/Desktop/北京高考政治/reports/必修二三与必修四文化_题源分类准备_20260617_1301/03_question_index/question_candidates.csv,"{""target"": ""B3_POLITICS_RULE_OF_LAW"", ""target_score"": 3, ""boundary"": ""B4_PHILOSOPHY_EXCLUDED"", ""boundary_score"": 1, ""matches"": {""B3_POLITICS_RULE_OF_LAW"": ""中国共产党,全面从严治党,boost:中国共产党"", ""B4_PHILOSOPHY_EXCLUDED"": ""认识""}}",future_baodian_intake,main_matrix_original
2024_朝阳_一模,2024,朝阳,一模,17,,question,B2_ECONOMICS,subjective,/Users/wanglifei/Desktop/2024模拟题/2024朝阳一模/试卷/试卷.pdf,paper,included,/Users/wanglifei/Desktop/北京高考政治/reports/必修二三与必修四文化_题源分类准备_20260617_1301/03_question_index/question_candidates.csv,"{""target"": ""B2_ECONOMICS"", ""target_score"": 9, ""boundary"": ""B4_PHILOSOPHY_EXCLUDED"", ""boundary_score"": 0, ""matches"": {""B2_ECONOMICS"": ""经济与社会,银发经济,GDP,boost:经济与社会,boost:银发经济,boost:GDP""}}",future_baodian_intake,main_matrix_original
2024_朝阳_一模,2024,朝阳,一模,18,,question,B3_POLITICS_RULE_OF_LAW,subjective,/Users/wanglifei/Desktop/2024模拟题/2024朝阳一模/试卷/试卷.pdf,paper,included,/Users/wanglifei/Desktop/北京高考政治/reports/必修二三与必修四文化_题源分类准备_20260617_1301/03_question_index/question_candidates.csv,"{""target"": ""B3_POLITICS_RULE_OF_LAW"", ""target_score"": 5, ""boundary"": ""B4_PHILOSOPHY_EXCLUDED"", ""boundary_score"": 1, ""matches"": {""B2_ECONOMICS"": ""高质量发展,boost:高质量发展"", ""B3_POLITICS_RULE_OF_LAW"": ""政治与法治,人民代表大会,政府,boost:政治与法治,boost:人民代表大会"", ""B4_CULTURE"": ""文化"", ""B4_PHILOSOPHY_EXCLUDED"": ""认识""}}",future_baodian_intake,main_matrix_original
2024_朝阳_一模,2024,朝阳,一模,19,,question,XB2_EXCLUDED,subjective,/Users/wanglifei/Desktop/2024模拟题/2024朝阳一模/试卷/试卷.pdf,paper,module-boundary-excluded,/Users/wanglifei/Desktop/北京高考政治/reports/必修二三与必修四文化_题源分类准备_20260617_1301/03_question_index/question_candidates.csv,"{""target"": ""B2_ECONOMICS"", ""target_score"": 4, ""boundary"": ""XB2_EXCLUDED"", ""boundary_score"": 14, ""matches"": {""B2_ECONOMICS"": ""市场经济,消费,boost:市场经济"", ""B3_POLITICS_RULE_OF_LAW"": ""法院,行政许可,行政处罚"", ""XB2_EXCLUDED"": ""法律与生活,民法典,合同,民事,民事主体,违约,boost:法律与生活,boost:民法典,boost:合同,boost:民事,boost:民事主体,boost:违约""}, ""explicit_boundary_modules"": {""XB2_EXCLUDED"": [""法律与生活"", ""民法典"", ""合同"", ""民事""]}, ""override"": ""explicit_boundary_term""}",exclude_from_three_target_lines,main_matrix_original
2024_朝阳_一模,2024,朝阳,一模,2,,question,B4_CULTURE,objective,/Users/wanglifei/Desktop/2024模拟题/2024朝阳一模/试卷/试卷.pdf,paper,included,/Users/wanglifei/Desktop/北京高考政治/reports/必修二三与必修四文化_题源分类准备_20260617_1301/03_question_index/question_candidates.csv,"{""target"": ""B4_CULTURE"", ""target_score"": 7, ""boundary"": ""B4_PHILOSOPHY_EXCLUDED"", ""boundary_score"": 0, ""matches"": {""B2_ECONOMICS"": ""新质生产力,boost:新质生产力"", ""B4_CULTURE"": ""文化,中华优秀传统文化,优秀传统文化,传统文化,boost:中华优秀传统文化,boost:优秀传统文化,boost:传统文化""}}",future_baodian_intake,main_matrix_original
2024_朝阳_一模,2024,朝阳,一模,20,,question,XB3_EXCLUDED,subjective,/Users/wanglifei/Desktop/2024模拟题/2024朝阳一模/试卷/试卷.pdf,paper,module-boundary-excluded,/Users/wanglifei/Desktop/北京高考政治/reports/必修二三与必修四文化_题源分类准备_20260617_1301/03_question_index/question_candidates.csv,"{""target"": ""B2_ECONOMICS"", ""target_score"": 0, ""boundary"": ""XB3_EXCLUDED"", ""boundary_score"": 11, ""matches"": {""XB3_EXCLUDED"": ""推理,演绎推理,boost:推理,boost:演绎推理""}, ""explicit_boundary_modules"": {""XB3_EXCLUDED"": [""推理""]}, ""override"": ""explicit_boundary_term""}",exclude_from_three_target_lines,main_matrix_original
2024_朝阳_一模,2024,朝阳,一模,21,,question,XB1_EXCLUDED,subjective,/Users/wanglifei/Desktop/2024模拟题/2024朝阳一模/试卷/试卷.pdf,paper,module-boundary-excluded,/Users/wanglifei/Desktop/北京高考政治/reports/必修二三与必修四文化_题源分类准备_20260617_1301/03_question_index/question_candidates.csv,"{""target"": ""B2_ECONOMICS"", ""target_score"": 0, ""boundary"": ""XB1_EXCLUDED"", ""boundary_score"": 2, ""matches"": {""B4_PHILOSOPHY_EXCLUDED"": ""认识"", ""XB1_EXCLUDED"": ""当代国际政治与经济,boost:当代国际政治与经济""}, ""explicit_boundary_modules"": {""XB1_EXCLUDED"": [""当代国际政治与经济""]}, ""override"": ""explicit_boundary_term""}",exclude_from_three_target_lines,main_matrix_original
2024_朝阳_一模,2024,朝阳,一模,3,,question,B4_PHILOSOPHY_EXCLUDED,objective,/Users/wanglifei/Desktop/2024模拟题/2024朝阳一模/试卷/试卷.pdf,paper,module-boundary-excluded,/Users/wanglifei/Desktop/北京高考政治/reports/必修二三与必修四文化_题源分类准备_20260617_1301/03_question_index/question_candidates.csv,"{""target"": ""B2_ECONOMICS"", ""target_score"": 0, ""boundary"": ""B4_PHILOSOPHY_EXCLUDED"", ""boundary_score"": 3, ""matches"": {""B4_PHILOSOPHY_EXCLUDED"": ""实践,人生价值,boost:人生价值""}}",exclude_from_three_target_lines,main_matrix_original
2024_朝阳_一模,2024,朝阳,一模,4,,question,B4_PHILOSOPHY_EXCLUDED,objective,/Users/wanglifei/Desktop/2024模拟题/2024朝阳一模/试卷/试卷.pdf,paper,module-boundary-excluded,/Users/wanglifei/Desktop/北京高考政治/reports/必修二三与必修四文化_题源分类准备_20260617_1301/03_question_index/question_candidates.csv,"{""target"": ""B2_ECONOMICS"", ""target_score"": 0, ""boundary"": ""B4_PHILOSOPHY_EXCLUDED"", ""boundary_score"": 3, ""matches"": {""B4_PHILOSOPHY_EXCLUDED"": ""实践,适度原则,boost:适度原则""}}",exclude_from_three_target_lines,main_matrix_original
2024_朝阳_一模,2024,朝阳,一模,5,,question,B4_CULTURE,objective,/Users/wanglifei/Desktop/2024模拟题/2024朝阳一模/试卷/试卷.pdf,paper,included,/Users/wanglifei/Desktop/北京高考政治/reports/必修二三与必修四文化_题源分类准备_20260617_1301/03_question_index/question_candidates.csv,"{""target"": ""B4_CULTURE"", ""target_score"": 15, ""boundary"": ""B4_PHILOSOPHY_EXCLUDED"", ""boundary_score"": 1, ""matches"": {""B4_CULTURE"": ""文化,传统文化,博物馆,大运河,boost:传统文化,boost:博物馆,boost:大运河"", ""B4_PHILOSOPHY_EXCLUDED"": ""实践""}}",future_baodian_intake,main_matrix_original
2024_朝阳_一模,2024,朝阳,一模,6,,question,XB2_EXCLUDED,objective,/Users/wanglifei/Desktop/2024模拟题/2024朝阳一模/试卷/试卷.pdf,paper,module-boundary-excluded,/Users/wanglifei/Desktop/北京高考政治/reports/必修二三与必修四文化_题源分类准备_20260617_1301/03_question_index/question_candidates.csv,"{""target"": ""B2_ECONOMICS"", ""target_score"": 0, ""boundary"": ""XB2_EXCLUDED"", ""boundary_score"": 4, ""matches"": {""XB2_EXCLUDED"": ""知识产权,物权,boost:知识产权,boost:物权"", ""XB3_EXCLUDED"": ""逻辑规则,boost:逻辑规则""}, ""explicit_boundary_modules"": {""XB2_EXCLUDED"": [""知识产权"", ""物权""]}, ""override"": ""explicit_boundary_term""}",exclude_from_three_target_lines,main_matrix_original
2024_朝阳_一模,2024,朝阳,一模,7,,question,XB3_EXCLUDED,objective,/Users/wanglifei/Desktop/2024模拟题/2024朝阳一模/试卷/试卷.pdf,paper,module-boundary-excluded,/Users/wanglifei/Desktop/北京高考政治/reports/必修二三与必修四文化_题源分类准备_20260617_1301/03_question_index/question_candidates.csv,"{""target"": ""B2_ECONOMICS"", ""target_score"": 0, ""boundary"": ""XB3_EXCLUDED"", ""boundary_score"": 13, ""matches"": {""XB2_EXCLUDED"": ""继承,boost:继承"", ""XB3_EXCLUDED"": ""创新思维,超前思维,发散思维,聚合思维,迁移,想象,boost:创新思维,boost:超前思维,boost:发散思维,boost:聚合思维,boost:迁移,boost:想象""}, ""explicit_boundary_modules"": {""XB3_EXCLUDED"": [""创新思维"", ""超前思维"", ""迁移"", ""想象""]}, ""override"": ""explicit_boundary_term""}",exclude_from_three_target_lines,main_matrix_original
2024_朝阳_一模,2024,朝阳,一模,8,,question,B3_POLITICS_RULE_OF_LAW,objective,/Users/wanglifei/Desktop/2024模拟题/2024朝阳一模/试卷/试卷.pdf,paper,included,/Users/wanglifei/Desktop/北京高考政治/reports/必修二三与必修四文化_题源分类准备_20260617_1301/03_question_index/question_candidates.csv,"{""target"": ""B3_POLITICS_RULE_OF_LAW"", ""target_score"": 3, ""boundary"": ""B4_PHILOSOPHY_EXCLUDED"", ""boundary_score"": 0, ""matches"": {""B3_POLITICS_RULE_OF_LAW"": ""法治社会,政府,boost:法治社会"", ""B4_CULTURE"": ""文化""}}",future_baodian_intake,main_matrix_original
2024_朝阳_一模,2024,朝阳,一模,9,,question,B3_POLITICS_RULE_OF_LAW,objective,/Users/wanglifei/Desktop/2024模拟题/2024朝阳一模/试卷/试卷.pdf,paper,included,/Users/wanglifei/Desktop/北京高考政治/reports/必修二三与必修四文化_题源分类准备_20260617_1301/03_question_index/question_candidates.csv,"{""target"": ""B3_POLITICS_RULE_OF_LAW"", ""target_score"": 5, ""boundary"": ""B1_EXCLUDED"", ""boundary_score"": 1, ""matches"": {""B3_POLITICS_RULE_OF_LAW"": ""政协,社会治理,boost:政协"", ""B1_EXCLUDED"": ""中国特色社会主义""}}",future_baodian_intake,main_matrix_original
2024_朝阳_二模,2024,朝阳,二模,1,,question,B4_PHILOSOPHY_EXCLUDED,objective,/Users/wanglifei/Desktop/2024模拟题/2024朝阳二模/试卷/试卷.pdf,paper,module-boundary-excluded,/Users/wanglifei/Desktop/北京高考政治/reports/必修二三与必修四文化_题源分类准备_20260617_1301/03_question_index/question_candidates.csv,"{""target"": ""B2_ECONOMICS"", ""target_score"": 0, ""boundary"": ""B4_PHILOSOPHY_EXCLUDED"", ""boundary_score"": 5, ""matches"": {""B4_PHILOSOPHY_EXCLUDED"": ""认识,社会存在,人民群众,boost:社会存在,boost:人民群众""}, ""explicit_boundary_modules"": {""B4_PHILOSOPHY_EXCLUDED"": [""社会存在""]}, ""override"": ""explicit_boundary_term""}",exclude_from_three_target_lines,main_matrix_original
2024_朝阳_二模,2024,朝阳,二模,10,,question,B3_POLITICS_RULE_OF_LAW,objective,/Users/wanglifei/Desktop/2024模拟题/2024朝阳二模/试卷/试卷.pdf,paper,included,/Users/wanglifei/Desktop/北京高考政治/reports/必修二三与必修四文化_题源分类准备_20260617_1301/03_question_index/question_candidates.csv,"{""target"": ""B3_POLITICS_RULE_OF_LAW"", ""target_score"": 3, ""boundary"": ""B4_PHILOSOPHY_EXCLUDED"", ""boundary_score"": 0, ""matches"": {""B3_POLITICS_RULE_OF_LAW"": ""政府""}}",future_baodian_intake,main_matrix_original
2024_朝阳_二模,2024,朝阳,二模,11,,question,XB2_EXCLUDED,objective,/Users/wanglifei/Desktop/2024模拟题/2024朝阳二模/试卷/试卷.pdf,paper,module-boundary-excluded,/Users/wanglifei/Desktop/北京高考政治/reports/必修二三与必修四文化_题源分类准备_20260617_1301/03_question_index/question_candidates.csv,"{""target"": ""B2_ECONOMICS"", ""target_score"": 0, ""boundary"": ""XB2_EXCLUDED"", ""boundary_score"": 7, ""matches"": {""XB2_EXCLUDED"": ""继承,boost:继承""}}",exclude_from_three_target_lines,main_matrix_original
2024_朝阳_二模,2024,朝阳,二模,12,,question,XB2_EXCLUDED,objective,/Users/wanglifei/Desktop/2024模拟题/2024朝阳二模/试卷/试卷.pdf,paper,module-boundary-excluded,/Users/wanglifei/Desktop/北京高考政治/reports/必修二三与必修四文化_题源分类准备_20260617_1301/03_question_index/question_candidates.csv,"{""target"": ""B3_POLITICS_RULE_OF_LAW"", ""target_score"": 5, ""boundary"": ""XB2_EXCLUDED"", ""boundary_score"": 17, ""matches"": {""B3_POLITICS_RULE_OF_LAW"": ""法院"", ""XB2_EXCLUDED"": ""诉讼,民事,民事诉讼,赔偿,辩护人,上诉,boost:诉讼,boost:民事,boost:民事诉讼,boost:辩护人,boost:上诉""}, ""explicit_boundary_modules"": {""XB2_EXCLUDED"": [""诉讼"", ""民事""]}, ""override"": ""explicit_boundary_term""}",exclude_from_three_target_lines,main_matrix_original
2024_朝阳_二模,2024,朝阳,二模,13,,question,B3_POLITICS_RULE_OF_LAW,objective,/Users/wanglifei/Desktop/2024模拟题/2024朝阳二模/试卷/试卷.pdf,paper,included,/Users/wanglifei/Desktop/北京高考政治/reports/必修二三与必修四文化_题源分类准备_20260617_1301/03_question_index/question_candidates.csv,"{""target"": ""B3_POLITICS_RULE_OF_LAW"", ""target_score"": 3, ""boundary"": ""B4_PHILOSOPHY_EXCLUDED"", ""boundary_score"": 0, ""matches"": {""B2_ECONOMICS"": ""高质量发展,boost:高质量发展"", ""B3_POLITICS_RULE_OF_LAW"": ""人民代表大会,政府,boost:人民代表大会""}}",future_baodian_intake,main_matrix_original
2024_朝阳_二模,2024,朝阳,二模,14,,question,XB1_EXCLUDED,objective,/Users/wanglifei/Desktop/2024模拟题/2024朝阳二模/试卷/试卷.pdf,paper,module-boundary-excluded,/Users/wanglifei/Desktop/北京高考政治/reports/必修二三与必修四文化_题源分类准备_20260617_1301/03_question_index/question_candidates.csv,"{""target"": ""B3_POLITICS_RULE_OF_LAW"", ""target_score"": 2, ""boundary"": ""XB1_EXCLUDED"", ""boundary_score"": 13, ""matches"": {""B3_POLITICS_RULE_OF_LAW"": ""政府"", ""XB1_EXCLUDED"": ""国际组织,外交,元首外交,金砖,boost:国际组织,boost:外交,boost:元首外交,boost:金砖""}, ""explicit_boundary_modules"": {""XB1_EXCLUDED"": [""国际组织""]}, ""override"": ""explicit_boundary_term""}",exclude_from_three_target_lines,main_matrix_original
2024_朝阳_二模,2024,朝阳,二模,15,,question,B2_ECONOMICS,objective,/Users/wanglifei/Desktop/2024模拟题/2024朝阳二模/试卷/试卷.pdf,paper,included,/Users/wanglifei/Desktop/北京高考政治/reports/必修二三与必修四文化_题源分类准备_20260617_1301/03_question_index/question_candidates.csv,"{""target"": ""B2_ECONOMICS"", ""target_score"": 3, ""boundary"": ""B4_PHILOSOPHY_EXCLUDED"", ""boundary_score"": 0, ""matches"": {""B2_ECONOMICS"": ""人力资源,生产要素,boost:生产要素"", ""B3_POLITICS_RULE_OF_LAW"": ""政府""}}",future_baodian_intake,main_matrix_original
2024_朝阳_二模,2024,朝阳,二模,16,,question,B2_ECONOMICS,subjective,/Users/wanglifei/Desktop/2024模拟题/2024朝阳二模/试卷/试卷.pdf,paper,included,/Users/wanglifei/Desktop/北京高考政治/reports/必修二三与必修四文化_题源分类准备_20260617_1301/03_question_index/question_candidates.csv,"{""target"": ""B2_ECONOMICS"", ""target_score"": 9, ""boundary"": ""B4_PHILOSOPHY_EXCLUDED"", ""boundary_score"": 1, ""matches"": {""B2_ECONOMICS"": ""经济与社会,数字经济,产业发展,基础设施,boost:经济与社会,boost:数字经济"", ""B4_PHILOSOPHY_EXCLUDED"": ""认识""}}",future_baodian_intake,main_matrix_original
2024_朝阳_二模,2024,朝阳,二模,17,,question,XB2_EXCLUDED,subjective,/Users/wanglifei/Desktop/2024模拟题/2024朝阳二模/试卷/试卷.pdf,paper,module-boundary-excluded,/Users/wanglifei/Desktop/北京高考政治/reports/必修二三与必修四文化_题源分类准备_20260617_1301/03_question_index/question_candidates.csv,"{""target"": ""B2_ECONOMICS"", ""target_score"": 11, ""boundary"": ""XB2_EXCLUDED"", ""boundary_score"": 17, ""matches"": {""B2_ECONOMICS"": ""社会保障,就业,劳动者,人力资源,boost:社会保障,boost:就业"", ""B3_POLITICS_RULE_OF_LAW"": ""法院"", ""XB2_EXCLUDED"": ""合同,劳动合同,劳动关系,仲裁,boost:合同,boost:劳动合同,boost:劳动关系,boost:仲裁""}, ""explicit_boundary_modules"": {""XB2_EXCLUDED"": [""合同"", ""劳动合同""]}, ""override"": ""explicit_boundary_term""}",exclude_from_three_target_lines,main_matrix_original
2024_朝阳_二模,2024,朝阳,二模,18,,question,B3_POLITICS_RULE_OF_LAW,subjective,/Users/wanglifei/Desktop/2024模拟题/2024朝阳二模/试卷/试卷.pdf,paper,included,/Users/wanglifei/Desktop/北京高考政治/reports/必修二三与必修四文化_题源分类准备_20260617_1301/03_question_index/question_candidates.csv,"{""target"": ""B3_POLITICS_RULE_OF_LAW"", ""target_score"": 15, ""boundary"": ""B4_PHILOSOPHY_EXCLUDED"", ""boundary_score"": 0, ""matches"": {""B3_POLITICS_RULE_OF_LAW"": ""政治与法治,人民代表大会,政协,全过程人民民主,政府,全国人大,boost:政治与法治,boost:人民代表大会,boost:政协,boost:全过程人民民主,boost:全国人大""}}",future_baodian_intake,main_matrix_original
2024_朝阳_二模,2024,朝阳,二模,19,,question,XB3_EXCLUDED,subjective,/Users/wanglifei/Desktop/2024模拟题/2024朝阳二模/试卷/试卷.pdf,paper,module-boundary-excluded,/Users/wanglifei/Desktop/北京高考政治/reports/必修二三与必修四文化_题源分类准备_20260617_1301/03_question_index/question_candidates.csv,"{""target"": ""B4_CULTURE"", ""target_score"": 16, ""boundary"": ""XB3_EXCLUDED"", ""boundary_score"": 5, ""matches"": {""B4_CULTURE"": ""文化,中华优秀传统文化,优秀传统文化,传统文化,中华文明,boost:中华优秀传统文化,boost:优秀传统文化,boost:传统文化,boost:中华文明"", ""XB3_EXCLUDED"": ""辩证思维,推理,boost:辩证思维,boost:推理""}, ""explicit_boundary_modules"": {""XB3_EXCLUDED"": [""辩证思维"", ""推理""]}, ""override"": ""explicit_boundary_term""}",exclude_from_three_target_lines,main_matrix_original
2024_朝阳_二模,2024,朝阳,二模,2,,question,B2_ECONOMICS,objective,/Users/wanglifei/Desktop/2024模拟题/2024朝阳二模/试卷/试卷.pdf,paper,included,/Users/wanglifei/Desktop/北京高考政治/reports/必修二三与必修四文化_题源分类准备_20260617_1301/03_question_index/question_candidates.csv,"{""target"": ""B2_ECONOMICS"", ""target_score"": 6, ""boundary"": ""B4_PHILOSOPHY_EXCLUDED"", ""boundary_score"": 1, ""matches"": {""B2_ECONOMICS"": ""产业链,产业发展,boost:产业链"", ""B4_PHILOSOPHY_EXCLUDED"": ""实践""}}",future_baodian_intake,main_matrix_original
2024_朝阳_二模,2024,朝阳,二模,20,,question,XB1_EXCLUDED,subjective,/Users/wanglifei/Desktop/2024模拟题/2024朝阳二模/试卷/试卷.pdf,paper,module-boundary-excluded,/Users/wanglifei/Desktop/北京高考政治/reports/必修二三与必修四文化_题源分类准备_20260617_1301/03_question_index/question_candidates.csv,"{""target"": ""B2_ECONOMICS"", ""target_score"": 1, ""boundary"": ""XB1_EXCLUDED"", ""boundary_score"": 6, ""matches"": {""B2_ECONOMICS"": ""基础设施"", ""B3_POLITICS_RULE_OF_LAW"": ""政府"", ""XB1_EXCLUDED"": ""当代国际政治与经济,联合国,国际组织,boost:当代国际政治与经济,boost:联合国,boost:国际组织""}, ""explicit_boundary_modules"": {""XB1_EXCLUDED"": [""当代国际政治与经济"", ""联合国"", ""国际组织""]}, ""override"": ""explicit_boundary_term""}",exclude_from_three_target_lines,main_matrix_original
2024_朝阳_二模,2024,朝阳,二模,3,,question,B2_ECONOMICS,objective,/Users/wanglifei/Desktop/2024模拟题/2024朝阳二模/试卷/试卷.pdf,paper,included,/Users/wanglifei/Desktop/北京高考政治/reports/必修二三与必修四文化_题源分类准备_20260617_1301/03_question_index/question_candidates.csv,"{""target"": ""B2_ECONOMICS"", ""target_score"": 4, ""boundary"": ""B4_PHILOSOPHY_EXCLUDED"", ""boundary_score"": 0, ""matches"": {""B2_ECONOMICS"": ""高质量发展,就业,boost:高质量发展,boost:就业""}}",future_baodian_intake,main_matrix_original
2024_朝阳_二模,2024,朝阳,二模,4,,question,B4_CULTURE,objective,/Users/wanglifei/Desktop/2024模拟题/2024朝阳二模/试卷/试卷.pdf,paper,included,/Users/wanglifei/Desktop/北京高考政治/reports/必修二三与必修四文化_题源分类准备_20260617_1301/03_question_index/question_candidates.csv,"{""target"": ""B4_CULTURE"", ""target_score"": 8, ""boundary"": ""B4_PHILOSOPHY_EXCLUDED"", ""boundary_score"": 0, ""matches"": {""B4_CULTURE"": ""文化,文物,boost:文物""}}",future_baodian_intake,main_matrix_original
2024_朝阳_二模,2024,朝阳,二模,5,,question,B2_ECONOMICS,objective,/Users/wanglifei/Desktop/2024模拟题/2024朝阳二模/试卷/试卷.pdf,paper,included,/Users/wanglifei/Desktop/北京高考政治/reports/必修二三与必修四文化_题源分类准备_20260617_1301/03_question_index/question_candidates.csv,"{""target"": ""B2_ECONOMICS"", ""target_score"": 7, ""boundary"": ""B4_PHILOSOPHY_EXCLUDED"", ""boundary_score"": 0, ""matches"": {""B2_ECONOMICS"": ""收入分配,社会保障,居民收入,boost:收入分配,boost:社会保障""}}",future_baodian_intake,main_matrix_original
2024_朝阳_二模,2024,朝阳,二模,6,,question,XB3_EXCLUDED,objective,/Users/wanglifei/Desktop/2024模拟题/2024朝阳二模/试卷/试卷.pdf,paper,module-boundary-excluded,/Users/wanglifei/Desktop/北京高考政治/reports/必修二三与必修四文化_题源分类准备_20260617_1301/03_question_index/question_candidates.csv,"{""target"": ""B2_ECONOMICS"", ""target_score"": 0, ""boundary"": ""XB3_EXCLUDED"", ""boundary_score"": 2, ""matches"": {""B4_PHILOSOPHY_EXCLUDED"": ""事物发展"", ""XB3_EXCLUDED"": ""属种关系,boost:属种关系""}}",exclude_from_three_target_lines,main_matrix_original
2024_朝阳_二模,2024,朝阳,二模,7,,question,XB3_EXCLUDED,objective,/Users/wanglifei/Desktop/2024模拟题/2024朝阳二模/试卷/试卷.pdf,paper,module-boundary-excluded,/Users/wanglifei/Desktop/北京高考政治/reports/必修二三与必修四文化_题源分类准备_20260617_1301/03_question_index/question_candidates.csv,"{""target"": ""B2_ECONOMICS"", ""target_score"": 0, ""boundary"": ""XB3_EXCLUDED"", ""boundary_score"": 11, ""matches"": {""XB3_EXCLUDED"": ""科学思维,推理,关系判断,归纳推理,boost:科学思维,boost:推理,boost:关系判断,boost:归纳推理""}, ""explicit_boundary_modules"": {""XB3_EXCLUDED"": [""科学思维"", ""推理""]}, ""override"": ""explicit_boundary_term""}",exclude_from_three_target_lines,main_matrix_original
2024_朝阳_二模,2024,朝阳,二模,8,,question,B3_POLITICS_RULE_OF_LAW,objective,/Users/wanglifei/Desktop/2024模拟题/2024朝阳二模/试卷/试卷.pdf,paper,included,/Users/wanglifei/Desktop/北京高考政治/reports/必修二三与必修四文化_题源分类准备_20260617_1301/03_question_index/question_candidates.csv,"{""target"": ""B3_POLITICS_RULE_OF_LAW"", ""target_score"": 3, ""boundary"": ""B4_PHILOSOPHY_EXCLUDED"", ""boundary_score"": 0, ""matches"": {""B3_POLITICS_RULE_OF_LAW"": ""政府,党组织,boost:党组织""}}",future_baodian_intake,main_matrix_original
2024_朝阳_二模,2024,朝阳,二模,9,,question,B3_POLITICS_RULE_OF_LAW,objective,/Users/wanglifei/Desktop/2024模拟题/2024朝阳二模/试卷/试卷.pdf,paper,included,/Users/wanglifei/Desktop/北京高考政治/reports/必修二三与必修四文化_题源分类准备_20260617_1301/03_question_index/question_candidates.csv,"{""target"": ""B3_POLITICS_RULE_OF_LAW"", ""target_score"": 7, ""boundary"": ""B4_PHILOSOPHY_EXCLUDED"", ""boundary_score"": 2, ""matches"": {""B3_POLITICS_RULE_OF_LAW"": ""人大代表,全国人大,boost:人大代表,boost:全国人大"", ""B4_PHILOSOPHY_EXCLUDED"": ""人民群众,boost:人民群众""}}",future_baodian_intake,main_matrix_original
2024_朝阳_期中,2024,朝阳,期中,1,,question,B4_PHILOSOPHY_EXCLUDED,objective,/Users/wanglifei/Desktop/2024模拟题/2024朝阳期中/试卷/试卷.pdf,paper,module-boundary-excluded,/Users/wanglifei/Desktop/北京高考政治/reports/必修二三与必修四文化_题源分类准备_20260617_1301/03_question_index/question_candidates.csv,"{""target"": ""B4_CULTURE"", ""target_score"": 5, ""boundary"": ""B4_PHILOSOPHY_EXCLUDED"", ""boundary_score"": 4, ""matches"": {""B3_POLITICS_RULE_OF_LAW"": ""人民代表大会,宪法,boost:人民代表大会,boost:宪法"", ""B4_CULTURE"": ""民族精神,时代精神,boost:民族精神,boost:时代精神"", ""B4_PHILOSOPHY_EXCLUDED"": ""价值判断,价值选择,boost:价值判断,boost:价值选择""}, ""explicit_boundary_modules"": {""B4_PHILOSOPHY_EXCLUDED"": [""价值判断"", ""价值选择""]}, ""override"": ""explicit_boundary_term""}",exclude_from_three_target_lines,main_matrix_original
2024_朝阳_期中,2024,朝阳,期中,10,,question,B4_PHILOSOPHY_EXCLUDED,objective,/Users/wanglifei/Desktop/2024模拟题/2024朝阳期中/试卷/试卷.pdf,paper,module-boundary-excluded,/Users/wanglifei/Desktop/北京高考政治/reports/必修二三与必修四文化_题源分类准备_20260617_1301/03_question_index/question_candidates.csv,"{""target"": ""B2_ECONOMICS"", ""target_score"": 0, ""boundary"": ""B4_PHILOSOPHY_EXCLUDED"", ""boundary_score"": 5, ""matches"": {""B4_PHILOSOPHY_EXCLUDED"": ""事物发展,量变,质变,boost:量变,boost:质变"", ""XB3_EXCLUDED"": ""属种关系,boost:属种关系""}}",exclude_from_three_target_lines,main_matrix_original
2024_朝阳_期中,2024,朝阳,期中,11,,question,XB3_EXCLUDED,objective,/Users/wanglifei/Desktop/2024模拟题/2024朝阳期中/试卷/试卷.pdf,paper,module-boundary-excluded,/Users/wanglifei/Desktop/北京高考政治/reports/必修二三与必修四文化_题源分类准备_20260617_1301/03_question_index/question_candidates.csv,"{""target"": ""B2_ECONOMICS"", ""target_score"": 0, ""boundary"": ""XB3_EXCLUDED"", ""boundary_score"": 10, ""matches"": {""B4_PHILOSOPHY_EXCLUDED"": ""矛盾,boost:矛盾"", ""XB3_EXCLUDED"": ""推理,三段论,正确运用判断,关系判断,boost:推理,boost:三段论,boost:正确运用判断,boost:关系判断""}, ""explicit_boundary_modules"": {""XB3_EXCLUDED"": [""三段论"", ""推理"", ""假言""]}, ""override"": ""explicit_boundary_term""}",exclude_from_three_target_lines,main_matrix_original
2024_朝阳_期中,2024,朝阳,期中,12,,question,B2_ECONOMICS,objective,/Users/wanglifei/Desktop/2024模拟题/2024朝阳期中/试卷/试卷.pdf,paper,included,/Users/wanglifei/Desktop/北京高考政治/reports/必修二三与必修四文化_题源分类准备_20260617_1301/03_question_index/question_candidates.csv,"{""target"": ""B2_ECONOMICS"", ""target_score"": 4, ""boundary"": ""B4_PHILOSOPHY_EXCLUDED"", ""boundary_score"": 0, ""matches"": {""B2_ECONOMICS"": ""市场经济,市场机制,boost:市场经济"", ""B3_POLITICS_RULE_OF_LAW"": ""政府""}}",future_baodian_intake,main_matrix_original
2024_朝阳_期中,2024,朝阳,期中,13,,question,B2_ECONOMICS,objective,/Users/wanglifei/Desktop/2024模拟题/2024朝阳期中/试卷/试卷.pdf,paper,included,/Users/wanglifei/Desktop/北京高考政治/reports/必修二三与必修四文化_题源分类准备_20260617_1301/03_question_index/question_candidates.csv,"{""target"": ""B2_ECONOMICS"", ""target_score"": 5, ""boundary"": ""B4_PHILOSOPHY_EXCLUDED"", ""boundary_score"": 0, ""matches"": {""B2_ECONOMICS"": ""财政,消费,boost:财政""}}",future_baodian_intake,main_matrix_original
2024_朝阳_期中,2024,朝阳,期中,14,,question,B2_ECONOMICS,objective,/Users/wanglifei/Desktop/2024模拟题/2024朝阳期中/试卷/试卷.pdf,paper,included,/Users/wanglifei/Desktop/北京高考政治/reports/必修二三与必修四文化_题源分类准备_20260617_1301/03_question_index/question_candidates.csv,"{""target"": ""B2_ECONOMICS"", ""target_score"": 4, ""boundary"": ""B4_PHILOSOPHY_EXCLUDED"", ""boundary_score"": 0, ""matches"": {""B2_ECONOMICS"": ""国有经济,boost:国有经济""}}",future_baodian_intake,main_matrix_original
2024_朝阳_期中,2024,朝阳,期中,15,,question,XB1_EXCLUDED,objective,/Users/wanglifei/Desktop/2024模拟题/2024朝阳期中/试卷/试卷.pdf,paper,module-boundary-excluded,/Users/wanglifei/Desktop/北京高考政治/reports/必修二三与必修四文化_题源分类准备_20260617_1301/03_question_index/question_candidates.csv,"{""target"": ""B2_ECONOMICS"", ""target_score"": 0, ""boundary"": ""XB1_EXCLUDED"", ""boundary_score"": 7, ""matches"": {""XB1_EXCLUDED"": ""全球治理,经济全球化,人类命运共同体,boost:全球治理,boost:经济全球化,boost:人类命运共同体""}, ""explicit_boundary_modules"": {""XB1_EXCLUDED"": [""经济全球化"", ""全球治理"", ""人类命运共同体""]}, ""override"": ""explicit_boundary_term""}",exclude_from_three_target_lines,main_matrix_original
2024_朝阳_期中,2024,朝阳,期中,16,,question,B4_PHILOSOPHY_EXCLUDED,subjective,/Users/wanglifei/Desktop/2024模拟题/2024朝阳期中/试卷/试卷.pdf,paper,module-boundary-excluded,/Users/wanglifei/Desktop/北京高考政治/reports/必修二三与必修四文化_题源分类准备_20260617_1301/03_question_index/question_candidates.csv,"{""target"": ""B3_POLITICS_RULE_OF_LAW"", ""target_score"": 4, ""boundary"": ""B4_PHILOSOPHY_EXCLUDED"", ""boundary_score"": 5, ""matches"": {""B2_ECONOMICS"": ""市场经济,boost:市场经济"", ""B3_POLITICS_RULE_OF_LAW"": ""中国共产党,boost:中国共产党"", ""B4_PHILOSOPHY_EXCLUDED"": ""人民群众,历史唯物主义,boost:人民群众,boost:历史唯物主义"", ""B1_EXCLUDED"": ""改革开放""}, ""explicit_boundary_modules"": {""B4_PHILOSOPHY_EXCLUDED"": [""历史唯物主义""]}, ""override"": ""explicit_boundary_term""}",exclude_from_three_target_lines,main_matrix_original
2024_朝阳_期中,2024,朝阳,期中,17,,question,B4_CULTURE,subjective,/Users/wanglifei/Desktop/2024模拟题/2024朝阳期中/试卷/试卷.pdf,paper,included,/Users/wanglifei/Desktop/北京高考政治/reports/必修二三与必修四文化_题源分类准备_20260617_1301/03_question_index/question_candidates.csv,"{""target"": ""B4_CULTURE"", ""target_score"": 7, ""boundary"": ""B4_PHILOSOPHY_EXCLUDED"", ""boundary_score"": 0, ""matches"": {""B2_ECONOMICS"": ""消费"", ""B4_CULTURE"": ""文化,民族精神,中华文明,boost:民族精神,boost:中华文明""}}",future_baodian_intake,main_matrix_original
2024_朝阳_期中,2024,朝阳,期中,18,,question,XB3_EXCLUDED,subjective,/Users/wanglifei/Desktop/2024模拟题/2024朝阳期中/试卷/试卷.pdf,paper,module-boundary-excluded,/Users/wanglifei/Desktop/北京高考政治/reports/必修二三与必修四文化_题源分类准备_20260617_1301/03_question_index/question_candidates.csv,"{""target"": ""B2_ECONOMICS"", ""target_score"": 0, ""boundary"": ""XB3_EXCLUDED"", ""boundary_score"": 4, ""matches"": {""XB3_EXCLUDED"": ""逻辑与思维,推理,boost:逻辑与思维,boost:推理""}, ""explicit_boundary_modules"": {""XB3_EXCLUDED"": [""逻辑与思维"", ""推理""]}, ""override"": ""explicit_boundary_term""}",exclude_from_three_target_lines,main_matrix_original
2024_朝阳_期中,2024,朝阳,期中,19,,question,XB3_EXCLUDED,subjective,/Users/wanglifei/Desktop/2024模拟题/2024朝阳期中/试卷/试卷.pdf,paper,module-boundary-excluded,/Users/wanglifei/Desktop/北京高考政治/reports/必修二三与必修四文化_题源分类准备_20260617_1301/03_question_index/question_candidates.csv,"{""target"": ""B2_ECONOMICS"", ""target_score"": 6, ""boundary"": ""XB3_EXCLUDED"", ""boundary_score"": 2, ""matches"": {""B2_ECONOMICS"": ""消费,经济增长,boost:经济增长"", ""XB3_EXCLUDED"": ""创新思维,boost:创新思维""}, ""explicit_boundary_modules"": {""XB3_EXCLUDED"": [""创新思维""]}, ""override"": ""explicit_boundary_term""}",exclude_from_three_target_lines,main_matrix_original
2024_朝阳_期中,2024,朝阳,期中,2,,question,B4_CULTURE,objective,/Users/wanglifei/Desktop/2024模拟题/2024朝阳期中/试卷/试卷.pdf,paper,included,/Users/wanglifei/Desktop/北京高考政治/reports/必修二三与必修四文化_题源分类准备_20260617_1301/03_question_index/question_candidates.csv,"{""target"": ""B4_CULTURE"", ""target_score"": 8, ""boundary"": ""B4_PHILOSOPHY_EXCLUDED"", ""boundary_score"": 0, ""matches"": {""B4_CULTURE"": ""文化,传统文化,创新性发展,boost:传统文化,boost:创新性发展""}}",future_baodian_intake,main_matrix_original
2024_朝阳_期中,2024,朝阳,期中,20(1),20,subquestion,B2_ECONOMICS,subjective,/Users/wanglifei/Desktop/2024模拟题/2024朝阳期中/试卷/试卷.pdf,paper,included,04_module_classification/subquestion_split_matrix.csv,"{""override"": ""prompt_router"", ""prompt_terms"": [""经济信息/经济角度""], ""classification_text"": ""(1) 概括上图所反映的经济信息。 (4 分)"", ""base_decision"": ""{\""target\"": \""B2_ECONOMICS\"", \""target_score\"": 0, \""boundary\"": \""B4_PHILOSOPHY_EXCLUDED\"", \""boundary_score\"": 0, \""matches\"": {}}""}",future_baodian_intake,subquestion_integrated_target
2024_朝阳_期中,2024,朝阳,期中,20(2),20,subquestion,B2_ECONOMICS,subjective,/Users/wanglifei/Desktop/2024模拟题/2024朝阳期中/试卷/试卷.pdf,paper,included,04_module_classification/subquestion_split_matrix.csv,"{""target"": ""B2_ECONOMICS"", ""target_score"": 6, ""boundary"": ""B4_PHILOSOPHY_EXCLUDED"", ""boundary_score"": 0, ""matches"": {""B2_ECONOMICS"": ""经济与社会,高质量发展,数字经济,boost:经济与社会,boost:高质量发展,boost:数字经济""}}",future_baodian_intake,subquestion_integrated_target
2024_朝阳_期中,2024,朝阳,期中,20(3),20,subquestion,XB1_EXCLUDED,subjective,/Users/wanglifei/Desktop/2024模拟题/2024朝阳期中/试卷/试卷.pdf,paper,module-boundary-excluded,04_module_classification/subquestion_split_matrix.csv,"{""target"": ""B2_ECONOMICS"", ""target_score"": 0, ""boundary"": ""XB1_EXCLUDED"", ""boundary_score"": 2, ""matches"": {""XB1_EXCLUDED"": ""当代国际政治与经济,boost:当代国际政治与经济""}, ""explicit_boundary_modules"": {""XB1_EXCLUDED"": [""当代国际政治与经济""]}, ""override"": ""explicit_boundary_term""}",exclude_from_three_target_lines,subquestion_integrated_boundary
2024_朝阳_期中,2024,朝阳,期中,3,,question,B4_PHILOSOPHY_EXCLUDED,objective,/Users/wanglifei/Desktop/2024模拟题/2024朝阳期中/试卷/试卷.pdf,paper,module-boundary-excluded,/Users/wanglifei/Desktop/北京高考政治/reports/必修二三与必修四文化_题源分类准备_20260617_1301/03_question_index/question_candidates.csv,"{""target"": ""B2_ECONOMICS"", ""target_score"": 0, ""boundary"": ""B4_PHILOSOPHY_EXCLUDED"", ""boundary_score"": 6, ""matches"": {""B4_PHILOSOPHY_EXCLUDED"": ""意识活动,自觉选择性,能动创造性,boost:意识活动,boost:自觉选择性,boost:能动创造性""}, ""explicit_boundary_modules"": {""B4_PHILOSOPHY_EXCLUDED"": [""意识活动"", ""自觉选择性"", ""能动创造性""]}, ""override"": ""explicit_boundary_term""}",exclude_from_three_target_lines,main_matrix_original
2024_朝阳_期中,2024,朝阳,期中,4,,question,B4_PHILOSOPHY_EXCLUDED,objective,/Users/wanglifei/Desktop/2024模拟题/2024朝阳期中/试卷/试卷.pdf,paper,module-boundary-excluded,/Users/wanglifei/Desktop/北京高考政治/reports/必修二三与必修四文化_题源分类准备_20260617_1301/03_question_index/question_candidates.csv,"{""target"": ""B2_ECONOMICS"", ""target_score"": 0, ""boundary"": ""B4_PHILOSOPHY_EXCLUDED"", ""boundary_score"": 4, ""matches"": {""B4_PHILOSOPHY_EXCLUDED"": ""系统优化,适度原则,boost:系统优化,boost:适度原则""}, ""explicit_boundary_modules"": {""B4_PHILOSOPHY_EXCLUDED"": [""系统优化""]}, ""override"": ""explicit_boundary_term""}",exclude_from_three_target_lines,main_matrix_original
2024_朝阳_期中,2024,朝阳,期中,5,,question,XB3_EXCLUDED,objective,/Users/wanglifei/Desktop/2024模拟题/2024朝阳期中/试卷/试卷.pdf,paper,module-boundary-excluded,/Users/wanglifei/Desktop/北京高考政治/reports/必修二三与必修四文化_题源分类准备_20260617_1301/03_question_index/question_candidates.csv,"{""target"": ""B2_ECONOMICS"", ""target_score"": 0, ""boundary"": ""B4_PHILOSOPHY_EXCLUDED"", ""boundary_score"": 4, ""matches"": {""B4_PHILOSOPHY_EXCLUDED"": ""认识,真理,boost:真理"", ""XB3_EXCLUDED"": ""充分必要条件,必要条件,boost:充分必要条件,boost:必要条件""}, ""explicit_boundary_modules"": {""XB3_EXCLUDED"": [""必要条件""]}, ""override"": ""explicit_boundary_term""}",exclude_from_three_target_lines,main_matrix_original
2024_朝阳_期中,2024,朝阳,期中,6,,question,B4_CULTURE,objective,/Users/wanglifei/Desktop/2024模拟题/2024朝阳期中/试卷/试卷.pdf,paper,included,05_reports/prompt_resolution_audit.csv,"{""override"": ""strict_prompt_resolution"", ""rule_id"": ""B4_CULTURE_PROMPT"", ""matched_terms"": ""探月精神"", ""prompt_source"": ""paper"", ""prompt"": ""20 年来,我国的探月工程聚焦关键核心技术领域持续攻关,在科学发现、技术创新、工 程实践、成果转化、国际合作等方面取得丰硕成果,走出一条高质量、高效益的月球探测 之路,为我国航天事业发展、为人类探索宇宙空间作出了重大贡献。 下列说法正确的是 1探月工程成果展示了我国在创新科技发展规律上取得的显著成就 2我国的月球探测走出了一条兼顾质量和效益的中国特色发展之路 3关键核心技术领域的持续攻关决定了我国航天事业发展的性质和方向 4弘扬探月精神有利于增强中华儿女的民族自尊心、自信心和自豪感 A. 12 B. 13 C. 24 D. 34"", ""previous_decision"": ""{\""target\"": \""B2_ECONOMICS\"", \""target_score\"": 0, \""boundary\"": \""B4_PHILOSOPHY_EXCLUDED\"", \""boundary_score\"": 1, \""matches\"": {\""B4_PHILOSOPHY_EXCLUDED\"": \""实践\""}}""}",future_baodian_intake,prompt_resolved_from_main_matrix_original
2024_朝阳_期中,2024,朝阳,期中,7,,question,XB3_EXCLUDED,objective,/Users/wanglifei/Desktop/2024模拟题/2024朝阳期中/试卷/试卷.pdf,paper,module-boundary-excluded,/Users/wanglifei/Desktop/北京高考政治/reports/必修二三与必修四文化_题源分类准备_20260617_1301/03_question_index/question_candidates.csv,"{""target"": ""B4_CULTURE"", ""target_score"": 11, ""boundary"": ""XB3_EXCLUDED"", ""boundary_score"": 4, ""matches"": {""B4_CULTURE"": ""文化,文化遗产,中轴线,boost:文化遗产,boost:中轴线"", ""XB1_EXCLUDED"": ""联合国,boost:联合国"", ""XB3_EXCLUDED"": ""推理,三段论,boost:推理,boost:三段论""}, ""explicit_boundary_modules"": {""XB1_EXCLUDED"": [""联合国""], ""XB3_EXCLUDED"": [""三段论"", ""推理""]}, ""override"": ""explicit_boundary_term""}",exclude_from_three_target_lines,main_matrix_original
2024_朝阳_期中,2024,朝阳,期中,8,,question,XB3_EXCLUDED,objective,/Users/wanglifei/Desktop/2024模拟题/2024朝阳期中/试卷/试卷.pdf,paper,module-boundary-excluded,/Users/wanglifei/Desktop/北京高考政治/reports/必修二三与必修四文化_题源分类准备_20260617_1301/03_question_index/question_candidates.csv,"{""target"": ""B2_ECONOMICS"", ""target_score"": 0, ""boundary"": ""XB3_EXCLUDED"", ""boundary_score"": 4, ""matches"": {""XB3_EXCLUDED"": ""充分必要条件,必要条件,boost:充分必要条件,boost:必要条件""}, ""explicit_boundary_modules"": {""XB3_EXCLUDED"": [""必要条件""]}, ""override"": ""explicit_boundary_term""}",exclude_from_three_target_lines,main_matrix_original
2024_朝阳_期中,2024,朝阳,期中,9,,question,XB3_EXCLUDED,objective,/Users/wanglifei/Desktop/2024模拟题/2024朝阳期中/试卷/试卷.pdf,paper,module-boundary-excluded,/Users/wanglifei/Desktop/北京高考政治/reports/必修二三与必修四文化_题源分类准备_20260617_1301/03_question_index/question_candidates.csv,"{""target"": ""B2_ECONOMICS"", ""target_score"": 0, ""boundary"": ""XB3_EXCLUDED"", ""boundary_score"": 7, ""matches"": {""B4_PHILOSOPHY_EXCLUDED"": ""认识"", ""XB3_EXCLUDED"": ""想象,推理,演绎推理,boost:想象,boost:推理,boost:演绎推理""}, ""explicit_boundary_modules"": {""XB3_EXCLUDED"": [""推理"", ""想象""]}, ""override"": ""explicit_boundary_term""}",exclude_from_three_target_lines,main_matrix_original
2024_海淀_一模,2024,海淀,一模,1,,question,B4_CULTURE,objective,/Users/wanglifei/Desktop/2024模拟题/2024海淀一模/试卷/试卷.pdf,paper,included,/Users/wanglifei/Desktop/北京高考政治/reports/必修二三与必修四文化_题源分类准备_20260617_1301/03_question_index/question_candidates.csv,"{""target"": ""B4_CULTURE"", ""target_score"": 7, ""boundary"": ""B4_PHILOSOPHY_EXCLUDED"", ""boundary_score"": 0, ""matches"": {""B4_CULTURE"": ""精神谱系,红色基因,长征精神,boost:精神谱系,boost:红色基因,boost:长征精神""}}",future_baodian_intake,main_matrix_original
2024_海淀_一模,2024,海淀,一模,10,,question,XB2_EXCLUDED,objective,/Users/wanglifei/Desktop/2024模拟题/2024海淀一模/试卷/试卷.pdf,paper,module-boundary-excluded,/Users/wanglifei/Desktop/北京高考政治/reports/必修二三与必修四文化_题源分类准备_20260617_1301/03_question_index/question_candidates.csv,"{""target"": ""B2_ECONOMICS"", ""target_score"": 4, ""boundary"": ""XB2_EXCLUDED"", ""boundary_score"": 21, ""matches"": {""B2_ECONOMICS"": ""劳动者"", ""XB2_EXCLUDED"": ""合同,劳动合同,仲裁,boost:合同,boost:劳动合同,boost:仲裁""}, ""explicit_boundary_modules"": {""XB2_EXCLUDED"": [""合同"", ""劳动合同""]}, ""override"": ""explicit_boundary_term""}",exclude_from_three_target_lines,main_matrix_original
2024_海淀_一模,2024,海淀,一模,11,,question,XB2_EXCLUDED,objective,/Users/wanglifei/Desktop/2024模拟题/2024海淀一模/试卷/试卷.pdf,paper,module-boundary-excluded,/Users/wanglifei/Desktop/北京高考政治/reports/必修二三与必修四文化_题源分类准备_20260617_1301/03_question_index/question_candidates.csv,"{""target"": ""B3_POLITICS_RULE_OF_LAW"", ""target_score"": 2, ""boundary"": ""XB2_EXCLUDED"", ""boundary_score"": 12, ""matches"": {""B3_POLITICS_RULE_OF_LAW"": ""法院"", ""XB2_EXCLUDED"": ""诉讼,调解,民事,民事诉讼,赔偿,boost:诉讼,boost:调解,boost:民事,boost:民事诉讼""}, ""explicit_boundary_modules"": {""XB2_EXCLUDED"": [""诉讼"", ""民事""]}, ""override"": ""explicit_boundary_term""}",exclude_from_three_target_lines,main_matrix_original
2024_海淀_一模,2024,海淀,一模,12,,question,B2_ECONOMICS,objective,/Users/wanglifei/Desktop/2024模拟题/2024海淀一模/试卷/试卷.pdf,paper,included,05_reports/strong_blocker_resolution_audit.csv,"{""rule_id"": ""STRONG_BLOCKER_B2_ENTERPRISE_MARKET_SUBJECT"", ""matched_terms"": ""铁路企业,旅客需求,市场主体,供求矛盾"", ""source"": ""strong_blocker_resolution_review.csv"", ""evidence_source_type"": ""paper"", ""prior_status"": ""blocked"", ""prior_next_action"": ""manual_review_needed""}",future_baodian_intake,strong_blocker_resolution
2024_海淀_一模,2024,海淀,一模,13,,question,XB2_EXCLUDED,objective,/Users/wanglifei/Desktop/2024模拟题/2024海淀一模/试卷/试卷.pdf,paper,module-boundary-excluded,/Users/wanglifei/Desktop/北京高考政治/reports/必修二三与必修四文化_题源分类准备_20260617_1301/03_question_index/question_candidates.csv,"{""target"": ""B2_ECONOMICS"", ""target_score"": 2, ""boundary"": ""XB2_EXCLUDED"", ""boundary_score"": 2, ""matches"": {""B2_ECONOMICS"": ""就业,boost:就业"", ""XB2_EXCLUDED"": ""专利,boost:专利""}, ""explicit_boundary_modules"": {""XB2_EXCLUDED"": [""专利""]}, ""override"": ""explicit_boundary_term""}",exclude_from_three_target_lines,main_matrix_original
2024_海淀_一模,2024,海淀,一模,14,,question,XB1_EXCLUDED,objective,/Users/wanglifei/Desktop/2024模拟题/2024海淀一模/试卷/试卷.pdf,paper,module-boundary-excluded,05_reports/prompt_resolution_audit.csv,"{""override"": ""strict_prompt_resolution"", ""rule_id"": ""XB1_INTERNATIONAL_PROMPT"", ""matched_terms"": ""美国总统大选"", ""prompt_source"": ""paper"", ""prompt"": ""美国总统大选,无论是民主党还是共和党都将选举和选民议题作为政策出发点,去迎合选民, 追求当下利益的最大化,加剧了两党之间的激烈对抗,导致社会撕裂程度日益加深。这说明 1政党作为选民利益的代表,力求以民主方式保障选民利益 2两党之间根本利益的分歧,破坏了社会的凝聚力和稳定性 3在美国政党制度下,政党争取执政的主要手段是参加选举 4选举政治被两党政治所裹挟,使民主从目的沦为党争手段 A.12 B.13 C.24 D.34"", ""previous_decision"": ""{\""target\"": \""B2_ECONOMICS\"", \""target_score\"": 0, \""boundary\"": \""B4_PHILOSOPHY_EXCLUDED\"", \""boundary_score\"": 0, \""matches\"": {}}""}",exclude_from_three_target_lines,prompt_resolved_from_main_matrix_original
2024_海淀_一模,2024,海淀,一模,15,,question,XB1_EXCLUDED,objective,/Users/wanglifei/Desktop/2024模拟题/2024海淀一模/试卷/试卷.pdf,paper,module-boundary-excluded,/Users/wanglifei/Desktop/北京高考政治/reports/必修二三与必修四文化_题源分类准备_20260617_1301/03_question_index/question_candidates.csv,"{""target"": ""B2_ECONOMICS"", ""target_score"": 0, ""boundary"": ""XB1_EXCLUDED"", ""boundary_score"": 8, ""matches"": {""XB1_EXCLUDED"": ""国际关系,全球治理,人类命运共同体,金砖,boost:国际关系,boost:全球治理,boost:人类命运共同体,boost:金砖""}, ""explicit_boundary_modules"": {""XB1_EXCLUDED"": [""国际关系"", ""全球治理"", ""人类命运共同体""]}, ""override"": ""explicit_boundary_term""}",exclude_from_three_target_lines,main_matrix_original
2024_海淀_一模,2024,海淀,一模,16,,question,B4_PHILOSOPHY_EXCLUDED,subjective,/Users/wanglifei/Desktop/2024模拟题/2024海淀一模/试卷/试卷.pdf,paper,module-boundary-excluded,05_reports/culture_component_extraction_audit.csv,"{""rule_id"": ""CULTURE_COMPONENT_EXTRACTED_REMAINDER_PHILOSOPHY"", ""source"": ""culture_component_extraction_review.csv"", ""prior_book_module"": ""UNKNOWN_OR_MIXED"", ""prior_status"": ""blocked"", ""user_rule"": ""文化采分点已抽离；原父题余项按非文化边界保留。""}",culture_component_extracted_remainder_excluded,culture_component_parent_remainder_closed
2024_海淀_一模,2024,海淀,一模,17(1),17,subquestion,B2_ECONOMICS,subjective,/Users/wanglifei/Desktop/2024模拟题/2024海淀一模/试卷/试卷.pdf,paper,included,04_module_classification/subquestion_split_matrix.csv,"{""target"": ""B2_ECONOMICS"", ""target_score"": 4, ""boundary"": ""B4_PHILOSOPHY_EXCLUDED"", ""boundary_score"": 0, ""matches"": {""B2_ECONOMICS"": ""经济与社会,高质量发展,boost:经济与社会,boost:高质量发展""}}",future_baodian_intake,subquestion_integrated_target
2024_海淀_一模,2024,海淀,一模,17(2),17,subquestion,XB3_EXCLUDED,subjective,/Users/wanglifei/Desktop/2024模拟题/2024海淀一模/试卷/试卷.pdf,paper,module-boundary-excluded,04_module_classification/subquestion_split_matrix.csv,"{""target"": ""B2_ECONOMICS"", ""target_score"": 0, ""boundary"": ""XB3_EXCLUDED"", ""boundary_score"": 2, ""matches"": {""XB3_EXCLUDED"": ""分析与综合,boost:分析与综合""}, ""explicit_boundary_modules"": {""XB3_EXCLUDED"": [""分析与综合""]}, ""override"": ""explicit_boundary_term""}",exclude_from_three_target_lines,subquestion_integrated_boundary
2024_海淀_一模,2024,海淀,一模,18,,question,XB1_EXCLUDED,subjective,/Users/wanglifei/Desktop/2024模拟题/2024海淀一模/试卷/试卷.pdf,paper,module-boundary-excluded,/Users/wanglifei/Desktop/北京高考政治/reports/必修二三与必修四文化_题源分类准备_20260617_1301/03_question_index/question_candidates.csv,"{""target"": ""B2_ECONOMICS"", ""target_score"": 1, ""boundary"": ""XB1_EXCLUDED"", ""boundary_score"": 8, ""matches"": {""B2_ECONOMICS"": ""消费"", ""XB1_EXCLUDED"": ""当代国际政治与经济,外交,对外开放,boost:当代国际政治与经济,boost:外交"", ""XB3_EXCLUDED"": ""推理,boost:推理""}, ""explicit_boundary_modules"": {""XB1_EXCLUDED"": [""当代国际政治与经济""], ""XB3_EXCLUDED"": [""推理""]}, ""override"": ""explicit_boundary_term""}",exclude_from_three_target_lines,main_matrix_original
2024_海淀_一模,2024,海淀,一模,19,,question,XB2_EXCLUDED,subjective,/Users/wanglifei/Desktop/2024模拟题/2024海淀一模/试卷/试卷.pdf,paper,module-boundary-excluded,/Users/wanglifei/Desktop/北京高考政治/reports/必修二三与必修四文化_题源分类准备_20260617_1301/03_question_index/question_candidates.csv,"{""target"": ""B3_POLITICS_RULE_OF_LAW"", ""target_score"": 1, ""boundary"": ""XB2_EXCLUDED"", ""boundary_score"": 7, ""matches"": {""B3_POLITICS_RULE_OF_LAW"": ""法院"", ""B4_PHILOSOPHY_EXCLUDED"": ""认识"", ""XB2_EXCLUDED"": ""法律与生活,侵权,诉讼,赔偿,boost:法律与生活,boost:侵权,boost:诉讼""}, ""explicit_boundary_modules"": {""XB2_EXCLUDED"": [""法律与生活"", ""侵权"", ""诉讼""]}, ""override"": ""explicit_boundary_term""}",exclude_from_three_target_lines,main_matrix_original
2024_海淀_一模,2024,海淀,一模,2,,question,B4_PHILOSOPHY_EXCLUDED,objective,/Users/wanglifei/Desktop/2024模拟题/2024海淀一模/试卷/试卷.pdf,paper,module-boundary-excluded,/Users/wanglifei/Desktop/北京高考政治/reports/必修二三与必修四文化_题源分类准备_20260617_1301/03_question_index/question_candidates.csv,"{""target"": ""B2_ECONOMICS"", ""target_score"": 0, ""boundary"": ""B4_PHILOSOPHY_EXCLUDED"", ""boundary_score"": 4, ""matches"": {""B4_PHILOSOPHY_EXCLUDED"": ""实践,认识,主观能动性""}}",exclude_from_three_target_lines,main_matrix_original
2024_海淀_一模,2024,海淀,一模,20,,question,B4_CULTURE,subjective,/Users/wanglifei/Desktop/2024模拟题/2024海淀一模/试卷/试卷.pdf,paper,included,/Users/wanglifei/Desktop/北京高考政治/reports/必修二三与必修四文化_题源分类准备_20260617_1301/03_question_index/question_candidates.csv,"{""target"": ""B4_CULTURE"", ""target_score"": 6, ""boundary"": ""B1_EXCLUDED"", ""boundary_score"": 1, ""matches"": {""B4_CULTURE"": ""爱国主义,博物馆,文物,boost:爱国主义,boost:博物馆,boost:文物"", ""B1_EXCLUDED"": ""改革开放""}}",future_baodian_intake,main_matrix_original
2024_海淀_一模,2024,海淀,一模,3,,question,B4_PHILOSOPHY_EXCLUDED,objective,/Users/wanglifei/Desktop/2024模拟题/2024海淀一模/试卷/试卷.pdf,paper,module-boundary-excluded,/Users/wanglifei/Desktop/北京高考政治/reports/必修二三与必修四文化_题源分类准备_20260617_1301/03_question_index/question_candidates.csv,"{""target"": ""B2_ECONOMICS"", ""target_score"": 0, ""boundary"": ""B4_PHILOSOPHY_EXCLUDED"", ""boundary_score"": 5, ""matches"": {""B4_PHILOSOPHY_EXCLUDED"": ""实践,认识,真理,boost:真理""}}",exclude_from_three_target_lines,main_matrix_original
2024_海淀_一模,2024,海淀,一模,4,,question,B4_CULTURE,objective,/Users/wanglifei/Desktop/2024模拟题/2024海淀一模/试卷/试卷.pdf,paper,included,/Users/wanglifei/Desktop/北京高考政治/reports/必修二三与必修四文化_题源分类准备_20260617_1301/03_question_index/question_candidates.csv,"{""target"": ""B4_CULTURE"", ""target_score"": 8, ""boundary"": ""B4_PHILOSOPHY_EXCLUDED"", ""boundary_score"": 0, ""matches"": {""B4_CULTURE"": ""文化,纹样,中华文明,文明传承,boost:纹样,boost:中华文明,boost:文明传承""}}",future_baodian_intake,main_matrix_original
2024_海淀_一模,2024,海淀,一模,5,,question,B4_PHILOSOPHY_EXCLUDED,objective,/Users/wanglifei/Desktop/2024模拟题/2024海淀一模/试卷/试卷.pdf,paper,module-boundary-excluded,/Users/wanglifei/Desktop/北京高考政治/reports/必修二三与必修四文化_题源分类准备_20260617_1301/03_question_index/question_candidates.csv,"{""target"": ""B2_ECONOMICS"", ""target_score"": 0, ""boundary"": ""B4_PHILOSOPHY_EXCLUDED"", ""boundary_score"": 7, ""matches"": {""B4_PHILOSOPHY_EXCLUDED"": ""事物发展,矛盾,boost:矛盾""}}",exclude_from_three_target_lines,main_matrix_original
2024_海淀_一模,2024,海淀,一模,6,,question,XB3_EXCLUDED,objective,/Users/wanglifei/Desktop/2024模拟题/2024海淀一模/试卷/试卷.pdf,paper,module-boundary-excluded,/Users/wanglifei/Desktop/北京高考政治/reports/必修二三与必修四文化_题源分类准备_20260617_1301/03_question_index/question_candidates.csv,"{""target"": ""B2_ECONOMICS"", ""target_score"": 0, ""boundary"": ""XB3_EXCLUDED"", ""boundary_score"": 14, ""matches"": {""XB3_EXCLUDED"": ""逆向思维,推理,假言判断,归纳推理,必要条件,boost:逆向思维,boost:推理,boost:假言判断,boost:归纳推理,boost:必要条件""}, ""explicit_boundary_modules"": {""XB3_EXCLUDED"": [""推理"", ""假言"", ""必要条件""]}, ""override"": ""explicit_boundary_term""}",exclude_from_three_target_lines,main_matrix_original
2024_海淀_一模,2024,海淀,一模,7,,question,XB3_EXCLUDED,objective,/Users/wanglifei/Desktop/2024模拟题/2024海淀一模/试卷/试卷.pdf,paper,module-boundary-excluded,/Users/wanglifei/Desktop/北京高考政治/reports/必修二三与必修四文化_题源分类准备_20260617_1301/03_question_index/question_candidates.csv,"{""target"": ""B2_ECONOMICS"", ""target_score"": 0, ""boundary"": ""XB3_EXCLUDED"", ""boundary_score"": 3, ""matches"": {""XB3_EXCLUDED"": ""推理,boost:推理""}, ""explicit_boundary_modules"": {""XB3_EXCLUDED"": [""推理""]}, ""override"": ""explicit_boundary_term""}",exclude_from_three_target_lines,main_matrix_original
2024_海淀_一模,2024,海淀,一模,8,,question,B3_POLITICS_RULE_OF_LAW,objective,/Users/wanglifei/Desktop/2024模拟题/2024海淀一模/试卷/试卷.pdf,paper,included,/Users/wanglifei/Desktop/北京高考政治/reports/必修二三与必修四文化_题源分类准备_20260617_1301/03_question_index/question_candidates.csv,"{""target"": ""B3_POLITICS_RULE_OF_LAW"", ""target_score"": 4, ""boundary"": ""B4_PHILOSOPHY_EXCLUDED"", ""boundary_score"": 2, ""matches"": {""B3_POLITICS_RULE_OF_LAW"": ""法院,民主协商,社会治理"", ""B4_PHILOSOPHY_EXCLUDED"": ""矛盾,boost:矛盾""}}",future_baodian_intake,main_matrix_original
2024_海淀_一模,2024,海淀,一模,9,,question,B3_POLITICS_RULE_OF_LAW,objective,/Users/wanglifei/Desktop/2024模拟题/2024海淀一模/试卷/试卷.pdf,paper,included,/Users/wanglifei/Desktop/北京高考政治/reports/必修二三与必修四文化_题源分类准备_20260617_1301/03_question_index/question_candidates.csv,"{""target"": ""B3_POLITICS_RULE_OF_LAW"", ""target_score"": 8, ""boundary"": ""B4_PHILOSOPHY_EXCLUDED"", ""boundary_score"": 2, ""matches"": {""B3_POLITICS_RULE_OF_LAW"": ""政协,政府,人民政协,boost:政协,boost:人民政协"", ""B4_PHILOSOPHY_EXCLUDED"": ""人民群众,boost:人民群众""}}",future_baodian_intake,main_matrix_original
2024_海淀_二模,2024,海淀,二模,1,,question,B1_EXCLUDED,objective,/Users/wanglifei/Desktop/2024模拟题/海淀二模/试卷/补充材料/高三二模：政治试题（以PDF为准）(1).docx | /Users/wanglifei/Desktop/2024模拟题/海淀二模/试卷/试卷.pdf,paper,module-boundary-excluded,/Users/wanglifei/Desktop/北京高考政治/reports/必修二三与必修四文化_题源分类准备_20260617_1301/03_question_index/question_candidates.csv,"{""target"": ""B2_ECONOMICS"", ""target_score"": 0, ""boundary"": ""B1_EXCLUDED"", ""boundary_score"": 2, ""matches"": {""B1_EXCLUDED"": ""改革开放""}}",exclude_from_three_target_lines,main_matrix_original
2024_海淀_二模,2024,海淀,二模,10,,question,XB2_EXCLUDED,objective,/Users/wanglifei/Desktop/2024模拟题/海淀二模/试卷/补充材料/高三二模：政治试题（以PDF为准）(1).docx | /Users/wanglifei/Desktop/2024模拟题/海淀二模/试卷/试卷.pdf,paper,module-boundary-excluded,/Users/wanglifei/Desktop/北京高考政治/reports/必修二三与必修四文化_题源分类准备_20260617_1301/03_question_index/question_candidates.csv,"{""target"": ""B3_POLITICS_RULE_OF_LAW"", ""target_score"": 1, ""boundary"": ""XB2_EXCLUDED"", ""boundary_score"": 10, ""matches"": {""B3_POLITICS_RULE_OF_LAW"": ""法院"", ""XB2_EXCLUDED"": ""民法典,侵权,侵权责任,违约,boost:民法典,boost:侵权,boost:侵权责任,boost:违约""}, ""explicit_boundary_modules"": {""XB2_EXCLUDED"": [""民法典"", ""侵权""]}, ""override"": ""explicit_boundary_term""}",exclude_from_three_target_lines,main_matrix_original
2024_海淀_二模,2024,海淀,二模,11,,question,XB2_EXCLUDED,objective,/Users/wanglifei/Desktop/2024模拟题/海淀二模/试卷/试卷.pdf,paper,module-boundary-excluded,/Users/wanglifei/Desktop/北京高考政治/reports/必修二三与必修四文化_题源分类准备_20260617_1301/03_question_index/question_candidates.csv,"{""target"": ""B3_POLITICS_RULE_OF_LAW"", ""target_score"": 1, ""boundary"": ""XB2_EXCLUDED"", ""boundary_score"": 6, ""matches"": {""B3_POLITICS_RULE_OF_LAW"": ""法院"", ""XB2_EXCLUDED"": ""民法典,侵权,侵权责任,boost:民法典,boost:侵权,boost:侵权责任""}, ""explicit_boundary_modules"": {""XB2_EXCLUDED"": [""民法典"", ""侵权""]}, ""override"": ""explicit_boundary_term""}",exclude_from_three_target_lines,main_matrix_original
2024_海淀_二模,2024,海淀,二模,12,,question,B2_ECONOMICS,objective,/Users/wanglifei/Desktop/2024模拟题/海淀二模/试卷/补充材料/高三二模：政治试题（以PDF为准）(1).docx | /Users/wanglifei/Desktop/2024模拟题/海淀二模/试卷/试卷.pdf,paper,included,/Users/wanglifei/Desktop/北京高考政治/reports/必修二三与必修四文化_题源分类准备_20260617_1301/03_question_index/question_candidates.csv,"{""target"": ""B2_ECONOMICS"", ""target_score"": 10, ""boundary"": ""B4_PHILOSOPHY_EXCLUDED"", ""boundary_score"": 0, ""matches"": {""B2_ECONOMICS"": ""高质量发展,营商环境,市场主体,boost:高质量发展,boost:营商环境"", ""B3_POLITICS_RULE_OF_LAW"": ""政府""}}",future_baodian_intake,main_matrix_original
2024_海淀_二模,2024,海淀,二模,13,,question,B2_ECONOMICS,objective,/Users/wanglifei/Desktop/2024模拟题/海淀二模/试卷/补充材料/高三二模：政治试题（以PDF为准）(1).docx | /Users/wanglifei/Desktop/2024模拟题/海淀二模/试卷/试卷.pdf,paper,included,/Users/wanglifei/Desktop/北京高考政治/reports/必修二三与必修四文化_题源分类准备_20260617_1301/03_question_index/question_candidates.csv,"{""target"": ""B2_ECONOMICS"", ""target_score"": 11, ""boundary"": ""B4_PHILOSOPHY_EXCLUDED"", ""boundary_score"": 0, ""matches"": {""B2_ECONOMICS"": ""实体经济,消费,人力资源,基础设施,boost:实体经济""}}",future_baodian_intake,main_matrix_original
2024_海淀_二模,2024,海淀,二模,14,,question,B2_ECONOMICS,objective,/Users/wanglifei/Desktop/2024模拟题/海淀二模/试卷/补充材料/高三二模：政治试题（以PDF为准）(1).docx | /Users/wanglifei/Desktop/2024模拟题/海淀二模/试卷/试卷.pdf,paper,included,/Users/wanglifei/Desktop/北京高考政治/reports/必修二三与必修四文化_题源分类准备_20260617_1301/03_question_index/question_candidates.csv,"{""target"": ""B2_ECONOMICS"", ""target_score"": 3, ""boundary"": ""B4_PHILOSOPHY_EXCLUDED"", ""boundary_score"": 0, ""matches"": {""B2_ECONOMICS"": ""供应链,boost:供应链""}}",future_baodian_intake,main_matrix_original
2024_海淀_二模,2024,海淀,二模,15,,question,XB1_EXCLUDED,objective,/Users/wanglifei/Desktop/2024模拟题/海淀二模/试卷/补充材料/高三二模：政治试题（以PDF为准）(1).docx | /Users/wanglifei/Desktop/2024模拟题/海淀二模/试卷/试卷.pdf,paper,module-boundary-excluded,/Users/wanglifei/Desktop/北京高考政治/reports/必修二三与必修四文化_题源分类准备_20260617_1301/03_question_index/question_candidates.csv,"{""target"": ""B4_CULTURE"", ""target_score"": 2, ""boundary"": ""XB1_EXCLUDED"", ""boundary_score"": 8, ""matches"": {""B4_CULTURE"": ""文化"", ""XB1_EXCLUDED"": ""联合国,人类命运共同体,boost:联合国,boost:人类命运共同体""}, ""explicit_boundary_modules"": {""XB1_EXCLUDED"": [""联合国"", ""人类命运共同体""]}, ""override"": ""explicit_boundary_term""}",exclude_from_three_target_lines,main_matrix_original
2024_海淀_二模,2024,海淀,二模,16,,question,B4_PHILOSOPHY_EXCLUDED,subjective,/Users/wanglifei/Desktop/2024模拟题/海淀二模/试卷/补充材料/高三二模：政治试题（以PDF为准）(1).docx | /Users/wanglifei/Desktop/2024模拟题/海淀二模/试卷/试卷.pdf,paper,module-boundary-excluded,05_reports/prompt_resolution_audit.csv,"{""override"": ""strict_prompt_resolution"", ""rule_id"": ""B4_PHILOSOPHY_PROMPT"", ""matched_terms"": ""从哲学角度,哲学角度"", ""prompt_source"": ""paper"", ""prompt"": ""(6分)以调频促同频,同频共振,同向同行。 在物理学中,频道又称信道,是信号在通信系统中传输的通道,频道不同,传输的信号就不一样。同频指的是两个或多个声波在频率上相同,从而产生共振现象。 人与人的“频道”不同,对事物的看法、判断就不一样。在人际关系和社交领域,同频通常指的是人们之间在思想、价值观、生活方式或行为上有共同点,能够相互理解和共鸣。因此,小到个人生活相处,大到国家社会发展,都需要“以调频促同频”。 结合材料,从哲学角度,谈谈为什么要“以调频促同频”。"", ""previous_decision"": ""{\""target\"": \""B2_ECONOMICS\"", \""target_score\"": 0, \""boundary\"": \""B4_PHILOSOPHY_EXCLUDED\"", \""boundary_score\"": 0, \""matches\"": {}}""}",exclude_from_three_target_lines,prompt_resolved_from_main_matrix_original
2024_海淀_二模,2024,海淀,二模,17,,question,XB3_EXCLUDED,subjective,/Users/wanglifei/Desktop/2024模拟题/海淀二模/试卷/补充材料/高三二模：政治试题（以PDF为准）(1).docx | /Users/wanglifei/Desktop/2024模拟题/海淀二模/试卷/试卷.pdf,paper,module-boundary-excluded,/Users/wanglifei/Desktop/北京高考政治/reports/必修二三与必修四文化_题源分类准备_20260617_1301/03_question_index/question_candidates.csv,"{""target"": ""B2_ECONOMICS"", ""target_score"": 0, ""boundary"": ""XB3_EXCLUDED"", ""boundary_score"": 3, ""matches"": {""B4_PHILOSOPHY_EXCLUDED"": ""认识"", ""XB3_EXCLUDED"": ""科学思维,boost:科学思维""}, ""explicit_boundary_modules"": {""XB3_EXCLUDED"": [""科学思维""]}, ""override"": ""explicit_boundary_term""}",exclude_from_three_target_lines,main_matrix_original
2024_海淀_二模,2024,海淀,二模,18,,question,XB1_EXCLUDED,subjective,/Users/wanglifei/Desktop/2024模拟题/海淀二模/试卷/补充材料/高三二模：政治试题（以PDF为准）(1).docx | /Users/wanglifei/Desktop/2024模拟题/海淀二模/试卷/试卷.pdf,paper,module-boundary-excluded,05_reports/source_explicit_target_component_audit.csv,"{""rule_id"": ""SOURCE_EXPLICIT_PARENT_REMAINDER_XB1_DEMOCRACY_FORUM"", ""source"": ""source_explicit_target_component_audit.csv"", ""prior_book_module"": ""UNKNOWN_OR_MIXED"", ""prior_status"": ""blocked""}",target_component_extracted_remainder_excluded,source_explicit_parent_remainder_closed
2024_海淀_二模,2024,海淀,二模,19,,question,XB2_EXCLUDED,subjective,/Users/wanglifei/Desktop/2024模拟题/海淀二模/试卷/补充材料/高三二模：政治试题（以PDF为准）(1).docx | /Users/wanglifei/Desktop/2024模拟题/海淀二模/试卷/试卷.pdf,paper,module-boundary-excluded,/Users/wanglifei/Desktop/北京高考政治/reports/必修二三与必修四文化_题源分类准备_20260617_1301/03_question_index/question_candidates.csv,"{""target"": ""B3_POLITICS_RULE_OF_LAW"", ""target_score"": 4, ""boundary"": ""XB2_EXCLUDED"", ""boundary_score"": 8, ""matches"": {""B3_POLITICS_RULE_OF_LAW"": ""法院"", ""XB2_EXCLUDED"": ""法律与生活,继承,boost:法律与生活,boost:继承""}, ""explicit_boundary_modules"": {""XB2_EXCLUDED"": [""法律与生活""]}, ""override"": ""explicit_boundary_term""}",exclude_from_three_target_lines,main_matrix_original
2024_海淀_二模,2024,海淀,二模,2,,question,B4_CULTURE,objective,/Users/wanglifei/Desktop/2024模拟题/海淀二模/试卷/补充材料/高三二模：政治试题（以PDF为准）(1).docx | /Users/wanglifei/Desktop/2024模拟题/海淀二模/试卷/试卷.pdf,paper,included,/Users/wanglifei/Desktop/北京高考政治/reports/必修二三与必修四文化_题源分类准备_20260617_1301/03_question_index/question_candidates.csv,"{""target"": ""B4_CULTURE"", ""target_score"": 23, ""boundary"": ""B4_PHILOSOPHY_EXCLUDED"", ""boundary_score"": 0, ""matches"": {""B4_CULTURE"": ""文化,中华优秀传统文化,优秀传统文化,传统文化,创造性转化,文化遗产,boost:中华优秀传统文化,boost:优秀传统文化,boost:传统文化,boost:创造性转化,boost:文化遗产""}}",future_baodian_intake,main_matrix_original
2024_海淀_二模,2024,海淀,二模,20,,question,B2_ECONOMICS,subjective,/Users/wanglifei/Desktop/2024模拟题/海淀二模/试卷/补充材料/高三二模：政治试题（以PDF为准）(1).docx | /Users/wanglifei/Desktop/2024模拟题/海淀二模/试卷/试卷.pdf,paper,included,/Users/wanglifei/Desktop/北京高考政治/reports/必修二三与必修四文化_题源分类准备_20260617_1301/03_question_index/question_candidates.csv,"{""target"": ""B2_ECONOMICS"", ""target_score"": 8, ""boundary"": ""B4_PHILOSOPHY_EXCLUDED"", ""boundary_score"": 0, ""matches"": {""B2_ECONOMICS"": ""经济与社会,基础设施,经济总量,boost:经济与社会,boost:经济总量"", ""B3_POLITICS_RULE_OF_LAW"": ""公共服务""}}",future_baodian_intake,main_matrix_original
2024_海淀_二模,2024,海淀,二模,21,,question,B3_POLITICS_RULE_OF_LAW,subjective,/Users/wanglifei/Desktop/2024模拟题/海淀二模/试卷/补充材料/高三二模：政治试题（以PDF为准）(1).docx | /Users/wanglifei/Desktop/2024模拟题/海淀二模/试卷/试卷.pdf,paper,included,/Users/wanglifei/Desktop/北京高考政治/reports/必修二三与必修四文化_题源分类准备_20260617_1301/03_question_index/question_candidates.csv,"{""target"": ""B3_POLITICS_RULE_OF_LAW"", ""target_score"": 10, ""boundary"": ""B4_PHILOSOPHY_EXCLUDED"", ""boundary_score"": 0, ""matches"": {""B2_ECONOMICS"": ""新质生产力,就业,boost:新质生产力,boost:就业"", ""B3_POLITICS_RULE_OF_LAW"": ""政府,社会治理"", ""B4_CULTURE"": ""文化""}}",future_baodian_intake,main_matrix_original
2024_海淀_二模,2024,海淀,二模,3,,question,B4_CULTURE,objective,/Users/wanglifei/Desktop/2024模拟题/海淀二模/试卷/补充材料/高三二模：政治试题（以PDF为准）(1).docx | /Users/wanglifei/Desktop/2024模拟题/海淀二模/试卷/试卷.pdf,paper,included,/Users/wanglifei/Desktop/北京高考政治/reports/必修二三与必修四文化_题源分类准备_20260617_1301/03_question_index/question_candidates.csv,"{""target"": ""B4_CULTURE"", ""target_score"": 13, ""boundary"": ""B4_PHILOSOPHY_EXCLUDED"", ""boundary_score"": 2, ""matches"": {""B4_CULTURE"": ""文化,文明交流互鉴,boost:文明交流互鉴"", ""B4_PHILOSOPHY_EXCLUDED"": ""认识""}}",future_baodian_intake,main_matrix_original
2024_海淀_二模,2024,海淀,二模,4,,question,B4_PHILOSOPHY_EXCLUDED,objective,/Users/wanglifei/Desktop/2024模拟题/海淀二模/试卷/补充材料/高三二模：政治试题（以PDF为准）(1).docx | /Users/wanglifei/Desktop/2024模拟题/海淀二模/试卷/试卷.pdf,paper,module-boundary-excluded,/Users/wanglifei/Desktop/北京高考政治/reports/必修二三与必修四文化_题源分类准备_20260617_1301/03_question_index/question_candidates.csv,"{""target"": ""B3_POLITICS_RULE_OF_LAW"", ""target_score"": 3, ""boundary"": ""B4_PHILOSOPHY_EXCLUDED"", ""boundary_score"": 12, ""matches"": {""B3_POLITICS_RULE_OF_LAW"": ""基层治理,boost:基层治理"", ""B4_PHILOSOPHY_EXCLUDED"": ""认识,真理,事物发展,主观能动性,能动创造性,boost:真理,boost:能动创造性""}, ""explicit_boundary_modules"": {""B4_PHILOSOPHY_EXCLUDED"": [""能动创造性""]}, ""override"": ""explicit_boundary_term""}",exclude_from_three_target_lines,main_matrix_original
2024_海淀_二模,2024,海淀,二模,5,,question,XB3_EXCLUDED,objective,/Users/wanglifei/Desktop/2024模拟题/海淀二模/试卷/补充材料/高三二模：政治试题（以PDF为准）(1).docx | /Users/wanglifei/Desktop/2024模拟题/海淀二模/试卷/试卷.pdf,paper,module-boundary-excluded,05_reports/prompt_resolution_audit.csv,"{""override"": ""strict_prompt_resolution"", ""rule_id"": ""XB3_LOGIC_PROMPT"", ""matched_terms"": ""求异法,求同法,共变法,剩余法"", ""prompt_source"": ""paper"", ""prompt"": ""清洗后在阳光下自然晒干的衣服上似乎有种格外好闻的气味。研究者为探究这一现象背后的原因,找来棉质新毛巾,用超纯水多次洗涤,然后将湿毛巾分别放在有阳光的室外、阳光被遮挡的室外以及室内环境中自然干燥。结果,在室外阳光下晒干的毛巾上发现一系列独特的“香气分子”,这些气味分子大多是含有5-9个碳原子的小分子醛与酮。这个实验中,研究者探求因果联系运用的方法是 A.求异法 B.求同法 C.共变法 D.剩余法"", ""previous_decision"": ""{\""target\"": \""B2_ECONOMICS\"", \""target_score\"": 0, \""boundary\"": \""B4_PHILOSOPHY_EXCLUDED\"", \""boundary_score\"": 0, \""matches\"": {}}""}",exclude_from_three_target_lines,prompt_resolved_from_main_matrix_original
2024_海淀_二模,2024,海淀,二模,6,,question,XB3_EXCLUDED,objective,/Users/wanglifei/Desktop/2024模拟题/海淀二模/试卷/补充材料/高三二模：政治试题（以PDF为准）(1).docx | /Users/wanglifei/Desktop/2024模拟题/海淀二模/试卷/试卷.pdf,paper,module-boundary-excluded,/Users/wanglifei/Desktop/北京高考政治/reports/必修二三与必修四文化_题源分类准备_20260617_1301/03_question_index/question_candidates.csv,"{""target"": ""B2_ECONOMICS"", ""target_score"": 10, ""boundary"": ""B4_PHILOSOPHY_EXCLUDED"", ""boundary_score"": 3, ""matches"": {""B2_ECONOMICS"": ""财政,经济增长,boost:财政,boost:经济增长"", ""B4_PHILOSOPHY_EXCLUDED"": ""矛盾,boost:矛盾"", ""XB3_EXCLUDED"": ""推理,boost:推理""}, ""explicit_boundary_modules"": {""XB3_EXCLUDED"": [""推理""]}, ""override"": ""explicit_boundary_term""}",exclude_from_three_target_lines,main_matrix_original
2024_海淀_二模,2024,海淀,二模,7,,question,B3_POLITICS_RULE_OF_LAW,objective,/Users/wanglifei/Desktop/2024模拟题/海淀二模/试卷/补充材料/高三二模：政治试题（以PDF为准）(1).docx | /Users/wanglifei/Desktop/2024模拟题/海淀二模/试卷/试卷.pdf,paper,included,/Users/wanglifei/Desktop/北京高考政治/reports/必修二三与必修四文化_题源分类准备_20260617_1301/03_question_index/question_candidates.csv,"{""target"": ""B3_POLITICS_RULE_OF_LAW"", ""target_score"": 19, ""boundary"": ""B4_PHILOSOPHY_EXCLUDED"", ""boundary_score"": 0, ""matches"": {""B3_POLITICS_RULE_OF_LAW"": ""法治政府,政府,全国人大,全国人大常委会,人大常委会,boost:法治政府,boost:全国人大,boost:人大常委会""}}",future_baodian_intake,main_matrix_original
2024_海淀_二模,2024,海淀,二模,8,,question,B4_PHILOSOPHY_EXCLUDED,objective,/Users/wanglifei/Desktop/2024模拟题/海淀二模/试卷/补充材料/高三二模：政治试题（以PDF为准）(1).docx | /Users/wanglifei/Desktop/2024模拟题/海淀二模/试卷/试卷.pdf,paper,module-boundary-excluded,/Users/wanglifei/Desktop/北京高考政治/reports/必修二三与必修四文化_题源分类准备_20260617_1301/03_question_index/question_candidates.csv,"{""target"": ""B3_POLITICS_RULE_OF_LAW"", ""target_score"": 8, ""boundary"": ""B4_PHILOSOPHY_EXCLUDED"", ""boundary_score"": 10, ""matches"": {""B3_POLITICS_RULE_OF_LAW"": ""民主协商,党组织,基层治理,社区治理,boost:党组织,boost:基层治理"", ""B4_CULTURE"": ""文化"", ""B4_PHILOSOPHY_EXCLUDED"": ""实践,价值判断,价值选择,boost:价值判断,boost:价值选择""}, ""explicit_boundary_modules"": {""B4_PHILOSOPHY_EXCLUDED"": [""价值判断"", ""价值选择""]}, ""override"": ""explicit_boundary_term""}",exclude_from_three_target_lines,main_matrix_original
2024_海淀_二模,2024,海淀,二模,9,,question,XB2_EXCLUDED,objective,/Users/wanglifei/Desktop/2024模拟题/海淀二模/试卷/补充材料/高三二模：政治试题（以PDF为准）(1).docx | /Users/wanglifei/Desktop/2024模拟题/海淀二模/试卷/试卷.pdf,paper,module-boundary-excluded,/Users/wanglifei/Desktop/北京高考政治/reports/必修二三与必修四文化_题源分类准备_20260617_1301/03_question_index/question_candidates.csv,"{""target"": ""B3_POLITICS_RULE_OF_LAW"", ""target_score"": 8, ""boundary"": ""XB2_EXCLUDED"", ""boundary_score"": 8, ""matches"": {""B3_POLITICS_RULE_OF_LAW"": ""法院"", ""XB2_EXCLUDED"": ""诉讼,上诉,boost:诉讼,boost:上诉""}, ""explicit_boundary_modules"": {""XB2_EXCLUDED"": [""诉讼""]}, ""override"": ""explicit_boundary_term""}",exclude_from_three_target_lines,main_matrix_original
2024_海淀_期中,2024,海淀,期中,1,,question,B4_CULTURE,objective,/Users/wanglifei/GaokaoPolitics/beijing-politics-sync/选必三双宝典_哲学宝典完全对齐返工_2026-05-25/12_reasoning_exercise_compilation_20260531/ocr_cache/22a9fc350542/试卷.ocr.txt,ocr-cache,included,/Users/wanglifei/Desktop/北京高考政治/reports/必修二三与必修四文化_题源分类准备_20260617_1301/02_text_cache/ocr_absorbed/2024_海淀_期中.txt,"{""target"": ""B4_CULTURE"", ""target_score"": 7, ""boundary"": ""B4_PHILOSOPHY_EXCLUDED"", ""boundary_score"": 0, ""matches"": {""B4_CULTURE"": ""精神谱系,红色基因,长征精神,boost:精神谱系,boost:红色基因,boost:长征精神""}}",future_baodian_intake,main_matrix_original
2024_海淀_期中,2024,海淀,期中,10,,question,XB2_EXCLUDED,objective,/Users/wanglifei/GaokaoPolitics/beijing-politics-sync/选必三双宝典_哲学宝典完全对齐返工_2026-05-25/12_reasoning_exercise_compilation_20260531/ocr_cache/22a9fc350542/试卷.ocr.txt,ocr-cache,module-boundary-excluded,/Users/wanglifei/Desktop/北京高考政治/reports/必修二三与必修四文化_题源分类准备_20260617_1301/02_text_cache/ocr_absorbed/2024_海淀_期中.txt,"{""target"": ""B2_ECONOMICS"", ""target_score"": 4, ""boundary"": ""XB2_EXCLUDED"", ""boundary_score"": 21, ""matches"": {""B2_ECONOMICS"": ""劳动者"", ""XB2_EXCLUDED"": ""合同,劳动合同,仲裁,boost:合同,boost:劳动合同,boost:仲裁""}, ""explicit_boundary_modules"": {""XB2_EXCLUDED"": [""合同"", ""劳动合同""]}, ""override"": ""explicit_boundary_term""}",exclude_from_three_target_lines,main_matrix_original
2024_海淀_期中,2024,海淀,期中,11,,question,XB2_EXCLUDED,objective,/Users/wanglifei/GaokaoPolitics/beijing-politics-sync/选必三双宝典_哲学宝典完全对齐返工_2026-05-25/12_reasoning_exercise_compilation_20260531/ocr_cache/22a9fc350542/试卷.ocr.txt,ocr-cache,module-boundary-excluded,/Users/wanglifei/Desktop/北京高考政治/reports/必修二三与必修四文化_题源分类准备_20260617_1301/02_text_cache/ocr_absorbed/2024_海淀_期中.txt,"{""target"": ""B3_POLITICS_RULE_OF_LAW"", ""target_score"": 2, ""boundary"": ""XB2_EXCLUDED"", ""boundary_score"": 12, ""matches"": {""B3_POLITICS_RULE_OF_LAW"": ""法院"", ""XB2_EXCLUDED"": ""诉讼,调解,民事,民事诉讼,赔偿,boost:诉讼,boost:调解,boost:民事,boost:民事诉讼""}, ""explicit_boundary_modules"": {""XB2_EXCLUDED"": [""诉讼"", ""民事""]}, ""override"": ""explicit_boundary_term""}",exclude_from_three_target_lines,main_matrix_original
2024_海淀_期中,2024,海淀,期中,12,,question,B2_ECONOMICS,objective,/Users/wanglifei/GaokaoPolitics/beijing-politics-sync/选必三双宝典_哲学宝典完全对齐返工_2026-05-25/12_reasoning_exercise_compilation_20260531/ocr_cache/22a9fc350542/试卷.ocr.txt,ocr-cache,included,05_reports/strong_blocker_resolution_audit.csv,"{""rule_id"": ""STRONG_BLOCKER_B2_ENTERPRISE_MARKET_SUBJECT"", ""matched_terms"": ""铁路企业,旅客需求,市场主体,供求矛盾"", ""source"": ""strong_blocker_resolution_review.csv"", ""evidence_source_type"": ""ocr-cache"", ""prior_status"": ""blocked"", ""prior_next_action"": ""manual_review_needed""}",future_baodian_intake,strong_blocker_resolution
2024_海淀_期中,2024,海淀,期中,13,,question,XB2_EXCLUDED,objective,/Users/wanglifei/GaokaoPolitics/beijing-politics-sync/选必三双宝典_哲学宝典完全对齐返工_2026-05-25/12_reasoning_exercise_compilation_20260531/ocr_cache/22a9fc350542/试卷.ocr.txt,ocr-cache,module-boundary-excluded,/Users/wanglifei/Desktop/北京高考政治/reports/必修二三与必修四文化_题源分类准备_20260617_1301/02_text_cache/ocr_absorbed/2024_海淀_期中.txt,"{""target"": ""B2_ECONOMICS"", ""target_score"": 2, ""boundary"": ""XB2_EXCLUDED"", ""boundary_score"": 2, ""matches"": {""B2_ECONOMICS"": ""就业,boost:就业"", ""XB2_EXCLUDED"": ""专利,boost:专利""}, ""explicit_boundary_modules"": {""XB2_EXCLUDED"": [""专利""]}, ""override"": ""explicit_boundary_term""}",exclude_from_three_target_lines,main_matrix_original
2024_海淀_期中,2024,海淀,期中,14,,question,XB1_EXCLUDED,objective,/Users/wanglifei/GaokaoPolitics/beijing-politics-sync/选必三双宝典_哲学宝典完全对齐返工_2026-05-25/12_reasoning_exercise_compilation_20260531/ocr_cache/22a9fc350542/试卷.ocr.txt,ocr-cache,module-boundary-excluded,05_reports/prompt_resolution_audit.csv,"{""override"": ""strict_prompt_resolution"", ""rule_id"": ""XB1_INTERNATIONAL_PROMPT"", ""matched_terms"": ""美国总统大选"", ""prompt_source"": ""ocr-cache"", ""prompt"": ""美国总统大选,无论是民主党还是共和党都将选举和选民议题作为政策出发点,去迎合选民, 追求当下利益的最大化,加剧了两党之间的激烈对抗,导致社会撕裂程度日益加深。这说明 1政党作为选民利益的代表,力求以民主方式保障选民利益 2两党之间根本利益的分歧,破坏了社会的凝聚力和稳定性 3在美国政党制度下,政党争取执政的主要手段是参加选举 4选举政治被两党政治所裹挟,使民主从目的沦为党争手段 A. 12 B. 13 C. 24 D. 34"", ""previous_decision"": ""{\""target\"": \""B2_ECONOMICS\"", \""target_score\"": 0, \""boundary\"": \""B4_PHILOSOPHY_EXCLUDED\"", \""boundary_score\"": 0, \""matches\"": {}}""}",exclude_from_three_target_lines,prompt_resolved_from_main_matrix_original
2024_海淀_期中,2024,海淀,期中,15,,question,XB1_EXCLUDED,objective,/Users/wanglifei/GaokaoPolitics/beijing-politics-sync/选必三双宝典_哲学宝典完全对齐返工_2026-05-25/12_reasoning_exercise_compilation_20260531/ocr_cache/22a9fc350542/试卷.ocr.txt,ocr-cache,module-boundary-excluded,/Users/wanglifei/Desktop/北京高考政治/reports/必修二三与必修四文化_题源分类准备_20260617_1301/02_text_cache/ocr_absorbed/2024_海淀_期中.txt,"{""target"": ""B2_ECONOMICS"", ""target_score"": 0, ""boundary"": ""XB1_EXCLUDED"", ""boundary_score"": 8, ""matches"": {""XB1_EXCLUDED"": ""国际关系,全球治理,人类命运共同体,金砖,boost:国际关系,boost:全球治理,boost:人类命运共同体,boost:金砖""}, ""explicit_boundary_modules"": {""XB1_EXCLUDED"": [""国际关系"", ""全球治理"", ""人类命运共同体""]}, ""override"": ""explicit_boundary_term""}",exclude_from_three_target_lines,main_matrix_original
2024_海淀_期中,2024,海淀,期中,16,,question,B4_PHILOSOPHY_EXCLUDED,subjective,/Users/wanglifei/GaokaoPolitics/beijing-politics-sync/选必三双宝典_哲学宝典完全对齐返工_2026-05-25/12_reasoning_exercise_compilation_20260531/ocr_cache/22a9fc350542/试卷.ocr.txt,ocr-cache,module-boundary-excluded,05_reports/culture_component_extraction_audit.csv,"{""rule_id"": ""CULTURE_COMPONENT_EXTRACTED_REMAINDER_PHILOSOPHY"", ""source"": ""culture_component_extraction_review.csv"", ""prior_book_module"": ""UNKNOWN_OR_MIXED"", ""prior_status"": ""blocked"", ""user_rule"": ""文化采分点已抽离；原父题余项按非文化边界保留。""}",culture_component_extracted_remainder_excluded,culture_component_parent_remainder_closed
2024_海淀_期中,2024,海淀,期中,17(1),17,subquestion,B2_ECONOMICS,subjective,/Users/wanglifei/GaokaoPolitics/beijing-politics-sync/选必三双宝典_哲学宝典完全对齐返工_2026-05-25/12_reasoning_exercise_compilation_20260531/ocr_cache/22a9fc350542/试卷.ocr.txt,ocr-cache,included,04_module_classification/subquestion_split_matrix.csv,"{""target"": ""B2_ECONOMICS"", ""target_score"": 4, ""boundary"": ""B4_PHILOSOPHY_EXCLUDED"", ""boundary_score"": 0, ""matches"": {""B2_ECONOMICS"": ""经济与社会,高质量发展,boost:经济与社会,boost:高质量发展""}}",future_baodian_intake,subquestion_integrated_target
2024_海淀_期中,2024,海淀,期中,17(2),17,subquestion,XB3_EXCLUDED,subjective,/Users/wanglifei/GaokaoPolitics/beijing-politics-sync/选必三双宝典_哲学宝典完全对齐返工_2026-05-25/12_reasoning_exercise_compilation_20260531/ocr_cache/22a9fc350542/试卷.ocr.txt,ocr-cache,module-boundary-excluded,04_module_classification/subquestion_split_matrix.csv,"{""target"": ""B2_ECONOMICS"", ""target_score"": 0, ""boundary"": ""XB3_EXCLUDED"", ""boundary_score"": 2, ""matches"": {""XB3_EXCLUDED"": ""分析与综合,boost:分析与综合""}, ""explicit_boundary_modules"": {""XB3_EXCLUDED"": [""分析与综合""]}, ""override"": ""explicit_boundary_term""}",exclude_from_three_target_lines,subquestion_integrated_boundary
2024_海淀_期中,2024,海淀,期中,18,,question,XB1_EXCLUDED,subjective,/Users/wanglifei/GaokaoPolitics/beijing-politics-sync/选必三双宝典_哲学宝典完全对齐返工_2026-05-25/12_reasoning_exercise_compilation_20260531/ocr_cache/22a9fc350542/试卷.ocr.txt,ocr-cache,module-boundary-excluded,/Users/wanglifei/Desktop/北京高考政治/reports/必修二三与必修四文化_题源分类准备_20260617_1301/02_text_cache/ocr_absorbed/2024_海淀_期中.txt,"{""target"": ""B2_ECONOMICS"", ""target_score"": 1, ""boundary"": ""XB1_EXCLUDED"", ""boundary_score"": 8, ""matches"": {""B2_ECONOMICS"": ""消费"", ""XB1_EXCLUDED"": ""当代国际政治与经济,外交,对外开放,boost:当代国际政治与经济,boost:外交"", ""XB3_EXCLUDED"": ""推理,boost:推理""}, ""explicit_boundary_modules"": {""XB1_EXCLUDED"": [""当代国际政治与经济""], ""XB3_EXCLUDED"": [""推理""]}, ""override"": ""explicit_boundary_term""}",exclude_from_three_target_lines,main_matrix_original
2024_海淀_期中,2024,海淀,期中,19,,question,XB2_EXCLUDED,subjective,/Users/wanglifei/GaokaoPolitics/beijing-politics-sync/选必三双宝典_哲学宝典完全对齐返工_2026-05-25/12_reasoning_exercise_compilation_20260531/ocr_cache/22a9fc350542/试卷.ocr.txt,ocr-cache,module-boundary-excluded,/Users/wanglifei/Desktop/北京高考政治/reports/必修二三与必修四文化_题源分类准备_20260617_1301/02_text_cache/ocr_absorbed/2024_海淀_期中.txt,"{""target"": ""B3_POLITICS_RULE_OF_LAW"", ""target_score"": 1, ""boundary"": ""XB2_EXCLUDED"", ""boundary_score"": 7, ""matches"": {""B3_POLITICS_RULE_OF_LAW"": ""法院"", ""B4_PHILOSOPHY_EXCLUDED"": ""认识"", ""XB2_EXCLUDED"": ""法律与生活,侵权,诉讼,赔偿,boost:法律与生活,boost:侵权,boost:诉讼""}, ""explicit_boundary_modules"": {""XB2_EXCLUDED"": [""法律与生活"", ""侵权"", ""诉讼""]}, ""override"": ""explicit_boundary_term""}",exclude_from_three_target_lines,main_matrix_original
2024_海淀_期中,2024,海淀,期中,2,,question,B4_PHILOSOPHY_EXCLUDED,objective,/Users/wanglifei/GaokaoPolitics/beijing-politics-sync/选必三双宝典_哲学宝典完全对齐返工_2026-05-25/12_reasoning_exercise_compilation_20260531/ocr_cache/22a9fc350542/试卷.ocr.txt,ocr-cache,module-boundary-excluded,/Users/wanglifei/Desktop/北京高考政治/reports/必修二三与必修四文化_题源分类准备_20260617_1301/02_text_cache/ocr_absorbed/2024_海淀_期中.txt,"{""target"": ""B2_ECONOMICS"", ""target_score"": 0, ""boundary"": ""B4_PHILOSOPHY_EXCLUDED"", ""boundary_score"": 4, ""matches"": {""B4_PHILOSOPHY_EXCLUDED"": ""实践,认识,主观能动性""}}",exclude_from_three_target_lines,main_matrix_original
2024_海淀_期中,2024,海淀,期中,20,,question,B4_CULTURE,subjective,/Users/wanglifei/GaokaoPolitics/beijing-politics-sync/选必三双宝典_哲学宝典完全对齐返工_2026-05-25/12_reasoning_exercise_compilation_20260531/ocr_cache/22a9fc350542/试卷.ocr.txt,ocr-cache,included,/Users/wanglifei/Desktop/北京高考政治/reports/必修二三与必修四文化_题源分类准备_20260617_1301/02_text_cache/ocr_absorbed/2024_海淀_期中.txt,"{""target"": ""B4_CULTURE"", ""target_score"": 6, ""boundary"": ""B1_EXCLUDED"", ""boundary_score"": 1, ""matches"": {""B4_CULTURE"": ""爱国主义,博物馆,文物,boost:爱国主义,boost:博物馆,boost:文物"", ""B1_EXCLUDED"": ""改革开放""}}",future_baodian_intake,main_matrix_original
2024_海淀_期中,2024,海淀,期中,3,,question,B4_PHILOSOPHY_EXCLUDED,objective,/Users/wanglifei/GaokaoPolitics/beijing-politics-sync/选必三双宝典_哲学宝典完全对齐返工_2026-05-25/12_reasoning_exercise_compilation_20260531/ocr_cache/22a9fc350542/试卷.ocr.txt,ocr-cache,module-boundary-excluded,/Users/wanglifei/Desktop/北京高考政治/reports/必修二三与必修四文化_题源分类准备_20260617_1301/02_text_cache/ocr_absorbed/2024_海淀_期中.txt,"{""target"": ""B2_ECONOMICS"", ""target_score"": 0, ""boundary"": ""B4_PHILOSOPHY_EXCLUDED"", ""boundary_score"": 5, ""matches"": {""B4_PHILOSOPHY_EXCLUDED"": ""实践,认识,真理,boost:真理""}}",exclude_from_three_target_lines,main_matrix_original
2024_海淀_期中,2024,海淀,期中,4,,question,B4_CULTURE,objective,/Users/wanglifei/GaokaoPolitics/beijing-politics-sync/选必三双宝典_哲学宝典完全对齐返工_2026-05-25/12_reasoning_exercise_compilation_20260531/ocr_cache/22a9fc350542/试卷.ocr.txt,ocr-cache,included,/Users/wanglifei/Desktop/北京高考政治/reports/必修二三与必修四文化_题源分类准备_20260617_1301/02_text_cache/ocr_absorbed/2024_海淀_期中.txt,"{""target"": ""B4_CULTURE"", ""target_score"": 8, ""boundary"": ""B4_PHILOSOPHY_EXCLUDED"", ""boundary_score"": 0, ""matches"": {""B4_CULTURE"": ""文化,纹样,中华文明,文明传承,boost:纹样,boost:中华文明,boost:文明传承""}}",future_baodian_intake,main_matrix_original
2024_海淀_期中,2024,海淀,期中,5,,question,B4_PHILOSOPHY_EXCLUDED,objective,/Users/wanglifei/GaokaoPolitics/beijing-politics-sync/选必三双宝典_哲学宝典完全对齐返工_2026-05-25/12_reasoning_exercise_compilation_20260531/ocr_cache/22a9fc350542/试卷.ocr.txt,ocr-cache,module-boundary-excluded,/Users/wanglifei/Desktop/北京高考政治/reports/必修二三与必修四文化_题源分类准备_20260617_1301/02_text_cache/ocr_absorbed/2024_海淀_期中.txt,"{""target"": ""B2_ECONOMICS"", ""target_score"": 0, ""boundary"": ""B4_PHILOSOPHY_EXCLUDED"", ""boundary_score"": 7, ""matches"": {""B4_PHILOSOPHY_EXCLUDED"": ""事物发展,矛盾,boost:矛盾""}}",exclude_from_three_target_lines,main_matrix_original
2024_海淀_期中,2024,海淀,期中,6,,question,XB3_EXCLUDED,objective,/Users/wanglifei/GaokaoPolitics/beijing-politics-sync/选必三双宝典_哲学宝典完全对齐返工_2026-05-25/12_reasoning_exercise_compilation_20260531/ocr_cache/22a9fc350542/试卷.ocr.txt,ocr-cache,module-boundary-excluded,/Users/wanglifei/Desktop/北京高考政治/reports/必修二三与必修四文化_题源分类准备_20260617_1301/02_text_cache/ocr_absorbed/2024_海淀_期中.txt,"{""target"": ""B2_ECONOMICS"", ""target_score"": 0, ""boundary"": ""XB3_EXCLUDED"", ""boundary_score"": 14, ""matches"": {""XB3_EXCLUDED"": ""逆向思维,推理,假言判断,归纳推理,必要条件,boost:逆向思维,boost:推理,boost:假言判断,boost:归纳推理,boost:必要条件""}, ""explicit_boundary_modules"": {""XB3_EXCLUDED"": [""推理"", ""假言"", ""必要条件""]}, ""override"": ""explicit_boundary_term""}",exclude_from_three_target_lines,main_matrix_original
2024_海淀_期中,2024,海淀,期中,7,,question,XB3_EXCLUDED,objective,/Users/wanglifei/GaokaoPolitics/beijing-politics-sync/选必三双宝典_哲学宝典完全对齐返工_2026-05-25/12_reasoning_exercise_compilation_20260531/ocr_cache/22a9fc350542/试卷.ocr.txt,ocr-cache,module-boundary-excluded,/Users/wanglifei/Desktop/北京高考政治/reports/必修二三与必修四文化_题源分类准备_20260617_1301/02_text_cache/ocr_absorbed/2024_海淀_期中.txt,"{""target"": ""B2_ECONOMICS"", ""target_score"": 0, ""boundary"": ""XB3_EXCLUDED"", ""boundary_score"": 3, ""matches"": {""XB3_EXCLUDED"": ""推理,boost:推理""}, ""explicit_boundary_modules"": {""XB3_EXCLUDED"": [""推理""]}, ""override"": ""explicit_boundary_term""}",exclude_from_three_target_lines,main_matrix_original
2024_海淀_期中,2024,海淀,期中,8,,question,B3_POLITICS_RULE_OF_LAW,objective,/Users/wanglifei/GaokaoPolitics/beijing-politics-sync/选必三双宝典_哲学宝典完全对齐返工_2026-05-25/12_reasoning_exercise_compilation_20260531/ocr_cache/22a9fc350542/试卷.ocr.txt,ocr-cache,included,/Users/wanglifei/Desktop/北京高考政治/reports/必修二三与必修四文化_题源分类准备_20260617_1301/02_text_cache/ocr_absorbed/2024_海淀_期中.txt,"{""target"": ""B3_POLITICS_RULE_OF_LAW"", ""target_score"": 4, ""boundary"": ""B4_PHILOSOPHY_EXCLUDED"", ""boundary_score"": 2, ""matches"": {""B3_POLITICS_RULE_OF_LAW"": ""法院,民主协商,社会治理"", ""B4_PHILOSOPHY_EXCLUDED"": ""矛盾,boost:矛盾""}}",future_baodian_intake,main_matrix_original
2024_海淀_期中,2024,海淀,期中,9,,question,B3_POLITICS_RULE_OF_LAW,objective,/Users/wanglifei/GaokaoPolitics/beijing-politics-sync/选必三双宝典_哲学宝典完全对齐返工_2026-05-25/12_reasoning_exercise_compilation_20260531/ocr_cache/22a9fc350542/试卷.ocr.txt,ocr-cache,included,/Users/wanglifei/Desktop/北京高考政治/reports/必修二三与必修四文化_题源分类准备_20260617_1301/02_text_cache/ocr_absorbed/2024_海淀_期中.txt,"{""target"": ""B3_POLITICS_RULE_OF_LAW"", ""target_score"": 8, ""boundary"": ""B4_PHILOSOPHY_EXCLUDED"", ""boundary_score"": 2, ""matches"": {""B3_POLITICS_RULE_OF_LAW"": ""政协,政府,人民政协,boost:政协,boost:人民政协"", ""B4_PHILOSOPHY_EXCLUDED"": ""人民群众,boost:人民群众""}}",future_baodian_intake,main_matrix_original
2024_石景山_一模,2024,石景山,一模,1,,question,B3_POLITICS_RULE_OF_LAW,objective,/Users/wanglifei/Desktop/2024模拟题/石景山一模/试卷/试卷.docx,paper,included,05_reports/strong_blocker_resolution_audit.csv,"{""rule_id"": ""STRONG_BLOCKER_B3_PARTY_ARMY_LEADERSHIP"", ""matched_terms"": ""党指挥枪,党的绝对领导,人民军队,思想政治工作"", ""source"": ""strong_blocker_resolution_review.csv"", ""evidence_source_type"": ""paper"", ""prior_status"": ""blocked"", ""prior_next_action"": ""manual_review_needed""}",future_baodian_intake,strong_blocker_resolution
2024_石景山_一模,2024,石景山,一模,10,,question,XB2_EXCLUDED,objective,/Users/wanglifei/Desktop/2024模拟题/石景山一模/试卷/试卷.docx,paper,module-boundary-excluded,/Users/wanglifei/Desktop/北京高考政治/reports/必修二三与必修四文化_题源分类准备_20260617_1301/03_question_index/question_candidates.csv,"{""target"": ""B2_ECONOMICS"", ""target_score"": 0, ""boundary"": ""XB2_EXCLUDED"", ""boundary_score"": 5, ""matches"": {""XB2_EXCLUDED"": ""民事,民事行为能力,boost:民事,boost:民事行为能力""}, ""explicit_boundary_modules"": {""XB2_EXCLUDED"": [""民事""]}, ""override"": ""explicit_boundary_term""}",exclude_from_three_target_lines,main_matrix_original
2024_石景山_一模,2024,石景山,一模,11,,question,XB2_EXCLUDED,objective,/Users/wanglifei/Desktop/2024模拟题/石景山一模/试卷/试卷.docx,paper,module-boundary-excluded,/Users/wanglifei/Desktop/北京高考政治/reports/必修二三与必修四文化_题源分类准备_20260617_1301/03_question_index/question_candidates.csv,"{""target"": ""B2_ECONOMICS"", ""target_score"": 2, ""boundary"": ""XB2_EXCLUDED"", ""boundary_score"": 13, ""matches"": {""B2_ECONOMICS"": ""消费"", ""B3_POLITICS_RULE_OF_LAW"": ""法院"", ""XB2_EXCLUDED"": ""合同,诉讼,举证,赔偿,违约,boost:合同,boost:诉讼,boost:举证,boost:违约""}, ""explicit_boundary_modules"": {""XB2_EXCLUDED"": [""合同"", ""诉讼""]}, ""override"": ""explicit_boundary_term""}",exclude_from_three_target_lines,main_matrix_original
2024_石景山_一模,2024,石景山,一模,12,,question,B2_ECONOMICS,objective,/Users/wanglifei/Desktop/2024模拟题/石景山一模/试卷/试卷.docx,paper,included,/Users/wanglifei/Desktop/北京高考政治/reports/必修二三与必修四文化_题源分类准备_20260617_1301/03_question_index/question_candidates.csv,"{""target"": ""B2_ECONOMICS"", ""target_score"": 8, ""boundary"": ""B4_PHILOSOPHY_EXCLUDED"", ""boundary_score"": 0, ""matches"": {""B2_ECONOMICS"": ""高质量发展,消费,产业链,营商环境,boost:高质量发展,boost:产业链,boost:营商环境"", ""B4_CULTURE"": ""文化""}}",future_baodian_intake,main_matrix_original
2024_石景山_一模,2024,石景山,一模,13,,question,B2_ECONOMICS,objective,/Users/wanglifei/Desktop/2024模拟题/石景山一模/试卷/试卷.docx,paper,included,/Users/wanglifei/Desktop/北京高考政治/reports/必修二三与必修四文化_题源分类准备_20260617_1301/03_question_index/question_candidates.csv,"{""target"": ""B2_ECONOMICS"", ""target_score"": 3, ""boundary"": ""B4_PHILOSOPHY_EXCLUDED"", ""boundary_score"": 0, ""matches"": {""B2_ECONOMICS"": ""营商环境,boost:营商环境"", ""B3_POLITICS_RULE_OF_LAW"": ""政府,公共服务""}}",future_baodian_intake,main_matrix_original
2024_石景山_一模,2024,石景山,一模,14,,question,XB1_EXCLUDED,objective,/Users/wanglifei/Desktop/2024模拟题/石景山一模/试卷/试卷.docx,paper,module-boundary-excluded,/Users/wanglifei/Desktop/北京高考政治/reports/必修二三与必修四文化_题源分类准备_20260617_1301/03_question_index/question_candidates.csv,"{""target"": ""B2_ECONOMICS"", ""target_score"": 5, ""boundary"": ""XB1_EXCLUDED"", ""boundary_score"": 6, ""matches"": {""B2_ECONOMICS"": ""生产要素,经济增长,boost:生产要素,boost:经济增长"", ""XB1_EXCLUDED"": ""全球治理,经济全球化,国际贸易,boost:全球治理,boost:经济全球化,boost:国际贸易""}, ""explicit_boundary_modules"": {""XB1_EXCLUDED"": [""经济全球化"", ""全球治理""]}, ""override"": ""explicit_boundary_term""}",exclude_from_three_target_lines,main_matrix_original
2024_石景山_一模,2024,石景山,一模,15,,question,XB1_EXCLUDED,objective,/Users/wanglifei/Desktop/2024模拟题/石景山一模/试卷/试卷.docx,paper,module-boundary-excluded,/Users/wanglifei/Desktop/北京高考政治/reports/必修二三与必修四文化_题源分类准备_20260617_1301/03_question_index/question_candidates.csv,"{""target"": ""B4_CULTURE"", ""target_score"": 1, ""boundary"": ""XB1_EXCLUDED"", ""boundary_score"": 3, ""matches"": {""B4_CULTURE"": ""文化"", ""XB1_EXCLUDED"": ""人类命运共同体,对外开放,boost:人类命运共同体""}, ""explicit_boundary_modules"": {""XB1_EXCLUDED"": [""人类命运共同体""]}, ""override"": ""explicit_boundary_term""}",exclude_from_three_target_lines,main_matrix_original
2024_石景山_一模,2024,石景山,一模,16,,question,B4_CULTURE,subjective,/Users/wanglifei/Desktop/2024模拟题/石景山一模/试卷/试卷.docx,paper,included,/Users/wanglifei/Desktop/北京高考政治/reports/必修二三与必修四文化_题源分类准备_20260617_1301/03_question_index/question_candidates.csv,"{""target"": ""B4_CULTURE"", ""target_score"": 15, ""boundary"": ""XB2_EXCLUDED"", ""boundary_score"": 2, ""matches"": {""B4_CULTURE"": ""文化,中华优秀传统文化,优秀传统文化,传统文化,文化自信,boost:中华优秀传统文化,boost:优秀传统文化,boost:传统文化,boost:文化自信"", ""B4_PHILOSOPHY_EXCLUDED"": ""认识"", ""XB2_EXCLUDED"": ""继承,boost:继承""}}",future_baodian_intake,main_matrix_original
2024_石景山_一模,2024,石景山,一模,17,,question,XB2_EXCLUDED,subjective,/Users/wanglifei/Desktop/2024模拟题/石景山一模/试卷/试卷.docx,paper,module-boundary-excluded,/Users/wanglifei/Desktop/北京高考政治/reports/必修二三与必修四文化_题源分类准备_20260617_1301/03_question_index/question_candidates.csv,"{""target"": ""B3_POLITICS_RULE_OF_LAW"", ""target_score"": 5, ""boundary"": ""XB2_EXCLUDED"", ""boundary_score"": 15, ""matches"": {""B3_POLITICS_RULE_OF_LAW"": ""法院"", ""XB2_EXCLUDED"": ""合同,民事,民事主体,上诉,boost:合同,boost:民事,boost:民事主体,boost:上诉""}, ""explicit_boundary_modules"": {""XB2_EXCLUDED"": [""合同"", ""民事""]}, ""override"": ""explicit_boundary_term""}",exclude_from_three_target_lines,main_matrix_original
2024_石景山_一模,2024,石景山,一模,18(1),18,subquestion,B3_POLITICS_RULE_OF_LAW,subjective,/Users/wanglifei/Desktop/2024模拟题/石景山一模/试卷/试卷.docx,paper,included,04_module_classification/subquestion_split_matrix.csv,"{""target"": ""B3_POLITICS_RULE_OF_LAW"", ""target_score"": 2, ""boundary"": ""B4_PHILOSOPHY_EXCLUDED"", ""boundary_score"": 0, ""matches"": {""B3_POLITICS_RULE_OF_LAW"": ""政治与法治,boost:政治与法治""}}",future_baodian_intake,subquestion_integrated_target
2024_石景山_一模,2024,石景山,一模,18(2),18,subquestion,XB2_EXCLUDED,subjective,/Users/wanglifei/Desktop/2024模拟题/石景山一模/试卷/试卷.docx,paper,module-boundary-excluded,05_reports/remaining_strong_cleanup_audit.csv,"{""rule_id"": ""REMAINING_XB2_PROPERTY_SERVICE_DISPUTE_MEDIATION"", ""matched_terms"": ""法官,物业服务合同,违约责任,调解协议,司法确认"", ""source"": ""remaining_strong_cleanup_audit.csv"", ""prior_book_module"": ""UNKNOWN_OR_MIXED"", ""prior_status"": ""blocked""}",exclude_from_three_target_lines,remaining_strong_cleanup
2024_石景山_一模,2024,石景山,一模,19(1),19,subquestion,B2_ECONOMICS,subjective,/Users/wanglifei/Desktop/2024模拟题/石景山一模/试卷/试卷.docx,paper,included,04_module_classification/subquestion_split_matrix.csv,"{""target"": ""B2_ECONOMICS"", ""target_score"": 4, ""boundary"": ""B4_PHILOSOPHY_EXCLUDED"", ""boundary_score"": 0, ""matches"": {""B2_ECONOMICS"": ""经济与社会,新质生产力,boost:经济与社会,boost:新质生产力""}}",future_baodian_intake,subquestion_integrated_target
2024_石景山_一模,2024,石景山,一模,19(2),19,subquestion,XB1_EXCLUDED,subjective,/Users/wanglifei/Desktop/2024模拟题/石景山一模/试卷/试卷.docx,paper,module-boundary-excluded,04_module_classification/subquestion_split_matrix.csv,"{""target"": ""B2_ECONOMICS"", ""target_score"": 0, ""boundary"": ""XB1_EXCLUDED"", ""boundary_score"": 2, ""matches"": {""XB1_EXCLUDED"": ""当代国际政治与经济,boost:当代国际政治与经济""}, ""explicit_boundary_modules"": {""XB1_EXCLUDED"": [""当代国际政治与经济""]}, ""override"": ""explicit_boundary_term""}",exclude_from_three_target_lines,subquestion_integrated_boundary
2024_石景山_一模,2024,石景山,一模,19(3),19,subquestion,XB3_EXCLUDED,subjective,/Users/wanglifei/Desktop/2024模拟题/石景山一模/试卷/试卷.docx,paper,module-boundary-excluded,04_module_classification/subquestion_split_matrix.csv,"{""target"": ""B4_CULTURE"", ""target_score"": 1, ""boundary"": ""XB3_EXCLUDED"", ""boundary_score"": 2, ""matches"": {""B4_CULTURE"": ""文化"", ""XB3_EXCLUDED"": ""辩证思维,boost:辩证思维""}, ""explicit_boundary_modules"": {""XB3_EXCLUDED"": [""辩证思维""]}, ""override"": ""explicit_boundary_term""}",exclude_from_three_target_lines,subquestion_integrated_boundary
2024_石景山_一模,2024,石景山,一模,2,,question,B4_PHILOSOPHY_EXCLUDED,objective,/Users/wanglifei/Desktop/2024模拟题/石景山一模/试卷/试卷.docx,paper,module-boundary-excluded,05_reports/strong_blocker_resolution_audit.csv,"{""rule_id"": ""STRONG_BLOCKER_B4PRACTICE_TECH_PRODUCTIVITY"", ""matched_terms"": ""农业生产实践,生产工具,生产力,规律"", ""source"": ""strong_blocker_resolution_review.csv"", ""evidence_source_type"": ""paper"", ""prior_status"": ""blocked"", ""prior_next_action"": ""manual_review_needed""}",exclude_from_three_target_lines,strong_blocker_resolution
2024_石景山_一模,2024,石景山,一模,20,,question,XB2_EXCLUDED,subjective,/Users/wanglifei/Desktop/2024模拟题/石景山一模/试卷/试卷.docx,paper,module-boundary-excluded,/Users/wanglifei/Desktop/北京高考政治/reports/必修二三与必修四文化_题源分类准备_20260617_1301/03_question_index/question_candidates.csv,"{""target"": ""B3_POLITICS_RULE_OF_LAW"", ""target_score"": 9, ""boundary"": ""XB2_EXCLUDED"", ""boundary_score"": 6, ""matches"": {""B2_ECONOMICS"": ""共同富裕,营商环境,boost:共同富裕,boost:营商环境"", ""B3_POLITICS_RULE_OF_LAW"": ""中国共产党,党的领导,国家治理,政府,boost:中国共产党,boost:党的领导,boost:国家治理"", ""B4_CULTURE"": ""文化,文化自信,boost:文化自信"", ""B4_PHILOSOPHY_EXCLUDED"": ""意识活动,自觉选择性,boost:意识活动,boost:自觉选择性"", ""XB2_EXCLUDED"": ""民事,赔偿,违约,boost:民事,boost:违约"", ""B1_EXCLUDED"": ""中国特色社会主义""}, ""explicit_boundary_modules"": {""XB2_EXCLUDED"": [""民事""], ""B4_PHILOSOPHY_EXCLUDED"": [""意识活动"", ""自觉选择性""]}, ""override"": ""explicit_boundary_term""}",exclude_from_three_target_lines,main_matrix_original
2024_石景山_一模,2024,石景山,一模,3,,question,B4_PHILOSOPHY_EXCLUDED,objective,/Users/wanglifei/Desktop/2024模拟题/石景山一模/试卷/试卷.docx,paper,module-boundary-excluded,/Users/wanglifei/Desktop/北京高考政治/reports/必修二三与必修四文化_题源分类准备_20260617_1301/03_question_index/question_candidates.csv,"{""target"": ""B2_ECONOMICS"", ""target_score"": 0, ""boundary"": ""B4_PHILOSOPHY_EXCLUDED"", ""boundary_score"": 4, ""matches"": {""B4_PHILOSOPHY_EXCLUDED"": ""矛盾,社会意识,boost:矛盾,boost:社会意识""}, ""explicit_boundary_modules"": {""B4_PHILOSOPHY_EXCLUDED"": [""社会意识""]}, ""override"": ""explicit_boundary_term""}",exclude_from_three_target_lines,main_matrix_original
2024_石景山_一模,2024,石景山,一模,4,,question,XB1_EXCLUDED,objective,/Users/wanglifei/Desktop/2024模拟题/石景山一模/试卷/试卷.docx,paper,module-boundary-excluded,/Users/wanglifei/Desktop/北京高考政治/reports/必修二三与必修四文化_题源分类准备_20260617_1301/03_question_index/question_candidates.csv,"{""target"": ""B4_CULTURE"", ""target_score"": 9, ""boundary"": ""XB1_EXCLUDED"", ""boundary_score"": 4, ""matches"": {""B4_CULTURE"": ""文化,文化自信,文明交流互鉴,中华文明,boost:文化自信,boost:文明交流互鉴,boost:中华文明"", ""XB1_EXCLUDED"": ""联合国,boost:联合国""}, ""explicit_boundary_modules"": {""XB1_EXCLUDED"": [""联合国""]}, ""override"": ""explicit_boundary_term""}",exclude_from_three_target_lines,main_matrix_original
2024_石景山_一模,2024,石景山,一模,5,,question,B4_PHILOSOPHY_EXCLUDED,objective,/Users/wanglifei/Desktop/2024模拟题/石景山一模/试卷/试卷.docx,paper,module-boundary-excluded,/Users/wanglifei/Desktop/北京高考政治/reports/必修二三与必修四文化_题源分类准备_20260617_1301/03_question_index/question_candidates.csv,"{""target"": ""B2_ECONOMICS"", ""target_score"": 0, ""boundary"": ""B4_PHILOSOPHY_EXCLUDED"", ""boundary_score"": 7, ""matches"": {""B4_PHILOSOPHY_EXCLUDED"": ""实践,人民群众,意识活动,自觉选择性,boost:人民群众,boost:意识活动,boost:自觉选择性""}, ""explicit_boundary_modules"": {""B4_PHILOSOPHY_EXCLUDED"": [""意识活动"", ""自觉选择性""]}, ""override"": ""explicit_boundary_term""}",exclude_from_three_target_lines,main_matrix_original
2024_石景山_一模,2024,石景山,一模,6,,question,XB3_EXCLUDED,objective,/Users/wanglifei/Desktop/2024模拟题/石景山一模/试卷/试卷.docx,paper,module-boundary-excluded,/Users/wanglifei/Desktop/北京高考政治/reports/必修二三与必修四文化_题源分类准备_20260617_1301/03_question_index/question_candidates.csv,"{""target"": ""B2_ECONOMICS"", ""target_score"": 0, ""boundary"": ""XB3_EXCLUDED"", ""boundary_score"": 12, ""matches"": {""B4_PHILOSOPHY_EXCLUDED"": ""事物发展"", ""XB3_EXCLUDED"": ""超前思维,发散思维,联想思维,迁移,推理,类比推理,boost:超前思维,boost:发散思维,boost:联想思维,boost:迁移,boost:推理,boost:类比推理""}, ""explicit_boundary_modules"": {""XB3_EXCLUDED"": [""超前思维"", ""推理"", ""迁移""]}, ""override"": ""explicit_boundary_term""}",exclude_from_three_target_lines,main_matrix_original
2024_石景山_一模,2024,石景山,一模,7,,question,XB2_EXCLUDED,objective,/Users/wanglifei/Desktop/2024模拟题/石景山一模/试卷/试卷.docx,paper,module-boundary-excluded,/Users/wanglifei/Desktop/北京高考政治/reports/必修二三与必修四文化_题源分类准备_20260617_1301/03_question_index/question_candidates.csv,"{""target"": ""B2_ECONOMICS"", ""target_score"": 0, ""boundary"": ""B4_PHILOSOPHY_EXCLUDED"", ""boundary_score"": 2, ""matches"": {""B4_PHILOSOPHY_EXCLUDED"": ""矛盾,boost:矛盾"", ""XB2_EXCLUDED"": ""物权,boost:物权"", ""XB3_EXCLUDED"": ""概念外延,boost:概念外延""}, ""explicit_boundary_modules"": {""XB2_EXCLUDED"": [""物权""], ""XB3_EXCLUDED"": [""概念外延""]}, ""override"": ""explicit_boundary_term""}",exclude_from_three_target_lines,main_matrix_original
2024_石景山_一模,2024,石景山,一模,8,,question,B3_POLITICS_RULE_OF_LAW,objective,/Users/wanglifei/Desktop/2024模拟题/石景山一模/试卷/试卷.docx,paper,included,/Users/wanglifei/Desktop/北京高考政治/reports/必修二三与必修四文化_题源分类准备_20260617_1301/03_question_index/question_candidates.csv,"{""target"": ""B3_POLITICS_RULE_OF_LAW"", ""target_score"": 2, ""boundary"": ""B4_PHILOSOPHY_EXCLUDED"", ""boundary_score"": 0, ""matches"": {""B3_POLITICS_RULE_OF_LAW"": ""全过程人民民主,boost:全过程人民民主""}}",future_baodian_intake,main_matrix_original
2024_石景山_一模,2024,石景山,一模,9,,question,B3_POLITICS_RULE_OF_LAW,objective,/Users/wanglifei/Desktop/2024模拟题/石景山一模/试卷/试卷.docx,paper,included,/Users/wanglifei/Desktop/北京高考政治/reports/必修二三与必修四文化_题源分类准备_20260617_1301/03_question_index/question_candidates.csv,"{""target"": ""B3_POLITICS_RULE_OF_LAW"", ""target_score"": 10, ""boundary"": ""B4_PHILOSOPHY_EXCLUDED"", ""boundary_score"": 0, ""matches"": {""B3_POLITICS_RULE_OF_LAW"": ""政协,严格执法,政府,民主协商,人民政协,boost:政协,boost:严格执法,boost:人民政协""}}",future_baodian_intake,main_matrix_original
2024_西城_一模,2024,西城,一模,1,,question,XB1_EXCLUDED,objective,/Users/wanglifei/Desktop/2024模拟题/西城一模/试卷/试卷.docx,paper,module-boundary-excluded,/Users/wanglifei/Desktop/北京高考政治/reports/必修二三与必修四文化_题源分类准备_20260617_1301/03_question_index/question_candidates.csv,"{""target"": ""B3_POLITICS_RULE_OF_LAW"", ""target_score"": 2, ""boundary"": ""XB1_EXCLUDED"", ""boundary_score"": 2, ""matches"": {""B3_POLITICS_RULE_OF_LAW"": ""中国共产党,boost:中国共产党"", ""B4_PHILOSOPHY_EXCLUDED"": ""实践"", ""XB1_EXCLUDED"": ""全球治理,boost:全球治理""}, ""explicit_boundary_modules"": {""XB1_EXCLUDED"": [""全球治理""]}, ""override"": ""explicit_boundary_term""}",exclude_from_three_target_lines,main_matrix_original
2024_西城_一模,2024,西城,一模,10,,question,B4_CULTURE,objective,/Users/wanglifei/Desktop/2024模拟题/西城一模/试卷/试卷.docx,paper,included,/Users/wanglifei/Desktop/北京高考政治/reports/必修二三与必修四文化_题源分类准备_20260617_1301/03_question_index/question_candidates.csv,"{""target"": ""B4_CULTURE"", ""target_score"": 2, ""boundary"": ""B4_PHILOSOPHY_EXCLUDED"", ""boundary_score"": 0, ""matches"": {""B4_CULTURE"": ""文化""}}",future_baodian_intake,main_matrix_original
2024_西城_一模,2024,西城,一模,11,,question,XB3_EXCLUDED,objective,/Users/wanglifei/Desktop/2024模拟题/西城一模/试卷/试卷.docx,paper,module-boundary-excluded,/Users/wanglifei/Desktop/北京高考政治/reports/必修二三与必修四文化_题源分类准备_20260617_1301/03_question_index/question_candidates.csv,"{""target"": ""B2_ECONOMICS"", ""target_score"": 0, ""boundary"": ""XB3_EXCLUDED"", ""boundary_score"": 2, ""matches"": {""XB3_EXCLUDED"": ""推理,boost:推理""}, ""explicit_boundary_modules"": {""XB3_EXCLUDED"": [""推理""]}, ""override"": ""explicit_boundary_term""}",exclude_from_three_target_lines,main_matrix_original
2024_西城_一模,2024,西城,一模,12,,question,B4_PHILOSOPHY_EXCLUDED,objective,/Users/wanglifei/Desktop/2024模拟题/西城一模/试卷/试卷.docx,paper,module-boundary-excluded,05_reports/strong_blocker_resolution_audit.csv,"{""rule_id"": ""STRONG_BLOCKER_B4P_AFFIRMATION_NEGATION"", ""matched_terms"": ""肯定,否定,联系"", ""source"": ""strong_blocker_resolution_review.csv"", ""evidence_source_type"": ""paper"", ""prior_status"": ""blocked"", ""prior_next_action"": ""manual_review_needed""}",exclude_from_three_target_lines,strong_blocker_resolution
2024_西城_一模,2024,西城,一模,13,,question,XB3_EXCLUDED,objective,/Users/wanglifei/Desktop/2024模拟题/西城一模/试卷/试卷.docx,paper,module-boundary-excluded,/Users/wanglifei/Desktop/北京高考政治/reports/必修二三与必修四文化_题源分类准备_20260617_1301/03_question_index/question_candidates.csv,"{""target"": ""B2_ECONOMICS"", ""target_score"": 0, ""boundary"": ""XB3_EXCLUDED"", ""boundary_score"": 2, ""matches"": {""XB3_EXCLUDED"": ""推理,boost:推理""}, ""explicit_boundary_modules"": {""XB3_EXCLUDED"": [""推理""]}, ""override"": ""explicit_boundary_term""}",exclude_from_three_target_lines,main_matrix_original
2024_西城_一模,2024,西城,一模,14,,question,XB1_EXCLUDED,objective,/Users/wanglifei/Desktop/2024模拟题/西城一模/试卷/试卷.docx,paper,module-boundary-excluded,/Users/wanglifei/Desktop/北京高考政治/reports/必修二三与必修四文化_题源分类准备_20260617_1301/03_question_index/question_candidates.csv,"{""target"": ""B2_ECONOMICS"", ""target_score"": 0, ""boundary"": ""XB1_EXCLUDED"", ""boundary_score"": 4, ""matches"": {""XB1_EXCLUDED"": ""人类命运共同体,国际组织,boost:人类命运共同体,boost:国际组织""}, ""explicit_boundary_modules"": {""XB1_EXCLUDED"": [""人类命运共同体"", ""国际组织""]}, ""override"": ""explicit_boundary_term""}",exclude_from_three_target_lines,main_matrix_original
2024_西城_一模,2024,西城,一模,15,,question,XB1_EXCLUDED,objective,/Users/wanglifei/Desktop/2024模拟题/西城一模/试卷/试卷.docx,paper,module-boundary-excluded,/Users/wanglifei/Desktop/北京高考政治/reports/必修二三与必修四文化_题源分类准备_20260617_1301/03_question_index/question_candidates.csv,"{""target"": ""B4_CULTURE"", ""target_score"": 1, ""boundary"": ""XB1_EXCLUDED"", ""boundary_score"": 4, ""matches"": {""B4_CULTURE"": ""文化"", ""B4_PHILOSOPHY_EXCLUDED"": ""实践"", ""XB1_EXCLUDED"": ""经济全球化,国际组织,boost:经济全球化,boost:国际组织""}, ""explicit_boundary_modules"": {""XB1_EXCLUDED"": [""经济全球化"", ""国际组织""]}, ""override"": ""explicit_boundary_term""}",exclude_from_three_target_lines,main_matrix_original
2024_西城_一模,2024,西城,一模,16,,question,B3_POLITICS_RULE_OF_LAW,subjective,/Users/wanglifei/Desktop/2024模拟题/西城一模/试卷/试卷.docx,paper,included,/Users/wanglifei/Desktop/北京高考政治/reports/必修二三与必修四文化_题源分类准备_20260617_1301/03_question_index/question_candidates.csv,"{""target"": ""B3_POLITICS_RULE_OF_LAW"", ""target_score"": 8, ""boundary"": ""B4_PHILOSOPHY_EXCLUDED"", ""boundary_score"": 0, ""matches"": {""B3_POLITICS_RULE_OF_LAW"": ""政治与法治,人大代表,人大常委会,boost:政治与法治,boost:人大代表,boost:人大常委会""}}",future_baodian_intake,main_matrix_original
2024_西城_一模,2024,西城,一模,17,,question,B4_PHILOSOPHY_EXCLUDED,subjective,/Users/wanglifei/Desktop/2024模拟题/西城一模/试卷/试卷.docx,paper,module-boundary-excluded,05_reports/prompt_resolution_audit.csv,"{""override"": ""strict_prompt_resolution"", ""rule_id"": ""B4_PHILOSOPHY_PROMPT"", ""matched_terms"": ""从哲学角度,哲学角度,人类中心主义"", ""prompt_source"": ""paper"", ""prompt"": ""(9分) 在中国,有这样一个城市公园,没有精心筛选的观赏植物,没有大片修剪整齐的绿地,也没有平整规矩的健身步道。园林设计师们从城市各个角落搜集了不同的土壤将公园填满,然后将种植权完全交给自然,让风来种,让鸟来种,让昆虫来种,让土壤里的种子自己萌发。各种植物野蛮生长,那些常被园丁斩草除根的野草、野花和野树,成了这里的主人。 这个完全信任自然、由自然意志主宰的公园如今枝繁叶茂、郁郁葱葱,有各种各样的鸟类、昆虫、浮游生物、底栖动物,甚至出现了以往踪迹难觅的国家一级重点保护动物。这个公园向久居水泥森林的都市人,展现出自然界真正的物竞天择、景观春秋。 从哲学角度,说明处理人与自然的关系,应避免陷入人类中心主义。"", ""previous_decision"": ""{\""target\"": \""B2_ECONOMICS\"", \""target_score\"": 0, \""boundary\"": \""B4_PHILOSOPHY_EXCLUDED\"", \""boundary_score\"": 0, \""matches\"": {}}""}",exclude_from_three_target_lines,prompt_resolved_from_main_matrix_original
2024_西城_一模,2024,西城,一模,18,,question,XB2_EXCLUDED,subjective,/Users/wanglifei/Desktop/2024模拟题/西城一模/试卷/试卷.docx,paper,module-boundary-excluded,/Users/wanglifei/Desktop/北京高考政治/reports/必修二三与必修四文化_题源分类准备_20260617_1301/03_question_index/question_candidates.csv,"{""target"": ""B3_POLITICS_RULE_OF_LAW"", ""target_score"": 4, ""boundary"": ""XB2_EXCLUDED"", ""boundary_score"": 8, ""matches"": {""B3_POLITICS_RULE_OF_LAW"": ""法院"", ""B4_PHILOSOPHY_EXCLUDED"": ""认识"", ""XB2_EXCLUDED"": ""民法典,辩护人,上诉,boost:民法典,boost:辩护人,boost:上诉""}, ""explicit_boundary_modules"": {""XB2_EXCLUDED"": [""民法典""]}, ""override"": ""explicit_boundary_term""}",exclude_from_three_target_lines,main_matrix_original
2024_西城_一模,2024,西城,一模,19,,question,XB3_EXCLUDED,subjective,/Users/wanglifei/Desktop/2024模拟题/西城一模/试卷/试卷.docx,paper,module-boundary-excluded,/Users/wanglifei/Desktop/北京高考政治/reports/必修二三与必修四文化_题源分类准备_20260617_1301/03_question_index/question_candidates.csv,"{""target"": ""B2_ECONOMICS"", ""target_score"": 11, ""boundary"": ""XB3_EXCLUDED"", ""boundary_score"": 2, ""matches"": {""B2_ECONOMICS"": ""市场经济,产业链,供应链,产业发展,boost:市场经济,boost:产业链,boost:供应链"", ""B3_POLITICS_RULE_OF_LAW"": ""政府"", ""XB3_EXCLUDED"": ""逻辑与思维,boost:逻辑与思维""}, ""explicit_boundary_modules"": {""XB3_EXCLUDED"": [""逻辑与思维""]}, ""override"": ""explicit_boundary_term""}",exclude_from_three_target_lines,main_matrix_original
2024_西城_一模,2024,西城,一模,2,,question,B2_ECONOMICS,objective,/Users/wanglifei/Desktop/2024模拟题/西城一模/试卷/试卷.docx,paper,included,05_reports/prompt_resolution_audit.csv,"{""override"": ""strict_prompt_resolution"", ""rule_id"": ""B2_EXPLICIT_ECONOMICS_PROMPT"", ""matched_terms"": ""产业发展"", ""prompt_source"": ""paper"", ""prompt"": ""有这样一种科技小院,在其间参与生产的不仅有农民和农业专家,还有农业专业的研究生。这些学生在完成知识、理论学习的基础上,研究解决农业农村的实际问题。科技小院像是一个连结点,一头连着师生,一头连着田间地头。对此分析正确的是 1应提倡科研院所、高校服务农业农村,以产业发展带动农民致富 2走进乡土中国深处,才能深刻理解怎样实事求是、联系群众 3科研成果从田间孕育,完成后又回到田间,农业发展的关键在于劳动要素投入 4构建产学研用深度融合的创新育人体系,要把掌握农业知识作为实践的目的 A.12 B.13 C.24 D.34"", ""previous_decision"": ""{\""target\"": \""B2_ECONOMICS\"", \""target_score\"": 1, \""boundary\"": \""B4_PHILOSOPHY_EXCLUDED\"", \""boundary_score\"": 1, \""matches\"": {\""B2_ECONOMICS\"": \""产业发展\"", \""B4_PHILOSOPHY_EXCLUDED\"": \""实践\""}}""}",future_baodian_intake,prompt_resolved_from_main_matrix_original
2024_西城_一模,2024,西城,一模,3,,question,B3_POLITICS_RULE_OF_LAW,objective,/Users/wanglifei/Desktop/2024模拟题/西城一模/试卷/试卷.docx,paper,included,05_reports/strong_blocker_resolution_audit.csv,"{""rule_id"": ""STRONG_BLOCKER_B3_PARTY_CADRES_VALUE_PURSUIT"", ""matched_terms"": ""党员干部,价值追求,奋斗姿态"", ""source"": ""strong_blocker_resolution_review.csv"", ""evidence_source_type"": ""paper"", ""prior_status"": ""blocked"", ""prior_next_action"": ""manual_review_needed""}",future_baodian_intake,strong_blocker_resolution
2024_西城_一模,2024,西城,一模,4,,question,B3_POLITICS_RULE_OF_LAW,objective,/Users/wanglifei/Desktop/2024模拟题/西城一模/试卷/试卷.docx,paper,included,/Users/wanglifei/Desktop/北京高考政治/reports/必修二三与必修四文化_题源分类准备_20260617_1301/03_question_index/question_candidates.csv,"{""target"": ""B3_POLITICS_RULE_OF_LAW"", ""target_score"": 4, ""boundary"": ""B4_PHILOSOPHY_EXCLUDED"", ""boundary_score"": 3, ""matches"": {""B2_ECONOMICS"": ""区域协调"", ""B3_POLITICS_RULE_OF_LAW"": ""基层群众自治,政府,司法机关,boost:基层群众自治"", ""B4_CULTURE"": ""文化"", ""B4_PHILOSOPHY_EXCLUDED"": ""矛盾,boost:矛盾"", ""XB2_EXCLUDED"": ""调解,boost:调解""}}",future_baodian_intake,main_matrix_original
2024_西城_一模,2024,西城,一模,6,,question,XB2_EXCLUDED,objective,/Users/wanglifei/Desktop/2024模拟题/西城一模/试卷/试卷.docx,paper,module-boundary-excluded,/Users/wanglifei/Desktop/北京高考政治/reports/必修二三与必修四文化_题源分类准备_20260617_1301/03_question_index/question_candidates.csv,"{""target"": ""B3_POLITICS_RULE_OF_LAW"", ""target_score"": 1, ""boundary"": ""XB2_EXCLUDED"", ""boundary_score"": 5, ""matches"": {""B3_POLITICS_RULE_OF_LAW"": ""法院"", ""B4_PHILOSOPHY_EXCLUDED"": ""认识"", ""XB2_EXCLUDED"": ""物权,赔偿,所有权,boost:物权,boost:所有权""}, ""explicit_boundary_modules"": {""XB2_EXCLUDED"": [""所有权"", ""物权""]}, ""override"": ""explicit_boundary_term""}",exclude_from_three_target_lines,main_matrix_original
2024_西城_一模,2024,西城,一模,7,,question,B2_ECONOMICS,objective,/Users/wanglifei/Desktop/2024模拟题/西城一模/试卷/试卷.docx,paper,included,/Users/wanglifei/Desktop/北京高考政治/reports/必修二三与必修四文化_题源分类准备_20260617_1301/03_question_index/question_candidates.csv,"{""target"": ""B2_ECONOMICS"", ""target_score"": 5, ""boundary"": ""B4_PHILOSOPHY_EXCLUDED"", ""boundary_score"": 0, ""matches"": {""B2_ECONOMICS"": ""消费""}}",future_baodian_intake,main_matrix_original
2024_西城_一模,2024,西城,一模,8,,question,XB2_EXCLUDED,objective,/Users/wanglifei/Desktop/2024模拟题/西城一模/试卷/试卷.docx,paper,module-boundary-excluded,/Users/wanglifei/Desktop/北京高考政治/reports/必修二三与必修四文化_题源分类准备_20260617_1301/03_question_index/question_candidates.csv,"{""target"": ""B3_POLITICS_RULE_OF_LAW"", ""target_score"": 1, ""boundary"": ""XB2_EXCLUDED"", ""boundary_score"": 6, ""matches"": {""B3_POLITICS_RULE_OF_LAW"": ""法院"", ""XB2_EXCLUDED"": ""调解,仲裁,boost:调解,boost:仲裁""}}",exclude_from_three_target_lines,main_matrix_original
2024_西城_一模,2024,西城,一模,9,,question,B4_PHILOSOPHY_EXCLUDED,objective,/Users/wanglifei/Desktop/2024模拟题/西城一模/试卷/试卷.docx,paper,module-boundary-excluded,/Users/wanglifei/Desktop/北京高考政治/reports/必修二三与必修四文化_题源分类准备_20260617_1301/03_question_index/question_candidates.csv,"{""target"": ""B2_ECONOMICS"", ""target_score"": 0, ""boundary"": ""B4_PHILOSOPHY_EXCLUDED"", ""boundary_score"": 9, ""matches"": {""B4_PHILOSOPHY_EXCLUDED"": ""实践,认识,真理,矛盾,主观能动性,boost:真理,boost:矛盾""}}",exclude_from_three_target_lines,main_matrix_original
2024_西城_二模,2024,西城,二模,10,,question,XB1_EXCLUDED,objective,/Users/wanglifei/Desktop/2024模拟题/西城二模/试卷/试卷.docx,paper,module-boundary-excluded,05_reports/prompt_resolution_audit.csv,"{""override"": ""strict_prompt_resolution"", ""rule_id"": ""XB1_INTERNATIONAL_PROMPT"", ""matched_terms"": ""国际社会,他国主权"", ""prompt_source"": ""paper"", ""prompt"": ""人工智能作为最具颠覆性的新兴技术之一,会不会打开“潘多拉魔盒”?当前,国际社会迫切需要加强人工智能治理。下列观点合理的是 1为他国提供产品服务时,应尊重他国主权,遵守他国法律 2为控制先进人工智能技术,利用单边强制措施,打造发展壁垒 3为避免人工智能引发战争,依据他国关切,利用和平手段解决问题 4坚持伦理先行,建立并完善人工智能伦理准则、规范及问责机制 A.13 B.14 C.23 D.24"", ""previous_decision"": ""{\""target\"": \""B2_ECONOMICS\"", \""target_score\"": 0, \""boundary\"": \""B4_PHILOSOPHY_EXCLUDED\"", \""boundary_score\"": 0, \""matches\"": {}}""}",exclude_from_three_target_lines,prompt_resolved_from_main_matrix_original
2024_西城_二模,2024,西城,二模,11,,question,XB2_EXCLUDED,objective,/Users/wanglifei/Desktop/2024模拟题/西城二模/试卷/试卷.docx,paper,module-boundary-excluded,/Users/wanglifei/Desktop/北京高考政治/reports/必修二三与必修四文化_题源分类准备_20260617_1301/03_question_index/question_candidates.csv,"{""target"": ""B4_CULTURE"", ""target_score"": 8, ""boundary"": ""XB2_EXCLUDED"", ""boundary_score"": 10, ""matches"": {""B3_POLITICS_RULE_OF_LAW"": ""检察,法院"", ""B4_CULTURE"": ""文化,文物,boost:文物"", ""XB2_EXCLUDED"": ""诉讼,民事,民事诉讼,上诉,boost:诉讼,boost:民事,boost:民事诉讼,boost:上诉""}, ""explicit_boundary_modules"": {""XB2_EXCLUDED"": [""诉讼"", ""民事""]}, ""override"": ""explicit_boundary_term""}",exclude_from_three_target_lines,main_matrix_original
2024_西城_二模,2024,西城,二模,12,,question,XB2_EXCLUDED,objective,/Users/wanglifei/Desktop/2024模拟题/西城二模/试卷/试卷.docx,paper,module-boundary-excluded,/Users/wanglifei/Desktop/北京高考政治/reports/必修二三与必修四文化_题源分类准备_20260617_1301/03_question_index/question_candidates.csv,"{""target"": ""B2_ECONOMICS"", ""target_score"": 0, ""boundary"": ""XB2_EXCLUDED"", ""boundary_score"": 3, ""matches"": {""XB2_EXCLUDED"": ""继承,boost:继承""}}",exclude_from_three_target_lines,main_matrix_original
2024_西城_二模,2024,西城,二模,13,,question,B4_PHILOSOPHY_EXCLUDED,objective,/Users/wanglifei/Desktop/2024模拟题/西城二模/试卷/试卷.docx,paper,module-boundary-excluded,/Users/wanglifei/Desktop/北京高考政治/reports/必修二三与必修四文化_题源分类准备_20260617_1301/03_question_index/question_candidates.csv,"{""target"": ""B3_POLITICS_RULE_OF_LAW"", ""target_score"": 2, ""boundary"": ""B4_PHILOSOPHY_EXCLUDED"", ""boundary_score"": 5, ""matches"": {""B3_POLITICS_RULE_OF_LAW"": ""法院,社会治理"", ""B4_PHILOSOPHY_EXCLUDED"": ""矛盾,人民群众,boost:矛盾,boost:人民群众"", ""XB2_EXCLUDED"": ""调解,boost:调解""}}",exclude_from_three_target_lines,main_matrix_original
2024_西城_二模,2024,西城,二模,14,,question,B4_CULTURE,objective,/Users/wanglifei/Desktop/2024模拟题/西城二模/试卷/试卷.docx,paper,included,/Users/wanglifei/Desktop/北京高考政治/reports/必修二三与必修四文化_题源分类准备_20260617_1301/03_question_index/question_candidates.csv,"{""target"": ""B4_CULTURE"", ""target_score"": 5, ""boundary"": ""XB3_EXCLUDED"", ""boundary_score"": 2, ""matches"": {""B4_CULTURE"": ""文化,传统文化,文化基因,boost:传统文化,boost:文化基因"", ""XB3_EXCLUDED"": ""性质判断,boost:性质判断""}}",future_baodian_intake,main_matrix_original
2024_西城_二模,2024,西城,二模,16,,question,XB2_EXCLUDED,subjective,/Users/wanglifei/Desktop/2024模拟题/西城二模/试卷/试卷.docx,paper,module-boundary-excluded,/Users/wanglifei/Desktop/北京高考政治/reports/必修二三与必修四文化_题源分类准备_20260617_1301/03_question_index/question_candidates.csv,"{""target"": ""B2_ECONOMICS"", ""target_score"": 6, ""boundary"": ""XB2_EXCLUDED"", ""boundary_score"": 10, ""matches"": {""B2_ECONOMICS"": ""消费"", ""B3_POLITICS_RULE_OF_LAW"": ""法院"", ""XB2_EXCLUDED"": ""法律与生活,赔偿,boost:法律与生活""}, ""explicit_boundary_modules"": {""XB2_EXCLUDED"": [""法律与生活""]}, ""override"": ""explicit_boundary_term""}",exclude_from_three_target_lines,main_matrix_original
2024_西城_二模,2024,西城,二模,17,,question,B2_ECONOMICS,subjective,/Users/wanglifei/Desktop/2024模拟题/西城二模/试卷/试卷.docx,paper,included,/Users/wanglifei/Desktop/北京高考政治/reports/必修二三与必修四文化_题源分类准备_20260617_1301/03_question_index/question_candidates.csv,"{""target"": ""B2_ECONOMICS"", ""target_score"": 13, ""boundary"": ""B4_PHILOSOPHY_EXCLUDED"", ""boundary_score"": 0, ""matches"": {""B2_ECONOMICS"": ""新发展理念,新质生产力,劳动者,生产要素,经济增长,boost:新发展理念,boost:新质生产力,boost:生产要素,boost:经济增长""}}",future_baodian_intake,main_matrix_original
2024_西城_二模,2024,西城,二模,18,,question,XB2_EXCLUDED,subjective,/Users/wanglifei/Desktop/2024模拟题/西城二模/试卷/试卷.docx,paper,module-boundary-excluded,/Users/wanglifei/Desktop/北京高考政治/reports/必修二三与必修四文化_题源分类准备_20260617_1301/03_question_index/question_candidates.csv,"{""target"": ""B3_POLITICS_RULE_OF_LAW"", ""target_score"": 4, ""boundary"": ""XB2_EXCLUDED"", ""boundary_score"": 6, ""matches"": {""B2_ECONOMICS"": ""乡村振兴,boost:乡村振兴"", ""B3_POLITICS_RULE_OF_LAW"": ""法院"", ""B4_CULTURE"": ""文化,文化产业"", ""XB2_EXCLUDED"": ""诉讼,民事,boost:诉讼,boost:民事"", ""XB3_EXCLUDED"": ""推理,boost:推理""}, ""explicit_boundary_modules"": {""XB2_EXCLUDED"": [""诉讼"", ""民事""], ""XB3_EXCLUDED"": [""推理""]}, ""override"": ""explicit_boundary_term""}",exclude_from_three_target_lines,main_matrix_original
2024_西城_二模,2024,西城,二模,19,,question,XB1_EXCLUDED,subjective,/Users/wanglifei/Desktop/2024模拟题/西城二模/试卷/试卷.docx,paper,module-boundary-excluded,/Users/wanglifei/Desktop/北京高考政治/reports/必修二三与必修四文化_题源分类准备_20260617_1301/03_question_index/question_candidates.csv,"{""target"": ""B2_ECONOMICS"", ""target_score"": 0, ""boundary"": ""XB1_EXCLUDED"", ""boundary_score"": 4, ""matches"": {""XB1_EXCLUDED"": ""国际关系,人类命运共同体,boost:国际关系,boost:人类命运共同体""}, ""explicit_boundary_modules"": {""XB1_EXCLUDED"": [""国际关系"", ""人类命运共同体""]}, ""override"": ""explicit_boundary_term""}",exclude_from_three_target_lines,main_matrix_original
2024_西城_二模,2024,西城,二模,2,,question,B4_CULTURE,objective,/Users/wanglifei/Desktop/2024模拟题/西城二模/试卷/试卷.docx,paper,included,/Users/wanglifei/Desktop/北京高考政治/reports/必修二三与必修四文化_题源分类准备_20260617_1301/03_question_index/question_candidates.csv,"{""target"": ""B4_CULTURE"", ""target_score"": 3, ""boundary"": ""B4_PHILOSOPHY_EXCLUDED"", ""boundary_score"": 0, ""matches"": {""B4_CULTURE"": ""文化,博物馆,boost:博物馆""}}",future_baodian_intake,main_matrix_original
2024_西城_二模,2024,西城,二模,3,,question,B2_ECONOMICS,objective,/Users/wanglifei/Desktop/2024模拟题/西城二模/试卷/试卷.docx,paper,included,/Users/wanglifei/Desktop/北京高考政治/reports/必修二三与必修四文化_题源分类准备_20260617_1301/03_question_index/question_candidates.csv,"{""target"": ""B2_ECONOMICS"", ""target_score"": 3, ""boundary"": ""B4_PHILOSOPHY_EXCLUDED"", ""boundary_score"": 0, ""matches"": {""B2_ECONOMICS"": ""宏观调控,消费,boost:宏观调控"", ""B3_POLITICS_RULE_OF_LAW"": ""政府,民主决策,社区治理""}}",future_baodian_intake,main_matrix_original
2024_西城_二模,2024,西城,二模,5,,question,B2_ECONOMICS,objective,/Users/wanglifei/Desktop/2024模拟题/西城二模/试卷/试卷.docx,paper,included,/Users/wanglifei/Desktop/北京高考政治/reports/必修二三与必修四文化_题源分类准备_20260617_1301/03_question_index/question_candidates.csv,"{""target"": ""B2_ECONOMICS"", ""target_score"": 3, ""boundary"": ""B4_PHILOSOPHY_EXCLUDED"", ""boundary_score"": 0, ""matches"": {""B2_ECONOMICS"": ""消费,产业链,boost:产业链"", ""B4_CULTURE"": ""文化""}}",future_baodian_intake,main_matrix_original
2024_西城_二模,2024,西城,二模,6,,question,B2_ECONOMICS,objective,/Users/wanglifei/Desktop/2024模拟题/西城二模/试卷/试卷.docx,paper,included,/Users/wanglifei/Desktop/北京高考政治/reports/必修二三与必修四文化_题源分类准备_20260617_1301/03_question_index/question_candidates.csv,"{""target"": ""B2_ECONOMICS"", ""target_score"": 11, ""boundary"": ""XB1_EXCLUDED"", ""boundary_score"": 1, ""matches"": {""B2_ECONOMICS"": ""社会保障,消费,居民收入,经济增长,boost:社会保障,boost:经济增长"", ""XB1_EXCLUDED"": ""对外开放""}}",future_baodian_intake,main_matrix_original
2024_西城_二模,2024,西城,二模,7,,question,B4_PHILOSOPHY_EXCLUDED,objective,/Users/wanglifei/Desktop/2024模拟题/西城二模/试卷/试卷.docx,paper,module-boundary-excluded,05_reports/prompt_resolution_audit.csv,"{""override"": ""strict_prompt_resolution"", ""rule_id"": ""B4_PHILOSOPHY_PROMPT"", ""matched_terms"": ""矛盾的特殊性"", ""prompt_source"": ""paper"", ""prompt"": ""拔除了55根电线杆后,家住在西城区宫门口东岔的居民们发现,原来一抬头就有这么美的景儿。蓝天与红墙映衬着妙应寺白塔,让这里成了手机朋友圈中的“网红”。近年来,北京深入开展街巷精细化治理,曾经“见缝插针”停放的汽车不见了,头顶上乱如蛛网的架空线没了,堵心又有安全隐患的私搭乱建也拆了,青砖灰瓦间,老北京的韵味又回来了。胡同是北京老城的肌理,也是支撑老城生命的骨架。打造更多精品宜居街巷,需要规划师 1因地制宜,知晓每处街巷的矛盾的特殊性 2实事求是,重视新老居民生活方式的焕新 3解放思想,拆除原本老旧残破的民居院落 4守正创新,像保护历史文物那样维持原状 A.12 B.14 C.23 D.34"", ""previous_decision"": ""{\""target\"": \""B4_CULTURE\"", \""target_score\"": 2, \""boundary\"": \""B4_PHILOSOPHY_EXCLUDED\"", \""boundary_score\"": 2, \""matches\"": {\""B4_CULTURE\"": \""文物,boost:文物\"", \""B4_PHILOSOPHY_EXCLUDED\"": \""矛盾,boost:矛盾\""}}""}",exclude_from_three_target_lines,prompt_resolved_from_main_matrix_original
2024_西城_二模,2024,西城,二模,8,,question,B4_PHILOSOPHY_EXCLUDED,objective,/Users/wanglifei/Desktop/2024模拟题/西城二模/试卷/试卷.docx,paper,module-boundary-excluded,/Users/wanglifei/Desktop/北京高考政治/reports/必修二三与必修四文化_题源分类准备_20260617_1301/03_question_index/question_candidates.csv,"{""target"": ""B2_ECONOMICS"", ""target_score"": 0, ""boundary"": ""B4_PHILOSOPHY_EXCLUDED"", ""boundary_score"": 3, ""matches"": {""B4_PHILOSOPHY_EXCLUDED"": ""实践,矛盾,boost:矛盾""}}",exclude_from_three_target_lines,main_matrix_original
2024_西城_二模,2024,西城,二模,9,,question,B4_CULTURE,objective,/Users/wanglifei/Desktop/2024模拟题/西城二模/试卷/试卷.docx,paper,included,05_reports/remaining_strong_cleanup_audit.csv,"{""rule_id"": ""REMAINING_B4C_MAINSTREAM_MEDIA_CONTENT_INNOVATION"", ""matched_terms"": ""主流媒体,智慧+产品,内容创新,价值引领"", ""source"": ""remaining_strong_cleanup_audit.csv"", ""prior_book_module"": ""UNKNOWN_OR_MIXED"", ""prior_status"": ""blocked""}",future_baodian_intake,remaining_strong_cleanup
2024_顺义_二模,2024,顺义,二模,1,,question,B1_EXCLUDED,objective,/Users/wanglifei/Desktop/2024模拟题/顺义思政二模/试卷/试卷.docx,paper,module-boundary-excluded,05_reports/prompt_resolution_audit.csv,"{""override"": ""strict_prompt_resolution"", ""rule_id"": ""B1_SOCIALISM_PROMPT"", ""matched_terms"": ""中国特色社会主义,科学社会主义"", ""prompt_source"": ""paper"", ""prompt"": ""当代中国的伟大社会变革,不是简单延续我国历史文化的母版,不是简单套用马克思主义经典作家设想的模板,不是其他国家社会主义实践的再版,也不是国外现代化发展的翻版。社会主义并没有定于一尊、一成不变的套路,只有把科学社会主义基本原则同本国具体实际、历史文化传统、时代要求紧密结合起来,在实践中不断探索总结,才能把蓝图变为美好现实。这说明 1科学社会主义发展的一般进程是由各国地理环境、文化传统、外部因素等决定的 2科学社会主义的产生、发展与资本主义社会的生产方式没有本质的、内在的关系 3现实与历史之间是有联系的,当代中国的变革基于自身独特的历史和文化基础上 4中国特色社会主义是科学社会主义理论逻辑和中国社会发展历史逻辑的辩证统一 A.12 B.13 C.24 D.34"", ""previous_decision"": ""{\""target\"": \""B4_CULTURE\"", \""target_score\"": 4, \""boundary\"": \""B1_EXCLUDED\"", \""boundary_score\"": 5, \""matches\"": {\""B4_CULTURE\"": \""文化\"", \""B4_PHILOSOPHY_EXCLUDED\"": \""实践\"", \""B1_EXCLUDED\"": \""中国特色社会主义,科学社会主义\""}}""}",exclude_from_three_target_lines,prompt_resolved_from_main_matrix_original
2024_顺义_二模,2024,顺义,二模,10,,question,XB2_EXCLUDED,objective,/Users/wanglifei/Desktop/2024模拟题/顺义思政二模/试卷/试卷.docx,paper,module-boundary-excluded,/Users/wanglifei/Desktop/北京高考政治/reports/必修二三与必修四文化_题源分类准备_20260617_1301/03_question_index/question_candidates.csv,"{""target"": ""B2_ECONOMICS"", ""target_score"": 2, ""boundary"": ""XB2_EXCLUDED"", ""boundary_score"": 16, ""matches"": {""B2_ECONOMICS"": ""消费,市场主体"", ""B4_CULTURE"": ""文化"", ""XB2_EXCLUDED"": ""合同,诉讼,仲裁,民事,违约,boost:合同,boost:诉讼,boost:仲裁,boost:民事,boost:违约""}, ""explicit_boundary_modules"": {""XB2_EXCLUDED"": [""合同"", ""诉讼"", ""民事""]}, ""override"": ""explicit_boundary_term""}",exclude_from_three_target_lines,main_matrix_original
2024_顺义_二模,2024,顺义,二模,11,,question,XB2_EXCLUDED,objective,/Users/wanglifei/Desktop/2024模拟题/顺义思政二模/试卷/试卷.docx,paper,module-boundary-excluded,/Users/wanglifei/Desktop/北京高考政治/reports/必修二三与必修四文化_题源分类准备_20260617_1301/03_question_index/question_candidates.csv,"{""target"": ""B3_POLITICS_RULE_OF_LAW"", ""target_score"": 2, ""boundary"": ""XB2_EXCLUDED"", ""boundary_score"": 12, ""matches"": {""B3_POLITICS_RULE_OF_LAW"": ""法院"", ""B4_PHILOSOPHY_EXCLUDED"": ""认识"", ""XB2_EXCLUDED"": ""侵权,诉讼,举证,民事,赔偿,上诉,boost:侵权,boost:诉讼,boost:举证,boost:民事,boost:上诉""}, ""explicit_boundary_modules"": {""XB2_EXCLUDED"": [""侵权"", ""诉讼"", ""民事""]}, ""override"": ""explicit_boundary_term""}",exclude_from_three_target_lines,main_matrix_original
2024_顺义_二模,2024,顺义,二模,12,,question,B2_ECONOMICS,objective,/Users/wanglifei/Desktop/2024模拟题/顺义思政二模/试卷/试卷.docx,paper,included,05_reports/prompt_resolution_audit.csv,"{""override"": ""strict_prompt_resolution"", ""rule_id"": ""B2_EXPLICIT_ECONOMICS_PROMPT"", ""matched_terms"": ""市场监管,市场秩序,消费"", ""prompt_source"": ""paper"", ""prompt"": ""电视“套娃”收费是指用户使用智能电视或者接入有线电视网络时,在支付的基础服务费之外,遇到收费项目多,各类收费项目叠加等问题。整治电视收费乱象需要 1市场监管部门要加大监管力度,规范市场秩序 2政府制定统一的电视收费价格,保障公平竞争 3相关企业应当肩负起社会责任,提供优质服务 4消费者协会处罚相关违法行为,建立统一市场 13 B. 14 C. 23 D. 24"", ""previous_decision"": ""{\""target\"": \""B2_ECONOMICS\"", \""target_score\"": 1, \""boundary\"": \""B4_PHILOSOPHY_EXCLUDED\"", \""boundary_score\"": 0, \""matches\"": {\""B2_ECONOMICS\"": \""消费\"", \""B3_POLITICS_RULE_OF_LAW\"": \""政府\""}}""}",future_baodian_intake,prompt_resolved_from_main_matrix_original
2024_顺义_二模,2024,顺义,二模,13,,question,XB1_EXCLUDED,objective,/Users/wanglifei/Desktop/2024模拟题/顺义思政二模/试卷/试卷.docx,paper,module-boundary-excluded,/Users/wanglifei/Desktop/北京高考政治/reports/必修二三与必修四文化_题源分类准备_20260617_1301/03_question_index/question_candidates.csv,"{""target"": ""B2_ECONOMICS"", ""target_score"": 7, ""boundary"": ""XB1_EXCLUDED"", ""boundary_score"": 17, ""matches"": {""B2_ECONOMICS"": ""共同富裕,就业,居民收入,经济增长,boost:共同富裕,boost:就业,boost:经济增长"", ""B3_POLITICS_RULE_OF_LAW"": ""政府"", ""XB1_EXCLUDED"": ""国家利益,全球治理,国际组织,金砖,贸易强国,boost:国家利益,boost:全球治理,boost:国际组织,boost:金砖,boost:贸易强国""}, ""explicit_boundary_modules"": {""XB1_EXCLUDED"": [""国家利益"", ""全球治理"", ""国际组织""]}, ""override"": ""explicit_boundary_term""}",exclude_from_three_target_lines,main_matrix_original
2024_顺义_二模,2024,顺义,二模,15,,question,B3_POLITICS_RULE_OF_LAW,objective,/Users/wanglifei/Desktop/2024模拟题/顺义思政二模/试卷/试卷.docx,paper,included,/Users/wanglifei/Desktop/北京高考政治/reports/必修二三与必修四文化_题源分类准备_20260617_1301/03_question_index/question_candidates.csv,"{""target"": ""B3_POLITICS_RULE_OF_LAW"", ""target_score"": 5, ""boundary"": ""B4_PHILOSOPHY_EXCLUDED"", ""boundary_score"": 0, ""matches"": {""B3_POLITICS_RULE_OF_LAW"": ""行政机关,政府""}}",future_baodian_intake,main_matrix_original
2024_顺义_二模,2024,顺义,二模,16,,question,XB3_EXCLUDED,subjective,/Users/wanglifei/Desktop/2024模拟题/顺义思政二模/试卷/试卷.docx,paper,module-boundary-excluded,/Users/wanglifei/Desktop/北京高考政治/reports/必修二三与必修四文化_题源分类准备_20260617_1301/03_question_index/question_candidates.csv,"{""target"": ""B2_ECONOMICS"", ""target_score"": 3, ""boundary"": ""XB3_EXCLUDED"", ""boundary_score"": 4, ""matches"": {""B2_ECONOMICS"": ""新发展理念,boost:新发展理念"", ""B4_CULTURE"": ""文化"", ""B4_PHILOSOPHY_EXCLUDED"": ""实践"", ""XB3_EXCLUDED"": ""逻辑与思维,超前思维,boost:逻辑与思维,boost:超前思维""}, ""explicit_boundary_modules"": {""XB3_EXCLUDED"": [""逻辑与思维"", ""超前思维""]}, ""override"": ""explicit_boundary_term""}",exclude_from_three_target_lines,main_matrix_original
2024_顺义_二模,2024,顺义,二模,17,,question,XB2_EXCLUDED,subjective,/Users/wanglifei/Desktop/2024模拟题/顺义思政二模/试卷/试卷.docx,paper,module-boundary-excluded,05_reports/remaining_target_component_audit.csv,"{""rule_id"": ""REMAINING_COMPONENT_EXTRACTED_PARENT_REMAINDER_XB2"", ""source"": ""remaining_target_component_audit.csv"", ""prior_book_module"": ""UNKNOWN_OR_MIXED"", ""prior_status"": ""blocked""}",target_component_extracted_remainder_excluded,remaining_component_parent_remainder_closed
2024_顺义_二模,2024,顺义,二模,18,,question,B3_POLITICS_RULE_OF_LAW,subjective,/Users/wanglifei/Desktop/2024模拟题/顺义思政二模/试卷/试卷.docx,paper,included,/Users/wanglifei/Desktop/北京高考政治/reports/必修二三与必修四文化_题源分类准备_20260617_1301/03_question_index/question_candidates.csv,"{""target"": ""B3_POLITICS_RULE_OF_LAW"", ""target_score"": 14, ""boundary"": ""B4_PHILOSOPHY_EXCLUDED"", ""boundary_score"": 2, ""matches"": {""B3_POLITICS_RULE_OF_LAW"": ""人民代表大会,人大代表,检察,法院,全国人大,boost:人民代表大会,boost:人大代表,boost:全国人大"", ""B4_PHILOSOPHY_EXCLUDED"": ""实践""}}",future_baodian_intake,main_matrix_original
2024_顺义_二模,2024,顺义,二模,19(1),19,subquestion,B2_ECONOMICS,subjective,/Users/wanglifei/Desktop/北京高考政治/reports/必修二三与必修四文化_题源分类准备_20260617_1301/02_text_cache/texts/f986728ea555a6ed.txt,rubric,included,05_reports/culture_hint_final_cleanup_audit.csv,"{""rule_id"": ""CULTURE_HINT_B2_FULL_SUBQUESTION_NEW_QUALITY_PRODUCTIVE_FORCES"", ""matched_terms"": ""社会主义基本经济制度,新质生产力,要素参与收入分配,市场经济体制,国有经济,非公有制经济"", ""basis"": ""第19(1)问设问明确要求从社会主义基本经济制度角度说明新质生产力跃升，细则均为 B2 经济采分点；原 B2 组件升格为整小问，去掉冗余组件行。"", ""source"": ""culture_hint_final_cleanup_audit.csv"", ""prior_book_module"": ""UNKNOWN_OR_MIXED"", ""prior_status"": ""blocked""}",future_baodian_intake,culture_hint_final_cleanup
2024_顺义_二模,2024,顺义,二模,19(2),19,subquestion,XB1_EXCLUDED,subjective,/Users/wanglifei/Desktop/北京高考政治/reports/必修二三与必修四文化_题源分类准备_20260617_1301/02_text_cache/texts/f986728ea555a6ed.txt,rubric,module-boundary-excluded,05_reports/culture_hint_final_cleanup_audit.csv,"{""rule_id"": ""CULTURE_HINT_PARENT_REMAINDER_XB1_AFTER_B3_COMPONENT"", ""matched_terms"": ""当代国际政治与经济,国际竞争,国家利益,世界多极化,人类命运共同体"", ""basis"": ""第19(2)问同时限定《政治与法治》和《当代国际政治与经济》；B3 采分点另抽组件，父题余项按 XB1/综合边界关闭。"", ""source"": ""culture_hint_final_cleanup_audit.csv"", ""prior_book_module"": ""UNKNOWN_OR_MIXED"", ""prior_status"": ""blocked""}",exclude_from_three_target_lines,culture_hint_final_cleanup
2024_顺义_二模,2024,顺义,二模,2,,question,B4_PHILOSOPHY_EXCLUDED,objective,/Users/wanglifei/Desktop/2024模拟题/顺义思政二模/试卷/试卷.docx,paper,module-boundary-excluded,/Users/wanglifei/Desktop/北京高考政治/reports/必修二三与必修四文化_题源分类准备_20260617_1301/03_question_index/question_candidates.csv,"{""target"": ""B4_CULTURE"", ""target_score"": 1, ""boundary"": ""B4_PHILOSOPHY_EXCLUDED"", ""boundary_score"": 4, ""matches"": {""B4_CULTURE"": ""文化"", ""B4_PHILOSOPHY_EXCLUDED"": ""意识活动,能动创造性,boost:意识活动,boost:能动创造性""}, ""explicit_boundary_modules"": {""B4_PHILOSOPHY_EXCLUDED"": [""意识活动"", ""能动创造性""]}, ""override"": ""explicit_boundary_term""}",exclude_from_three_target_lines,main_matrix_original
2024_顺义_二模,2024,顺义,二模,3,,question,B4_CULTURE,objective,/Users/wanglifei/Desktop/2024模拟题/顺义思政二模/试卷/试卷.docx,paper,included,/Users/wanglifei/Desktop/北京高考政治/reports/必修二三与必修四文化_题源分类准备_20260617_1301/03_question_index/question_candidates.csv,"{""target"": ""B4_CULTURE"", ""target_score"": 10, ""boundary"": ""B4_PHILOSOPHY_EXCLUDED"", ""boundary_score"": 3, ""matches"": {""B3_POLITICS_RULE_OF_LAW"": ""政府"", ""B4_CULTURE"": ""文化,文旅,boost:文旅"", ""B4_PHILOSOPHY_EXCLUDED"": ""认识,矛盾,boost:矛盾"", ""XB3_EXCLUDED"": ""逆向思维,boost:逆向思维""}}",future_baodian_intake,main_matrix_original
2024_顺义_二模,2024,顺义,二模,4,,question,B4_CULTURE,objective,/Users/wanglifei/Desktop/2024模拟题/顺义思政二模/试卷/试卷.docx,paper,included,/Users/wanglifei/Desktop/北京高考政治/reports/必修二三与必修四文化_题源分类准备_20260617_1301/03_question_index/question_candidates.csv,"{""target"": ""B4_CULTURE"", ""target_score"": 5, ""boundary"": ""B4_PHILOSOPHY_EXCLUDED"", ""boundary_score"": 0, ""matches"": {""B4_CULTURE"": ""文化,文艺""}}",future_baodian_intake,main_matrix_original
2024_顺义_二模,2024,顺义,二模,5,,question,XB3_EXCLUDED,objective,/Users/wanglifei/Desktop/2024模拟题/顺义思政二模/试卷/试卷.docx,paper,module-boundary-excluded,/Users/wanglifei/Desktop/北京高考政治/reports/必修二三与必修四文化_题源分类准备_20260617_1301/03_question_index/question_candidates.csv,"{""target"": ""B4_CULTURE"", ""target_score"": 1, ""boundary"": ""XB3_EXCLUDED"", ""boundary_score"": 8, ""matches"": {""B4_CULTURE"": ""文化"", ""XB2_EXCLUDED"": ""继承,boost:继承"", ""XB3_EXCLUDED"": ""聚合思维,概念外延,充分必要条件,必要条件,boost:聚合思维,boost:概念外延,boost:充分必要条件,boost:必要条件""}, ""explicit_boundary_modules"": {""XB3_EXCLUDED"": [""概念外延"", ""必要条件""]}, ""override"": ""explicit_boundary_term""}",exclude_from_three_target_lines,main_matrix_original
2024_顺义_二模,2024,顺义,二模,7,,question,XB3_EXCLUDED,objective,/Users/wanglifei/Desktop/2024模拟题/顺义思政二模/试卷/试卷.docx,paper,module-boundary-excluded,/Users/wanglifei/Desktop/北京高考政治/reports/必修二三与必修四文化_题源分类准备_20260617_1301/03_question_index/question_candidates.csv,"{""target"": ""B2_ECONOMICS"", ""target_score"": 6, ""boundary"": ""XB3_EXCLUDED"", ""boundary_score"": 4, ""matches"": {""B2_ECONOMICS"": ""数字经济,boost:数字经济"", ""B4_PHILOSOPHY_EXCLUDED"": ""认识"", ""XB3_EXCLUDED"": ""假言判断,必要条件,boost:假言判断,boost:必要条件""}, ""explicit_boundary_modules"": {""XB3_EXCLUDED"": [""假言"", ""必要条件""]}, ""override"": ""explicit_boundary_term""}",exclude_from_three_target_lines,main_matrix_original
2024_顺义_二模,2024,顺义,二模,8,,question,XB2_EXCLUDED,objective,/Users/wanglifei/Desktop/2024模拟题/顺义思政二模/试卷/试卷.docx,paper,module-boundary-excluded,/Users/wanglifei/Desktop/北京高考政治/reports/必修二三与必修四文化_题源分类准备_20260617_1301/03_question_index/question_candidates.csv,"{""target"": ""B3_POLITICS_RULE_OF_LAW"", ""target_score"": 19, ""boundary"": ""XB2_EXCLUDED"", ""boundary_score"": 12, ""matches"": {""B3_POLITICS_RULE_OF_LAW"": ""中国共产党,党的领导,法治政府,国家治理,行政机关,政府,检察,boost:中国共产党,boost:党的领导,boost:法治政府,boost:国家治理"", ""B4_CULTURE"": ""文化,文化遗产,文物,boost:文化遗产,boost:文物"", ""XB1_EXCLUDED"": ""国家利益,boost:国家利益"", ""XB2_EXCLUDED"": ""知识产权,诉讼,调解,boost:知识产权,boost:诉讼,boost:调解""}, ""explicit_boundary_modules"": {""XB1_EXCLUDED"": [""国家利益""], ""XB2_EXCLUDED"": [""知识产权"", ""诉讼""]}, ""override"": ""explicit_boundary_term""}",exclude_from_three_target_lines,main_matrix_original
2025_东城_一模,2025,东城,一模,1,,question,B1_EXCLUDED,objective,/Users/wanglifei/Desktop/2025模拟题/2025各区一模/2025东城一模/试卷/试卷.pdf,paper,module-boundary-excluded,05_reports/prompt_resolution_audit.csv,"{""override"": ""strict_prompt_resolution"", ""rule_id"": ""B1_SOCIALISM_PROMPT"", ""matched_terms"": ""中国梦,改革开放,中华人民共和国成立"", ""prompt_source"": ""paper"", ""prompt"": ""2024 年是中华人民共和国成立 75 周年。75 年披荆斩棘、砥砺前进,我们党团结和带领人民绘就了一幅波 澜壮阔、气势恢弘的历史画卷,谱写了一曲感天动地、气壮山河的奋斗赞歌。总结历史经验,为我们新征 程上带来的深刻启迪有 1新时代必须坚持和加强中国共产党的全面领导 2人民群众是决定党和国家前途命运的根本力量 3中国梦是实现中华民族伟大复兴的必由之路 4改革开放是基本国策,只有进行时没有完成时 A.12 B.13 C.24 D.34"", ""previous_decision"": ""{\""target\"": \""B3_POLITICS_RULE_OF_LAW\"", \""target_score\"": 2, \""boundary\"": \""B4_PHILOSOPHY_EXCLUDED\"", \""boundary_score\"": 2, \""matches\"": {\""B3_POLITICS_RULE_OF_LAW\"": \""中国共产党,boost:中国共产党\"", \""B4_PHILOSOPHY_EXCLUDED\"": \""人民群众,boost:人民群众\"", \""B1_EXCLUDED\"": \""改革开放,中国梦\""}}""}",exclude_from_three_target_lines,prompt_resolved_from_main_matrix_original
2025_东城_一模,2025,东城,一模,10,,question,B2_ECONOMICS,objective,/Users/wanglifei/Desktop/2025模拟题/2025各区一模/2025东城一模/试卷/试卷.pdf,paper,included,/Users/wanglifei/Desktop/北京高考政治/reports/必修二三与必修四文化_题源分类准备_20260617_1301/03_question_index/question_candidates.csv,"{""target"": ""B2_ECONOMICS"", ""target_score"": 5, ""boundary"": ""B4_PHILOSOPHY_EXCLUDED"", ""boundary_score"": 0, ""matches"": {""B2_ECONOMICS"": ""税收,就业,boost:税收,boost:就业""}}",future_baodian_intake,main_matrix_original
2025_东城_一模,2025,东城,一模,11,,question,XB2_EXCLUDED,objective,/Users/wanglifei/Desktop/2025模拟题/2025各区一模/2025东城一模/试卷/试卷.pdf,paper,module-boundary-excluded,/Users/wanglifei/Desktop/北京高考政治/reports/必修二三与必修四文化_题源分类准备_20260617_1301/03_question_index/question_candidates.csv,"{""target"": ""B2_ECONOMICS"", ""target_score"": 0, ""boundary"": ""XB2_EXCLUDED"", ""boundary_score"": 4, ""matches"": {""B4_PHILOSOPHY_EXCLUDED"": ""实践"", ""XB2_EXCLUDED"": ""侵权,侵权责任,boost:侵权,boost:侵权责任""}, ""explicit_boundary_modules"": {""XB2_EXCLUDED"": [""侵权""]}, ""override"": ""explicit_boundary_term""}",exclude_from_three_target_lines,main_matrix_original
2025_东城_一模,2025,东城,一模,12,,question,B2_ECONOMICS,objective,/Users/wanglifei/Desktop/2025模拟题/2025各区一模/2025东城一模/试卷/试卷.pdf,paper,included,/Users/wanglifei/Desktop/北京高考政治/reports/必修二三与必修四文化_题源分类准备_20260617_1301/03_question_index/question_candidates.csv,"{""target"": ""B2_ECONOMICS"", ""target_score"": 10, ""boundary"": ""B4_PHILOSOPHY_EXCLUDED"", ""boundary_score"": 0, ""matches"": {""B2_ECONOMICS"": ""民营经济,高质量发展,boost:民营经济,boost:高质量发展"", ""B3_POLITICS_RULE_OF_LAW"": ""人大常委会,boost:人大常委会""}}",future_baodian_intake,main_matrix_original
2025_东城_一模,2025,东城,一模,13,,question,XB3_EXCLUDED,objective,/Users/wanglifei/Desktop/2025模拟题/2025各区一模/2025东城一模/试卷/试卷.pdf,paper,module-boundary-excluded,/Users/wanglifei/Desktop/北京高考政治/reports/必修二三与必修四文化_题源分类准备_20260617_1301/03_question_index/question_candidates.csv,"{""target"": ""B2_ECONOMICS"", ""target_score"": 0, ""boundary"": ""XB3_EXCLUDED"", ""boundary_score"": 9, ""matches"": {""XB3_EXCLUDED"": ""超前思维,推理,性质判断,必要条件,boost:超前思维,boost:推理,boost:性质判断,boost:必要条件""}, ""explicit_boundary_modules"": {""XB3_EXCLUDED"": [""超前思维"", ""推理"", ""必要条件""]}, ""override"": ""explicit_boundary_term""}",exclude_from_three_target_lines,main_matrix_original
2025_东城_一模,2025,东城,一模,14,,question,B4_CULTURE,objective,/Users/wanglifei/Desktop/2025模拟题/2025各区一模/2025东城一模/试卷/试卷.pdf,paper,included,/Users/wanglifei/Desktop/北京高考政治/reports/必修二三与必修四文化_题源分类准备_20260617_1301/03_question_index/question_candidates.csv,"{""target"": ""B4_CULTURE"", ""target_score"": 4, ""boundary"": ""XB3_EXCLUDED"", ""boundary_score"": 2, ""matches"": {""B4_CULTURE"": ""文化,传统文化,boost:传统文化"", ""XB3_EXCLUDED"": ""发散思维,boost:发散思维""}}",future_baodian_intake,main_matrix_original
2025_东城_一模,2025,东城,一模,15,,question,XB3_EXCLUDED,objective,/Users/wanglifei/Desktop/2025模拟题/2025各区一模/2025东城一模/试卷/试卷.pdf,paper,module-boundary-excluded,/Users/wanglifei/Desktop/北京高考政治/reports/必修二三与必修四文化_题源分类准备_20260617_1301/03_question_index/question_candidates.csv,"{""target"": ""B2_ECONOMICS"", ""target_score"": 0, ""boundary"": ""XB3_EXCLUDED"", ""boundary_score"": 4, ""matches"": {""B4_PHILOSOPHY_EXCLUDED"": ""认识"", ""XB3_EXCLUDED"": ""推理,归纳推理,boost:推理,boost:归纳推理""}, ""explicit_boundary_modules"": {""XB3_EXCLUDED"": [""推理""]}, ""override"": ""explicit_boundary_term""}",exclude_from_three_target_lines,main_matrix_original
2025_东城_一模,2025,东城,一模,16,,question,XB1_EXCLUDED,subjective,/Users/wanglifei/Desktop/2025模拟题/2025各区一模/2025东城一模/试卷/试卷.pdf,paper,module-boundary-excluded,/Users/wanglifei/Desktop/北京高考政治/reports/必修二三与必修四文化_题源分类准备_20260617_1301/03_question_index/question_candidates.csv,"{""target"": ""B4_CULTURE"", ""target_score"": 5, ""boundary"": ""XB1_EXCLUDED"", ""boundary_score"": 2, ""matches"": {""B4_CULTURE"": ""文化,非遗,boost:非遗"", ""B4_PHILOSOPHY_EXCLUDED"": ""实践"", ""XB1_EXCLUDED"": ""联合国,boost:联合国"", ""XB2_EXCLUDED"": ""继承,boost:继承""}, ""explicit_boundary_modules"": {""XB1_EXCLUDED"": [""联合国""]}, ""override"": ""explicit_boundary_term""}",exclude_from_three_target_lines,main_matrix_original
2025_东城_一模,2025,东城,一模,17,,question,XB2_EXCLUDED,subjective,/Users/wanglifei/Desktop/2025模拟题/2025各区一模/2025东城一模/试卷/试卷.pdf,paper,module-boundary-excluded,/Users/wanglifei/Desktop/北京高考政治/reports/必修二三与必修四文化_题源分类准备_20260617_1301/03_question_index/question_candidates.csv,"{""target"": ""B2_ECONOMICS"", ""target_score"": 6, ""boundary"": ""XB2_EXCLUDED"", ""boundary_score"": 2, ""matches"": {""B2_ECONOMICS"": ""数字经济,市场主体,boost:数字经济"", ""XB2_EXCLUDED"": ""所有权,boost:所有权""}, ""explicit_boundary_modules"": {""XB2_EXCLUDED"": [""所有权""]}, ""override"": ""explicit_boundary_term""}",exclude_from_three_target_lines,main_matrix_original
2025_东城_一模,2025,东城,一模,18(1),18,subquestion,XB3_EXCLUDED,subjective,/Users/wanglifei/Desktop/2025模拟题/2025各区一模/2025东城一模/试卷/试卷.pdf,paper,module-boundary-excluded,04_module_classification/subquestion_split_matrix.csv,"{""target"": ""B2_ECONOMICS"", ""target_score"": 0, ""boundary"": ""XB3_EXCLUDED"", ""boundary_score"": 2, ""matches"": {""XB3_EXCLUDED"": ""辩证思维,boost:辩证思维""}, ""explicit_boundary_modules"": {""XB3_EXCLUDED"": [""辩证思维""]}, ""override"": ""explicit_boundary_term""}",exclude_from_three_target_lines,subquestion_integrated_boundary
2025_东城_一模,2025,东城,一模,18(2),18,subquestion,B2_ECONOMICS,subjective,/Users/wanglifei/Desktop/2025模拟题/2025各区一模/2025东城一模/试卷/试卷.pdf,paper,included,04_module_classification/subquestion_split_matrix.csv,"{""target"": ""B2_ECONOMICS"", ""target_score"": 3, ""boundary"": ""B4_PHILOSOPHY_EXCLUDED"", ""boundary_score"": 0, ""matches"": {""B2_ECONOMICS"": ""消费,扩大内需,boost:扩大内需""}}",future_baodian_intake,subquestion_integrated_target
2025_东城_一模,2025,东城,一模,19,,question,XB2_EXCLUDED,subjective,/Users/wanglifei/Desktop/2025模拟题/2025各区一模/2025东城一模/试卷/试卷.pdf,paper,module-boundary-excluded,/Users/wanglifei/Desktop/北京高考政治/reports/必修二三与必修四文化_题源分类准备_20260617_1301/03_question_index/question_candidates.csv,"{""target"": ""B4_CULTURE"", ""target_score"": 9, ""boundary"": ""XB2_EXCLUDED"", ""boundary_score"": 25, ""matches"": {""B2_ECONOMICS"": ""劳动者"", ""B3_POLITICS_RULE_OF_LAW"": ""法院"", ""B4_CULTURE"": ""文化,中华优秀传统文化,优秀传统文化,传统文化,社会主义核心价值观,boost:中华优秀传统文化,boost:优秀传统文化,boost:传统文化,boost:社会主义核心价值观"", ""B4_PHILOSOPHY_EXCLUDED"": ""实践,矛盾,人民群众,boost:矛盾,boost:人民群众"", ""XB2_EXCLUDED"": ""民法典,合同,诉讼,调解,仲裁,赔偿,违约,boost:民法典,boost:合同,boost:诉讼,boost:调解,boost:仲裁""}, ""explicit_boundary_modules"": {""XB2_EXCLUDED"": [""民法典"", ""合同"", ""诉讼""]}, ""override"": ""explicit_boundary_term""}",exclude_from_three_target_lines,main_matrix_original
2025_东城_一模,2025,东城,一模,2,,question,B3_POLITICS_RULE_OF_LAW,objective,/Users/wanglifei/Desktop/2025模拟题/2025各区一模/2025东城一模/试卷/试卷.pdf,paper,included,/Users/wanglifei/Desktop/北京高考政治/reports/必修二三与必修四文化_题源分类准备_20260617_1301/03_question_index/question_candidates.csv,"{""target"": ""B3_POLITICS_RULE_OF_LAW"", ""target_score"": 3, ""boundary"": ""XB2_EXCLUDED"", ""boundary_score"": 2, ""matches"": {""B3_POLITICS_RULE_OF_LAW"": ""中国共产党,全面从严治党,boost:中国共产党"", ""B4_CULTURE"": ""长征精神,boost:长征精神"", ""XB2_EXCLUDED"": ""继承,boost:继承"", ""B1_EXCLUDED"": ""中国特色社会主义""}}",future_baodian_intake,main_matrix_original
2025_东城_一模,2025,东城,一模,20,,question,XB1_EXCLUDED,subjective,/Users/wanglifei/Desktop/2025模拟题/2025各区一模/2025东城一模/试卷/试卷.pdf,paper,module-boundary-excluded,/Users/wanglifei/Desktop/北京高考政治/reports/必修二三与必修四文化_题源分类准备_20260617_1301/03_question_index/question_candidates.csv,"{""target"": ""B2_ECONOMICS"", ""target_score"": 0, ""boundary"": ""XB1_EXCLUDED"", ""boundary_score"": 15, ""matches"": {""XB1_EXCLUDED"": ""当代国际政治与经济,全球治理,人类命运共同体,外交,元首外交,对外开放,boost:当代国际政治与经济,boost:全球治理,boost:人类命运共同体,boost:外交,boost:元首外交""}, ""explicit_boundary_modules"": {""XB1_EXCLUDED"": [""当代国际政治与经济"", ""全球治理"", ""人类命运共同体""]}, ""override"": ""explicit_boundary_term""}",exclude_from_three_target_lines,main_matrix_original
2025_东城_一模,2025,东城,一模,21,,question,B2_ECONOMICS,subjective,/Users/wanglifei/Desktop/2025模拟题/2025各区一模/2025东城一模/试卷/试卷.pdf,paper,included,/Users/wanglifei/Desktop/北京高考政治/reports/必修二三与必修四文化_题源分类准备_20260617_1301/03_question_index/question_candidates.csv,"{""target"": ""B2_ECONOMICS"", ""target_score"": 3, ""boundary"": ""B1_EXCLUDED"", ""boundary_score"": 1, ""matches"": {""B2_ECONOMICS"": ""财政,人力资源,boost:财政"", ""B1_EXCLUDED"": ""社会主义现代化强国""}}",future_baodian_intake,main_matrix_original
2025_东城_一模,2025,东城,一模,3,,question,XB1_EXCLUDED,objective,/Users/wanglifei/Desktop/2025模拟题/2025各区一模/2025东城一模/试卷/试卷.pdf,paper,module-boundary-excluded,05_reports/remaining_strong_cleanup_audit.csv,"{""rule_id"": ""REMAINING_XB1_ONE_COUNTRY_TWO_SYSTEMS_MACAU"", ""matched_terms"": ""澳门,一国两制,爱国者治澳,国家发展大局"", ""source"": ""remaining_strong_cleanup_audit.csv"", ""prior_book_module"": ""UNKNOWN_OR_MIXED"", ""prior_status"": ""blocked""}",exclude_from_three_target_lines,remaining_strong_cleanup
2025_东城_一模,2025,东城,一模,4,,question,B4_CULTURE,objective,/Users/wanglifei/Desktop/2025模拟题/2025各区一模/2025东城一模/试卷/试卷.pdf,paper,included,/Users/wanglifei/Desktop/北京高考政治/reports/必修二三与必修四文化_题源分类准备_20260617_1301/03_question_index/question_candidates.csv,"{""target"": ""B4_CULTURE"", ""target_score"": 10, ""boundary"": ""B4_PHILOSOPHY_EXCLUDED"", ""boundary_score"": 2, ""matches"": {""B4_CULTURE"": ""文化,文化遗产,中轴线,文物,boost:文化遗产,boost:中轴线,boost:文物"", ""B4_PHILOSOPHY_EXCLUDED"": ""适度原则,boost:适度原则""}}",future_baodian_intake,main_matrix_original
2025_东城_一模,2025,东城,一模,5,,question,B4_PHILOSOPHY_EXCLUDED,objective,/Users/wanglifei/Desktop/2025模拟题/2025各区一模/2025东城一模/试卷/试卷.pdf,paper,module-boundary-excluded,05_reports/prompt_resolution_audit.csv,"{""override"": ""strict_prompt_resolution"", ""rule_id"": ""B4_PHILOSOPHY_PROMPT"", ""matched_terms"": ""哲理"", ""prompt_source"": ""paper"", ""prompt"": ""下列古诗文反映的哲理和右侧漫画寓意相同的是 A.人事有代谢,往来成古今 B.近水知鱼性,近山识鸟音 C.蝉噪林逾静,鸟鸣山更幽 D.海日生残夜,江春入旧年"", ""previous_decision"": ""{\""target\"": \""B2_ECONOMICS\"", \""target_score\"": 0, \""boundary\"": \""B4_PHILOSOPHY_EXCLUDED\"", \""boundary_score\"": 0, \""matches\"": {}}""}",exclude_from_three_target_lines,prompt_resolved_from_main_matrix_original
2025_东城_一模,2025,东城,一模,6,,question,B4_PHILOSOPHY_EXCLUDED,objective,/Users/wanglifei/Desktop/2025模拟题/2025各区一模/2025东城一模/试卷/试卷.pdf,paper,module-boundary-excluded,/Users/wanglifei/Desktop/北京高考政治/reports/必修二三与必修四文化_题源分类准备_20260617_1301/03_question_index/question_candidates.csv,"{""target"": ""B2_ECONOMICS"", ""target_score"": 0, ""boundary"": ""B4_PHILOSOPHY_EXCLUDED"", ""boundary_score"": 5, ""matches"": {""B4_PHILOSOPHY_EXCLUDED"": ""实践,认识,真理,boost:真理""}}",exclude_from_three_target_lines,main_matrix_original
2025_东城_一模,2025,东城,一模,7,,question,B3_POLITICS_RULE_OF_LAW,objective,/Users/wanglifei/Desktop/2025模拟题/2025各区一模/2025东城一模/试卷/试卷.pdf,paper,included,/Users/wanglifei/Desktop/北京高考政治/reports/必修二三与必修四文化_题源分类准备_20260617_1301/03_question_index/question_candidates.csv,"{""target"": ""B3_POLITICS_RULE_OF_LAW"", ""target_score"": 12, ""boundary"": ""B4_PHILOSOPHY_EXCLUDED"", ""boundary_score"": 0, ""matches"": {""B3_POLITICS_RULE_OF_LAW"": ""政协,协商民主,国家治理,政府,民主决策,人民政协,boost:政协,boost:协商民主,boost:国家治理,boost:人民政协""}}",future_baodian_intake,main_matrix_original
2025_东城_一模,2025,东城,一模,8,,question,B3_POLITICS_RULE_OF_LAW,objective,/Users/wanglifei/Desktop/2025模拟题/2025各区一模/2025东城一模/试卷/试卷.pdf,paper,included,/Users/wanglifei/Desktop/北京高考政治/reports/必修二三与必修四文化_题源分类准备_20260617_1301/03_question_index/question_candidates.csv,"{""target"": ""B3_POLITICS_RULE_OF_LAW"", ""target_score"": 4, ""boundary"": ""B4_PHILOSOPHY_EXCLUDED"", ""boundary_score"": 0, ""matches"": {""B3_POLITICS_RULE_OF_LAW"": ""民族区域自治,宪法,boost:民族区域自治,boost:宪法""}}",future_baodian_intake,main_matrix_original
2025_东城_一模,2025,东城,一模,9,,question,XB2_EXCLUDED,objective,/Users/wanglifei/Desktop/2025模拟题/2025各区一模/2025东城一模/试卷/试卷.pdf,paper,module-boundary-excluded,/Users/wanglifei/Desktop/北京高考政治/reports/必修二三与必修四文化_题源分类准备_20260617_1301/03_question_index/question_candidates.csv,"{""target"": ""B2_ECONOMICS"", ""target_score"": 0, ""boundary"": ""XB2_EXCLUDED"", ""boundary_score"": 2, ""matches"": {""XB2_EXCLUDED"": ""诉讼,boost:诉讼""}, ""explicit_boundary_modules"": {""XB2_EXCLUDED"": [""诉讼""]}, ""override"": ""explicit_boundary_term""}",exclude_from_three_target_lines,main_matrix_original
2025_东城_二模,2025,东城,二模,1,,question,XB3_EXCLUDED,objective,/Users/wanglifei/Desktop/2025模拟题/2025各区二模/2025东城二模/试卷/试卷.pdf,paper,module-boundary-excluded,/Users/wanglifei/Desktop/北京高考政治/reports/必修二三与必修四文化_题源分类准备_20260617_1301/03_question_index/question_candidates.csv,"{""target"": ""B2_ECONOMICS"", ""target_score"": 0, ""boundary"": ""XB3_EXCLUDED"", ""boundary_score"": 2, ""matches"": {""XB3_EXCLUDED"": ""想象,boost:想象"", ""B1_EXCLUDED"": ""改革开放""}, ""explicit_boundary_modules"": {""XB3_EXCLUDED"": [""想象""]}, ""override"": ""explicit_boundary_term""}",exclude_from_three_target_lines,main_matrix_original
2025_东城_二模,2025,东城,二模,10,,question,XB2_EXCLUDED,objective,/Users/wanglifei/Desktop/2025模拟题/2025各区二模/2025东城二模/试卷/试卷.pdf,paper,module-boundary-excluded,/Users/wanglifei/Desktop/北京高考政治/reports/必修二三与必修四文化_题源分类准备_20260617_1301/03_question_index/question_candidates.csv,"{""target"": ""B2_ECONOMICS"", ""target_score"": 0, ""boundary"": ""XB2_EXCLUDED"", ""boundary_score"": 7, ""matches"": {""XB2_EXCLUDED"": ""调解,举证,赔偿,boost:调解,boost:举证""}}",exclude_from_three_target_lines,main_matrix_original
2025_东城_二模,2025,东城,二模,11,,question,XB2_EXCLUDED,objective,/Users/wanglifei/Desktop/2025模拟题/2025各区二模/2025东城二模/试卷/试卷.pdf,paper,module-boundary-excluded,/Users/wanglifei/Desktop/北京高考政治/reports/必修二三与必修四文化_题源分类准备_20260617_1301/03_question_index/question_candidates.csv,"{""target"": ""B2_ECONOMICS"", ""target_score"": 0, ""boundary"": ""XB2_EXCLUDED"", ""boundary_score"": 7, ""matches"": {""XB2_EXCLUDED"": ""合同,物权,所有权,boost:合同,boost:物权,boost:所有权""}, ""explicit_boundary_modules"": {""XB2_EXCLUDED"": [""合同"", ""所有权"", ""物权""]}, ""override"": ""explicit_boundary_term""}",exclude_from_three_target_lines,main_matrix_original
2025_东城_二模,2025,东城,二模,12,,question,XB2_EXCLUDED,objective,/Users/wanglifei/Desktop/2025模拟题/2025各区二模/2025东城二模/试卷/试卷.pdf,paper,module-boundary-excluded,/Users/wanglifei/Desktop/北京高考政治/reports/必修二三与必修四文化_题源分类准备_20260617_1301/03_question_index/question_candidates.csv,"{""target"": ""B3_POLITICS_RULE_OF_LAW"", ""target_score"": 1, ""boundary"": ""XB2_EXCLUDED"", ""boundary_score"": 10, ""matches"": {""B3_POLITICS_RULE_OF_LAW"": ""法院"", ""XB2_EXCLUDED"": ""合同,劳动合同,劳动关系,仲裁,boost:合同,boost:劳动合同,boost:劳动关系,boost:仲裁""}, ""explicit_boundary_modules"": {""XB2_EXCLUDED"": [""合同"", ""劳动合同""]}, ""override"": ""explicit_boundary_term""}",exclude_from_three_target_lines,main_matrix_original
2025_东城_二模,2025,东城,二模,13,,question,XB3_EXCLUDED,objective,/Users/wanglifei/Desktop/2025模拟题/2025各区二模/2025东城二模/试卷/试卷.pdf,paper,module-boundary-excluded,/Users/wanglifei/Desktop/北京高考政治/reports/必修二三与必修四文化_题源分类准备_20260617_1301/03_question_index/question_candidates.csv,"{""target"": ""B2_ECONOMICS"", ""target_score"": 0, ""boundary"": ""XB3_EXCLUDED"", ""boundary_score"": 8, ""matches"": {""B4_PHILOSOPHY_EXCLUDED"": ""认识"", ""XB3_EXCLUDED"": ""辩证思维,创新思维,发散思维,逆向思维,boost:辩证思维,boost:创新思维,boost:发散思维,boost:逆向思维""}, ""explicit_boundary_modules"": {""XB3_EXCLUDED"": [""辩证思维"", ""创新思维""]}, ""override"": ""explicit_boundary_term""}",exclude_from_three_target_lines,main_matrix_original
2025_东城_二模,2025,东城,二模,14,,question,XB3_EXCLUDED,objective,/Users/wanglifei/Desktop/2025模拟题/2025各区二模/2025东城二模/试卷/试卷.pdf,paper,module-boundary-excluded,05_reports/strong_blocker_resolution_audit.csv,"{""rule_id"": ""STRONG_BLOCKER_XB3_PREDICTION_LOGIC"", ""matched_terms"": ""如果,只有一人预测错误,推断"", ""source"": ""strong_blocker_resolution_review.csv"", ""evidence_source_type"": ""paper"", ""prior_status"": ""blocked"", ""prior_next_action"": ""manual_review_needed""}",exclude_from_three_target_lines,strong_blocker_resolution
2025_东城_二模,2025,东城,二模,15,,question,B4_CULTURE,objective,/Users/wanglifei/Desktop/2025模拟题/2025各区二模/2025东城二模/试卷/试卷.pdf,paper,included,/Users/wanglifei/Desktop/北京高考政治/reports/必修二三与必修四文化_题源分类准备_20260617_1301/03_question_index/question_candidates.csv,"{""target"": ""B4_CULTURE"", ""target_score"": 3, ""boundary"": ""B4_PHILOSOPHY_EXCLUDED"", ""boundary_score"": 0, ""matches"": {""B4_CULTURE"": ""中华文明,boost:中华文明""}}",future_baodian_intake,main_matrix_original
2025_东城_二模,2025,东城,二模,16,,question,B4_PHILOSOPHY_EXCLUDED,subjective,/Users/wanglifei/Desktop/2025模拟题/2025各区二模/2025东城二模/试卷/试卷.pdf,paper,module-boundary-excluded,05_reports/prompt_resolution_audit.csv,"{""override"": ""strict_prompt_resolution"", ""rule_id"": ""B4_PHILOSOPHY_PROMPT"", ""matched_terms"": ""哲学观点"", ""prompt_source"": ""paper"", ""prompt"": ""(8 分) 曾几何时,能说话会干活的机器人只存在于科幻小说和电影中,而今已走进寻常百姓家;谷歌、OpenAI 是 高山,但深度求索 (DeepSeek)横空出世,急速登顶美国应用商店下载排行榜,情形就变了,开源、免费让 人人都用得起人工智能,“问问 DeepSeek 怎么说”,成了人们的口头语。 2025 年,人工智能发展按下加速键,当我们还热议春晚中宇树科技机器人的精彩舞姿时,元宵晚会上它们 再次出场时据说已经迭代了。 “人工智能+”正在赋能科技创新、产业发展、社会治理、医疗教育、家庭服 务......人工智能浪潮滚滚而来,势不可挡。 结合材料,运用哲学观点,谈谈我们应如何勇立潮头,与人工智能共创美好未来。"", ""previous_decision"": ""{\""target\"": \""B2_ECONOMICS\"", \""target_score\"": 1, \""boundary\"": \""B4_PHILOSOPHY_EXCLUDED\"", \""boundary_score\"": 0, \""matches\"": {\""B2_ECONOMICS\"": \""产业发展\"", \""B3_POLITICS_RULE_OF_LAW\"": \""社会治理\""}}""}",exclude_from_three_target_lines,prompt_resolved_from_main_matrix_original
2025_东城_二模,2025,东城,二模,17,,question,XB2_EXCLUDED,subjective,/Users/wanglifei/Desktop/2025模拟题/2025各区二模/2025东城二模/试卷/试卷.pdf,paper,module-boundary-excluded,/Users/wanglifei/Desktop/北京高考政治/reports/必修二三与必修四文化_题源分类准备_20260617_1301/03_question_index/question_candidates.csv,"{""target"": ""B3_POLITICS_RULE_OF_LAW"", ""target_score"": 6, ""boundary"": ""XB2_EXCLUDED"", ""boundary_score"": 2, ""matches"": {""B3_POLITICS_RULE_OF_LAW"": ""法院"", ""XB2_EXCLUDED"": ""诉讼,boost:诉讼""}, ""explicit_boundary_modules"": {""XB2_EXCLUDED"": [""诉讼""]}, ""override"": ""explicit_boundary_term""}",exclude_from_three_target_lines,main_matrix_original
2025_东城_二模,2025,东城,二模,18(1),18,subquestion,B2_ECONOMICS,subjective,/Users/wanglifei/Desktop/2025模拟题/2025各区二模/2025东城二模/试卷/试卷.pdf,paper,included,04_module_classification/subquestion_split_matrix.csv,"{""target"": ""B2_ECONOMICS"", ""target_score"": 2, ""boundary"": ""B4_PHILOSOPHY_EXCLUDED"", ""boundary_score"": 0, ""matches"": {""B2_ECONOMICS"": ""经济与社会,boost:经济与社会""}}",future_baodian_intake,subquestion_integrated_target
2025_东城_二模,2025,东城,二模,18(2),18,subquestion,XB3_EXCLUDED,subjective,/Users/wanglifei/Desktop/2025模拟题/2025各区二模/2025东城二模/试卷/试卷.pdf,paper,module-boundary-excluded,04_module_classification/subquestion_split_matrix.csv,"{""target"": ""B2_ECONOMICS"", ""target_score"": 0, ""boundary"": ""XB3_EXCLUDED"", ""boundary_score"": 2, ""matches"": {""XB3_EXCLUDED"": ""推理,boost:推理""}, ""explicit_boundary_modules"": {""XB3_EXCLUDED"": [""推理""]}, ""override"": ""explicit_boundary_term""}",exclude_from_three_target_lines,subquestion_integrated_boundary
2025_东城_二模,2025,东城,二模,19,,question,XB2_EXCLUDED,subjective,/Users/wanglifei/Desktop/2025模拟题/2025各区二模/2025东城二模/试卷/试卷.pdf,paper,module-boundary-excluded,/Users/wanglifei/Desktop/北京高考政治/reports/必修二三与必修四文化_题源分类准备_20260617_1301/03_question_index/question_candidates.csv,"{""target"": ""B3_POLITICS_RULE_OF_LAW"", ""target_score"": 5, ""boundary"": ""XB2_EXCLUDED"", ""boundary_score"": 20, ""matches"": {""B2_ECONOMICS"": ""消费,就业,boost:就业"", ""B3_POLITICS_RULE_OF_LAW"": ""法院"", ""XB2_EXCLUDED"": ""合同,侵权,格式条款,民事,民事行为能力,侵权责任,赔偿,健康权,boost:合同,boost:侵权,boost:格式条款,boost:民事""}, ""explicit_boundary_modules"": {""XB2_EXCLUDED"": [""合同"", ""侵权"", ""民事""]}, ""override"": ""explicit_boundary_term""}",exclude_from_three_target_lines,main_matrix_original
2025_东城_二模,2025,东城,二模,2,,question,B4_PHILOSOPHY_EXCLUDED,objective,/Users/wanglifei/Desktop/2025模拟题/2025各区二模/2025东城二模/试卷/试卷.pdf,paper,module-boundary-excluded,05_reports/prompt_resolution_audit.csv,"{""override"": ""strict_prompt_resolution"", ""rule_id"": ""B4_PHILOSOPHY_PROMPT"", ""matched_terms"": ""一切从实际出发"", ""prompt_source"": ""paper"", ""prompt"": ""抗战爆发后,一个叫黄绍强的少年背井离乡、辗转求学。亲历日寇铁蹄下家国的苦难,他立志科技报国, 改名旭华,寓意“中华旭日”。1958 年开始,他为中国导弹核潜艇“破冰”隐姓埋名,30 载未见父母,被誉为 “中国核潜艇之父”。他说:“如果再让我选择,我选择更艰苦更困难的工作,选择探索未知。 ”今天,我们 应该学习黄旭华 A.脚踏实地,一切从实际出发的理念 B.坚信前途光明,坚持走曲折道路 C.只创造价值,不享受价值的爱国品格 D.强国志、强国技、强国功有机统一"", ""previous_decision"": ""{\""target\"": \""B2_ECONOMICS\"", \""target_score\"": 0, \""boundary\"": \""B4_PHILOSOPHY_EXCLUDED\"", \""boundary_score\"": 0, \""matches\"": {}}""}",exclude_from_three_target_lines,prompt_resolved_from_main_matrix_original
2025_东城_二模,2025,东城,二模,20,,question,XB1_EXCLUDED,subjective,/Users/wanglifei/Desktop/2025模拟题/2025各区二模/2025东城二模/试卷/试卷.pdf,paper,module-boundary-excluded,/Users/wanglifei/Desktop/北京高考政治/reports/必修二三与必修四文化_题源分类准备_20260617_1301/03_question_index/question_candidates.csv,"{""target"": ""B4_CULTURE"", ""target_score"": 2, ""boundary"": ""XB1_EXCLUDED"", ""boundary_score"": 6, ""matches"": {""B4_CULTURE"": ""中华文明,boost:中华文明"", ""XB1_EXCLUDED"": ""当代国际政治与经济,人类命运共同体,外交,boost:当代国际政治与经济,boost:人类命运共同体,boost:外交""}, ""explicit_boundary_modules"": {""XB1_EXCLUDED"": [""当代国际政治与经济"", ""人类命运共同体""]}, ""override"": ""explicit_boundary_term""}",exclude_from_three_target_lines,main_matrix_original
2025_东城_二模,2025,东城,二模,21,,question,B3_POLITICS_RULE_OF_LAW,subjective,/Users/wanglifei/Desktop/2025模拟题/2025各区二模/2025东城二模/试卷/试卷.pdf,paper,included,/Users/wanglifei/Desktop/北京高考政治/reports/必修二三与必修四文化_题源分类准备_20260617_1301/03_question_index/question_candidates.csv,"{""target"": ""B3_POLITICS_RULE_OF_LAW"", ""target_score"": 11, ""boundary"": ""B4_PHILOSOPHY_EXCLUDED"", ""boundary_score"": 2, ""matches"": {""B2_ECONOMICS"": ""营商环境,boost:营商环境"", ""B3_POLITICS_RULE_OF_LAW"": ""党的领导,人大代表,全过程人民民主,全国人大,全国人大常委会,人大常委会,boost:党的领导,boost:人大代表,boost:全过程人民民主,boost:全国人大,boost:人大常委会"", ""B4_PHILOSOPHY_EXCLUDED"": ""实践,认识""}}",future_baodian_intake,main_matrix_original
2025_东城_二模,2025,东城,二模,3,,question,B4_PHILOSOPHY_EXCLUDED,objective,/Users/wanglifei/Desktop/2025模拟题/2025各区二模/2025东城二模/试卷/试卷.pdf,paper,module-boundary-excluded,05_reports/remaining_target_component_audit.csv,"{""rule_id"": ""REMAINING_COMPONENT_EXTRACTED_PARENT_REMAINDER_B4P"", ""source"": ""remaining_target_component_audit.csv"", ""prior_book_module"": ""UNKNOWN_OR_MIXED"", ""prior_status"": ""blocked""}",target_component_extracted_remainder_excluded,remaining_component_parent_remainder_closed
2025_东城_二模,2025,东城,二模,4,,question,B4_CULTURE,objective,/Users/wanglifei/Desktop/2025模拟题/2025各区二模/2025东城二模/试卷/试卷.pdf,paper,included,/Users/wanglifei/Desktop/北京高考政治/reports/必修二三与必修四文化_题源分类准备_20260617_1301/03_question_index/question_candidates.csv,"{""target"": ""B4_CULTURE"", ""target_score"": 7, ""boundary"": ""B4_PHILOSOPHY_EXCLUDED"", ""boundary_score"": 3, ""matches"": {""B4_CULTURE"": ""文化,文化遗产,文物,boost:文化遗产,boost:文物"", ""B4_PHILOSOPHY_EXCLUDED"": ""事物发展,质变,boost:质变""}}",future_baodian_intake,main_matrix_original
2025_东城_二模,2025,东城,二模,5,,question,B3_POLITICS_RULE_OF_LAW,objective,/Users/wanglifei/Desktop/2025模拟题/2025各区二模/2025东城二模/试卷/试卷.pdf,paper,included,/Users/wanglifei/Desktop/北京高考政治/reports/必修二三与必修四文化_题源分类准备_20260617_1301/03_question_index/question_candidates.csv,"{""target"": ""B3_POLITICS_RULE_OF_LAW"", ""target_score"": 2, ""boundary"": ""B4_PHILOSOPHY_EXCLUDED"", ""boundary_score"": 1, ""matches"": {""B3_POLITICS_RULE_OF_LAW"": ""全面从严治党"", ""B4_PHILOSOPHY_EXCLUDED"": ""认识""}}",future_baodian_intake,main_matrix_original
2025_东城_二模,2025,东城,二模,6,,question,B2_ECONOMICS,objective,/Users/wanglifei/Desktop/2025模拟题/2025各区二模/2025东城二模/试卷/试卷.pdf,paper,included,/Users/wanglifei/Desktop/北京高考政治/reports/必修二三与必修四文化_题源分类准备_20260617_1301/03_question_index/question_candidates.csv,"{""target"": ""B2_ECONOMICS"", ""target_score"": 5, ""boundary"": ""B4_PHILOSOPHY_EXCLUDED"", ""boundary_score"": 0, ""matches"": {""B2_ECONOMICS"": ""收入分配,居民收入,经济增长,boost:收入分配,boost:经济增长""}}",future_baodian_intake,main_matrix_original
2025_东城_二模,2025,东城,二模,7,,question,B2_ECONOMICS,objective,/Users/wanglifei/Desktop/2025模拟题/2025各区二模/2025东城二模/试卷/试卷.pdf,paper,included,/Users/wanglifei/Desktop/北京高考政治/reports/必修二三与必修四文化_题源分类准备_20260617_1301/03_question_index/question_candidates.csv,"{""target"": ""B2_ECONOMICS"", ""target_score"": 5, ""boundary"": ""B4_PHILOSOPHY_EXCLUDED"", ""boundary_score"": 0, ""matches"": {""B2_ECONOMICS"": ""社会保障,boost:社会保障"", ""B3_POLITICS_RULE_OF_LAW"": ""公共服务""}}",future_baodian_intake,main_matrix_original
2025_东城_二模,2025,东城,二模,8,,question,B2_ECONOMICS,objective,/Users/wanglifei/Desktop/2025模拟题/2025各区二模/2025东城二模/试卷/试卷.pdf,paper,included,05_reports/prompt_resolution_audit.csv,"{""override"": ""strict_prompt_resolution"", ""rule_id"": ""B2_EXPLICIT_ECONOMICS_PROMPT"", ""matched_terms"": ""消费,物流"", ""prompt_source"": ""paper"", ""prompt"": ""物流是国家经济的动脉,连接生产和消费、内贸和外贸。有效降低全社会物流成本,既不是简单降低物 流价格,也不是挤压各方利润水平,而是需从制度性、技术性、综合性、经营性等维度协同发力,实现降 本、提质、增效目标。下列举措能促进我国物流发展的是 A.通过简化审批、“一网通办”,降低制度性交易成本 B.通过物流与制造、电商深度融合,推动运输结构优化 C.建设海外仓和国际物流通道,扩大国际市场占有率 D.推广自动化仓储、无人配送,实现物流业规模扩张"", ""previous_decision"": ""{\""target\"": \""B2_ECONOMICS\"", \""target_score\"": 1, \""boundary\"": \""B4_PHILOSOPHY_EXCLUDED\"", \""boundary_score\"": 0, \""matches\"": {\""B2_ECONOMICS\"": \""消费\""}}""}",future_baodian_intake,prompt_resolved_from_main_matrix_original
2025_东城_二模,2025,东城,二模,9,,question,XB1_EXCLUDED,objective,/Users/wanglifei/Desktop/2025模拟题/2025各区二模/2025东城二模/试卷/试卷.pdf,paper,module-boundary-excluded,/Users/wanglifei/Desktop/北京高考政治/reports/必修二三与必修四文化_题源分类准备_20260617_1301/03_question_index/question_candidates.csv,"{""target"": ""B2_ECONOMICS"", ""target_score"": 0, ""boundary"": ""XB1_EXCLUDED"", ""boundary_score"": 12, ""matches"": {""XB1_EXCLUDED"": ""国际关系,国家利益,全球治理,世界多极化,经济全球化,人类命运共同体,boost:国际关系,boost:国家利益,boost:全球治理,boost:世界多极化,boost:经济全球化,boost:人类命运共同体""}, ""explicit_boundary_modules"": {""XB1_EXCLUDED"": [""经济全球化"", ""世界多极化"", ""国际关系"", ""国家利益"", ""全球治理"", ""人类命运共同体""]}, ""override"": ""explicit_boundary_term""}",exclude_from_three_target_lines,main_matrix_original
2025_东城_期末,2025,东城,期末,1,,question,XB2_EXCLUDED,objective,/Users/wanglifei/Desktop/2025模拟题/2025各区期末/2025东城期末/试卷/试卷.pdf,paper,module-boundary-excluded,/Users/wanglifei/Desktop/北京高考政治/reports/必修二三与必修四文化_题源分类准备_20260617_1301/03_question_index/question_candidates.csv,"{""target"": ""B4_CULTURE"", ""target_score"": 13, ""boundary"": ""XB2_EXCLUDED"", ""boundary_score"": 14, ""matches"": {""B2_ECONOMICS"": ""市场经济,boost:市场经济"", ""B3_POLITICS_RULE_OF_LAW"": ""中国共产党,boost:中国共产党"", ""B4_CULTURE"": ""文化,中华优秀传统文化,优秀传统文化,传统文化,boost:中华优秀传统文化,boost:优秀传统文化,boost:传统文化"", ""B4_PHILOSOPHY_EXCLUDED"": ""实践,矛盾,boost:矛盾"", ""XB2_EXCLUDED"": ""侵权,民事,侵权责任,boost:侵权,boost:民事,boost:侵权责任"", ""XB3_EXCLUDED"": ""辩证思维,boost:辩证思维"", ""B1_EXCLUDED"": ""中国特色社会主义,改革开放""}, ""explicit_boundary_modules"": {""XB2_EXCLUDED"": [""侵权"", ""民事""], ""XB3_EXCLUDED"": [""辩证思维""]}, ""override"": ""explicit_boundary_term""}",exclude_from_three_target_lines,main_matrix_original
2025_东城_期末,2025,东城,期末,10,,question,XB1_EXCLUDED,objective,/Users/wanglifei/Desktop/2025模拟题/2025各区期末/2025东城期末/试卷/试卷.pdf,paper,module-boundary-excluded,/Users/wanglifei/Desktop/北京高考政治/reports/必修二三与必修四文化_题源分类准备_20260617_1301/03_question_index/question_candidates.csv,"{""target"": ""B2_ECONOMICS"", ""target_score"": 0, ""boundary"": ""XB1_EXCLUDED"", ""boundary_score"": 23, ""matches"": {""B4_PHILOSOPHY_EXCLUDED"": ""实践"", ""XB1_EXCLUDED"": ""联合国,和平与发展,国际组织,外交,boost:联合国,boost:和平与发展,boost:国际组织,boost:外交""}, ""explicit_boundary_modules"": {""XB1_EXCLUDED"": [""联合国"", ""国际组织""]}, ""override"": ""explicit_boundary_term""}",exclude_from_three_target_lines,main_matrix_original
2025_东城_期末,2025,东城,期末,11,,question,XB2_EXCLUDED,objective,/Users/wanglifei/Desktop/2025模拟题/2025各区期末/2025东城期末/试卷/试卷.pdf,paper,module-boundary-excluded,/Users/wanglifei/Desktop/北京高考政治/reports/必修二三与必修四文化_题源分类准备_20260617_1301/03_question_index/question_candidates.csv,"{""target"": ""B3_POLITICS_RULE_OF_LAW"", ""target_score"": 6, ""boundary"": ""XB2_EXCLUDED"", ""boundary_score"": 21, ""matches"": {""B3_POLITICS_RULE_OF_LAW"": ""行政机关,法院,司法机关"", ""XB2_EXCLUDED"": ""侵权,知识产权,诉讼,举证,民事,侵权责任,boost:侵权,boost:知识产权,boost:诉讼,boost:举证,boost:民事,boost:侵权责任""}, ""explicit_boundary_modules"": {""XB2_EXCLUDED"": [""侵权"", ""知识产权"", ""诉讼"", ""民事""]}, ""override"": ""explicit_boundary_term""}",exclude_from_three_target_lines,main_matrix_original
2025_东城_期末,2025,东城,期末,12,,question,XB2_EXCLUDED,objective,/Users/wanglifei/Desktop/2025模拟题/2025各区期末/2025东城期末/试卷/试卷.pdf,paper,module-boundary-excluded,/Users/wanglifei/Desktop/北京高考政治/reports/必修二三与必修四文化_题源分类准备_20260617_1301/03_question_index/question_candidates.csv,"{""target"": ""B2_ECONOMICS"", ""target_score"": 0, ""boundary"": ""XB2_EXCLUDED"", ""boundary_score"": 30, ""matches"": {""XB1_EXCLUDED"": ""国家利益,boost:国家利益"", ""XB2_EXCLUDED"": ""民法典,合同,继承,民事,民事主体,boost:民法典,boost:合同,boost:继承,boost:民事,boost:民事主体""}, ""explicit_boundary_modules"": {""XB1_EXCLUDED"": [""国家利益""], ""XB2_EXCLUDED"": [""民法典"", ""合同"", ""民事""]}, ""override"": ""explicit_boundary_term""}",exclude_from_three_target_lines,main_matrix_original
2025_东城_期末,2025,东城,期末,13,,question,XB3_EXCLUDED,objective,/Users/wanglifei/Desktop/2025模拟题/2025各区期末/2025东城期末/试卷/试卷.pdf,paper,module-boundary-excluded,/Users/wanglifei/Desktop/北京高考政治/reports/必修二三与必修四文化_题源分类准备_20260617_1301/03_question_index/question_candidates.csv,"{""target"": ""B2_ECONOMICS"", ""target_score"": 0, ""boundary"": ""XB3_EXCLUDED"", ""boundary_score"": 23, ""matches"": {""XB3_EXCLUDED"": ""推理,三段论,周延,逻辑规则,boost:推理,boost:三段论,boost:周延,boost:逻辑规则""}, ""explicit_boundary_modules"": {""XB3_EXCLUDED"": [""三段论"", ""推理""]}, ""override"": ""explicit_boundary_term""}",exclude_from_three_target_lines,main_matrix_original
2025_东城_期末,2025,东城,期末,14,,question,XB3_EXCLUDED,objective,/Users/wanglifei/Desktop/2025模拟题/2025各区期末/2025东城期末/试卷/试卷.pdf,paper,module-boundary-excluded,/Users/wanglifei/Desktop/北京高考政治/reports/必修二三与必修四文化_题源分类准备_20260617_1301/03_question_index/question_candidates.csv,"{""target"": ""B4_CULTURE"", ""target_score"": 15, ""boundary"": ""XB3_EXCLUDED"", ""boundary_score"": 23, ""matches"": {""B4_CULTURE"": ""文化,中轴线,中华文明,boost:中轴线,boost:中华文明"", ""B4_PHILOSOPHY_EXCLUDED"": ""认识"", ""XB3_EXCLUDED"": ""假言判断,性质判断,关系判断,周延,属种关系,boost:假言判断,boost:性质判断,boost:关系判断,boost:周延,boost:属种关系""}, ""explicit_boundary_modules"": {""XB3_EXCLUDED"": [""假言""]}, ""override"": ""explicit_boundary_term""}",exclude_from_three_target_lines,main_matrix_original
2025_东城_期末,2025,东城,期末,15,,question,XB3_EXCLUDED,objective,/Users/wanglifei/Desktop/2025模拟题/2025各区期末/2025东城期末/试卷/试卷.pdf,paper,module-boundary-excluded,/Users/wanglifei/Desktop/北京高考政治/reports/必修二三与必修四文化_题源分类准备_20260617_1301/03_question_index/question_candidates.csv,"{""target"": ""B4_CULTURE"", ""target_score"": 2, ""boundary"": ""XB3_EXCLUDED"", ""boundary_score"": 17, ""matches"": {""B4_CULTURE"": ""红色基因,boost:红色基因"", ""XB3_EXCLUDED"": ""推理,假言判断,充分必要条件,必要条件,充分条件,boost:推理,boost:假言判断,boost:充分必要条件,boost:必要条件,boost:充分条件""}, ""explicit_boundary_modules"": {""XB3_EXCLUDED"": [""推理"", ""假言"", ""充分条件"", ""必要条件""]}, ""override"": ""explicit_boundary_term""}",exclude_from_three_target_lines,main_matrix_original
2025_东城_期末,2025,东城,期末,16,,question,B4_CULTURE,subjective,/Users/wanglifei/Desktop/2025模拟题/2025各区期末/2025东城期末/试卷/试卷.pdf,paper,included,/Users/wanglifei/Desktop/北京高考政治/reports/必修二三与必修四文化_题源分类准备_20260617_1301/03_question_index/question_candidates.csv,"{""target"": ""B4_CULTURE"", ""target_score"": 19, ""boundary"": ""B4_PHILOSOPHY_EXCLUDED"", ""boundary_score"": 5, ""matches"": {""B4_CULTURE"": ""文化,文化功能,文化载体,博物馆,文物,boost:博物馆,boost:文物"", ""B4_PHILOSOPHY_EXCLUDED"": ""认识,意识的能动作用,boost:意识的能动作用"", ""XB3_EXCLUDED"": ""发散思维,boost:发散思维""}}",future_baodian_intake,main_matrix_original
2025_东城_期末,2025,东城,期末,17,,question,XB2_EXCLUDED,subjective,/Users/wanglifei/Desktop/2025模拟题/2025各区期末/2025东城期末/试卷/试卷.pdf,paper,module-boundary-excluded,/Users/wanglifei/Desktop/北京高考政治/reports/必修二三与必修四文化_题源分类准备_20260617_1301/03_question_index/question_candidates.csv,"{""target"": ""B3_POLITICS_RULE_OF_LAW"", ""target_score"": 7, ""boundary"": ""XB2_EXCLUDED"", ""boundary_score"": 5, ""matches"": {""B3_POLITICS_RULE_OF_LAW"": ""法院"", ""XB2_EXCLUDED"": ""诉讼,民事,赔偿,boost:诉讼,boost:民事""}, ""explicit_boundary_modules"": {""XB2_EXCLUDED"": [""诉讼"", ""民事""]}, ""override"": ""explicit_boundary_term""}",exclude_from_three_target_lines,main_matrix_original
2025_东城_期末,2025,东城,期末,18(1),18,subquestion,B2_ECONOMICS,subjective,/Users/wanglifei/Desktop/2025模拟题/2025各区期末/2025东城期末/试卷/试卷.pdf,paper,included,04_module_classification/subquestion_split_matrix.csv,"{""target"": ""B2_ECONOMICS"", ""target_score"": 2, ""boundary"": ""B4_PHILOSOPHY_EXCLUDED"", ""boundary_score"": 0, ""matches"": {""B2_ECONOMICS"": ""经济与社会,boost:经济与社会""}}",future_baodian_intake,subquestion_integrated_target
2025_东城_期末,2025,东城,期末,18(2),18,subquestion,XB3_EXCLUDED,subjective,/Users/wanglifei/Desktop/2025模拟题/2025各区期末/2025东城期末/试卷/试卷.pdf,paper,module-boundary-excluded,04_module_classification/subquestion_split_matrix.csv,"{""target"": ""B2_ECONOMICS"", ""target_score"": 0, ""boundary"": ""XB3_EXCLUDED"", ""boundary_score"": 4, ""matches"": {""XB3_EXCLUDED"": ""逻辑与思维,创新思维,boost:逻辑与思维,boost:创新思维""}, ""explicit_boundary_modules"": {""XB3_EXCLUDED"": [""逻辑与思维"", ""创新思维""]}, ""override"": ""explicit_boundary_term""}",exclude_from_three_target_lines,subquestion_integrated_boundary
2025_东城_期末,2025,东城,期末,19(1),19,subquestion,XB2_EXCLUDED,subjective,/Users/wanglifei/Desktop/2025模拟题/2025各区期末/2025东城期末/试卷/试卷.pdf,paper,module-boundary-excluded,04_module_classification/subquestion_split_matrix.csv,"{""target"": ""B2_ECONOMICS"", ""target_score"": 0, ""boundary"": ""XB2_EXCLUDED"", ""boundary_score"": 2, ""matches"": {""XB2_EXCLUDED"": ""民法典,boost:民法典""}, ""explicit_boundary_modules"": {""XB2_EXCLUDED"": [""民法典""]}, ""override"": ""explicit_boundary_term""}",exclude_from_three_target_lines,subquestion_integrated_boundary
2025_东城_期末,2025,东城,期末,19(2),19,subquestion,B3_POLITICS_RULE_OF_LAW,subjective,/Users/wanglifei/Desktop/北京高考政治/reports/必修二三与必修四文化_题源分类准备_20260617_1301/02_text_cache/texts/8eda36bd87dba194.txt,paper,included,05_reports/culture_hint_final_cleanup_audit.csv,"{""rule_id"": ""CULTURE_HINT_B3_STAKEHOLDER_IDENTIFICATION_COMMUNITY_GOVERNANCE"", ""matched_terms"": ""街道办事处,消防部门,居民,物业,利益相关方"", ""basis"": ""第19(2)问要求识别电动自行车治理中的利益相关方，答案给出街道办事处、消防部门等公共治理主体，归入 B3 低密度题源；第19(3)仍保留基层自治组件。"", ""source"": ""culture_hint_final_cleanup_audit.csv"", ""prior_book_module"": ""UNKNOWN_OR_MIXED"", ""prior_status"": ""blocked""}",future_baodian_intake,culture_hint_final_cleanup
2025_东城_期末,2025,东城,期末,19(3),19,subquestion,XB2_EXCLUDED,subjective,/Users/wanglifei/Desktop/2025模拟题/2025各区期末/2025东城期末/试卷/试卷.pdf,paper,module-boundary-excluded,05_reports/source_explicit_target_component_audit.csv,"{""rule_id"": ""SOURCE_EXPLICIT_PARENT_REMAINDER_XB2_NEIGHBOR_RELATION"", ""source"": ""source_explicit_target_component_audit.csv"", ""prior_book_module"": ""UNKNOWN_OR_MIXED"", ""prior_status"": ""blocked""}",target_component_extracted_remainder_excluded,source_explicit_parent_remainder_closed
2025_东城_期末,2025,东城,期末,2,,question,XB2_EXCLUDED,objective,/Users/wanglifei/Desktop/2025模拟题/2025各区期末/2025东城期末/试卷/试卷.pdf,paper,module-boundary-excluded,/Users/wanglifei/Desktop/北京高考政治/reports/必修二三与必修四文化_题源分类准备_20260617_1301/03_question_index/question_candidates.csv,"{""target"": ""B3_POLITICS_RULE_OF_LAW"", ""target_score"": 9, ""boundary"": ""XB2_EXCLUDED"", ""boundary_score"": 31, ""matches"": {""B3_POLITICS_RULE_OF_LAW"": ""中国共产党,行政机关,法院,司法机关,boost:中国共产党"", ""B4_CULTURE"": ""文化"", ""B4_PHILOSOPHY_EXCLUDED"": ""实践,认识,整体与部分,发展的观点,事物发展,矛盾,辩证否定,boost:整体与部分,boost:发展的观点,boost:矛盾,boost:辩证否定"", ""XB2_EXCLUDED"": ""侵权,知识产权,诉讼,举证,民事,民事诉讼,侵权责任,boost:侵权,boost:知识产权,boost:诉讼,boost:举证,boost:民事"", ""XB3_EXCLUDED"": ""科学思维,辩证思维,boost:科学思维,boost:辩证思维"", ""B1_EXCLUDED"": ""中国特色社会主义,改革开放""}, ""explicit_boundary_modules"": {""XB2_EXCLUDED"": [""侵权"", ""知识产权"", ""诉讼"", ""民事""], ""XB3_EXCLUDED"": [""科学思维"", ""辩证思维""], ""B4_PHILOSOPHY_EXCLUDED"": [""整体与部分"", ""辩证否定""]}, ""override"": ""explicit_boundary_term""}",exclude_from_three_target_lines,main_matrix_original
2025_东城_期末,2025,东城,期末,20,,question,XB1_EXCLUDED,subjective,/Users/wanglifei/Desktop/2025模拟题/2025各区期末/2025东城期末/试卷/试卷.pdf,paper,module-boundary-excluded,/Users/wanglifei/Desktop/北京高考政治/reports/必修二三与必修四文化_题源分类准备_20260617_1301/03_question_index/question_candidates.csv,"{""target"": ""B2_ECONOMICS"", ""target_score"": 0, ""boundary"": ""XB1_EXCLUDED"", ""boundary_score"": 17, ""matches"": {""B4_PHILOSOPHY_EXCLUDED"": ""认识"", ""XB1_EXCLUDED"": ""当代国际政治与经济,国家利益,经济全球化,主权国家,对外开放,boost:当代国际政治与经济,boost:国家利益,boost:经济全球化,boost:主权国家"", ""XB3_EXCLUDED"": ""发散思维,boost:发散思维""}, ""explicit_boundary_modules"": {""XB1_EXCLUDED"": [""当代国际政治与经济"", ""经济全球化"", ""国家利益""]}, ""override"": ""explicit_boundary_term""}",exclude_from_three_target_lines,main_matrix_original
2025_东城_期末,2025,东城,期末,21,,question,B4_PHILOSOPHY_EXCLUDED,subjective,/Users/wanglifei/Desktop/2025模拟题/2025各区期末/2025东城期末/试卷/试卷.pdf,paper,module-boundary-excluded,/Users/wanglifei/Desktop/北京高考政治/reports/必修二三与必修四文化_题源分类准备_20260617_1301/03_question_index/question_candidates.csv,"{""target"": ""B4_CULTURE"", ""target_score"": 10, ""boundary"": ""B4_PHILOSOPHY_EXCLUDED"", ""boundary_score"": 8, ""matches"": {""B2_ECONOMICS"": ""就业,boost:就业"", ""B3_POLITICS_RULE_OF_LAW"": ""中国共产党,党的领导,人民当家作主,政府,全国人大,公共服务,boost:中国共产党,boost:党的领导,boost:全国人大"", ""B4_CULTURE"": ""文化,中华优秀传统文化,优秀传统文化,传统文化,博物馆,boost:中华优秀传统文化,boost:优秀传统文化,boost:传统文化,boost:博物馆"", ""B4_PHILOSOPHY_EXCLUDED"": ""实践,人民群众,价值选择,boost:人民群众,boost:价值选择""}, ""explicit_boundary_modules"": {""B4_PHILOSOPHY_EXCLUDED"": [""价值选择""]}, ""override"": ""explicit_boundary_term""}",exclude_from_three_target_lines,main_matrix_original
2025_东城_期末,2025,东城,期末,3,,question,B4_CULTURE,objective,/Users/wanglifei/Desktop/2025模拟题/2025各区期末/2025东城期末/试卷/试卷.pdf,paper,included,/Users/wanglifei/Desktop/北京高考政治/reports/必修二三与必修四文化_题源分类准备_20260617_1301/03_question_index/question_candidates.csv,"{""target"": ""B4_CULTURE"", ""target_score"": 7, ""boundary"": ""B4_PHILOSOPHY_EXCLUDED"", ""boundary_score"": 1, ""matches"": {""B4_CULTURE"": ""文化"", ""B4_PHILOSOPHY_EXCLUDED"": ""认识""}}",future_baodian_intake,main_matrix_original
2025_东城_期末,2025,东城,期末,4,,question,B4_CULTURE,objective,/Users/wanglifei/Desktop/2025模拟题/2025各区期末/2025东城期末/试卷/试卷.pdf,paper,included,/Users/wanglifei/Desktop/北京高考政治/reports/必修二三与必修四文化_题源分类准备_20260617_1301/03_question_index/question_candidates.csv,"{""target"": ""B4_CULTURE"", ""target_score"": 3, ""boundary"": ""B4_PHILOSOPHY_EXCLUDED"", ""boundary_score"": 2, ""matches"": {""B4_CULTURE"": ""文化,传统文化,boost:传统文化"", ""B4_PHILOSOPHY_EXCLUDED"": ""矛盾,boost:矛盾""}}",future_baodian_intake,main_matrix_original
2025_东城_期末,2025,东城,期末,5,,question,XB3_EXCLUDED,objective,/Users/wanglifei/Desktop/2025模拟题/2025各区期末/2025东城期末/试卷/试卷.pdf,paper,module-boundary-excluded,/Users/wanglifei/Desktop/北京高考政治/reports/必修二三与必修四文化_题源分类准备_20260617_1301/03_question_index/question_candidates.csv,"{""target"": ""B2_ECONOMICS"", ""target_score"": 0, ""boundary"": ""B4_PHILOSOPHY_EXCLUDED"", ""boundary_score"": 5, ""matches"": {""B4_PHILOSOPHY_EXCLUDED"": ""实践,认识,事物发展,矛盾,boost:矛盾"", ""XB3_EXCLUDED"": ""辩证思维,boost:辩证思维""}, ""explicit_boundary_modules"": {""XB3_EXCLUDED"": [""辩证思维""]}, ""override"": ""explicit_boundary_term""}",exclude_from_three_target_lines,main_matrix_original
2025_东城_期末,2025,东城,期末,6,,question,B3_POLITICS_RULE_OF_LAW,objective,/Users/wanglifei/Desktop/2025模拟题/2025各区期末/2025东城期末/试卷/试卷.pdf,paper,included,/Users/wanglifei/Desktop/北京高考政治/reports/必修二三与必修四文化_题源分类准备_20260617_1301/03_question_index/question_candidates.csv,"{""target"": ""B3_POLITICS_RULE_OF_LAW"", ""target_score"": 21, ""boundary"": ""B4_PHILOSOPHY_EXCLUDED"", ""boundary_score"": 0, ""matches"": {""B3_POLITICS_RULE_OF_LAW"": ""党的领导,人民代表大会,全国人大,立法权,科学立法,boost:党的领导,boost:人民代表大会,boost:全国人大,boost:科学立法""}}",future_baodian_intake,main_matrix_original
2025_东城_期末,2025,东城,期末,7,,question,XB3_EXCLUDED,objective,/Users/wanglifei/Desktop/2025模拟题/2025各区期末/2025东城期末/试卷/试卷.pdf,paper,module-boundary-excluded,/Users/wanglifei/Desktop/北京高考政治/reports/必修二三与必修四文化_题源分类准备_20260617_1301/03_question_index/question_candidates.csv,"{""target"": ""B2_ECONOMICS"", ""target_score"": 29, ""boundary"": ""XB3_EXCLUDED"", ""boundary_score"": 2, ""matches"": {""B2_ECONOMICS"": ""市场经济,宏观调控,财政,消费,营商环境,就业,市场主体,生产要素,经济增长,boost:市场经济,boost:宏观调控,boost:财政"", ""B3_POLITICS_RULE_OF_LAW"": ""政府"", ""XB3_EXCLUDED"": ""推理,boost:推理""}, ""explicit_boundary_modules"": {""XB3_EXCLUDED"": [""推理""]}, ""override"": ""explicit_boundary_term""}",exclude_from_three_target_lines,main_matrix_original
2025_东城_期末,2025,东城,期末,8,,question,XB1_EXCLUDED,objective,/Users/wanglifei/Desktop/2025模拟题/2025各区期末/2025东城期末/试卷/试卷.pdf,paper,module-boundary-excluded,/Users/wanglifei/Desktop/北京高考政治/reports/必修二三与必修四文化_题源分类准备_20260617_1301/03_question_index/question_candidates.csv,"{""target"": ""B2_ECONOMICS"", ""target_score"": 2, ""boundary"": ""XB1_EXCLUDED"", ""boundary_score"": 6, ""matches"": {""B2_ECONOMICS"": ""市场经济,boost:市场经济"", ""XB1_EXCLUDED"": ""经济全球化,对外开放,boost:经济全球化"", ""XB3_EXCLUDED"": ""必要条件,boost:必要条件""}, ""explicit_boundary_modules"": {""XB1_EXCLUDED"": [""经济全球化""], ""XB3_EXCLUDED"": [""必要条件""]}, ""override"": ""explicit_boundary_term""}",exclude_from_three_target_lines,main_matrix_original
2025_东城_期末,2025,东城,期末,9,,question,XB1_EXCLUDED,objective,/Users/wanglifei/Desktop/2025模拟题/2025各区期末/2025东城期末/试卷/试卷.pdf,paper,module-boundary-excluded,/Users/wanglifei/Desktop/北京高考政治/reports/必修二三与必修四文化_题源分类准备_20260617_1301/03_question_index/question_candidates.csv,"{""target"": ""B2_ECONOMICS"", ""target_score"": 0, ""boundary"": ""XB1_EXCLUDED"", ""boundary_score"": 17, ""matches"": {""B4_PHILOSOPHY_EXCLUDED"": ""社会存在,boost:社会存在"", ""XB1_EXCLUDED"": ""国际关系,联合国,和平与发展,国际组织,金砖,boost:国际关系,boost:联合国,boost:和平与发展,boost:国际组织,boost:金砖""}, ""explicit_boundary_modules"": {""XB1_EXCLUDED"": [""国际关系"", ""联合国"", ""国际组织""], ""B4_PHILOSOPHY_EXCLUDED"": [""社会存在""]}, ""override"": ""explicit_boundary_term""}",exclude_from_three_target_lines,main_matrix_original
2025_丰台_一模,2025,丰台,一模,1,,question,B4_CULTURE,objective,/Users/wanglifei/Desktop/2025模拟题/2025各区一模/2025丰台一模/试卷/试卷.pdf,paper,included,/Users/wanglifei/Desktop/北京高考政治/reports/必修二三与必修四文化_题源分类准备_20260617_1301/03_question_index/question_candidates.csv,"{""target"": ""B4_CULTURE"", ""target_score"": 10, ""boundary"": ""XB2_EXCLUDED"", ""boundary_score"": 2, ""matches"": {""B3_POLITICS_RULE_OF_LAW"": ""中国共产党,boost:中国共产党"", ""B4_CULTURE"": ""文化,革命文化,文旅,精神谱系,红色基因,boost:革命文化,boost:文旅,boost:精神谱系,boost:红色基因"", ""B4_PHILOSOPHY_EXCLUDED"": ""实践"", ""XB2_EXCLUDED"": ""继承,boost:继承""}}",future_baodian_intake,main_matrix_original
2025_丰台_一模,2025,丰台,一模,10,,question,XB2_EXCLUDED,objective,/Users/wanglifei/Desktop/2025模拟题/2025各区一模/2025丰台一模/试卷/试卷.pdf,paper,module-boundary-excluded,/Users/wanglifei/Desktop/北京高考政治/reports/必修二三与必修四文化_题源分类准备_20260617_1301/03_question_index/question_candidates.csv,"{""target"": ""B2_ECONOMICS"", ""target_score"": 6, ""boundary"": ""XB2_EXCLUDED"", ""boundary_score"": 6, ""matches"": {""B2_ECONOMICS"": ""就业,劳动者,boost:就业"", ""B3_POLITICS_RULE_OF_LAW"": ""检察,法院"", ""B4_PHILOSOPHY_EXCLUDED"": ""认识"", ""XB2_EXCLUDED"": ""合同,诉讼,boost:合同,boost:诉讼""}, ""explicit_boundary_modules"": {""XB2_EXCLUDED"": [""合同"", ""诉讼""]}, ""override"": ""explicit_boundary_term""}",exclude_from_three_target_lines,main_matrix_original
2025_丰台_一模,2025,丰台,一模,11,,question,XB2_EXCLUDED,objective,/Users/wanglifei/Desktop/2025模拟题/2025各区一模/2025丰台一模/试卷/试卷.pdf,paper,module-boundary-excluded,/Users/wanglifei/Desktop/北京高考政治/reports/必修二三与必修四文化_题源分类准备_20260617_1301/03_question_index/question_candidates.csv,"{""target"": ""B3_POLITICS_RULE_OF_LAW"", ""target_score"": 3, ""boundary"": ""XB2_EXCLUDED"", ""boundary_score"": 8, ""matches"": {""B3_POLITICS_RULE_OF_LAW"": ""法院"", ""XB2_EXCLUDED"": ""合同,赔偿,违约,boost:合同,boost:违约""}, ""explicit_boundary_modules"": {""XB2_EXCLUDED"": [""合同""]}, ""override"": ""explicit_boundary_term""}",exclude_from_three_target_lines,main_matrix_original
2025_丰台_一模,2025,丰台,一模,12,,question,XB3_EXCLUDED,objective,/Users/wanglifei/Desktop/2025模拟题/2025各区一模/2025丰台一模/试卷/试卷.pdf,paper,module-boundary-excluded,/Users/wanglifei/Desktop/北京高考政治/reports/必修二三与必修四文化_题源分类准备_20260617_1301/03_question_index/question_candidates.csv,"{""target"": ""B2_ECONOMICS"", ""target_score"": 0, ""boundary"": ""XB3_EXCLUDED"", ""boundary_score"": 2, ""matches"": {""XB3_EXCLUDED"": ""推理,boost:推理""}, ""explicit_boundary_modules"": {""XB3_EXCLUDED"": [""推理""]}, ""override"": ""explicit_boundary_term""}",exclude_from_three_target_lines,main_matrix_original
2025_丰台_一模,2025,丰台,一模,13,,question,XB3_EXCLUDED,objective,/Users/wanglifei/Desktop/2025模拟题/2025各区一模/2025丰台一模/试卷/试卷.pdf,paper,module-boundary-excluded,05_reports/prompt_resolution_audit.csv,"{""override"": ""strict_prompt_resolution"", ""rule_id"": ""XB3_LOGIC_PROMPT"", ""matched_terms"": ""逻辑错误"", ""prompt_source"": ""paper"", ""prompt"": ""下列选项中犯了与示例相同逻辑错误的是( ) 第5页/共11页 A. B. C. D."", ""previous_decision"": ""{\""target\"": \""B2_ECONOMICS\"", \""target_score\"": 0, \""boundary\"": \""B4_PHILOSOPHY_EXCLUDED\"", \""boundary_score\"": 0, \""matches\"": {}}""}",exclude_from_three_target_lines,prompt_resolved_from_main_matrix_original
2025_丰台_一模,2025,丰台,一模,14,,question,B4_CULTURE,objective,/Users/wanglifei/Desktop/2025模拟题/2025各区一模/2025丰台一模/试卷/试卷.pdf,paper,included,/Users/wanglifei/Desktop/北京高考政治/reports/必修二三与必修四文化_题源分类准备_20260617_1301/03_question_index/question_candidates.csv,"{""target"": ""B4_CULTURE"", ""target_score"": 13, ""boundary"": ""XB3_EXCLUDED"", ""boundary_score"": 4, ""matches"": {""B4_CULTURE"": ""文化,大运河,中华文明,boost:大运河,boost:中华文明"", ""XB3_EXCLUDED"": ""周延,boost:周延""}}",future_baodian_intake,main_matrix_original
2025_丰台_一模,2025,丰台,一模,15,,question,XB1_EXCLUDED,objective,/Users/wanglifei/Desktop/2025模拟题/2025各区一模/2025丰台一模/试卷/试卷.pdf,paper,module-boundary-excluded,/Users/wanglifei/Desktop/北京高考政治/reports/必修二三与必修四文化_题源分类准备_20260617_1301/03_question_index/question_candidates.csv,"{""target"": ""B2_ECONOMICS"", ""target_score"": 0, ""boundary"": ""XB1_EXCLUDED"", ""boundary_score"": 12, ""matches"": {""XB1_EXCLUDED"": ""国际关系,中国外交,全球治理,和平与发展,人类命运共同体,外交,boost:国际关系,boost:中国外交,boost:全球治理,boost:和平与发展,boost:人类命运共同体,boost:外交""}, ""explicit_boundary_modules"": {""XB1_EXCLUDED"": [""国际关系"", ""全球治理"", ""人类命运共同体""]}, ""override"": ""explicit_boundary_term""}",exclude_from_three_target_lines,main_matrix_original
2025_丰台_一模,2025,丰台,一模,16,,question,B4_CULTURE,subjective,/Users/wanglifei/Desktop/2025模拟题/2025各区一模/2025丰台一模/试卷/试卷.pdf,paper,included,/Users/wanglifei/Desktop/北京高考政治/reports/必修二三与必修四文化_题源分类准备_20260617_1301/03_question_index/question_candidates.csv,"{""target"": ""B4_CULTURE"", ""target_score"": 10, ""boundary"": ""B4_PHILOSOPHY_EXCLUDED"", ""boundary_score"": 0, ""matches"": {""B4_CULTURE"": ""文化,中华优秀传统文化,优秀传统文化,传统文化,社会主义核心价值观,boost:中华优秀传统文化,boost:优秀传统文化,boost:传统文化,boost:社会主义核心价值观""}}",future_baodian_intake,main_matrix_original
2025_丰台_一模,2025,丰台,一模,17,,question,B3_POLITICS_RULE_OF_LAW,subjective,/Users/wanglifei/Desktop/2025模拟题/2025各区一模/2025丰台一模/试卷/试卷.pdf,paper,included,/Users/wanglifei/Desktop/北京高考政治/reports/必修二三与必修四文化_题源分类准备_20260617_1301/03_question_index/question_candidates.csv,"{""target"": ""B3_POLITICS_RULE_OF_LAW"", ""target_score"": 18, ""boundary"": ""B4_PHILOSOPHY_EXCLUDED"", ""boundary_score"": 4, ""matches"": {""B3_POLITICS_RULE_OF_LAW"": ""政治与法治,中国共产党,人民代表大会,人大代表,政协,协商民主,全过程人民民主,全国人大,boost:政治与法治,boost:中国共产党,boost:人民代表大会,boost:人大代表"", ""B4_CULTURE"": ""文化,中华优秀传统文化,优秀传统文化,传统文化,boost:中华优秀传统文化,boost:优秀传统文化,boost:传统文化"", ""B4_PHILOSOPHY_EXCLUDED"": ""实践""}}",future_baodian_intake,main_matrix_original
2025_丰台_一模,2025,丰台,一模,18,,question,XB3_EXCLUDED,subjective,/Users/wanglifei/Desktop/2025模拟题/2025各区一模/2025丰台一模/试卷/试卷.pdf,paper,module-boundary-excluded,/Users/wanglifei/Desktop/北京高考政治/reports/必修二三与必修四文化_题源分类准备_20260617_1301/03_question_index/question_candidates.csv,"{""target"": ""B2_ECONOMICS"", ""target_score"": 11, ""boundary"": ""B4_PHILOSOPHY_EXCLUDED"", ""boundary_score"": 4, ""matches"": {""B2_ECONOMICS"": ""新质生产力,产业链,供应链,就业,劳动者,生产要素,boost:新质生产力,boost:产业链,boost:供应链,boost:就业,boost:生产要素"", ""B4_PHILOSOPHY_EXCLUDED"": ""实践,认识,矛盾,boost:矛盾"", ""XB3_EXCLUDED"": ""科学思维,boost:科学思维""}, ""explicit_boundary_modules"": {""XB3_EXCLUDED"": [""科学思维""]}, ""override"": ""explicit_boundary_term""}",exclude_from_three_target_lines,main_matrix_original
2025_丰台_一模,2025,丰台,一模,19,,question,XB2_EXCLUDED,subjective,/Users/wanglifei/Desktop/2025模拟题/2025各区一模/2025丰台一模/试卷/试卷.pdf,paper,module-boundary-excluded,/Users/wanglifei/Desktop/北京高考政治/reports/必修二三与必修四文化_题源分类准备_20260617_1301/03_question_index/question_candidates.csv,"{""target"": ""B3_POLITICS_RULE_OF_LAW"", ""target_score"": 4, ""boundary"": ""XB2_EXCLUDED"", ""boundary_score"": 19, ""matches"": {""B3_POLITICS_RULE_OF_LAW"": ""法院"", ""XB2_EXCLUDED"": ""侵权,知识产权,诉讼,民事,赔偿,专利,上诉,boost:侵权,boost:知识产权,boost:诉讼,boost:民事,boost:专利""}, ""explicit_boundary_modules"": {""XB2_EXCLUDED"": [""侵权"", ""知识产权"", ""诉讼"", ""民事"", ""专利""]}, ""override"": ""explicit_boundary_term""}",exclude_from_three_target_lines,main_matrix_original
2025_丰台_一模,2025,丰台,一模,2,,question,B4_PHILOSOPHY_EXCLUDED,objective,/Users/wanglifei/Desktop/2025模拟题/2025各区一模/2025丰台一模/试卷/试卷.pdf,paper,module-boundary-excluded,05_reports/prompt_resolution_audit.csv,"{""override"": ""strict_prompt_resolution"", ""rule_id"": ""B4_PHILOSOPHY_PROMPT"", ""matched_terms"": ""对立统一"", ""prompt_source"": ""paper"", ""prompt"": ""中国书法讲究“虚实相生”,墨色浓淡相宜,字间疏密错落,“密不透风,疏可跑马”,于黑白交错中 展现气韵流转。下列理解正确的是( ) 1笔画间的对立统一成就了书法的艺术生命力 2墨色浓淡的个性寓于书法布局的共性之中 3疏密错落的结构蕴含作者的情感与精神境界 4把握主流,以“实”为核心方能成就书法之美 A. 12 B. 13 C. 24 D. 34"", ""previous_decision"": ""{\""target\"": \""B2_ECONOMICS\"", \""target_score\"": 0, \""boundary\"": \""B4_PHILOSOPHY_EXCLUDED\"", \""boundary_score\"": 0, \""matches\"": {}}""}",exclude_from_three_target_lines,prompt_resolved_from_main_matrix_original
2025_丰台_一模,2025,丰台,一模,20,,question,XB1_EXCLUDED,subjective,/Users/wanglifei/Desktop/2025模拟题/2025各区一模/2025丰台一模/试卷/试卷.pdf,paper,module-boundary-excluded,05_reports/source_explicit_target_component_audit.csv,"{""rule_id"": ""SOURCE_EXPLICIT_PARENT_REMAINDER_XB1_TWO_ZONES_OPENING"", ""source"": ""source_explicit_target_component_audit.csv"", ""prior_book_module"": ""UNKNOWN_OR_MIXED"", ""prior_status"": ""blocked""}",target_component_extracted_remainder_excluded,source_explicit_parent_remainder_closed
2025_丰台_一模,2025,丰台,一模,21,,question,B2_ECONOMICS,subjective,/Users/wanglifei/Desktop/2025模拟题/2025各区一模/2025丰台一模/试卷/试卷.pdf,paper,included,/Users/wanglifei/Desktop/北京高考政治/reports/必修二三与必修四文化_题源分类准备_20260617_1301/03_question_index/question_candidates.csv,"{""target"": ""B2_ECONOMICS"", ""target_score"": 2, ""boundary"": ""XB1_EXCLUDED"", ""boundary_score"": 1, ""matches"": {""B2_ECONOMICS"": ""新发展理念,boost:新发展理念"", ""B3_POLITICS_RULE_OF_LAW"": ""党的领导,boost:党的领导"", ""XB1_EXCLUDED"": ""对外开放"", ""B1_EXCLUDED"": ""中国特色社会主义""}}",future_baodian_intake,main_matrix_original
2025_丰台_一模,2025,丰台,一模,3,,question,B4_CULTURE,objective,/Users/wanglifei/Desktop/2025模拟题/2025各区一模/2025丰台一模/试卷/试卷.pdf,paper,included,/Users/wanglifei/Desktop/北京高考政治/reports/必修二三与必修四文化_题源分类准备_20260617_1301/03_question_index/question_candidates.csv,"{""target"": ""B4_CULTURE"", ""target_score"": 9, ""boundary"": ""B4_PHILOSOPHY_EXCLUDED"", ""boundary_score"": 0, ""matches"": {""B4_CULTURE"": ""文化,中华优秀传统文化,优秀传统文化,传统文化,boost:中华优秀传统文化,boost:优秀传统文化,boost:传统文化""}}",future_baodian_intake,main_matrix_original
2025_丰台_一模,2025,丰台,一模,4,,question,B2_ECONOMICS,objective,/Users/wanglifei/Desktop/2025模拟题/2025各区一模/2025丰台一模/试卷/试卷.pdf,paper,included,/Users/wanglifei/Desktop/北京高考政治/reports/必修二三与必修四文化_题源分类准备_20260617_1301/03_question_index/question_candidates.csv,"{""target"": ""B2_ECONOMICS"", ""target_score"": 3, ""boundary"": ""B4_PHILOSOPHY_EXCLUDED"", ""boundary_score"": 1, ""matches"": {""B2_ECONOMICS"": ""基础设施"", ""B4_PHILOSOPHY_EXCLUDED"": ""实践""}}",future_baodian_intake,main_matrix_original
2025_丰台_一模,2025,丰台,一模,5,,question,B3_POLITICS_RULE_OF_LAW,objective,/Users/wanglifei/Desktop/2025模拟题/2025各区一模/2025丰台一模/试卷/试卷.pdf,paper,included,/Users/wanglifei/Desktop/北京高考政治/reports/必修二三与必修四文化_题源分类准备_20260617_1301/03_question_index/question_candidates.csv,"{""target"": ""B3_POLITICS_RULE_OF_LAW"", ""target_score"": 9, ""boundary"": ""B4_PHILOSOPHY_EXCLUDED"", ""boundary_score"": 0, ""matches"": {""B3_POLITICS_RULE_OF_LAW"": ""基层群众自治,党组织,基层治理,社会治理,boost:基层群众自治,boost:党组织,boost:基层治理""}}",future_baodian_intake,main_matrix_original
2025_丰台_一模,2025,丰台,一模,6,,question,B2_ECONOMICS,objective,/Users/wanglifei/Desktop/2025模拟题/2025各区一模/2025丰台一模/试卷/试卷.pdf,paper,included,/Users/wanglifei/Desktop/北京高考政治/reports/必修二三与必修四文化_题源分类准备_20260617_1301/03_question_index/question_candidates.csv,"{""target"": ""B2_ECONOMICS"", ""target_score"": 5, ""boundary"": ""B4_PHILOSOPHY_EXCLUDED"", ""boundary_score"": 0, ""matches"": {""B2_ECONOMICS"": ""营商环境,数据要素,boost:营商环境,boost:数据要素"", ""B3_POLITICS_RULE_OF_LAW"": ""政府""}}",future_baodian_intake,main_matrix_original
2025_丰台_一模,2025,丰台,一模,7,,question,B2_ECONOMICS,objective,/Users/wanglifei/Desktop/2025模拟题/2025各区一模/2025丰台一模/试卷/试卷.pdf,paper,included,/Users/wanglifei/Desktop/北京高考政治/reports/必修二三与必修四文化_题源分类准备_20260617_1301/03_question_index/question_candidates.csv,"{""target"": ""B2_ECONOMICS"", ""target_score"": 4, ""boundary"": ""B4_PHILOSOPHY_EXCLUDED"", ""boundary_score"": 0, ""matches"": {""B2_ECONOMICS"": ""国有经济,新质生产力,boost:国有经济,boost:新质生产力"", ""B3_POLITICS_RULE_OF_LAW"": ""政府""}}",future_baodian_intake,main_matrix_original
2025_丰台_一模,2025,丰台,一模,8,,question,B2_ECONOMICS,objective,/Users/wanglifei/Desktop/2025模拟题/2025各区一模/2025丰台一模/试卷/试卷.pdf,paper,included,/Users/wanglifei/Desktop/北京高考政治/reports/必修二三与必修四文化_题源分类准备_20260617_1301/03_question_index/question_candidates.csv,"{""target"": ""B2_ECONOMICS"", ""target_score"": 5, ""boundary"": ""B4_PHILOSOPHY_EXCLUDED"", ""boundary_score"": 0, ""matches"": {""B2_ECONOMICS"": ""财政,消费,boost:财政"", ""B3_POLITICS_RULE_OF_LAW"": ""政府""}}",future_baodian_intake,main_matrix_original
2025_丰台_一模,2025,丰台,一模,9,,question,B3_POLITICS_RULE_OF_LAW,objective,/Users/wanglifei/Desktop/2025模拟题/2025各区一模/2025丰台一模/试卷/试卷.pdf,paper,included,/Users/wanglifei/Desktop/北京高考政治/reports/必修二三与必修四文化_题源分类准备_20260617_1301/03_question_index/question_candidates.csv,"{""target"": ""B3_POLITICS_RULE_OF_LAW"", ""target_score"": 3, ""boundary"": ""B4_PHILOSOPHY_EXCLUDED"", ""boundary_score"": 1, ""matches"": {""B3_POLITICS_RULE_OF_LAW"": ""政府"", ""B4_PHILOSOPHY_EXCLUDED"": ""认识""}}",future_baodian_intake,main_matrix_original
2025_丰台_二模,2025,丰台,二模,1,,question,XB1_EXCLUDED,objective,/Users/wanglifei/Desktop/2025模拟题/2025各区二模/2025丰台二模/试卷/试卷.pdf,paper,module-boundary-excluded,/Users/wanglifei/Desktop/北京高考政治/reports/必修二三与必修四文化_题源分类准备_20260617_1301/03_question_index/question_candidates.csv,"{""target"": ""B2_ECONOMICS"", ""target_score"": 4, ""boundary"": ""XB1_EXCLUDED"", ""boundary_score"": 5, ""matches"": {""B2_ECONOMICS"": ""产业链,供应链,boost:产业链,boost:供应链"", ""XB1_EXCLUDED"": ""经济全球化,对外开放,国际贸易,boost:经济全球化,boost:国际贸易"", ""B1_EXCLUDED"": ""中国特色社会主义""}, ""explicit_boundary_modules"": {""XB1_EXCLUDED"": [""经济全球化""]}, ""override"": ""explicit_boundary_term""}",exclude_from_three_target_lines,main_matrix_original
2025_丰台_二模,2025,丰台,二模,10,,question,XB2_EXCLUDED,objective,/Users/wanglifei/Desktop/2025模拟题/2025各区二模/2025丰台二模/试卷/试卷.pdf,paper,module-boundary-excluded,/Users/wanglifei/Desktop/北京高考政治/reports/必修二三与必修四文化_题源分类准备_20260617_1301/03_question_index/question_candidates.csv,"{""target"": ""B2_ECONOMICS"", ""target_score"": 1, ""boundary"": ""XB2_EXCLUDED"", ""boundary_score"": 13, ""matches"": {""B2_ECONOMICS"": ""市场主体"", ""B3_POLITICS_RULE_OF_LAW"": ""法院"", ""XB2_EXCLUDED"": ""诉讼,调解,举证,违约,boost:诉讼,boost:调解,boost:举证,boost:违约""}, ""explicit_boundary_modules"": {""XB2_EXCLUDED"": [""诉讼""]}, ""override"": ""explicit_boundary_term""}",exclude_from_three_target_lines,main_matrix_original
2025_丰台_二模,2025,丰台,二模,11,,question,XB2_EXCLUDED,objective,/Users/wanglifei/Desktop/2025模拟题/2025各区二模/2025丰台二模/试卷/试卷.pdf,paper,module-boundary-excluded,/Users/wanglifei/Desktop/北京高考政治/reports/必修二三与必修四文化_题源分类准备_20260617_1301/03_question_index/question_candidates.csv,"{""target"": ""B3_POLITICS_RULE_OF_LAW"", ""target_score"": 1, ""boundary"": ""XB2_EXCLUDED"", ""boundary_score"": 3, ""matches"": {""B3_POLITICS_RULE_OF_LAW"": ""政府"", ""XB2_EXCLUDED"": ""物权,赔偿,boost:物权""}, ""explicit_boundary_modules"": {""XB2_EXCLUDED"": [""物权""]}, ""override"": ""explicit_boundary_term""}",exclude_from_three_target_lines,main_matrix_original
2025_丰台_二模,2025,丰台,二模,12,,question,XB3_EXCLUDED,objective,/Users/wanglifei/Desktop/2025模拟题/2025各区二模/2025丰台二模/试卷/试卷.pdf,paper,module-boundary-excluded,/Users/wanglifei/Desktop/北京高考政治/reports/必修二三与必修四文化_题源分类准备_20260617_1301/03_question_index/question_candidates.csv,"{""target"": ""B2_ECONOMICS"", ""target_score"": 0, ""boundary"": ""XB3_EXCLUDED"", ""boundary_score"": 8, ""matches"": {""XB2_EXCLUDED"": ""合同,专利,boost:合同,boost:专利"", ""XB3_EXCLUDED"": ""辩证思维,逆向思维,推理,演绎推理,boost:辩证思维,boost:逆向思维,boost:推理,boost:演绎推理""}, ""explicit_boundary_modules"": {""XB2_EXCLUDED"": [""合同"", ""专利""], ""XB3_EXCLUDED"": [""辩证思维"", ""推理""]}, ""override"": ""explicit_boundary_term""}",exclude_from_three_target_lines,main_matrix_original
2025_丰台_二模,2025,丰台,二模,13,,question,XB3_EXCLUDED,objective,/Users/wanglifei/Desktop/2025模拟题/2025各区二模/2025丰台二模/试卷/试卷.pdf,paper,module-boundary-excluded,/Users/wanglifei/Desktop/北京高考政治/reports/必修二三与必修四文化_题源分类准备_20260617_1301/03_question_index/question_candidates.csv,"{""target"": ""B2_ECONOMICS"", ""target_score"": 0, ""boundary"": ""XB3_EXCLUDED"", ""boundary_score"": 4, ""matches"": {""XB1_EXCLUDED"": ""国际关系,boost:国际关系"", ""XB3_EXCLUDED"": ""推理,boost:推理""}, ""explicit_boundary_modules"": {""XB1_EXCLUDED"": [""国际关系""], ""XB3_EXCLUDED"": [""推理""]}, ""override"": ""explicit_boundary_term""}",exclude_from_three_target_lines,main_matrix_original
2025_丰台_二模,2025,丰台,二模,14,,question,XB3_EXCLUDED,objective,/Users/wanglifei/Desktop/2025模拟题/2025各区二模/2025丰台二模/试卷/试卷.pdf,paper,module-boundary-excluded,/Users/wanglifei/Desktop/北京高考政治/reports/必修二三与必修四文化_题源分类准备_20260617_1301/03_question_index/question_candidates.csv,"{""target"": ""B2_ECONOMICS"", ""target_score"": 0, ""boundary"": ""B4_PHILOSOPHY_EXCLUDED"", ""boundary_score"": 5, ""matches"": {""B4_PHILOSOPHY_EXCLUDED"": ""认识,矛盾,boost:矛盾"", ""XB3_EXCLUDED"": ""辩证思维,boost:辩证思维""}, ""explicit_boundary_modules"": {""XB3_EXCLUDED"": [""辩证思维""]}, ""override"": ""explicit_boundary_term""}",exclude_from_three_target_lines,main_matrix_original
2025_丰台_二模,2025,丰台,二模,15,,question,B2_ECONOMICS,objective,/Users/wanglifei/Desktop/2025模拟题/2025各区二模/2025丰台二模/试卷/试卷.pdf,paper,included,/Users/wanglifei/Desktop/北京高考政治/reports/必修二三与必修四文化_题源分类准备_20260617_1301/03_question_index/question_candidates.csv,"{""target"": ""B2_ECONOMICS"", ""target_score"": 3, ""boundary"": ""B4_PHILOSOPHY_EXCLUDED"", ""boundary_score"": 0, ""matches"": {""B2_ECONOMICS"": ""供应链,boost:供应链""}}",future_baodian_intake,main_matrix_original
2025_丰台_二模,2025,丰台,二模,16,,question,XB3_EXCLUDED,subjective,/Users/wanglifei/Desktop/2025模拟题/2025各区二模/2025丰台二模/试卷/试卷.pdf,paper,module-boundary-excluded,/Users/wanglifei/Desktop/北京高考政治/reports/必修二三与必修四文化_题源分类准备_20260617_1301/03_question_index/question_candidates.csv,"{""target"": ""B4_CULTURE"", ""target_score"": 10, ""boundary"": ""XB3_EXCLUDED"", ""boundary_score"": 4, ""matches"": {""B4_CULTURE"": ""文化,文化创新,文旅,boost:文化创新,boost:文旅"", ""B4_PHILOSOPHY_EXCLUDED"": ""实践"", ""XB3_EXCLUDED"": ""推理,三段论,boost:推理,boost:三段论""}, ""explicit_boundary_modules"": {""XB3_EXCLUDED"": [""三段论"", ""推理""]}, ""override"": ""explicit_boundary_term""}",exclude_from_three_target_lines,main_matrix_original
2025_丰台_二模,2025,丰台,二模,17,,question,B3_POLITICS_RULE_OF_LAW,subjective,/Users/wanglifei/Desktop/2025模拟题/2025各区二模/2025丰台二模/试卷/试卷.pdf,paper,included,/Users/wanglifei/Desktop/北京高考政治/reports/必修二三与必修四文化_题源分类准备_20260617_1301/03_question_index/question_candidates.csv,"{""target"": ""B3_POLITICS_RULE_OF_LAW"", ""target_score"": 31, ""boundary"": ""B4_PHILOSOPHY_EXCLUDED"", ""boundary_score"": 1, ""matches"": {""B3_POLITICS_RULE_OF_LAW"": ""中国共产党,党的领导,法治政府,政府,boost:中国共产党,boost:党的领导,boost:法治政府"", ""B4_PHILOSOPHY_EXCLUDED"": ""实践""}}",future_baodian_intake,main_matrix_original
2025_丰台_二模,2025,丰台,二模,18,,question,B2_ECONOMICS,subjective,/Users/wanglifei/Desktop/2025模拟题/2025各区二模/2025丰台二模/试卷/试卷.pdf,paper,included,/Users/wanglifei/Desktop/北京高考政治/reports/必修二三与必修四文化_题源分类准备_20260617_1301/03_question_index/question_candidates.csv,"{""target"": ""B2_ECONOMICS"", ""target_score"": 8, ""boundary"": ""B4_PHILOSOPHY_EXCLUDED"", ""boundary_score"": 0, ""matches"": {""B2_ECONOMICS"": ""经济与社会,消费,银发经济,boost:经济与社会,boost:银发经济"", ""B4_CULTURE"": ""文旅,boost:文旅""}}",future_baodian_intake,main_matrix_original
2025_丰台_二模,2025,丰台,二模,19,,question,XB3_EXCLUDED,subjective,/Users/wanglifei/Desktop/2025模拟题/2025各区二模/2025丰台二模/试卷/试卷.pdf,paper,module-boundary-excluded,/Users/wanglifei/Desktop/北京高考政治/reports/必修二三与必修四文化_题源分类准备_20260617_1301/03_question_index/question_candidates.csv,"{""target"": ""B2_ECONOMICS"", ""target_score"": 2, ""boundary"": ""XB3_EXCLUDED"", ""boundary_score"": 6, ""matches"": {""B2_ECONOMICS"": ""消费"", ""XB2_EXCLUDED"": ""侵权,boost:侵权"", ""XB3_EXCLUDED"": ""逻辑与思维,辩证思维,充分条件,boost:逻辑与思维,boost:辩证思维,boost:充分条件""}, ""explicit_boundary_modules"": {""XB2_EXCLUDED"": [""侵权""], ""XB3_EXCLUDED"": [""逻辑与思维"", ""辩证思维"", ""充分条件""]}, ""override"": ""explicit_boundary_term""}",exclude_from_three_target_lines,main_matrix_original
2025_丰台_二模,2025,丰台,二模,2,,question,B3_POLITICS_RULE_OF_LAW,objective,/Users/wanglifei/Desktop/2025模拟题/2025各区二模/2025丰台二模/试卷/试卷.pdf,paper,included,/Users/wanglifei/Desktop/北京高考政治/reports/必修二三与必修四文化_题源分类准备_20260617_1301/03_question_index/question_candidates.csv,"{""target"": ""B3_POLITICS_RULE_OF_LAW"", ""target_score"": 11, ""boundary"": ""B4_PHILOSOPHY_EXCLUDED"", ""boundary_score"": 0, ""matches"": {""B3_POLITICS_RULE_OF_LAW"": ""人大代表,基层群众自治,全过程人民民主,民主协商,人大常委会,boost:人大代表,boost:基层群众自治,boost:全过程人民民主,boost:人大常委会""}}",future_baodian_intake,main_matrix_original
2025_丰台_二模,2025,丰台,二模,20,,question,XB1_EXCLUDED,subjective,/Users/wanglifei/Desktop/2025模拟题/2025各区二模/2025丰台二模/试卷/试卷.pdf,paper,module-boundary-excluded,/Users/wanglifei/Desktop/北京高考政治/reports/必修二三与必修四文化_题源分类准备_20260617_1301/03_question_index/question_candidates.csv,"{""target"": ""B3_POLITICS_RULE_OF_LAW"", ""target_score"": 3, ""boundary"": ""XB1_EXCLUDED"", ""boundary_score"": 27, ""matches"": {""B3_POLITICS_RULE_OF_LAW"": ""法院"", ""XB1_EXCLUDED"": ""当代国际政治与经济,联合国,全球治理,人类命运共同体,国际组织,金砖,boost:当代国际政治与经济,boost:联合国,boost:全球治理,boost:人类命运共同体,boost:国际组织,boost:金砖"", ""XB2_EXCLUDED"": ""侵权,诉讼,boost:侵权,boost:诉讼""}, ""explicit_boundary_modules"": {""XB1_EXCLUDED"": [""当代国际政治与经济"", ""联合国"", ""全球治理"", ""人类命运共同体"", ""国际组织""], ""XB2_EXCLUDED"": [""侵权"", ""诉讼""]}, ""override"": ""explicit_boundary_term""}",exclude_from_three_target_lines,main_matrix_original
2025_丰台_二模,2025,丰台,二模,21,,question,XB1_EXCLUDED,subjective,/Users/wanglifei/Desktop/2025模拟题/2025各区二模/2025丰台二模/试卷/试卷.pdf,paper,module-boundary-excluded,/Users/wanglifei/Desktop/北京高考政治/reports/必修二三与必修四文化_题源分类准备_20260617_1301/03_question_index/question_candidates.csv,"{""target"": ""B3_POLITICS_RULE_OF_LAW"", ""target_score"": 7, ""boundary"": ""XB1_EXCLUDED"", ""boundary_score"": 3, ""matches"": {""B3_POLITICS_RULE_OF_LAW"": ""中国共产党,党的领导,全面从严治党,基层治理,boost:中国共产党,boost:党的领导,boost:基层治理"", ""XB1_EXCLUDED"": ""人类命运共同体,对外开放,boost:人类命运共同体""}, ""explicit_boundary_modules"": {""XB1_EXCLUDED"": [""人类命运共同体""]}, ""override"": ""explicit_boundary_term""}",exclude_from_three_target_lines,main_matrix_original
2025_丰台_二模,2025,丰台,二模,3,,question,B3_POLITICS_RULE_OF_LAW,objective,/Users/wanglifei/Desktop/2025模拟题/2025各区二模/2025丰台二模/试卷/试卷.pdf,paper,included,/Users/wanglifei/Desktop/北京高考政治/reports/必修二三与必修四文化_题源分类准备_20260617_1301/03_question_index/question_candidates.csv,"{""target"": ""B3_POLITICS_RULE_OF_LAW"", ""target_score"": 2, ""boundary"": ""B4_PHILOSOPHY_EXCLUDED"", ""boundary_score"": 0, ""matches"": {""B3_POLITICS_RULE_OF_LAW"": ""中国共产党,boost:中国共产党""}}",future_baodian_intake,main_matrix_original
2025_丰台_二模,2025,丰台,二模,4,,question,XB3_EXCLUDED,objective,/Users/wanglifei/Desktop/2025模拟题/2025各区二模/2025丰台二模/试卷/试卷.pdf,paper,module-boundary-excluded,/Users/wanglifei/Desktop/北京高考政治/reports/必修二三与必修四文化_题源分类准备_20260617_1301/03_question_index/question_candidates.csv,"{""target"": ""B2_ECONOMICS"", ""target_score"": 0, ""boundary"": ""XB3_EXCLUDED"", ""boundary_score"": 2, ""matches"": {""B4_PHILOSOPHY_EXCLUDED"": ""实践"", ""XB3_EXCLUDED"": ""想象,boost:想象""}, ""explicit_boundary_modules"": {""XB3_EXCLUDED"": [""想象""]}, ""override"": ""explicit_boundary_term""}",exclude_from_three_target_lines,main_matrix_original
2025_丰台_二模,2025,丰台,二模,5,,question,B4_PHILOSOPHY_EXCLUDED,objective,/Users/wanglifei/Desktop/2025模拟题/2025各区二模/2025丰台二模/试卷/试卷.pdf,paper,module-boundary-excluded,/Users/wanglifei/Desktop/北京高考政治/reports/必修二三与必修四文化_题源分类准备_20260617_1301/03_question_index/question_candidates.csv,"{""target"": ""B4_CULTURE"", ""target_score"": 1, ""boundary"": ""B4_PHILOSOPHY_EXCLUDED"", ""boundary_score"": 3, ""matches"": {""B4_CULTURE"": ""文化"", ""B4_PHILOSOPHY_EXCLUDED"": ""认识,人生价值,boost:人生价值""}}",exclude_from_three_target_lines,main_matrix_original
2025_丰台_二模,2025,丰台,二模,6,,question,B4_CULTURE,objective,/Users/wanglifei/Desktop/2025模拟题/2025各区二模/2025丰台二模/试卷/试卷.pdf,paper,included,/Users/wanglifei/Desktop/北京高考政治/reports/必修二三与必修四文化_题源分类准备_20260617_1301/03_question_index/question_candidates.csv,"{""target"": ""B4_CULTURE"", ""target_score"": 9, ""boundary"": ""B4_PHILOSOPHY_EXCLUDED"", ""boundary_score"": 2, ""matches"": {""B4_CULTURE"": ""文化,文化遗产,boost:文化遗产"", ""B4_PHILOSOPHY_EXCLUDED"": ""人民群众,boost:人民群众""}}",future_baodian_intake,main_matrix_original
2025_丰台_二模,2025,丰台,二模,7,,question,B2_ECONOMICS,objective,/Users/wanglifei/Desktop/2025模拟题/2025各区二模/2025丰台二模/试卷/试卷.pdf,paper,included,05_reports/strong_blocker_resolution_audit.csv,"{""rule_id"": ""STRONG_BLOCKER_B2_AGRICULTURAL_INNOVATION"", ""matched_terms"": ""经营方式,新品,增收致富,现代农业"", ""source"": ""strong_blocker_resolution_review.csv"", ""evidence_source_type"": ""paper"", ""prior_status"": ""blocked"", ""prior_next_action"": ""manual_review_needed""}",future_baodian_intake,strong_blocker_resolution
2025_丰台_二模,2025,丰台,二模,8,,question,B2_ECONOMICS,objective,/Users/wanglifei/Desktop/2025模拟题/2025各区二模/2025丰台二模/试卷/试卷.pdf,paper,included,/Users/wanglifei/Desktop/北京高考政治/reports/必修二三与必修四文化_题源分类准备_20260617_1301/03_question_index/question_candidates.csv,"{""target"": ""B2_ECONOMICS"", ""target_score"": 12, ""boundary"": ""B4_PHILOSOPHY_EXCLUDED"", ""boundary_score"": 0, ""matches"": {""B2_ECONOMICS"": ""民营经济,民营企业,新质生产力,基础设施,boost:民营经济,boost:新质生产力""}}",future_baodian_intake,main_matrix_original
2025_丰台_二模,2025,丰台,二模,9,,question,XB2_EXCLUDED,objective,/Users/wanglifei/Desktop/2025模拟题/2025各区二模/2025丰台二模/试卷/试卷.pdf,paper,module-boundary-excluded,/Users/wanglifei/Desktop/北京高考政治/reports/必修二三与必修四文化_题源分类准备_20260617_1301/03_question_index/question_candidates.csv,"{""target"": ""B3_POLITICS_RULE_OF_LAW"", ""target_score"": 2, ""boundary"": ""XB2_EXCLUDED"", ""boundary_score"": 10, ""matches"": {""B3_POLITICS_RULE_OF_LAW"": ""居民自治,社会治理"", ""XB2_EXCLUDED"": ""劳动关系,调解,boost:劳动关系,boost:调解""}}",exclude_from_three_target_lines,main_matrix_original
2025_丰台_期末,2025,丰台,期末,1,,question,B4_CULTURE,objective,/Users/wanglifei/Desktop/2025模拟题/2025各区期末/2025丰台期末/试卷/试卷.pdf,paper,included,/Users/wanglifei/Desktop/北京高考政治/reports/必修二三与必修四文化_题源分类准备_20260617_1301/03_question_index/question_candidates.csv,"{""target"": ""B4_CULTURE"", ""target_score"": 36, ""boundary"": ""B4_PHILOSOPHY_EXCLUDED"", ""boundary_score"": 6, ""matches"": {""B4_CULTURE"": ""文化,中华优秀传统文化,优秀传统文化,传统文化,文化自信,中华文明,boost:中华优秀传统文化,boost:优秀传统文化,boost:传统文化,boost:文化自信,boost:中华文明"", ""B4_PHILOSOPHY_EXCLUDED"": ""实践,认识,人民群众,boost:人民群众""}}",future_baodian_intake,main_matrix_original
2025_丰台_期末,2025,丰台,期末,10,,question,XB3_EXCLUDED,objective,/Users/wanglifei/Desktop/2025模拟题/2025各区期末/2025丰台期末/试卷/试卷.pdf,paper,module-boundary-excluded,/Users/wanglifei/Desktop/北京高考政治/reports/必修二三与必修四文化_题源分类准备_20260617_1301/03_question_index/question_candidates.csv,"{""target"": ""B2_ECONOMICS"", ""target_score"": 0, ""boundary"": ""XB3_EXCLUDED"", ""boundary_score"": 14, ""matches"": {""XB3_EXCLUDED"": ""推理,类比推理,演绎推理,归纳推理,boost:推理,boost:类比推理,boost:演绎推理,boost:归纳推理""}, ""explicit_boundary_modules"": {""XB3_EXCLUDED"": [""推理""]}, ""override"": ""explicit_boundary_term""}",exclude_from_three_target_lines,main_matrix_original
2025_丰台_期末,2025,丰台,期末,11,,question,XB2_EXCLUDED,objective,/Users/wanglifei/Desktop/2025模拟题/2025各区期末/2025丰台期末/试卷/试卷.pdf,paper,module-boundary-excluded,/Users/wanglifei/Desktop/北京高考政治/reports/必修二三与必修四文化_题源分类准备_20260617_1301/03_question_index/question_candidates.csv,"{""target"": ""B3_POLITICS_RULE_OF_LAW"", ""target_score"": 7, ""boundary"": ""XB2_EXCLUDED"", ""boundary_score"": 7, ""matches"": {""B3_POLITICS_RULE_OF_LAW"": ""宪法,法院,boost:宪法"", ""B4_PHILOSOPHY_EXCLUDED"": ""认识"", ""XB2_EXCLUDED"": ""侵权,诉讼,人格权,赔偿,boost:侵权,boost:诉讼,boost:人格权""}, ""explicit_boundary_modules"": {""XB2_EXCLUDED"": [""侵权"", ""诉讼"", ""人格权""]}, ""override"": ""explicit_boundary_term""}",exclude_from_three_target_lines,main_matrix_original
2025_丰台_期末,2025,丰台,期末,12,,question,XB2_EXCLUDED,objective,/Users/wanglifei/Desktop/2025模拟题/2025各区期末/2025丰台期末/试卷/试卷.pdf,paper,module-boundary-excluded,/Users/wanglifei/Desktop/北京高考政治/reports/必修二三与必修四文化_题源分类准备_20260617_1301/03_question_index/question_candidates.csv,"{""target"": ""B2_ECONOMICS"", ""target_score"": 0, ""boundary"": ""XB2_EXCLUDED"", ""boundary_score"": 28, ""matches"": {""XB2_EXCLUDED"": ""合同,侵权,举证,民事,民事行为能力,侵权责任,赔偿,违约,boost:合同,boost:侵权,boost:举证,boost:民事""}, ""explicit_boundary_modules"": {""XB2_EXCLUDED"": [""合同"", ""侵权"", ""民事""]}, ""override"": ""explicit_boundary_term""}",exclude_from_three_target_lines,main_matrix_original
2025_丰台_期末,2025,丰台,期末,13,,question,B2_ECONOMICS,objective,/Users/wanglifei/Desktop/2025模拟题/2025各区期末/2025丰台期末/试卷/试卷.pdf,paper,included,/Users/wanglifei/Desktop/北京高考政治/reports/必修二三与必修四文化_题源分类准备_20260617_1301/03_question_index/question_candidates.csv,"{""target"": ""B2_ECONOMICS"", ""target_score"": 5, ""boundary"": ""B4_PHILOSOPHY_EXCLUDED"", ""boundary_score"": 0, ""matches"": {""B2_ECONOMICS"": ""财政,boost:财政"", ""B3_POLITICS_RULE_OF_LAW"": ""政府""}}",future_baodian_intake,main_matrix_original
2025_丰台_期末,2025,丰台,期末,14,,question,B2_ECONOMICS,objective,/Users/wanglifei/Desktop/2025模拟题/2025各区期末/2025丰台期末/试卷/试卷.pdf,paper,included,/Users/wanglifei/Desktop/北京高考政治/reports/必修二三与必修四文化_题源分类准备_20260617_1301/03_question_index/question_candidates.csv,"{""target"": ""B2_ECONOMICS"", ""target_score"": 8, ""boundary"": ""B4_PHILOSOPHY_EXCLUDED"", ""boundary_score"": 0, ""matches"": {""B2_ECONOMICS"": ""消费,产业链,区域协调,boost:产业链""}}",future_baodian_intake,main_matrix_original
2025_丰台_期末,2025,丰台,期末,15,,question,XB1_EXCLUDED,objective,/Users/wanglifei/Desktop/2025模拟题/2025各区期末/2025丰台期末/试卷/试卷.pdf,paper,module-boundary-excluded,/Users/wanglifei/Desktop/北京高考政治/reports/必修二三与必修四文化_题源分类准备_20260617_1301/03_question_index/question_candidates.csv,"{""target"": ""B2_ECONOMICS"", ""target_score"": 12, ""boundary"": ""XB1_EXCLUDED"", ""boundary_score"": 4, ""matches"": {""B2_ECONOMICS"": ""新发展理念,高质量发展,消费,营商环境,boost:新发展理念,boost:高质量发展,boost:营商环境"", ""XB1_EXCLUDED"": ""经济全球化,对外开放,boost:经济全球化""}, ""explicit_boundary_modules"": {""XB1_EXCLUDED"": [""经济全球化""]}, ""override"": ""explicit_boundary_term""}",exclude_from_three_target_lines,main_matrix_original
2025_丰台_期末,2025,丰台,期末,16,,question,B4_PHILOSOPHY_EXCLUDED,subjective,/Users/wanglifei/Desktop/2025模拟题/2025各区期末/2025丰台期末/试卷/试卷.pdf,paper,module-boundary-excluded,/Users/wanglifei/Desktop/北京高考政治/reports/必修二三与必修四文化_题源分类准备_20260617_1301/03_question_index/question_candidates.csv,"{""target"": ""B3_POLITICS_RULE_OF_LAW"", ""target_score"": 2, ""boundary"": ""B4_PHILOSOPHY_EXCLUDED"", ""boundary_score"": 27, ""matches"": {""B3_POLITICS_RULE_OF_LAW"": ""国家治理,boost:国家治理"", ""B4_CULTURE"": ""文化"", ""B4_PHILOSOPHY_EXCLUDED"": ""实践,矛盾,量变,质变,适度原则,boost:矛盾,boost:量变,boost:质变,boost:适度原则""}}",exclude_from_three_target_lines,main_matrix_original
2025_丰台_期末,2025,丰台,期末,17,,question,B3_POLITICS_RULE_OF_LAW,subjective,/Users/wanglifei/Desktop/2025模拟题/2025各区期末/2025丰台期末/试卷/试卷.pdf,paper,included,/Users/wanglifei/Desktop/北京高考政治/reports/必修二三与必修四文化_题源分类准备_20260617_1301/03_question_index/question_candidates.csv,"{""target"": ""B3_POLITICS_RULE_OF_LAW"", ""target_score"": 17, ""boundary"": ""B4_PHILOSOPHY_EXCLUDED"", ""boundary_score"": 5, ""matches"": {""B2_ECONOMICS"": ""新发展理念,基础设施,boost:新发展理念"", ""B3_POLITICS_RULE_OF_LAW"": ""中国共产党,党的领导,人民当家作主,全过程人民民主,民主监督,民主决策,民主协商,boost:中国共产党,boost:党的领导,boost:全过程人民民主"", ""B4_CULTURE"": ""文化"", ""B4_PHILOSOPHY_EXCLUDED"": ""认识,人民群众,boost:人民群众""}}",future_baodian_intake,main_matrix_original
2025_丰台_期末,2025,丰台,期末,18(1),18,subquestion,XB3_EXCLUDED,subjective,/Users/wanglifei/Desktop/2025模拟题/2025各区期末/2025丰台期末/试卷/试卷.pdf,paper,module-boundary-excluded,05_reports/prompt_resolution_audit.csv,"{""override"": ""strict_prompt_resolution"", ""rule_id"": ""XB3_LOGIC_PROMPT"", ""matched_terms"": ""判断类型,保真条件"", ""prompt_source"": ""subquestion_split_matrix"", ""prompt"": ""(1)写出1和2是什么判断类型,并分别说明该判断类型的保真条件。"", ""previous_decision"": ""{\""target\"": \""B2_ECONOMICS\"", \""target_score\"": 0, \""boundary\"": \""B4_PHILOSOPHY_EXCLUDED\"", \""boundary_score\"": 0, \""matches\"": {}}""}",exclude_from_three_target_lines,prompt_resolved_from_subquestion_integrated_blocked
2025_丰台_期末,2025,丰台,期末,18(2),18,subquestion,B2_ECONOMICS,subjective,/Users/wanglifei/Desktop/2025模拟题/2025各区期末/2025丰台期末/试卷/试卷.pdf,paper,included,04_module_classification/subquestion_split_matrix.csv,"{""target"": ""B2_ECONOMICS"", ""target_score"": 4, ""boundary"": ""B4_PHILOSOPHY_EXCLUDED"", ""boundary_score"": 0, ""matches"": {""B2_ECONOMICS"": ""经济与社会,数字经济,boost:经济与社会,boost:数字经济""}}",future_baodian_intake,subquestion_integrated_target
2025_丰台_期末,2025,丰台,期末,18(3),18,subquestion,B2_ECONOMICS,subjective,/Users/wanglifei/Desktop/2025模拟题/2025各区期末/2025丰台期末/试卷/试卷.pdf,paper,included,04_module_classification/subquestion_split_matrix.csv,"{""target"": ""B2_ECONOMICS"", ""target_score"": 2, ""boundary"": ""B4_PHILOSOPHY_EXCLUDED"", ""boundary_score"": 0, ""matches"": {""B2_ECONOMICS"": ""市场经济,boost:市场经济"", ""B3_POLITICS_RULE_OF_LAW"": ""政治与法治,boost:政治与法治""}}",future_baodian_intake,subquestion_integrated_target
2025_丰台_期末,2025,丰台,期末,19,,question,XB2_EXCLUDED,subjective,/Users/wanglifei/Desktop/2025模拟题/2025各区期末/2025丰台期末/试卷/试卷.pdf,paper,module-boundary-excluded,/Users/wanglifei/Desktop/北京高考政治/reports/必修二三与必修四文化_题源分类准备_20260617_1301/03_question_index/question_candidates.csv,"{""target"": ""B2_ECONOMICS"", ""target_score"": 10, ""boundary"": ""XB2_EXCLUDED"", ""boundary_score"": 35, ""matches"": {""B2_ECONOMICS"": ""就业,劳动者,boost:就业"", ""B3_POLITICS_RULE_OF_LAW"": ""法院"", ""B4_CULTURE"": ""社会主义核心价值观,boost:社会主义核心价值观"", ""XB2_EXCLUDED"": ""法律与生活,合同,劳动合同,劳动关系,诉讼,仲裁,赔偿,违约,boost:法律与生活,boost:合同,boost:劳动合同,boost:劳动关系""}, ""explicit_boundary_modules"": {""XB2_EXCLUDED"": [""法律与生活"", ""合同"", ""诉讼"", ""劳动合同""]}, ""override"": ""explicit_boundary_term""}",exclude_from_three_target_lines,main_matrix_original
2025_丰台_期末,2025,丰台,期末,2,,question,B3_POLITICS_RULE_OF_LAW,objective,/Users/wanglifei/Desktop/2025模拟题/2025各区期末/2025丰台期末/试卷/试卷.pdf,paper,included,/Users/wanglifei/Desktop/北京高考政治/reports/必修二三与必修四文化_题源分类准备_20260617_1301/03_question_index/question_candidates.csv,"{""target"": ""B3_POLITICS_RULE_OF_LAW"", ""target_score"": 12, ""boundary"": ""B4_PHILOSOPHY_EXCLUDED"", ""boundary_score"": 0, ""matches"": {""B3_POLITICS_RULE_OF_LAW"": ""人大代表,全过程人民民主,boost:人大代表,boost:全过程人民民主""}}",future_baodian_intake,main_matrix_original
2025_丰台_期末,2025,丰台,期末,20,,question,XB1_EXCLUDED,subjective,/Users/wanglifei/Desktop/2025模拟题/2025各区期末/2025丰台期末/试卷/试卷.pdf,paper,module-boundary-excluded,/Users/wanglifei/Desktop/北京高考政治/reports/必修二三与必修四文化_题源分类准备_20260617_1301/03_question_index/question_candidates.csv,"{""target"": ""B2_ECONOMICS"", ""target_score"": 0, ""boundary"": ""XB1_EXCLUDED"", ""boundary_score"": 24, ""matches"": {""XB1_EXCLUDED"": ""当代国际政治与经济,国际关系,全球治理,世界多极化,经济全球化,和平与发展,人类命运共同体,boost:当代国际政治与经济,boost:国际关系,boost:全球治理,boost:世界多极化,boost:经济全球化""}, ""explicit_boundary_modules"": {""XB1_EXCLUDED"": [""当代国际政治与经济"", ""经济全球化"", ""世界多极化"", ""国际关系"", ""全球治理"", ""人类命运共同体""]}, ""override"": ""explicit_boundary_term""}",exclude_from_three_target_lines,main_matrix_original
2025_丰台_期末,2025,丰台,期末,21,,question,B3_POLITICS_RULE_OF_LAW,subjective,/Users/wanglifei/Desktop/2025模拟题/2025各区期末/2025丰台期末/试卷/试卷.pdf,paper,included,/Users/wanglifei/Desktop/北京高考政治/reports/必修二三与必修四文化_题源分类准备_20260617_1301/03_question_index/question_candidates.csv,"{""target"": ""B3_POLITICS_RULE_OF_LAW"", ""target_score"": 8, ""boundary"": ""B1_EXCLUDED"", ""boundary_score"": 3, ""matches"": {""B2_ECONOMICS"": ""基本经济制度,市场经济,boost:基本经济制度,boost:市场经济"", ""B3_POLITICS_RULE_OF_LAW"": ""中国共产党,党的领导,人民当家作主,人民代表大会,boost:中国共产党,boost:党的领导,boost:人民代表大会"", ""B4_PHILOSOPHY_EXCLUDED"": ""实践"", ""B1_EXCLUDED"": ""中国特色社会主义""}}",future_baodian_intake,main_matrix_original
2025_丰台_期末,2025,丰台,期末,3,,question,B2_ECONOMICS,objective,/Users/wanglifei/Desktop/2025模拟题/2025各区期末/2025丰台期末/试卷/试卷.pdf,paper,included,/Users/wanglifei/Desktop/北京高考政治/reports/必修二三与必修四文化_题源分类准备_20260617_1301/03_question_index/question_candidates.csv,"{""target"": ""B2_ECONOMICS"", ""target_score"": 11, ""boundary"": ""B4_PHILOSOPHY_EXCLUDED"", ""boundary_score"": 0, ""matches"": {""B2_ECONOMICS"": ""消费,养老服务,市场主体,boost:养老服务""}}",future_baodian_intake,main_matrix_original
2025_丰台_期末,2025,丰台,期末,4,,question,B4_PHILOSOPHY_EXCLUDED,objective,/Users/wanglifei/Desktop/2025模拟题/2025各区期末/2025丰台期末/试卷/试卷.pdf,paper,module-boundary-excluded,/Users/wanglifei/Desktop/北京高考政治/reports/必修二三与必修四文化_题源分类准备_20260617_1301/03_question_index/question_candidates.csv,"{""target"": ""B2_ECONOMICS"", ""target_score"": 0, ""boundary"": ""B4_PHILOSOPHY_EXCLUDED"", ""boundary_score"": 4, ""matches"": {""B4_PHILOSOPHY_EXCLUDED"": ""实践,人生价值,boost:人生价值""}}",exclude_from_three_target_lines,main_matrix_original
2025_丰台_期末,2025,丰台,期末,5,,question,B2_ECONOMICS,objective,/Users/wanglifei/Desktop/2025模拟题/2025各区期末/2025丰台期末/试卷/试卷.pdf,paper,included,/Users/wanglifei/Desktop/北京高考政治/reports/必修二三与必修四文化_题源分类准备_20260617_1301/03_question_index/question_candidates.csv,"{""target"": ""B2_ECONOMICS"", ""target_score"": 3, ""boundary"": ""B4_PHILOSOPHY_EXCLUDED"", ""boundary_score"": 0, ""matches"": {""B2_ECONOMICS"": ""数字经济,boost:数字经济""}}",future_baodian_intake,main_matrix_original
2025_丰台_期末,2025,丰台,期末,6,,question,B4_CULTURE,objective,/Users/wanglifei/Desktop/2025模拟题/2025各区期末/2025丰台期末/试卷/试卷.pdf,paper,included,/Users/wanglifei/Desktop/北京高考政治/reports/必修二三与必修四文化_题源分类准备_20260617_1301/03_question_index/question_candidates.csv,"{""target"": ""B4_CULTURE"", ""target_score"": 65, ""boundary"": ""B4_PHILOSOPHY_EXCLUDED"", ""boundary_score"": 3, ""matches"": {""B2_ECONOMICS"": ""消费,产业发展"", ""B4_CULTURE"": ""文化,中华优秀传统文化,优秀传统文化,传统文化,文化创新,文化自信,文化遗产,非遗,文化产业,文化事业,时代精神,文物"", ""B4_PHILOSOPHY_EXCLUDED"": ""人民群众,boost:人民群众""}}",future_baodian_intake,main_matrix_original
2025_丰台_期末,2025,丰台,期末,7,,question,XB3_EXCLUDED,objective,/Users/wanglifei/Desktop/2025模拟题/2025各区期末/2025丰台期末/试卷/试卷.pdf,paper,module-boundary-excluded,/Users/wanglifei/Desktop/北京高考政治/reports/必修二三与必修四文化_题源分类准备_20260617_1301/03_question_index/question_candidates.csv,"{""target"": ""B2_ECONOMICS"", ""target_score"": 0, ""boundary"": ""XB3_EXCLUDED"", ""boundary_score"": 3, ""matches"": {""B4_PHILOSOPHY_EXCLUDED"": ""尊重客观规律,boost:尊重客观规律"", ""XB3_EXCLUDED"": ""超前思维,boost:超前思维""}, ""explicit_boundary_modules"": {""XB3_EXCLUDED"": [""超前思维""]}, ""override"": ""explicit_boundary_term""}",exclude_from_three_target_lines,main_matrix_original
2025_丰台_期末,2025,丰台,期末,8,,question,XB3_EXCLUDED,objective,/Users/wanglifei/Desktop/2025模拟题/2025各区期末/2025丰台期末/试卷/试卷.pdf,paper,module-boundary-excluded,/Users/wanglifei/Desktop/北京高考政治/reports/必修二三与必修四文化_题源分类准备_20260617_1301/03_question_index/question_candidates.csv,"{""target"": ""B2_ECONOMICS"", ""target_score"": 0, ""boundary"": ""XB3_EXCLUDED"", ""boundary_score"": 7, ""matches"": {""B4_PHILOSOPHY_EXCLUDED"": ""认识"", ""XB3_EXCLUDED"": ""发散思维,想象,推理,boost:发散思维,boost:想象,boost:推理""}, ""explicit_boundary_modules"": {""XB3_EXCLUDED"": [""推理"", ""想象""]}, ""override"": ""explicit_boundary_term""}",exclude_from_three_target_lines,main_matrix_original
2025_丰台_期末,2025,丰台,期末,9,,question,XB3_EXCLUDED,objective,/Users/wanglifei/Desktop/2025模拟题/2025各区期末/2025丰台期末/试卷/试卷.pdf,paper,module-boundary-excluded,/Users/wanglifei/Desktop/北京高考政治/reports/必修二三与必修四文化_题源分类准备_20260617_1301/03_question_index/question_candidates.csv,"{""target"": ""B4_CULTURE"", ""target_score"": 2, ""boundary"": ""XB3_EXCLUDED"", ""boundary_score"": 7, ""matches"": {""B4_CULTURE"": ""红色基因,boost:红色基因"", ""XB3_EXCLUDED"": ""推理,充分条件,boost:推理,boost:充分条件""}, ""explicit_boundary_modules"": {""XB3_EXCLUDED"": [""推理"", ""假言"", ""充分条件""]}, ""override"": ""explicit_boundary_term""}",exclude_from_three_target_lines,main_matrix_original
2025_延庆_一模,2025,延庆,一模,1,,question,B1_EXCLUDED,objective,/Users/wanglifei/Desktop/北京高考政治/reports/必修二三与必修四文化_题源分类准备_20260617_1301/02_text_cache/texts/94785525e6452e6f.txt | /Users/wanglifei/Desktop/北京高考政治/reports/必修二三与必修四文化_题源分类准备_20260617_1301/02_text_cache/texts/c0a3990e95796ddd.txt,paper+answer_key,module-boundary-excluded,05_reports/culture_hint_final_cleanup_audit.csv,"{""rule_id"": ""CULTURE_HINT_YANQING_Q1_ANSWER_A_REFORM_B1"", ""matched_terms"": ""答案A,全面深化改革,中国式现代化,制度环境"", ""basis"": ""答案键显示第1题为 A；正确项落在进一步全面深化改革与中国式现代化制度环境，非 B2/B3/B4_CULTURE 主链。"", ""source"": ""culture_hint_final_cleanup_audit.csv"", ""prior_book_module"": ""UNKNOWN_OR_MIXED"", ""prior_status"": ""blocked""}",exclude_from_three_target_lines,culture_hint_final_cleanup
2025_延庆_一模,2025,延庆,一模,10,,question,XB2_EXCLUDED,objective,/Users/wanglifei/Desktop/2025模拟题/2025各区一模/2025延庆一模/试卷/试卷.pdf,paper,module-boundary-excluded,/Users/wanglifei/Desktop/北京高考政治/reports/必修二三与必修四文化_题源分类准备_20260617_1301/03_question_index/question_candidates.csv,"{""target"": ""B3_POLITICS_RULE_OF_LAW"", ""target_score"": 3, ""boundary"": ""XB2_EXCLUDED"", ""boundary_score"": 8, ""matches"": {""B2_ECONOMICS"": ""新质生产力,boost:新质生产力"", ""B3_POLITICS_RULE_OF_LAW"": ""法院"", ""B4_PHILOSOPHY_EXCLUDED"": ""认识"", ""XB2_EXCLUDED"": ""侵权,举证,民事,违约,boost:侵权,boost:举证,boost:民事,boost:违约""}, ""explicit_boundary_modules"": {""XB2_EXCLUDED"": [""侵权"", ""民事""]}, ""override"": ""explicit_boundary_term""}",exclude_from_three_target_lines,main_matrix_original
2025_延庆_一模,2025,延庆,一模,11,,question,XB2_EXCLUDED,objective,/Users/wanglifei/Desktop/2025模拟题/2025各区一模/2025延庆一模/试卷/试卷.pdf,paper,module-boundary-excluded,/Users/wanglifei/Desktop/北京高考政治/reports/必修二三与必修四文化_题源分类准备_20260617_1301/03_question_index/question_candidates.csv,"{""target"": ""B2_ECONOMICS"", ""target_score"": 2, ""boundary"": ""XB2_EXCLUDED"", ""boundary_score"": 10, ""matches"": {""B2_ECONOMICS"": ""就业,boost:就业"", ""B4_PHILOSOPHY_EXCLUDED"": ""认识"", ""XB2_EXCLUDED"": ""合同,劳动合同,劳动关系,boost:合同,boost:劳动合同,boost:劳动关系""}, ""explicit_boundary_modules"": {""XB2_EXCLUDED"": [""合同"", ""劳动合同""]}, ""override"": ""explicit_boundary_term""}",exclude_from_three_target_lines,main_matrix_original
2025_延庆_一模,2025,延庆,一模,12,,question,B2_ECONOMICS,objective,/Users/wanglifei/Desktop/2025模拟题/2025各区一模/2025延庆一模/试卷/试卷.pdf,paper,included,/Users/wanglifei/Desktop/北京高考政治/reports/必修二三与必修四文化_题源分类准备_20260617_1301/03_question_index/question_candidates.csv,"{""target"": ""B2_ECONOMICS"", ""target_score"": 2, ""boundary"": ""B4_PHILOSOPHY_EXCLUDED"", ""boundary_score"": 0, ""matches"": {""B2_ECONOMICS"": ""GDP,boost:GDP"", ""B3_POLITICS_RULE_OF_LAW"": ""政府""}}",future_baodian_intake,main_matrix_original
2025_延庆_一模,2025,延庆,一模,13,,question,B2_ECONOMICS,objective,/Users/wanglifei/Desktop/2025模拟题/2025各区一模/2025延庆一模/试卷/试卷.pdf,paper,included,/Users/wanglifei/Desktop/北京高考政治/reports/必修二三与必修四文化_题源分类准备_20260617_1301/03_question_index/question_candidates.csv,"{""target"": ""B2_ECONOMICS"", ""target_score"": 5, ""boundary"": ""B4_PHILOSOPHY_EXCLUDED"", ""boundary_score"": 0, ""matches"": {""B2_ECONOMICS"": ""高质量发展,消费,boost:高质量发展""}}",future_baodian_intake,main_matrix_original
2025_延庆_一模,2025,延庆,一模,14,,question,XB1_EXCLUDED,objective,/Users/wanglifei/Desktop/2025模拟题/2025各区一模/2025延庆一模/试卷/试卷.pdf,paper,module-boundary-excluded,/Users/wanglifei/Desktop/北京高考政治/reports/必修二三与必修四文化_题源分类准备_20260617_1301/03_question_index/question_candidates.csv,"{""target"": ""B2_ECONOMICS"", ""target_score"": 0, ""boundary"": ""XB1_EXCLUDED"", ""boundary_score"": 3, ""matches"": {""XB1_EXCLUDED"": ""经济全球化,对外开放,boost:经济全球化""}, ""explicit_boundary_modules"": {""XB1_EXCLUDED"": [""经济全球化""]}, ""override"": ""explicit_boundary_term""}",exclude_from_three_target_lines,main_matrix_original
2025_延庆_一模,2025,延庆,一模,15,,question,XB1_EXCLUDED,objective,/Users/wanglifei/Desktop/2025模拟题/2025各区一模/2025延庆一模/试卷/试卷.pdf,paper,module-boundary-excluded,/Users/wanglifei/Desktop/北京高考政治/reports/必修二三与必修四文化_题源分类准备_20260617_1301/03_question_index/question_candidates.csv,"{""target"": ""B2_ECONOMICS"", ""target_score"": 2, ""boundary"": ""XB1_EXCLUDED"", ""boundary_score"": 2, ""matches"": {""B2_ECONOMICS"": ""就业,boost:就业"", ""XB1_EXCLUDED"": ""人类命运共同体,boost:人类命运共同体""}, ""explicit_boundary_modules"": {""XB1_EXCLUDED"": [""人类命运共同体""]}, ""override"": ""explicit_boundary_term""}",exclude_from_three_target_lines,main_matrix_original
2025_延庆_一模,2025,延庆,一模,16,,question,B4_CULTURE,subjective,/Users/wanglifei/Desktop/2025模拟题/2025各区一模/2025延庆一模/试卷/试卷.pdf,paper,included,/Users/wanglifei/Desktop/北京高考政治/reports/必修二三与必修四文化_题源分类准备_20260617_1301/03_question_index/question_candidates.csv,"{""target"": ""B4_CULTURE"", ""target_score"": 12, ""boundary"": ""B4_PHILOSOPHY_EXCLUDED"", ""boundary_score"": 0, ""matches"": {""B2_ECONOMICS"": ""消费"", ""B4_CULTURE"": ""文化,社会主义核心价值观,文艺,boost:社会主义核心价值观""}}",future_baodian_intake,main_matrix_original
2025_延庆_一模,2025,延庆,一模,17,,question,B2_ECONOMICS,subjective,/Users/wanglifei/Desktop/2025模拟题/2025各区一模/2025延庆一模/试卷/试卷.pdf,paper,included,/Users/wanglifei/Desktop/北京高考政治/reports/必修二三与必修四文化_题源分类准备_20260617_1301/03_question_index/question_candidates.csv,"{""target"": ""B2_ECONOMICS"", ""target_score"": 21, ""boundary"": ""B1_EXCLUDED"", ""boundary_score"": 2, ""matches"": {""B2_ECONOMICS"": ""公有制,非公有制,民营经济,市场经济,高质量发展,营商环境,boost:公有制,boost:非公有制,boost:民营经济,boost:市场经济,boost:高质量发展,boost:营商环境"", ""B3_POLITICS_RULE_OF_LAW"": ""政治与法治,党的领导,人大代表,政协,全过程人民民主,全国人大,科学立法,boost:政治与法治,boost:党的领导,boost:人大代表,boost:政协,boost:全过程人民民主"", ""B1_EXCLUDED"": ""改革开放,社会主义现代化强国""}}",future_baodian_intake,main_matrix_original
2025_延庆_一模,2025,延庆,一模,18,,question,XB3_EXCLUDED,subjective,/Users/wanglifei/Desktop/2025模拟题/2025各区一模/2025延庆一模/试卷/试卷.pdf,paper,module-boundary-excluded,/Users/wanglifei/Desktop/北京高考政治/reports/必修二三与必修四文化_题源分类准备_20260617_1301/03_question_index/question_candidates.csv,"{""target"": ""B2_ECONOMICS"", ""target_score"": 2, ""boundary"": ""B4_PHILOSOPHY_EXCLUDED"", ""boundary_score"": 7, ""matches"": {""B2_ECONOMICS"": ""基础设施"", ""B3_POLITICS_RULE_OF_LAW"": ""政府"", ""B4_PHILOSOPHY_EXCLUDED"": ""矛盾,量变,质变,boost:矛盾,boost:量变,boost:质变"", ""XB3_EXCLUDED"": ""逻辑与思维,辩证思维,boost:逻辑与思维,boost:辩证思维""}, ""explicit_boundary_modules"": {""XB3_EXCLUDED"": [""逻辑与思维"", ""辩证思维""]}, ""override"": ""explicit_boundary_term""}",exclude_from_three_target_lines,main_matrix_original
2025_延庆_一模,2025,延庆,一模,19,,question,XB2_EXCLUDED,subjective,/Users/wanglifei/Desktop/2025模拟题/2025各区一模/2025延庆一模/试卷/试卷.pdf,paper,module-boundary-excluded,/Users/wanglifei/Desktop/北京高考政治/reports/必修二三与必修四文化_题源分类准备_20260617_1301/03_question_index/question_candidates.csv,"{""target"": ""B2_ECONOMICS"", ""target_score"": 6, ""boundary"": ""XB2_EXCLUDED"", ""boundary_score"": 20, ""matches"": {""B2_ECONOMICS"": ""消费"", ""B3_POLITICS_RULE_OF_LAW"": ""法院"", ""B4_PHILOSOPHY_EXCLUDED"": ""矛盾,boost:矛盾"", ""XB2_EXCLUDED"": ""法律与生活,民法典,诉讼,调解,消费者权益,举证,赔偿,boost:法律与生活,boost:民法典,boost:诉讼,boost:调解,boost:消费者权益""}, ""explicit_boundary_modules"": {""XB2_EXCLUDED"": [""法律与生活"", ""民法典"", ""诉讼""]}, ""override"": ""explicit_boundary_term""}",exclude_from_three_target_lines,main_matrix_original
2025_延庆_一模,2025,延庆,一模,2,,question,B4_PHILOSOPHY_EXCLUDED,objective,/Users/wanglifei/Desktop/2025模拟题/2025各区一模/2025延庆一模/试卷/试卷.pdf,paper,module-boundary-excluded,/Users/wanglifei/Desktop/北京高考政治/reports/必修二三与必修四文化_题源分类准备_20260617_1301/03_question_index/question_candidates.csv,"{""target"": ""B2_ECONOMICS"", ""target_score"": 0, ""boundary"": ""B4_PHILOSOPHY_EXCLUDED"", ""boundary_score"": 2, ""matches"": {""B4_PHILOSOPHY_EXCLUDED"": ""矛盾,boost:矛盾""}}",exclude_from_three_target_lines,main_matrix_original
2025_延庆_一模,2025,延庆,一模,20(1),20,subquestion,B2_ECONOMICS,subjective,/Users/wanglifei/Desktop/2025模拟题/2025各区一模/2025延庆一模/试卷/试卷.pdf,paper,included,04_module_classification/subquestion_split_matrix.csv,"{""target"": ""B2_ECONOMICS"", ""target_score"": 12, ""boundary"": ""B4_PHILOSOPHY_EXCLUDED"", ""boundary_score"": 0, ""matches"": {""B2_ECONOMICS"": ""经济与社会,产业链,供应链,基础设施,boost:经济与社会,boost:产业链,boost:供应链""}}",future_baodian_intake,subquestion_integrated_target
2025_延庆_一模,2025,延庆,一模,20(2),20,subquestion,XB1_EXCLUDED,subjective,/Users/wanglifei/Desktop/2025模拟题/2025各区一模/2025延庆一模/试卷/试卷.pdf,paper,module-boundary-excluded,04_module_classification/subquestion_split_matrix.csv,"{""target"": ""B2_ECONOMICS"", ""target_score"": 0, ""boundary"": ""XB1_EXCLUDED"", ""boundary_score"": 2, ""matches"": {""XB1_EXCLUDED"": ""外交,boost:外交""}}",exclude_from_three_target_lines,subquestion_integrated_boundary
2025_延庆_一模,2025,延庆,一模,21,,question,XB1_EXCLUDED,subjective,/Users/wanglifei/Desktop/2025模拟题/2025各区一模/2025延庆一模/试卷/试卷.pdf,paper,module-boundary-excluded,/Users/wanglifei/Desktop/北京高考政治/reports/必修二三与必修四文化_题源分类准备_20260617_1301/03_question_index/question_candidates.csv,"{""target"": ""B4_CULTURE"", ""target_score"": 22, ""boundary"": ""XB1_EXCLUDED"", ""boundary_score"": 2, ""matches"": {""B2_ECONOMICS"": ""新发展理念,高质量发展,区域协调,基础设施,boost:新发展理念,boost:高质量发展"", ""B3_POLITICS_RULE_OF_LAW"": ""党的领导,boost:党的领导"", ""B4_CULTURE"": ""文化,传统文化,创造性转化,文化自信,社会主义核心价值观,文化遗产,中轴线,中华文明,boost:传统文化,boost:创造性转化,boost:文化自信,boost:社会主义核心价值观"", ""B4_PHILOSOPHY_EXCLUDED"": ""实践"", ""XB1_EXCLUDED"": ""联合国,boost:联合国"", ""B1_EXCLUDED"": ""中国特色社会主义""}, ""explicit_boundary_modules"": {""XB1_EXCLUDED"": [""联合国""]}, ""override"": ""explicit_boundary_term""}",exclude_from_three_target_lines,main_matrix_original
2025_延庆_一模,2025,延庆,一模,3,,question,XB1_EXCLUDED,objective,/Users/wanglifei/Desktop/2025模拟题/2025各区一模/2025延庆一模/试卷/试卷.pdf,paper,module-boundary-excluded,/Users/wanglifei/Desktop/北京高考政治/reports/必修二三与必修四文化_题源分类准备_20260617_1301/03_question_index/question_candidates.csv,"{""target"": ""B4_CULTURE"", ""target_score"": 16, ""boundary"": ""XB1_EXCLUDED"", ""boundary_score"": 2, ""matches"": {""B4_CULTURE"": ""文化,中华优秀传统文化,优秀传统文化,传统文化,文化遗产,中华文明,boost:中华优秀传统文化,boost:优秀传统文化,boost:传统文化,boost:文化遗产,boost:中华文明"", ""B4_PHILOSOPHY_EXCLUDED"": ""实践"", ""XB1_EXCLUDED"": ""联合国,boost:联合国""}, ""explicit_boundary_modules"": {""XB1_EXCLUDED"": [""联合国""]}, ""override"": ""explicit_boundary_term""}",exclude_from_three_target_lines,main_matrix_original
2025_延庆_一模,2025,延庆,一模,4,,question,B4_PHILOSOPHY_EXCLUDED,objective,/Users/wanglifei/Desktop/2025模拟题/2025各区一模/2025延庆一模/试卷/试卷.pdf,paper,module-boundary-excluded,/Users/wanglifei/Desktop/北京高考政治/reports/必修二三与必修四文化_题源分类准备_20260617_1301/03_question_index/question_candidates.csv,"{""target"": ""B2_ECONOMICS"", ""target_score"": 0, ""boundary"": ""B4_PHILOSOPHY_EXCLUDED"", ""boundary_score"": 3, ""matches"": {""B4_PHILOSOPHY_EXCLUDED"": ""矛盾,主观能动性,boost:矛盾""}}",exclude_from_three_target_lines,main_matrix_original
2025_延庆_一模,2025,延庆,一模,5,,question,XB3_EXCLUDED,objective,/Users/wanglifei/Desktop/2025模拟题/2025各区一模/2025延庆一模/试卷/试卷.pdf,paper,module-boundary-excluded,/Users/wanglifei/Desktop/北京高考政治/reports/必修二三与必修四文化_题源分类准备_20260617_1301/03_question_index/question_candidates.csv,"{""target"": ""B2_ECONOMICS"", ""target_score"": 0, ""boundary"": ""XB3_EXCLUDED"", ""boundary_score"": 9, ""matches"": {""XB3_EXCLUDED"": ""推理,三段论,周延,逻辑规则,boost:推理,boost:三段论,boost:周延,boost:逻辑规则""}, ""explicit_boundary_modules"": {""XB3_EXCLUDED"": [""三段论"", ""推理""]}, ""override"": ""explicit_boundary_term""}",exclude_from_three_target_lines,main_matrix_original
2025_延庆_一模,2025,延庆,一模,6,,question,XB3_EXCLUDED,objective,/Users/wanglifei/Desktop/2025模拟题/2025各区一模/2025延庆一模/试卷/试卷.pdf,paper,module-boundary-excluded,/Users/wanglifei/Desktop/北京高考政治/reports/必修二三与必修四文化_题源分类准备_20260617_1301/03_question_index/question_candidates.csv,"{""target"": ""B2_ECONOMICS"", ""target_score"": 0, ""boundary"": ""XB3_EXCLUDED"", ""boundary_score"": 8, ""matches"": {""B4_PHILOSOPHY_EXCLUDED"": ""认识"", ""XB2_EXCLUDED"": ""继承,boost:继承"", ""XB3_EXCLUDED"": ""迁移,想象,推理,类比推理,boost:迁移,boost:想象,boost:推理,boost:类比推理""}, ""explicit_boundary_modules"": {""XB3_EXCLUDED"": [""推理"", ""迁移"", ""想象""]}, ""override"": ""explicit_boundary_term""}",exclude_from_three_target_lines,main_matrix_original
2025_延庆_一模,2025,延庆,一模,7,,question,XB3_EXCLUDED,objective,/Users/wanglifei/Desktop/2025模拟题/2025各区一模/2025延庆一模/试卷/试卷.pdf,paper,module-boundary-excluded,/Users/wanglifei/Desktop/北京高考政治/reports/必修二三与必修四文化_题源分类准备_20260617_1301/03_question_index/question_candidates.csv,"{""target"": ""B2_ECONOMICS"", ""target_score"": 0, ""boundary"": ""XB3_EXCLUDED"", ""boundary_score"": 2, ""matches"": {""XB3_EXCLUDED"": ""关系判断,boost:关系判断""}}",exclude_from_three_target_lines,main_matrix_original
2025_延庆_一模,2025,延庆,一模,8,,question,B1_EXCLUDED,objective,/Users/wanglifei/Desktop/北京高考政治/reports/必修二三与必修四文化_题源分类准备_20260617_1301/02_text_cache/texts/94785525e6452e6f.txt | /Users/wanglifei/Desktop/北京高考政治/reports/必修二三与必修四文化_题源分类准备_20260617_1301/02_text_cache/texts/c0a3990e95796ddd.txt,paper+answer_key,module-boundary-excluded,05_reports/culture_hint_final_cleanup_audit.csv,"{""rule_id"": ""CULTURE_HINT_YANQING_Q8_ANSWER_C_PARENT_REMAINDER"", ""matched_terms"": ""答案C,道路自信,新的伟大斗争"", ""basis"": ""答案键显示第8题为 C，正确项 2/4 指向道路自信和新的伟大斗争；长征精神文化组件已单独入账，父题余项按 B1 边界关闭。"", ""source"": ""culture_hint_final_cleanup_audit.csv"", ""prior_book_module"": ""UNKNOWN_OR_MIXED"", ""prior_status"": ""blocked""}",exclude_from_three_target_lines,culture_hint_final_cleanup
2025_延庆_一模,2025,延庆,一模,9,,question,B2_ECONOMICS,objective,/Users/wanglifei/Desktop/2025模拟题/2025各区一模/2025延庆一模/试卷/试卷.pdf,paper,included,/Users/wanglifei/Desktop/北京高考政治/reports/必修二三与必修四文化_题源分类准备_20260617_1301/03_question_index/question_candidates.csv,"{""target"": ""B2_ECONOMICS"", ""target_score"": 7, ""boundary"": ""B4_PHILOSOPHY_EXCLUDED"", ""boundary_score"": 0, ""matches"": {""B2_ECONOMICS"": ""市场经济,有效市场,有为政府,营商环境,boost:市场经济,boost:营商环境"", ""B3_POLITICS_RULE_OF_LAW"": ""政府""}}",future_baodian_intake,main_matrix_original
2025_房山_一模,2025,房山,一模,1,,question,B4_PHILOSOPHY_EXCLUDED,objective,/Users/wanglifei/Desktop/2025模拟题/2025各区一模/2025房山一模/试卷/试卷.pdf,paper,module-boundary-excluded,/Users/wanglifei/Desktop/北京高考政治/reports/必修二三与必修四文化_题源分类准备_20260617_1301/03_question_index/question_candidates.csv,"{""target"": ""B2_ECONOMICS"", ""target_score"": 0, ""boundary"": ""B4_PHILOSOPHY_EXCLUDED"", ""boundary_score"": 3, ""matches"": {""B4_PHILOSOPHY_EXCLUDED"": ""认识,矛盾,boost:矛盾"", ""B1_EXCLUDED"": ""中国特色社会主义""}}",exclude_from_three_target_lines,main_matrix_original
2025_房山_一模,2025,房山,一模,10,,question,XB2_EXCLUDED,objective,/Users/wanglifei/Desktop/2025模拟题/2025各区一模/2025房山一模/试卷/试卷.pdf,paper,module-boundary-excluded,/Users/wanglifei/Desktop/北京高考政治/reports/必修二三与必修四文化_题源分类准备_20260617_1301/03_question_index/question_candidates.csv,"{""target"": ""B3_POLITICS_RULE_OF_LAW"", ""target_score"": 1, ""boundary"": ""XB2_EXCLUDED"", ""boundary_score"": 9, ""matches"": {""B3_POLITICS_RULE_OF_LAW"": ""法院"", ""XB2_EXCLUDED"": ""侵权,举证,侵权责任,违约,boost:侵权,boost:举证,boost:侵权责任,boost:违约""}, ""explicit_boundary_modules"": {""XB2_EXCLUDED"": [""侵权""]}, ""override"": ""explicit_boundary_term""}",exclude_from_three_target_lines,main_matrix_original
2025_房山_一模,2025,房山,一模,11,,question,XB2_EXCLUDED,objective,/Users/wanglifei/Desktop/2025模拟题/2025各区一模/2025房山一模/试卷/试卷.pdf,paper,module-boundary-excluded,/Users/wanglifei/Desktop/北京高考政治/reports/必修二三与必修四文化_题源分类准备_20260617_1301/03_question_index/question_candidates.csv,"{""target"": ""B3_POLITICS_RULE_OF_LAW"", ""target_score"": 4, ""boundary"": ""XB2_EXCLUDED"", ""boundary_score"": 8, ""matches"": {""B3_POLITICS_RULE_OF_LAW"": ""法院"", ""XB2_EXCLUDED"": ""调解,相邻关系,boost:调解,boost:相邻关系""}}",exclude_from_three_target_lines,main_matrix_original
2025_房山_一模,2025,房山,一模,12,,question,B2_ECONOMICS,objective,/Users/wanglifei/Desktop/2025模拟题/2025各区一模/2025房山一模/试卷/试卷.pdf,paper,included,/Users/wanglifei/Desktop/北京高考政治/reports/必修二三与必修四文化_题源分类准备_20260617_1301/03_question_index/question_candidates.csv,"{""target"": ""B2_ECONOMICS"", ""target_score"": 11, ""boundary"": ""B1_EXCLUDED"", ""boundary_score"": 1, ""matches"": {""B2_ECONOMICS"": ""民营经济,民营企业,营商环境,boost:民营经济,boost:营商环境"", ""B1_EXCLUDED"": ""中国特色社会主义""}}",future_baodian_intake,main_matrix_original
2025_房山_一模,2025,房山,一模,13,,question,B2_ECONOMICS,objective,/Users/wanglifei/Desktop/2025模拟题/2025各区一模/2025房山一模/试卷/试卷.pdf,paper,included,/Users/wanglifei/Desktop/北京高考政治/reports/必修二三与必修四文化_题源分类准备_20260617_1301/03_question_index/question_candidates.csv,"{""target"": ""B2_ECONOMICS"", ""target_score"": 10, ""boundary"": ""B4_PHILOSOPHY_EXCLUDED"", ""boundary_score"": 0, ""matches"": {""B2_ECONOMICS"": ""社会保障,消费,居民收入,基础设施,boost:社会保障"", ""B3_POLITICS_RULE_OF_LAW"": ""政府""}}",future_baodian_intake,main_matrix_original
2025_房山_一模,2025,房山,一模,14,,question,XB1_EXCLUDED,objective,/Users/wanglifei/Desktop/2025模拟题/2025各区一模/2025房山一模/试卷/试卷.pdf,paper,module-boundary-excluded,/Users/wanglifei/Desktop/北京高考政治/reports/必修二三与必修四文化_题源分类准备_20260617_1301/03_question_index/question_candidates.csv,"{""target"": ""B2_ECONOMICS"", ""target_score"": 0, ""boundary"": ""XB1_EXCLUDED"", ""boundary_score"": 4, ""matches"": {""B4_PHILOSOPHY_EXCLUDED"": ""矛盾,boost:矛盾"", ""XB1_EXCLUDED"": ""人类命运共同体,对外开放,boost:人类命运共同体""}, ""explicit_boundary_modules"": {""XB1_EXCLUDED"": [""人类命运共同体""]}, ""override"": ""explicit_boundary_term""}",exclude_from_three_target_lines,main_matrix_original
2025_房山_一模,2025,房山,一模,15,,question,XB1_EXCLUDED,objective,/Users/wanglifei/Desktop/2025模拟题/2025各区一模/2025房山一模/试卷/试卷.pdf,paper,module-boundary-excluded,/Users/wanglifei/Desktop/北京高考政治/reports/必修二三与必修四文化_题源分类准备_20260617_1301/03_question_index/question_candidates.csv,"{""target"": ""B2_ECONOMICS"", ""target_score"": 0, ""boundary"": ""XB1_EXCLUDED"", ""boundary_score"": 2, ""matches"": {""XB1_EXCLUDED"": ""经济全球化,boost:经济全球化"", ""B1_EXCLUDED"": ""改革开放""}, ""explicit_boundary_modules"": {""XB1_EXCLUDED"": [""经济全球化""]}, ""override"": ""explicit_boundary_term""}",exclude_from_three_target_lines,main_matrix_original
2025_房山_一模,2025,房山,一模,16,,question,B4_PHILOSOPHY_EXCLUDED,subjective,/Users/wanglifei/Desktop/2025模拟题/2025各区一模/2025房山一模/试卷/试卷.pdf,paper,module-boundary-excluded,/Users/wanglifei/Desktop/北京高考政治/reports/必修二三与必修四文化_题源分类准备_20260617_1301/03_question_index/question_candidates.csv,"{""target"": ""B4_CULTURE"", ""target_score"": 53, ""boundary"": ""B4_PHILOSOPHY_EXCLUDED"", ""boundary_score"": 21, ""matches"": {""B2_ECONOMICS"": ""消费"", ""B4_CULTURE"": ""文化,文化传承,文化创新,文化遗产,博物馆,文物,文创,boost:文化传承,boost:文化创新,boost:文化遗产,boost:博物馆,boost:文物"", ""B4_PHILOSOPHY_EXCLUDED"": ""实践,认识,矛盾,价值选择,boost:矛盾,boost:价值选择"", ""XB3_EXCLUDED"": ""创新思维,发散思维,联想思维,三段论,boost:创新思维,boost:发散思维,boost:联想思维,boost:三段论""}, ""explicit_boundary_modules"": {""XB3_EXCLUDED"": [""创新思维"", ""三段论""], ""B4_PHILOSOPHY_EXCLUDED"": [""价值选择""]}, ""override"": ""explicit_boundary_term""}",exclude_from_three_target_lines,main_matrix_original
2025_房山_一模,2025,房山,一模,17,,question,B3_POLITICS_RULE_OF_LAW,subjective,/Users/wanglifei/Desktop/2025模拟题/2025各区一模/2025房山一模/试卷/试卷.pdf,paper,included,/Users/wanglifei/Desktop/北京高考政治/reports/必修二三与必修四文化_题源分类准备_20260617_1301/03_question_index/question_candidates.csv,"{""target"": ""B3_POLITICS_RULE_OF_LAW"", ""target_score"": 25, ""boundary"": ""B4_PHILOSOPHY_EXCLUDED"", ""boundary_score"": 2, ""matches"": {""B2_ECONOMICS"": ""基础设施"", ""B3_POLITICS_RULE_OF_LAW"": ""政治与法治,中国共产党,党的领导,人民当家作主,全面依法治国,全民守法,政府,民主协商,党组织,boost:政治与法治,boost:中国共产党,boost:党的领导"", ""B4_PHILOSOPHY_EXCLUDED"": ""人民群众,boost:人民群众""}}",future_baodian_intake,main_matrix_original
2025_房山_一模,2025,房山,一模,18(1),18,subquestion,B2_ECONOMICS,subjective,/Users/wanglifei/Desktop/2025模拟题/2025各区一模/2025房山一模/试卷/试卷.pdf,paper,included,04_module_classification/subquestion_split_matrix.csv,"{""target"": ""B2_ECONOMICS"", ""target_score"": 2, ""boundary"": ""B4_PHILOSOPHY_EXCLUDED"", ""boundary_score"": 0, ""matches"": {""B2_ECONOMICS"": ""经济与社会,boost:经济与社会""}}",future_baodian_intake,subquestion_integrated_target
2025_房山_一模,2025,房山,一模,18(2),18,subquestion,XB1_EXCLUDED,subjective,/Users/wanglifei/Desktop/2025模拟题/2025各区一模/2025房山一模/试卷/试卷.pdf,paper,module-boundary-excluded,04_module_classification/subquestion_split_matrix.csv,"{""target"": ""B2_ECONOMICS"", ""target_score"": 0, ""boundary"": ""XB1_EXCLUDED"", ""boundary_score"": 2, ""matches"": {""B4_PHILOSOPHY_EXCLUDED"": ""实践"", ""XB1_EXCLUDED"": ""当代国际政治与经济,boost:当代国际政治与经济""}, ""explicit_boundary_modules"": {""XB1_EXCLUDED"": [""当代国际政治与经济""]}, ""override"": ""explicit_boundary_term""}",exclude_from_three_target_lines,subquestion_integrated_boundary
2025_房山_一模,2025,房山,一模,19,,question,XB2_EXCLUDED,subjective,/Users/wanglifei/Desktop/2025模拟题/2025各区一模/2025房山一模/试卷/试卷.pdf,paper,module-boundary-excluded,/Users/wanglifei/Desktop/北京高考政治/reports/必修二三与必修四文化_题源分类准备_20260617_1301/03_question_index/question_candidates.csv,"{""target"": ""B3_POLITICS_RULE_OF_LAW"", ""target_score"": 11, ""boundary"": ""XB2_EXCLUDED"", ""boundary_score"": 24, ""matches"": {""B3_POLITICS_RULE_OF_LAW"": ""法治社会,严格执法,公正司法,法院,boost:法治社会,boost:严格执法,boost:公正司法"", ""XB2_EXCLUDED"": ""侵权,知识产权,诉讼,赔偿,专利,boost:侵权,boost:知识产权,boost:诉讼,boost:专利""}, ""explicit_boundary_modules"": {""XB2_EXCLUDED"": [""侵权"", ""知识产权"", ""诉讼"", ""专利""]}, ""override"": ""explicit_boundary_term""}",exclude_from_three_target_lines,main_matrix_original
2025_房山_一模,2025,房山,一模,2,,question,B3_POLITICS_RULE_OF_LAW,objective,/Users/wanglifei/Desktop/2025模拟题/2025各区一模/2025房山一模/试卷/试卷.pdf,paper,included,/Users/wanglifei/Desktop/北京高考政治/reports/必修二三与必修四文化_题源分类准备_20260617_1301/03_question_index/question_candidates.csv,"{""target"": ""B3_POLITICS_RULE_OF_LAW"", ""target_score"": 3, ""boundary"": ""B4_PHILOSOPHY_EXCLUDED"", ""boundary_score"": 0, ""matches"": {""B3_POLITICS_RULE_OF_LAW"": ""全过程人民民主,boost:全过程人民民主""}}",future_baodian_intake,main_matrix_original
2025_房山_一模,2025,房山,一模,20,,question,B4_PHILOSOPHY_EXCLUDED,subjective,/Users/wanglifei/Desktop/2025模拟题/2025各区一模/2025房山一模/试卷/试卷.pdf,paper,module-boundary-excluded,/Users/wanglifei/Desktop/北京高考政治/reports/必修二三与必修四文化_题源分类准备_20260617_1301/03_question_index/question_candidates.csv,"{""target"": ""B2_ECONOMICS"", ""target_score"": 0, ""boundary"": ""B4_PHILOSOPHY_EXCLUDED"", ""boundary_score"": 14, ""matches"": {""B4_PHILOSOPHY_EXCLUDED"": ""认识,人生价值,主观能动性,尊重客观规律,boost:人生价值,boost:尊重客观规律"", ""B1_EXCLUDED"": ""中国特色社会主义,中国梦""}}",exclude_from_three_target_lines,main_matrix_original
2025_房山_一模,2025,房山,一模,3,,question,B4_PHILOSOPHY_EXCLUDED,objective,/Users/wanglifei/Desktop/2025模拟题/2025各区一模/2025房山一模/试卷/试卷.pdf,paper,module-boundary-excluded,/Users/wanglifei/Desktop/北京高考政治/reports/必修二三与必修四文化_题源分类准备_20260617_1301/03_question_index/question_candidates.csv,"{""target"": ""B2_ECONOMICS"", ""target_score"": 0, ""boundary"": ""B4_PHILOSOPHY_EXCLUDED"", ""boundary_score"": 6, ""matches"": {""B4_PHILOSOPHY_EXCLUDED"": ""矛盾,boost:矛盾""}}",exclude_from_three_target_lines,main_matrix_original
2025_房山_一模,2025,房山,一模,4,,question,B4_PHILOSOPHY_EXCLUDED,objective,/Users/wanglifei/Desktop/2025模拟题/2025各区一模/2025房山一模/试卷/试卷.pdf,paper,module-boundary-excluded,/Users/wanglifei/Desktop/北京高考政治/reports/必修二三与必修四文化_题源分类准备_20260617_1301/03_question_index/question_candidates.csv,"{""target"": ""B3_POLITICS_RULE_OF_LAW"", ""target_score"": 1, ""boundary"": ""B4_PHILOSOPHY_EXCLUDED"", ""boundary_score"": 7, ""matches"": {""B3_POLITICS_RULE_OF_LAW"": ""政府"", ""B4_PHILOSOPHY_EXCLUDED"": ""实践,认识""}}",exclude_from_three_target_lines,main_matrix_original
2025_房山_一模,2025,房山,一模,5,,question,B4_CULTURE,objective,/Users/wanglifei/Desktop/2025模拟题/2025各区一模/2025房山一模/试卷/试卷.pdf,paper,included,/Users/wanglifei/Desktop/北京高考政治/reports/必修二三与必修四文化_题源分类准备_20260617_1301/03_question_index/question_candidates.csv,"{""target"": ""B4_CULTURE"", ""target_score"": 18, ""boundary"": ""B4_PHILOSOPHY_EXCLUDED"", ""boundary_score"": 1, ""matches"": {""B4_CULTURE"": ""文化,传统文化,文化产业,中华文明,boost:传统文化,boost:中华文明"", ""B4_PHILOSOPHY_EXCLUDED"": ""实践""}}",future_baodian_intake,main_matrix_original
2025_房山_一模,2025,房山,一模,6,,question,XB3_EXCLUDED,objective,/Users/wanglifei/Desktop/2025模拟题/2025各区一模/2025房山一模/试卷/试卷.pdf,paper,module-boundary-excluded,/Users/wanglifei/Desktop/北京高考政治/reports/必修二三与必修四文化_题源分类准备_20260617_1301/03_question_index/question_candidates.csv,"{""target"": ""B2_ECONOMICS"", ""target_score"": 0, ""boundary"": ""B4_PHILOSOPHY_EXCLUDED"", ""boundary_score"": 3, ""matches"": {""B4_PHILOSOPHY_EXCLUDED"": ""矛盾,boost:矛盾"", ""XB3_EXCLUDED"": ""推理,boost:推理""}, ""explicit_boundary_modules"": {""XB3_EXCLUDED"": [""推理""]}, ""override"": ""explicit_boundary_term""}",exclude_from_three_target_lines,main_matrix_original
2025_房山_一模,2025,房山,一模,7,,question,XB3_EXCLUDED,objective,/Users/wanglifei/Desktop/2025模拟题/2025各区一模/2025房山一模/试卷/试卷.pdf,paper,module-boundary-excluded,/Users/wanglifei/Desktop/北京高考政治/reports/必修二三与必修四文化_题源分类准备_20260617_1301/03_question_index/question_candidates.csv,"{""target"": ""B4_CULTURE"", ""target_score"": 17, ""boundary"": ""B4_PHILOSOPHY_EXCLUDED"", ""boundary_score"": 10, ""matches"": {""B4_CULTURE"": ""文化,传统文化,文化传承,社会主义先进文化,民族精神,爱国主义,boost:传统文化,boost:文化传承,boost:社会主义先进文化,boost:民族精神,boost:爱国主义"", ""B4_PHILOSOPHY_EXCLUDED"": ""认识,事物发展,矛盾,boost:矛盾"", ""XB3_EXCLUDED"": ""迁移,boost:迁移""}, ""explicit_boundary_modules"": {""XB3_EXCLUDED"": [""迁移""]}, ""override"": ""explicit_boundary_term""}",exclude_from_three_target_lines,main_matrix_original
2025_房山_一模,2025,房山,一模,8,,question,B3_POLITICS_RULE_OF_LAW,objective,/Users/wanglifei/Desktop/2025模拟题/2025各区一模/2025房山一模/试卷/试卷.pdf,paper,included,/Users/wanglifei/Desktop/北京高考政治/reports/必修二三与必修四文化_题源分类准备_20260617_1301/03_question_index/question_candidates.csv,"{""target"": ""B3_POLITICS_RULE_OF_LAW"", ""target_score"": 9, ""boundary"": ""XB2_EXCLUDED"", ""boundary_score"": 3, ""matches"": {""B3_POLITICS_RULE_OF_LAW"": ""基层群众自治,基层治理,社会治理,boost:基层群众自治,boost:基层治理"", ""XB2_EXCLUDED"": ""调解,boost:调解""}}",future_baodian_intake,main_matrix_original
2025_房山_一模,2025,房山,一模,9,,question,B3_POLITICS_RULE_OF_LAW,objective,/Users/wanglifei/Desktop/2025模拟题/2025各区一模/2025房山一模/试卷/试卷.pdf,paper,included,/Users/wanglifei/Desktop/北京高考政治/reports/必修二三与必修四文化_题源分类准备_20260617_1301/03_question_index/question_candidates.csv,"{""target"": ""B3_POLITICS_RULE_OF_LAW"", ""target_score"": 7, ""boundary"": ""B4_PHILOSOPHY_EXCLUDED"", ""boundary_score"": 2, ""matches"": {""B3_POLITICS_RULE_OF_LAW"": ""依法行政,政府,boost:依法行政"", ""B4_PHILOSOPHY_EXCLUDED"": ""矛盾,boost:矛盾""}}",future_baodian_intake,main_matrix_original
2025_昌平_二模,2025,昌平,二模,1,,question,B3_POLITICS_RULE_OF_LAW,objective,/Users/wanglifei/Desktop/2025模拟题/2025各区二模/2025昌平二模/试卷/试卷.pdf,paper,included,/Users/wanglifei/Desktop/北京高考政治/reports/必修二三与必修四文化_题源分类准备_20260617_1301/03_question_index/question_candidates.csv,"{""target"": ""B3_POLITICS_RULE_OF_LAW"", ""target_score"": 3, ""boundary"": ""B4_PHILOSOPHY_EXCLUDED"", ""boundary_score"": 0, ""matches"": {""B3_POLITICS_RULE_OF_LAW"": ""中国共产党,boost:中国共产党""}}",future_baodian_intake,main_matrix_original
2025_昌平_二模,2025,昌平,二模,10,,question,XB2_EXCLUDED,objective,/Users/wanglifei/Desktop/2025模拟题/2025各区二模/2025昌平二模/试卷/试卷.pdf,paper,module-boundary-excluded,/Users/wanglifei/Desktop/北京高考政治/reports/必修二三与必修四文化_题源分类准备_20260617_1301/03_question_index/question_candidates.csv,"{""target"": ""B2_ECONOMICS"", ""target_score"": 4, ""boundary"": ""XB2_EXCLUDED"", ""boundary_score"": 6, ""matches"": {""B2_ECONOMICS"": ""国有经济,宏观调控,boost:国有经济,boost:宏观调控"", ""B4_PHILOSOPHY_EXCLUDED"": ""人民群众,boost:人民群众"", ""XB2_EXCLUDED"": ""合同,劳动合同,boost:合同,boost:劳动合同""}, ""explicit_boundary_modules"": {""XB2_EXCLUDED"": [""合同"", ""劳动合同""]}, ""override"": ""explicit_boundary_term""}",exclude_from_three_target_lines,main_matrix_original
2025_昌平_二模,2025,昌平,二模,11,,question,XB1_EXCLUDED,objective,/Users/wanglifei/Desktop/2025模拟题/2025各区二模/2025昌平二模/试卷/试卷.pdf,paper,module-boundary-excluded,/Users/wanglifei/Desktop/北京高考政治/reports/必修二三与必修四文化_题源分类准备_20260617_1301/03_question_index/question_candidates.csv,"{""target"": ""B3_POLITICS_RULE_OF_LAW"", ""target_score"": 1, ""boundary"": ""XB1_EXCLUDED"", ""boundary_score"": 6, ""matches"": {""B3_POLITICS_RULE_OF_LAW"": ""法院"", ""XB1_EXCLUDED"": ""联合国,boost:联合国""}, ""explicit_boundary_modules"": {""XB1_EXCLUDED"": [""联合国""]}, ""override"": ""explicit_boundary_term""}",exclude_from_three_target_lines,main_matrix_original
2025_昌平_二模,2025,昌平,二模,12,,question,XB3_EXCLUDED,objective,/Users/wanglifei/Desktop/2025模拟题/2025各区二模/2025昌平二模/试卷/试卷.pdf,paper,module-boundary-excluded,/Users/wanglifei/Desktop/北京高考政治/reports/必修二三与必修四文化_题源分类准备_20260617_1301/03_question_index/question_candidates.csv,"{""target"": ""B4_CULTURE"", ""target_score"": 3, ""boundary"": ""XB3_EXCLUDED"", ""boundary_score"": 2, ""matches"": {""B4_CULTURE"": ""纹样,boost:纹样"", ""B4_PHILOSOPHY_EXCLUDED"": ""认识"", ""XB3_EXCLUDED"": ""超前思维,boost:超前思维""}, ""explicit_boundary_modules"": {""XB3_EXCLUDED"": [""超前思维""]}, ""override"": ""explicit_boundary_term""}",exclude_from_three_target_lines,main_matrix_original
2025_昌平_二模,2025,昌平,二模,13,,question,XB3_EXCLUDED,objective,/Users/wanglifei/Desktop/2025模拟题/2025各区二模/2025昌平二模/试卷/试卷.pdf,paper,module-boundary-excluded,/Users/wanglifei/Desktop/北京高考政治/reports/必修二三与必修四文化_题源分类准备_20260617_1301/03_question_index/question_candidates.csv,"{""target"": ""B2_ECONOMICS"", ""target_score"": 7, ""boundary"": ""XB3_EXCLUDED"", ""boundary_score"": 4, ""matches"": {""B2_ECONOMICS"": ""高质量发展,消费,boost:高质量发展"", ""XB3_EXCLUDED"": ""推理,三段论,boost:推理,boost:三段论""}, ""explicit_boundary_modules"": {""XB3_EXCLUDED"": [""三段论"", ""推理""]}, ""override"": ""explicit_boundary_term""}",exclude_from_three_target_lines,main_matrix_original
2025_昌平_二模,2025,昌平,二模,14,,question,XB2_EXCLUDED,objective,/Users/wanglifei/Desktop/2025模拟题/2025各区二模/2025昌平二模/试卷/试卷.pdf,paper,module-boundary-excluded,/Users/wanglifei/Desktop/北京高考政治/reports/必修二三与必修四文化_题源分类准备_20260617_1301/03_question_index/question_candidates.csv,"{""target"": ""B3_POLITICS_RULE_OF_LAW"", ""target_score"": 1, ""boundary"": ""XB2_EXCLUDED"", ""boundary_score"": 22, ""matches"": {""B3_POLITICS_RULE_OF_LAW"": ""法院"", ""XB2_EXCLUDED"": ""合同,侵权,诉讼,举证,民事,民事诉讼,侵权责任,赔偿,违约,健康权,boost:合同,boost:侵权""}, ""explicit_boundary_modules"": {""XB2_EXCLUDED"": [""合同"", ""侵权"", ""诉讼"", ""民事""]}, ""override"": ""explicit_boundary_term""}",exclude_from_three_target_lines,main_matrix_original
2025_昌平_二模,2025,昌平,二模,15,,question,XB2_EXCLUDED,objective,/Users/wanglifei/Desktop/2025模拟题/2025各区二模/2025昌平二模/试卷/试卷.pdf,paper,module-boundary-excluded,/Users/wanglifei/Desktop/北京高考政治/reports/必修二三与必修四文化_题源分类准备_20260617_1301/03_question_index/question_candidates.csv,"{""target"": ""B3_POLITICS_RULE_OF_LAW"", ""target_score"": 2, ""boundary"": ""XB2_EXCLUDED"", ""boundary_score"": 26, ""matches"": {""B3_POLITICS_RULE_OF_LAW"": ""法院"", ""B4_PHILOSOPHY_EXCLUDED"": ""认识"", ""XB2_EXCLUDED"": ""合同,劳动合同,诉讼,仲裁,赔偿,boost:合同,boost:劳动合同,boost:诉讼,boost:仲裁""}, ""explicit_boundary_modules"": {""XB2_EXCLUDED"": [""合同"", ""诉讼"", ""劳动合同""]}, ""override"": ""explicit_boundary_term""}",exclude_from_three_target_lines,main_matrix_original
2025_昌平_二模,2025,昌平,二模,16,,question,B4_CULTURE,subjective,/Users/wanglifei/Desktop/2025模拟题/2025各区二模/2025昌平二模/试卷/试卷.pdf,paper,included,/Users/wanglifei/Desktop/北京高考政治/reports/必修二三与必修四文化_题源分类准备_20260617_1301/03_question_index/question_candidates.csv,"{""target"": ""B4_CULTURE"", ""target_score"": 16, ""boundary"": ""B4_PHILOSOPHY_EXCLUDED"", ""boundary_score"": 4, ""matches"": {""B4_CULTURE"": ""文化,文化载体,优秀传统文化,传统文化,文化传承,文化自信,民族精神,boost:优秀传统文化,boost:传统文化,boost:文化传承,boost:文化自信,boost:民族精神"", ""B4_PHILOSOPHY_EXCLUDED"": ""实践,认识,人生价值,boost:人生价值""}}",future_baodian_intake,main_matrix_original
2025_昌平_二模,2025,昌平,二模,17,,question,B2_ECONOMICS,subjective,/Users/wanglifei/Desktop/2025模拟题/2025各区二模/2025昌平二模/试卷/试卷.pdf,paper,included,/Users/wanglifei/Desktop/北京高考政治/reports/必修二三与必修四文化_题源分类准备_20260617_1301/03_question_index/question_candidates.csv,"{""target"": ""B2_ECONOMICS"", ""target_score"": 33, ""boundary"": ""B1_EXCLUDED"", ""boundary_score"": 1, ""matches"": {""B2_ECONOMICS"": ""经济与社会,民营经济,民营企业,市场经济,高质量发展,营商环境,就业,经济增长,boost:经济与社会,boost:民营经济,boost:市场经济,boost:高质量发展"", ""B3_POLITICS_RULE_OF_LAW"": ""政府,公共服务"", ""B4_CULTURE"": ""文化"", ""B1_EXCLUDED"": ""改革开放""}}",future_baodian_intake,main_matrix_original
2025_昌平_二模,2025,昌平,二模,18,,question,B3_POLITICS_RULE_OF_LAW,subjective,/Users/wanglifei/Desktop/2025模拟题/2025各区二模/2025昌平二模/试卷/试卷.pdf,paper,included,/Users/wanglifei/Desktop/北京高考政治/reports/必修二三与必修四文化_题源分类准备_20260617_1301/03_question_index/question_candidates.csv,"{""target"": ""B3_POLITICS_RULE_OF_LAW"", ""target_score"": 17, ""boundary"": ""B4_PHILOSOPHY_EXCLUDED"", ""boundary_score"": 4, ""matches"": {""B3_POLITICS_RULE_OF_LAW"": ""政治与法治,党的领导,人民当家作主,人民代表大会,人大代表,基层群众自治,全过程人民民主,政府,民主决策,民主协商,boost:政治与法治,boost:党的领导"", ""B4_PHILOSOPHY_EXCLUDED"": ""实践,人民群众,boost:人民群众""}}",future_baodian_intake,main_matrix_original
2025_昌平_二模,2025,昌平,二模,19,,question,XB3_EXCLUDED,subjective,/Users/wanglifei/Desktop/2025模拟题/2025各区二模/2025昌平二模/试卷/试卷.pdf,paper,module-boundary-excluded,/Users/wanglifei/Desktop/北京高考政治/reports/必修二三与必修四文化_题源分类准备_20260617_1301/03_question_index/question_candidates.csv,"{""target"": ""B4_CULTURE"", ""target_score"": 5, ""boundary"": ""XB3_EXCLUDED"", ""boundary_score"": 11, ""matches"": {""B2_ECONOMICS"": ""消费"", ""B4_CULTURE"": ""文化,优秀传统文化,传统文化,boost:优秀传统文化,boost:传统文化"", ""XB3_EXCLUDED"": ""创新思维,聚合思维,逆向思维,迁移,想象,boost:创新思维,boost:聚合思维,boost:逆向思维,boost:迁移,boost:想象""}, ""explicit_boundary_modules"": {""XB3_EXCLUDED"": [""创新思维"", ""迁移"", ""想象""]}, ""override"": ""explicit_boundary_term""}",exclude_from_three_target_lines,main_matrix_original
2025_昌平_二模,2025,昌平,二模,2,,question,B4_PHILOSOPHY_EXCLUDED,objective,/Users/wanglifei/Desktop/2025模拟题/2025各区二模/2025昌平二模/试卷/试卷.pdf,paper,module-boundary-excluded,/Users/wanglifei/Desktop/北京高考政治/reports/必修二三与必修四文化_题源分类准备_20260617_1301/03_question_index/question_candidates.csv,"{""target"": ""B2_ECONOMICS"", ""target_score"": 0, ""boundary"": ""B4_PHILOSOPHY_EXCLUDED"", ""boundary_score"": 4, ""matches"": {""B4_PHILOSOPHY_EXCLUDED"": ""实践,真理,boost:真理""}}",exclude_from_three_target_lines,main_matrix_original
2025_昌平_二模,2025,昌平,二模,20,,question,XB2_EXCLUDED,subjective,/Users/wanglifei/Desktop/2025模拟题/2025各区二模/2025昌平二模/试卷/试卷.pdf,paper,module-boundary-excluded,/Users/wanglifei/Desktop/北京高考政治/reports/必修二三与必修四文化_题源分类准备_20260617_1301/03_question_index/question_candidates.csv,"{""target"": ""B3_POLITICS_RULE_OF_LAW"", ""target_score"": 9, ""boundary"": ""XB2_EXCLUDED"", ""boundary_score"": 13, ""matches"": {""B2_ECONOMICS"": ""消费"", ""B3_POLITICS_RULE_OF_LAW"": ""人大代表,政府,法院,全国人大,boost:人大代表,boost:全国人大"", ""XB2_EXCLUDED"": ""合同,侵权,诉讼,侵权责任,违约,boost:合同,boost:侵权,boost:诉讼,boost:侵权责任,boost:违约""}, ""explicit_boundary_modules"": {""XB2_EXCLUDED"": [""合同"", ""侵权"", ""诉讼""]}, ""override"": ""explicit_boundary_term""}",exclude_from_three_target_lines,main_matrix_original
2025_昌平_二模,2025,昌平,二模,21,,question,XB2_EXCLUDED,subjective,/Users/wanglifei/Desktop/2025模拟题/2025各区二模/2025昌平二模/试卷/试卷.pdf,paper,module-boundary-excluded,/Users/wanglifei/Desktop/北京高考政治/reports/必修二三与必修四文化_题源分类准备_20260617_1301/03_question_index/question_candidates.csv,"{""target"": ""B2_ECONOMICS"", ""target_score"": 7, ""boundary"": ""XB2_EXCLUDED"", ""boundary_score"": 3, ""matches"": {""B2_ECONOMICS"": ""市场经济,供给侧,营商环境,经济增长,boost:市场经济,boost:营商环境,boost:经济增长"", ""B3_POLITICS_RULE_OF_LAW"": ""党的领导,公共服务,boost:党的领导"", ""B4_CULTURE"": ""民族精神,boost:民族精神"", ""XB1_EXCLUDED"": ""对外开放"", ""XB2_EXCLUDED"": ""知识产权,boost:知识产权"", ""B1_EXCLUDED"": ""改革开放""}, ""explicit_boundary_modules"": {""XB2_EXCLUDED"": [""知识产权""]}, ""override"": ""explicit_boundary_term""}",exclude_from_three_target_lines,main_matrix_original
2025_昌平_二模,2025,昌平,二模,3,,question,XB3_EXCLUDED,objective,/Users/wanglifei/Desktop/2025模拟题/2025各区二模/2025昌平二模/试卷/试卷.pdf,paper,module-boundary-excluded,/Users/wanglifei/Desktop/北京高考政治/reports/必修二三与必修四文化_题源分类准备_20260617_1301/03_question_index/question_candidates.csv,"{""target"": ""B2_ECONOMICS"", ""target_score"": 0, ""boundary"": ""XB3_EXCLUDED"", ""boundary_score"": 4, ""matches"": {""B4_PHILOSOPHY_EXCLUDED"": ""矛盾,boost:矛盾"", ""XB3_EXCLUDED"": ""推理,归纳推理,boost:推理,boost:归纳推理""}, ""explicit_boundary_modules"": {""XB3_EXCLUDED"": [""推理""]}, ""override"": ""explicit_boundary_term""}",exclude_from_three_target_lines,main_matrix_original
2025_昌平_二模,2025,昌平,二模,4,,question,B4_PHILOSOPHY_EXCLUDED,objective,/Users/wanglifei/Desktop/2025模拟题/2025各区二模/2025昌平二模/试卷/试卷.pdf,paper,module-boundary-excluded,/Users/wanglifei/Desktop/北京高考政治/reports/必修二三与必修四文化_题源分类准备_20260617_1301/03_question_index/question_candidates.csv,"{""target"": ""B4_CULTURE"", ""target_score"": 1, ""boundary"": ""B4_PHILOSOPHY_EXCLUDED"", ""boundary_score"": 4, ""matches"": {""B4_CULTURE"": ""文艺"", ""B4_PHILOSOPHY_EXCLUDED"": ""价值判断,价值选择,boost:价值判断,boost:价值选择""}, ""explicit_boundary_modules"": {""B4_PHILOSOPHY_EXCLUDED"": [""价值判断"", ""价值选择""]}, ""override"": ""explicit_boundary_term""}",exclude_from_three_target_lines,main_matrix_original
2025_昌平_二模,2025,昌平,二模,5,,question,B4_CULTURE,objective,/Users/wanglifei/Desktop/2025模拟题/2025各区二模/2025昌平二模/试卷/试卷.pdf,paper,included,/Users/wanglifei/Desktop/北京高考政治/reports/必修二三与必修四文化_题源分类准备_20260617_1301/03_question_index/question_candidates.csv,"{""target"": ""B4_CULTURE"", ""target_score"": 5, ""boundary"": ""B4_PHILOSOPHY_EXCLUDED"", ""boundary_score"": 1, ""matches"": {""B4_CULTURE"": ""文化,传统文化,boost:传统文化"", ""B4_PHILOSOPHY_EXCLUDED"": ""实践""}}",future_baodian_intake,main_matrix_original
2025_昌平_二模,2025,昌平,二模,6,,question,B4_PHILOSOPHY_EXCLUDED,objective,/Users/wanglifei/Desktop/2025模拟题/2025各区二模/2025昌平二模/试卷/试卷.pdf,paper,module-boundary-excluded,/Users/wanglifei/Desktop/北京高考政治/reports/必修二三与必修四文化_题源分类准备_20260617_1301/03_question_index/question_candidates.csv,"{""target"": ""B2_ECONOMICS"", ""target_score"": 0, ""boundary"": ""B4_PHILOSOPHY_EXCLUDED"", ""boundary_score"": 5, ""matches"": {""B4_PHILOSOPHY_EXCLUDED"": ""认识,真理,boost:真理""}}",exclude_from_three_target_lines,main_matrix_original
2025_昌平_二模,2025,昌平,二模,7,,question,B3_POLITICS_RULE_OF_LAW,objective,/Users/wanglifei/Desktop/2025模拟题/2025各区二模/2025昌平二模/试卷/试卷.pdf,paper,included,05_reports/remaining_strong_cleanup_audit.csv,"{""rule_id"": ""REMAINING_B3_GRAIN_SECURITY_LAW_GOVERNMENT"", ""matched_terms"": ""粮食安全保障法,政府部门,法治体系,立法机关,协同治理"", ""source"": ""remaining_strong_cleanup_audit.csv"", ""prior_book_module"": ""UNKNOWN_OR_MIXED"", ""prior_status"": ""blocked""}",future_baodian_intake,remaining_strong_cleanup
2025_昌平_二模,2025,昌平,二模,8,,question,B2_ECONOMICS,objective,/Users/wanglifei/Desktop/2025模拟题/2025各区二模/2025昌平二模/试卷/试卷.pdf,paper,included,/Users/wanglifei/Desktop/北京高考政治/reports/必修二三与必修四文化_题源分类准备_20260617_1301/03_question_index/question_candidates.csv,"{""target"": ""B2_ECONOMICS"", ""target_score"": 2, ""boundary"": ""B4_PHILOSOPHY_EXCLUDED"", ""boundary_score"": 0, ""matches"": {""B2_ECONOMICS"": ""新质生产力,boost:新质生产力"", ""B3_POLITICS_RULE_OF_LAW"": ""政府"", ""B4_CULTURE"": ""非遗,boost:非遗""}}",future_baodian_intake,main_matrix_original
2025_昌平_二模,2025,昌平,二模,9,,question,B2_ECONOMICS,objective,/Users/wanglifei/Desktop/2025模拟题/2025各区二模/2025昌平二模/试卷/试卷.pdf,paper,included,/Users/wanglifei/Desktop/北京高考政治/reports/必修二三与必修四文化_题源分类准备_20260617_1301/03_question_index/question_candidates.csv,"{""target"": ""B2_ECONOMICS"", ""target_score"": 13, ""boundary"": ""B4_PHILOSOPHY_EXCLUDED"", ""boundary_score"": 0, ""matches"": {""B2_ECONOMICS"": ""财政,消费,市场主体,生产要素,经济增长,boost:财政,boost:生产要素,boost:经济增长""}}",future_baodian_intake,main_matrix_original
2025_朝阳_一模,2025,朝阳,一模,1,,question,B3_POLITICS_RULE_OF_LAW,objective,/Users/wanglifei/Desktop/2025模拟题/2025各区一模/2025朝阳一模/试卷/试卷.pdf,paper,included,/Users/wanglifei/Desktop/北京高考政治/reports/必修二三与必修四文化_题源分类准备_20260617_1301/03_question_index/question_candidates.csv,"{""target"": ""B3_POLITICS_RULE_OF_LAW"", ""target_score"": 3, ""boundary"": ""B1_EXCLUDED"", ""boundary_score"": 2, ""matches"": {""B3_POLITICS_RULE_OF_LAW"": ""中国共产党,boost:中国共产党"", ""B4_PHILOSOPHY_EXCLUDED"": ""认识"", ""B1_EXCLUDED"": ""中国特色社会主义""}}",future_baodian_intake,main_matrix_original
2025_朝阳_一模,2025,朝阳,一模,10,,question,XB2_EXCLUDED,objective,/Users/wanglifei/Desktop/2025模拟题/2025各区一模/2025朝阳一模/试卷/试卷.pdf,paper,module-boundary-excluded,/Users/wanglifei/Desktop/北京高考政治/reports/必修二三与必修四文化_题源分类准备_20260617_1301/03_question_index/question_candidates.csv,"{""target"": ""B3_POLITICS_RULE_OF_LAW"", ""target_score"": 3, ""boundary"": ""XB2_EXCLUDED"", ""boundary_score"": 3, ""matches"": {""B3_POLITICS_RULE_OF_LAW"": ""法院"", ""XB2_EXCLUDED"": ""侵权,赔偿,boost:侵权""}, ""explicit_boundary_modules"": {""XB2_EXCLUDED"": [""侵权""]}, ""override"": ""explicit_boundary_term""}",exclude_from_three_target_lines,main_matrix_original
2025_朝阳_一模,2025,朝阳,一模,11,,question,XB2_EXCLUDED,objective,/Users/wanglifei/Desktop/2025模拟题/2025各区一模/2025朝阳一模/试卷/试卷.pdf,paper,module-boundary-excluded,/Users/wanglifei/Desktop/北京高考政治/reports/必修二三与必修四文化_题源分类准备_20260617_1301/03_question_index/question_candidates.csv,"{""target"": ""B3_POLITICS_RULE_OF_LAW"", ""target_score"": 8, ""boundary"": ""XB2_EXCLUDED"", ""boundary_score"": 3, ""matches"": {""B3_POLITICS_RULE_OF_LAW"": ""检察,法院"", ""B4_CULTURE"": ""文旅,文物,boost:文旅,boost:文物"", ""XB2_EXCLUDED"": ""诉讼,boost:诉讼""}, ""explicit_boundary_modules"": {""XB2_EXCLUDED"": [""诉讼""]}, ""override"": ""explicit_boundary_term""}",exclude_from_three_target_lines,main_matrix_original
2025_朝阳_一模,2025,朝阳,一模,12,,question,B2_ECONOMICS,objective,/Users/wanglifei/Desktop/2025模拟题/2025各区一模/2025朝阳一模/试卷/试卷.pdf,paper,included,05_reports/strong_blocker_resolution_audit.csv,"{""rule_id"": ""STRONG_BLOCKER_B2_FOREST_ECONOMY_MARKET"", ""matched_terms"": ""林下经济,市场,经济价值,社会价值"", ""source"": ""strong_blocker_resolution_review.csv"", ""evidence_source_type"": ""paper"", ""prior_status"": ""blocked"", ""prior_next_action"": ""manual_review_needed""}",future_baodian_intake,strong_blocker_resolution
2025_朝阳_一模,2025,朝阳,一模,13,,question,B2_ECONOMICS,objective,/Users/wanglifei/Desktop/2025模拟题/2025各区一模/2025朝阳一模/试卷/试卷.pdf,paper,included,/Users/wanglifei/Desktop/北京高考政治/reports/必修二三与必修四文化_题源分类准备_20260617_1301/03_question_index/question_candidates.csv,"{""target"": ""B2_ECONOMICS"", ""target_score"": 5, ""boundary"": ""B4_PHILOSOPHY_EXCLUDED"", ""boundary_score"": 0, ""matches"": {""B2_ECONOMICS"": ""消费,就业,boost:就业"", ""B3_POLITICS_RULE_OF_LAW"": ""公共服务""}}",future_baodian_intake,main_matrix_original
2025_朝阳_一模,2025,朝阳,一模,14,,question,XB1_EXCLUDED,objective,/Users/wanglifei/Desktop/2025模拟题/2025各区一模/2025朝阳一模/试卷/试卷.pdf,paper,module-boundary-excluded,05_reports/strong_blocker_resolution_audit.csv,"{""rule_id"": ""STRONG_BLOCKER_XB1_FOREIGN_TRADE"", ""matched_terms"": ""贸易顺差,货物进出口,服务贸易,对外贸易"", ""source"": ""strong_blocker_resolution_review.csv"", ""evidence_source_type"": ""paper"", ""prior_status"": ""blocked"", ""prior_next_action"": ""manual_review_needed""}",exclude_from_three_target_lines,strong_blocker_resolution
2025_朝阳_一模,2025,朝阳,一模,15,,question,XB1_EXCLUDED,objective,/Users/wanglifei/Desktop/2025模拟题/2025各区一模/2025朝阳一模/试卷/试卷.pdf,paper,module-boundary-excluded,/Users/wanglifei/Desktop/北京高考政治/reports/必修二三与必修四文化_题源分类准备_20260617_1301/03_question_index/question_candidates.csv,"{""target"": ""B2_ECONOMICS"", ""target_score"": 0, ""boundary"": ""XB1_EXCLUDED"", ""boundary_score"": 8, ""matches"": {""B4_PHILOSOPHY_EXCLUDED"": ""矛盾,boost:矛盾"", ""XB1_EXCLUDED"": ""联合国,全球治理,boost:联合国,boost:全球治理""}, ""explicit_boundary_modules"": {""XB1_EXCLUDED"": [""联合国"", ""全球治理""]}, ""override"": ""explicit_boundary_term""}",exclude_from_three_target_lines,main_matrix_original
2025_朝阳_一模,2025,朝阳,一模,16,,question,B4_PHILOSOPHY_EXCLUDED,subjective,/Users/wanglifei/Desktop/2025模拟题/2025各区一模/2025朝阳一模/试卷/试卷.pdf,paper,module-boundary-excluded,/Users/wanglifei/Desktop/北京高考政治/reports/必修二三与必修四文化_题源分类准备_20260617_1301/03_question_index/question_candidates.csv,"{""target"": ""B4_CULTURE"", ""target_score"": 20, ""boundary"": ""B4_PHILOSOPHY_EXCLUDED"", ""boundary_score"": 7, ""matches"": {""B4_CULTURE"": ""文化,中华优秀传统文化,优秀传统文化,传统文化,文化传承,中华文明,boost:中华优秀传统文化,boost:优秀传统文化,boost:传统文化,boost:文化传承,boost:中华文明"", ""B4_PHILOSOPHY_EXCLUDED"": ""实践,社会存在,社会意识,人民群众,boost:社会存在,boost:社会意识,boost:人民群众""}, ""explicit_boundary_modules"": {""B4_PHILOSOPHY_EXCLUDED"": [""社会存在"", ""社会意识""]}, ""override"": ""explicit_boundary_term""}",exclude_from_three_target_lines,main_matrix_original
2025_朝阳_一模,2025,朝阳,一模,17(1),17,subquestion,XB3_EXCLUDED,subjective,/Users/wanglifei/Desktop/2025模拟题/2025各区一模/2025朝阳一模/试卷/试卷.pdf,paper,module-boundary-excluded,04_module_classification/subquestion_split_matrix.csv,"{""target"": ""B2_ECONOMICS"", ""target_score"": 0, ""boundary"": ""XB3_EXCLUDED"", ""boundary_score"": 4, ""matches"": {""XB3_EXCLUDED"": ""逻辑与思维,推理,boost:逻辑与思维,boost:推理""}, ""explicit_boundary_modules"": {""XB3_EXCLUDED"": [""逻辑与思维"", ""推理""]}, ""override"": ""explicit_boundary_term""}",exclude_from_three_target_lines,subquestion_integrated_boundary
2025_朝阳_一模,2025,朝阳,一模,17(2),17,subquestion,B2_ECONOMICS,subjective,/Users/wanglifei/Desktop/2025模拟题/2025各区一模/2025朝阳一模/试卷/试卷.pdf,paper,included,04_module_classification/subquestion_split_matrix.csv,"{""target"": ""B2_ECONOMICS"", ""target_score"": 2, ""boundary"": ""B4_PHILOSOPHY_EXCLUDED"", ""boundary_score"": 0, ""matches"": {""B2_ECONOMICS"": ""经济与社会,boost:经济与社会""}}",future_baodian_intake,subquestion_integrated_target
2025_朝阳_一模,2025,朝阳,一模,18,,question,B3_POLITICS_RULE_OF_LAW,subjective,/Users/wanglifei/Desktop/2025模拟题/2025各区一模/2025朝阳一模/试卷/试卷.pdf,paper,included,/Users/wanglifei/Desktop/北京高考政治/reports/必修二三与必修四文化_题源分类准备_20260617_1301/03_question_index/question_candidates.csv,"{""target"": ""B3_POLITICS_RULE_OF_LAW"", ""target_score"": 8, ""boundary"": ""B4_PHILOSOPHY_EXCLUDED"", ""boundary_score"": 0, ""matches"": {""B2_ECONOMICS"": ""基础设施"", ""B3_POLITICS_RULE_OF_LAW"": ""政治与法治,中国共产党,政府,社会治理,公共服务,boost:政治与法治,boost:中国共产党""}}",future_baodian_intake,main_matrix_original
2025_朝阳_一模,2025,朝阳,一模,19,,question,XB2_EXCLUDED,subjective,/Users/wanglifei/Desktop/2025模拟题/2025各区一模/2025朝阳一模/试卷/试卷.pdf,paper,module-boundary-excluded,/Users/wanglifei/Desktop/北京高考政治/reports/必修二三与必修四文化_题源分类准备_20260617_1301/03_question_index/question_candidates.csv,"{""target"": ""B2_ECONOMICS"", ""target_score"": 13, ""boundary"": ""XB2_EXCLUDED"", ""boundary_score"": 16, ""matches"": {""B2_ECONOMICS"": ""数字经济,消费,boost:数字经济"", ""B3_POLITICS_RULE_OF_LAW"": ""法院"", ""B4_CULTURE"": ""文化,文旅,boost:文旅"", ""XB2_EXCLUDED"": ""法律与生活,诉讼,消费者权益,赔偿,boost:法律与生活,boost:诉讼,boost:消费者权益""}, ""explicit_boundary_modules"": {""XB2_EXCLUDED"": [""法律与生活"", ""诉讼""]}, ""override"": ""explicit_boundary_term""}",exclude_from_three_target_lines,main_matrix_original
2025_朝阳_一模,2025,朝阳,一模,2,,question,XB3_EXCLUDED,objective,/Users/wanglifei/Desktop/2025模拟题/2025各区一模/2025朝阳一模/试卷/试卷.pdf,paper,module-boundary-excluded,/Users/wanglifei/Desktop/北京高考政治/reports/必修二三与必修四文化_题源分类准备_20260617_1301/03_question_index/question_candidates.csv,"{""target"": ""B4_CULTURE"", ""target_score"": 4, ""boundary"": ""XB3_EXCLUDED"", ""boundary_score"": 2, ""matches"": {""B2_ECONOMICS"": ""经济增长,boost:经济增长"", ""B3_POLITICS_RULE_OF_LAW"": ""宪法,boost:宪法"", ""B4_CULTURE"": ""社会主义核心价值观,博物馆,boost:社会主义核心价值观,boost:博物馆"", ""B4_PHILOSOPHY_EXCLUDED"": ""实践"", ""XB3_EXCLUDED"": ""充分条件,boost:充分条件""}, ""explicit_boundary_modules"": {""XB3_EXCLUDED"": [""充分条件""]}, ""override"": ""explicit_boundary_term""}",exclude_from_three_target_lines,main_matrix_original
2025_朝阳_一模,2025,朝阳,一模,20,,question,XB1_EXCLUDED,subjective,/Users/wanglifei/Desktop/2025模拟题/2025各区一模/2025朝阳一模/试卷/试卷.pdf,paper,module-boundary-excluded,/Users/wanglifei/Desktop/北京高考政治/reports/必修二三与必修四文化_题源分类准备_20260617_1301/03_question_index/question_candidates.csv,"{""target"": ""B2_ECONOMICS"", ""target_score"": 15, ""boundary"": ""XB1_EXCLUDED"", ""boundary_score"": 8, ""matches"": {""B2_ECONOMICS"": ""实体经济,产业链,供应链,boost:实体经济,boost:产业链,boost:供应链"", ""XB1_EXCLUDED"": ""当代国际政治与经济,中国外交,经济全球化,外交,boost:当代国际政治与经济,boost:中国外交,boost:经济全球化,boost:外交""}, ""explicit_boundary_modules"": {""XB1_EXCLUDED"": [""当代国际政治与经济"", ""经济全球化""]}, ""override"": ""explicit_boundary_term""}",exclude_from_three_target_lines,main_matrix_original
2025_朝阳_一模,2025,朝阳,一模,21,,question,B3_POLITICS_RULE_OF_LAW,subjective,/Users/wanglifei/Desktop/2025模拟题/2025各区一模/2025朝阳一模/试卷/试卷.pdf,paper,included,/Users/wanglifei/Desktop/北京高考政治/reports/必修二三与必修四文化_题源分类准备_20260617_1301/03_question_index/question_candidates.csv,"{""target"": ""B3_POLITICS_RULE_OF_LAW"", ""target_score"": 7, ""boundary"": ""B4_PHILOSOPHY_EXCLUDED"", ""boundary_score"": 5, ""matches"": {""B2_ECONOMICS"": ""就业,boost:就业"", ""B3_POLITICS_RULE_OF_LAW"": ""政治与法治,中国共产党,boost:政治与法治,boost:中国共产党"", ""B4_CULTURE"": ""文化"", ""B4_PHILOSOPHY_EXCLUDED"": ""人民群众,boost:人民群众"", ""B1_EXCLUDED"": ""中国特色社会主义""}}",future_baodian_intake,main_matrix_original
2025_朝阳_一模,2025,朝阳,一模,3,,question,XB3_EXCLUDED,objective,/Users/wanglifei/Desktop/2025模拟题/2025各区一模/2025朝阳一模/试卷/试卷.pdf,paper,module-boundary-excluded,/Users/wanglifei/Desktop/北京高考政治/reports/必修二三与必修四文化_题源分类准备_20260617_1301/03_question_index/question_candidates.csv,"{""target"": ""B2_ECONOMICS"", ""target_score"": 0, ""boundary"": ""XB3_EXCLUDED"", ""boundary_score"": 2, ""matches"": {""XB3_EXCLUDED"": ""分析与综合,boost:分析与综合""}, ""explicit_boundary_modules"": {""XB3_EXCLUDED"": [""分析与综合""]}, ""override"": ""explicit_boundary_term""}",exclude_from_three_target_lines,main_matrix_original
2025_朝阳_一模,2025,朝阳,一模,4,,question,B4_CULTURE,objective,/Users/wanglifei/Desktop/2025模拟题/2025各区一模/2025朝阳一模/试卷/试卷.pdf,paper,included,/Users/wanglifei/Desktop/北京高考政治/reports/必修二三与必修四文化_题源分类准备_20260617_1301/03_question_index/question_candidates.csv,"{""target"": ""B4_CULTURE"", ""target_score"": 3, ""boundary"": ""B4_PHILOSOPHY_EXCLUDED"", ""boundary_score"": 1, ""matches"": {""B4_CULTURE"": ""文化"", ""B4_PHILOSOPHY_EXCLUDED"": ""认识""}}",future_baodian_intake,main_matrix_original
2025_朝阳_一模,2025,朝阳,一模,5,,question,B4_PHILOSOPHY_EXCLUDED,objective,/Users/wanglifei/Desktop/2025模拟题/2025各区一模/2025朝阳一模/试卷/试卷.pdf,paper,module-boundary-excluded,/Users/wanglifei/Desktop/北京高考政治/reports/必修二三与必修四文化_题源分类准备_20260617_1301/03_question_index/question_candidates.csv,"{""target"": ""B2_ECONOMICS"", ""target_score"": 0, ""boundary"": ""B4_PHILOSOPHY_EXCLUDED"", ""boundary_score"": 2, ""matches"": {""B4_PHILOSOPHY_EXCLUDED"": ""认识"", ""XB3_EXCLUDED"": ""周延,boost:周延""}}",exclude_from_three_target_lines,main_matrix_original
2025_朝阳_一模,2025,朝阳,一模,6,,question,XB3_EXCLUDED,objective,/Users/wanglifei/Desktop/2025模拟题/2025各区一模/2025朝阳一模/试卷/试卷.pdf,paper,module-boundary-excluded,/Users/wanglifei/Desktop/北京高考政治/reports/必修二三与必修四文化_题源分类准备_20260617_1301/03_question_index/question_candidates.csv,"{""target"": ""B2_ECONOMICS"", ""target_score"": 0, ""boundary"": ""XB3_EXCLUDED"", ""boundary_score"": 2, ""matches"": {""XB3_EXCLUDED"": ""逻辑规则,boost:逻辑规则""}}",exclude_from_three_target_lines,main_matrix_original
2025_朝阳_一模,2025,朝阳,一模,7,,question,XB3_EXCLUDED,objective,/Users/wanglifei/Desktop/2025模拟题/2025各区一模/2025朝阳一模/试卷/试卷.pdf,paper,module-boundary-excluded,/Users/wanglifei/Desktop/北京高考政治/reports/必修二三与必修四文化_题源分类准备_20260617_1301/03_question_index/question_candidates.csv,"{""target"": ""B2_ECONOMICS"", ""target_score"": 0, ""boundary"": ""B4_PHILOSOPHY_EXCLUDED"", ""boundary_score"": 2, ""matches"": {""B4_PHILOSOPHY_EXCLUDED"": ""认识"", ""XB3_EXCLUDED"": ""创新思维,boost:创新思维""}, ""explicit_boundary_modules"": {""XB3_EXCLUDED"": [""创新思维""]}, ""override"": ""explicit_boundary_term""}",exclude_from_three_target_lines,main_matrix_original
2025_朝阳_一模,2025,朝阳,一模,8,,question,B3_POLITICS_RULE_OF_LAW,objective,/Users/wanglifei/Desktop/2025模拟题/2025各区一模/2025朝阳一模/试卷/试卷.pdf,paper,included,/Users/wanglifei/Desktop/北京高考政治/reports/必修二三与必修四文化_题源分类准备_20260617_1301/03_question_index/question_candidates.csv,"{""target"": ""B3_POLITICS_RULE_OF_LAW"", ""target_score"": 11, ""boundary"": ""B4_PHILOSOPHY_EXCLUDED"", ""boundary_score"": 0, ""matches"": {""B2_ECONOMICS"": ""高质量发展,boost:高质量发展"", ""B3_POLITICS_RULE_OF_LAW"": ""人大代表,政协,全国人大,boost:人大代表,boost:政协,boost:全国人大""}}",future_baodian_intake,main_matrix_original
2025_朝阳_一模,2025,朝阳,一模,9,,question,B3_POLITICS_RULE_OF_LAW,objective,/Users/wanglifei/Desktop/2025模拟题/2025各区一模/2025朝阳一模/试卷/试卷.pdf,paper,included,/Users/wanglifei/Desktop/北京高考政治/reports/必修二三与必修四文化_题源分类准备_20260617_1301/03_question_index/question_candidates.csv,"{""target"": ""B3_POLITICS_RULE_OF_LAW"", ""target_score"": 5, ""boundary"": ""B4_PHILOSOPHY_EXCLUDED"", ""boundary_score"": 0, ""matches"": {""B3_POLITICS_RULE_OF_LAW"": ""全国人大,全国人大常委会,人大常委会,boost:全国人大,boost:人大常委会""}}",future_baodian_intake,main_matrix_original
2025_朝阳_二模,2025,朝阳,二模,1,,question,B1_EXCLUDED,objective,/Users/wanglifei/Desktop/2025模拟题/2025各区二模/2025朝阳二模/试卷/试卷.pdf,paper,module-boundary-excluded,05_reports/prompt_resolution_audit.csv,"{""override"": ""strict_prompt_resolution"", ""rule_id"": ""B1_SOCIALISM_PROMPT"", ""matched_terms"": ""中国特色社会主义,改革开放"", ""prompt_source"": ""paper"", ""prompt"": ""为了实现中华民族伟大复兴,中国人民和无数仁人志士进行了一场场气壮山河的斗 争,谱写了一曲曲可歌可 泣的史诗。中国共产党领导人民浴血奋战 、百折不挠,创造了新民主主义革命的伟大成就 ;自力更生、发愤 图强,创造了社会主义革命和建设的伟大 成就;解放思想、锐意进取,创造了改革开放和社会主义现代化建设 的伟大成就;自信自强、守正创新,创造了新时代中国特色社会主义的伟大成就 。在实现中华民族伟大 复兴 的历史进程中 1反对帝国主义、封建主义、官僚资本主义始终是中国共产党面临的主要任务 2伟大的抗战精神,对中国人民取得反抗外敌入侵战争的胜利发挥了重要作用 3连续制定和实施五年计划、五年规划,推动了我国经济社会发展不断取得新成就 4党和国家在不同历史时期的奋斗目标,都服从服务于全面改革开放和依法治国 A.12 B.14 C.23 D.34"", ""previous_decision"": ""{\""target\"": \""B3_POLITICS_RULE_OF_LAW\"", \""target_score\"": 3, \""boundary\"": \""B1_EXCLUDED\"", \""boundary_score\"": 3, \""matches\"": {\""B3_POLITICS_RULE_OF_LAW\"": \""中国共产党,boost:中国共产党\"", \""B1_EXCLUDED\"": \""中国特色社会主义,改革开放\""}}""}",exclude_from_three_target_lines,prompt_resolved_from_main_matrix_original
2025_朝阳_二模,2025,朝阳,二模,10,,question,XB2_EXCLUDED,objective,/Users/wanglifei/Desktop/2025模拟题/2025各区二模/2025朝阳二模/试卷/试卷.pdf,paper,module-boundary-excluded,/Users/wanglifei/Desktop/北京高考政治/reports/必修二三与必修四文化_题源分类准备_20260617_1301/03_question_index/question_candidates.csv,"{""target"": ""B3_POLITICS_RULE_OF_LAW"", ""target_score"": 1, ""boundary"": ""XB2_EXCLUDED"", ""boundary_score"": 10, ""matches"": {""B3_POLITICS_RULE_OF_LAW"": ""法院"", ""XB2_EXCLUDED"": ""合同,举证,赔偿,违约,boost:合同,boost:举证,boost:违约""}, ""explicit_boundary_modules"": {""XB2_EXCLUDED"": [""合同""]}, ""override"": ""explicit_boundary_term""}",exclude_from_three_target_lines,main_matrix_original
2025_朝阳_二模,2025,朝阳,二模,11,,question,XB2_EXCLUDED,objective,/Users/wanglifei/Desktop/2025模拟题/2025各区二模/2025朝阳二模/试卷/试卷.pdf,paper,module-boundary-excluded,/Users/wanglifei/Desktop/北京高考政治/reports/必修二三与必修四文化_题源分类准备_20260617_1301/03_question_index/question_candidates.csv,"{""target"": ""B2_ECONOMICS"", ""target_score"": 0, ""boundary"": ""XB2_EXCLUDED"", ""boundary_score"": 5, ""matches"": {""XB2_EXCLUDED"": ""继承,所有权,boost:继承,boost:所有权""}, ""explicit_boundary_modules"": {""XB2_EXCLUDED"": [""所有权""]}, ""override"": ""explicit_boundary_term""}",exclude_from_three_target_lines,main_matrix_original
2025_朝阳_二模,2025,朝阳,二模,12,,question,B3_POLITICS_RULE_OF_LAW,objective,/Users/wanglifei/Desktop/2025模拟题/2025各区二模/2025朝阳二模/试卷/试卷.pdf,paper,included,/Users/wanglifei/Desktop/北京高考政治/reports/必修二三与必修四文化_题源分类准备_20260617_1301/03_question_index/question_candidates.csv,"{""target"": ""B3_POLITICS_RULE_OF_LAW"", ""target_score"": 3, ""boundary"": ""B4_PHILOSOPHY_EXCLUDED"", ""boundary_score"": 0, ""matches"": {""B3_POLITICS_RULE_OF_LAW"": ""政府""}}",future_baodian_intake,main_matrix_original
2025_朝阳_二模,2025,朝阳,二模,13,,question,B2_ECONOMICS,objective,/Users/wanglifei/Desktop/2025模拟题/2025各区二模/2025朝阳二模/试卷/试卷.pdf,paper,included,05_reports/strong_blocker_resolution_audit.csv,"{""rule_id"": ""STRONG_BLOCKER_B2_SOCIAL_CREDIT_MARKET"", ""matched_terms"": ""社会信用体系,市场主体,市场调节,企业融资"", ""source"": ""strong_blocker_resolution_review.csv"", ""evidence_source_type"": ""paper"", ""prior_status"": ""blocked"", ""prior_next_action"": ""manual_review_needed""}",future_baodian_intake,strong_blocker_resolution
2025_朝阳_二模,2025,朝阳,二模,14,,question,XB1_EXCLUDED,objective,/Users/wanglifei/Desktop/2025模拟题/2025各区二模/2025朝阳二模/试卷/试卷.pdf,paper,module-boundary-excluded,05_reports/prompt_resolution_audit.csv,"{""override"": ""strict_prompt_resolution"", ""rule_id"": ""XB1_INTERNATIONAL_PROMPT"", ""matched_terms"": ""关税"", ""prompt_source"": ""paper"", ""prompt"": ""近期,某知名跨国公司宣布将在北京建立第六个全球战略研发中心 ,13 家跨国公司地区总部、4 家外资研 发中心陆续落户上海浦东......中国吸引外资“磁吸力”强劲。下列能增强我国吸引外资“磁吸力”的是 A.将对外开放作为经济发展的立足点,稳外资工作蹄疾步稳 B.提升与国际高标准规则的兼容性,打造透明、多变、可预期的制度环境 C.扩大有序自主开放、拓宽外资企业融资渠道,保障外商投资合法权益 D.给予最不发达国家零关税待遇,提高非关税壁垒,承担共同发展主要责任"", ""previous_decision"": ""{\""target\"": \""B2_ECONOMICS\"", \""target_score\"": 0, \""boundary\"": \""XB1_EXCLUDED\"", \""boundary_score\"": 1, \""matches\"": {\""XB1_EXCLUDED\"": \""对外开放\""}}""}",exclude_from_three_target_lines,prompt_resolved_from_main_matrix_original
2025_朝阳_二模,2025,朝阳,二模,15,,question,XB1_EXCLUDED,objective,/Users/wanglifei/Desktop/2025模拟题/2025各区二模/2025朝阳二模/试卷/试卷.pdf,paper,module-boundary-excluded,/Users/wanglifei/Desktop/北京高考政治/reports/必修二三与必修四文化_题源分类准备_20260617_1301/03_question_index/question_candidates.csv,"{""target"": ""B3_POLITICS_RULE_OF_LAW"", ""target_score"": 1, ""boundary"": ""XB1_EXCLUDED"", ""boundary_score"": 2, ""matches"": {""B3_POLITICS_RULE_OF_LAW"": ""政府"", ""XB1_EXCLUDED"": ""国际组织,boost:国际组织""}, ""explicit_boundary_modules"": {""XB1_EXCLUDED"": [""国际组织""]}, ""override"": ""explicit_boundary_term""}",exclude_from_three_target_lines,main_matrix_original
2025_朝阳_二模,2025,朝阳,二模,16,,question,B4_CULTURE,subjective,/Users/wanglifei/Desktop/2025模拟题/2025各区二模/2025朝阳二模/试卷/试卷.pdf,paper,included,/Users/wanglifei/Desktop/北京高考政治/reports/必修二三与必修四文化_题源分类准备_20260617_1301/03_question_index/question_candidates.csv,"{""target"": ""B4_CULTURE"", ""target_score"": 4, ""boundary"": ""B4_PHILOSOPHY_EXCLUDED"", ""boundary_score"": 2, ""matches"": {""B4_CULTURE"": ""文化,文化传承,boost:文化传承"", ""B4_PHILOSOPHY_EXCLUDED"": ""实践,认识""}}",future_baodian_intake,main_matrix_original
2025_朝阳_二模,2025,朝阳,二模,17,,question,XB3_EXCLUDED,subjective,/Users/wanglifei/Desktop/2025模拟题/2025各区二模/2025朝阳二模/试卷/试卷.pdf,paper,module-boundary-excluded,/Users/wanglifei/Desktop/北京高考政治/reports/必修二三与必修四文化_题源分类准备_20260617_1301/03_question_index/question_candidates.csv,"{""target"": ""B2_ECONOMICS"", ""target_score"": 0, ""boundary"": ""XB3_EXCLUDED"", ""boundary_score"": 13, ""matches"": {""B4_PHILOSOPHY_EXCLUDED"": ""认识"", ""XB3_EXCLUDED"": ""逻辑与思维,推理,归纳推理,boost:逻辑与思维,boost:推理,boost:归纳推理""}, ""explicit_boundary_modules"": {""XB3_EXCLUDED"": [""逻辑与思维"", ""推理""]}, ""override"": ""explicit_boundary_term""}",exclude_from_three_target_lines,main_matrix_original
2025_朝阳_二模,2025,朝阳,二模,18,,question,B2_ECONOMICS,subjective,/Users/wanglifei/Desktop/2025模拟题/2025各区二模/2025朝阳二模/试卷/试卷.pdf,paper,included,05_reports/source_explicit_cleanup_audit.csv,"{""rule_id"": ""SOURCE_EXPLICIT_B2_SOCIAL_SECURITY_PROMPT"", ""matched_terms"": ""运用《经济与社会》知识,社会保障,医保,个人养老金,劳动者社保"", ""source"": ""source_explicit_cleanup_audit.csv"", ""prior_book_module"": ""UNKNOWN_OR_MIXED"", ""prior_status"": ""blocked""}",future_baodian_intake,source_explicit_cleanup
2025_朝阳_二模,2025,朝阳,二模,19,,question,B3_POLITICS_RULE_OF_LAW,subjective,/Users/wanglifei/Desktop/2025模拟题/2025各区二模/2025朝阳二模/试卷/试卷.pdf,paper,included,/Users/wanglifei/Desktop/北京高考政治/reports/必修二三与必修四文化_题源分类准备_20260617_1301/03_question_index/question_candidates.csv,"{""target"": ""B3_POLITICS_RULE_OF_LAW"", ""target_score"": 12, ""boundary"": ""B4_PHILOSOPHY_EXCLUDED"", ""boundary_score"": 0, ""matches"": {""B3_POLITICS_RULE_OF_LAW"": ""政治与法治,中国共产党,法治社会,国家治理,社会治理,boost:政治与法治,boost:中国共产党,boost:法治社会,boost:国家治理""}}",future_baodian_intake,main_matrix_original
2025_朝阳_二模,2025,朝阳,二模,2,,question,B4_PHILOSOPHY_EXCLUDED,objective,/Users/wanglifei/Desktop/2025模拟题/2025各区二模/2025朝阳二模/试卷/试卷.pdf,paper,module-boundary-excluded,/Users/wanglifei/Desktop/北京高考政治/reports/必修二三与必修四文化_题源分类准备_20260617_1301/03_question_index/question_candidates.csv,"{""target"": ""B2_ECONOMICS"", ""target_score"": 0, ""boundary"": ""B4_PHILOSOPHY_EXCLUDED"", ""boundary_score"": 2, ""matches"": {""B4_PHILOSOPHY_EXCLUDED"": ""矛盾,boost:矛盾""}}",exclude_from_three_target_lines,main_matrix_original
2025_朝阳_二模,2025,朝阳,二模,20,,question,XB2_EXCLUDED,subjective,/Users/wanglifei/Desktop/2025模拟题/2025各区二模/2025朝阳二模/试卷/试卷.pdf,paper,module-boundary-excluded,/Users/wanglifei/Desktop/北京高考政治/reports/必修二三与必修四文化_题源分类准备_20260617_1301/03_question_index/question_candidates.csv,"{""target"": ""B2_ECONOMICS"", ""target_score"": 0, ""boundary"": ""XB2_EXCLUDED"", ""boundary_score"": 15, ""matches"": {""XB2_EXCLUDED"": ""法律与生活,民法典,侵权,调解,相邻关系,侵权责任,所有权,boost:法律与生活,boost:民法典,boost:侵权,boost:调解,boost:相邻关系""}, ""explicit_boundary_modules"": {""XB2_EXCLUDED"": [""法律与生活"", ""民法典"", ""侵权"", ""所有权""]}, ""override"": ""explicit_boundary_term""}",exclude_from_three_target_lines,main_matrix_original
2025_朝阳_二模,2025,朝阳,二模,21,,question,XB1_EXCLUDED,subjective,/Users/wanglifei/Desktop/2025模拟题/2025各区二模/2025朝阳二模/试卷/补充材料/扫描全能王 2025-05-13 21.42.pdf | /Users/wanglifei/Desktop/2025模拟题/2025各区二模/2025朝阳二模/试卷/试卷.pdf,paper,module-boundary-excluded,05_reports/source_explicit_cleanup_audit.csv,"{""rule_id"": ""SOURCE_EXPLICIT_XB1_NEIGHBORHOOD_DIPLOMACY_PROMPT"", ""matched_terms"": ""运用《当代国际政治与经济》知识,周边工作,周边命运共同体,元首外交"", ""source"": ""source_explicit_cleanup_audit.csv"", ""prior_book_module"": ""UNKNOWN_OR_MIXED"", ""prior_status"": ""blocked""}",exclude_from_three_target_lines,source_explicit_cleanup
2025_朝阳_二模,2025,朝阳,二模,3,,question,B4_CULTURE,objective,/Users/wanglifei/Desktop/2025模拟题/2025各区二模/2025朝阳二模/试卷/试卷.pdf,paper,included,/Users/wanglifei/Desktop/北京高考政治/reports/必修二三与必修四文化_题源分类准备_20260617_1301/03_question_index/question_candidates.csv,"{""target"": ""B4_CULTURE"", ""target_score"": 7, ""boundary"": ""B4_PHILOSOPHY_EXCLUDED"", ""boundary_score"": 4, ""matches"": {""B4_CULTURE"": ""文化,传统文化,文物,boost:传统文化,boost:文物"", ""B4_PHILOSOPHY_EXCLUDED"": ""实践,认识""}}",future_baodian_intake,main_matrix_original
2025_朝阳_二模,2025,朝阳,二模,4,,question,B4_CULTURE,objective,/Users/wanglifei/Desktop/2025模拟题/2025各区二模/2025朝阳二模/试卷/试卷.pdf,paper,included,/Users/wanglifei/Desktop/北京高考政治/reports/必修二三与必修四文化_题源分类准备_20260617_1301/03_question_index/question_candidates.csv,"{""target"": ""B4_CULTURE"", ""target_score"": 3, ""boundary"": ""B4_PHILOSOPHY_EXCLUDED"", ""boundary_score"": 1, ""matches"": {""B4_CULTURE"": ""文化,文化基因,boost:文化基因"", ""B4_PHILOSOPHY_EXCLUDED"": ""实践""}}",future_baodian_intake,main_matrix_original
2025_朝阳_二模,2025,朝阳,二模,5,,question,XB3_EXCLUDED,objective,/Users/wanglifei/Desktop/2025模拟题/2025各区二模/2025朝阳二模/试卷/试卷.pdf,paper,module-boundary-excluded,05_reports/strong_blocker_resolution_audit.csv,"{""rule_id"": ""STRONG_BLOCKER_XB3_CONCEPT_RELATIONS"", ""matched_terms"": ""种属关系,全异关系,交叉关系,循环定义"", ""source"": ""strong_blocker_resolution_review.csv"", ""evidence_source_type"": ""paper"", ""prior_status"": ""blocked"", ""prior_next_action"": ""manual_review_needed""}",exclude_from_three_target_lines,strong_blocker_resolution
2025_朝阳_二模,2025,朝阳,二模,6,,question,XB3_EXCLUDED,objective,/Users/wanglifei/Desktop/2025模拟题/2025各区二模/2025朝阳二模/试卷/试卷.pdf,paper,module-boundary-excluded,05_reports/strong_blocker_resolution_audit.csv,"{""rule_id"": ""STRONG_BLOCKER_XB3_CONDITIONAL_REASONING"", ""matched_terms"": ""判断,如果,要么,推断"", ""source"": ""strong_blocker_resolution_review.csv"", ""evidence_source_type"": ""paper"", ""prior_status"": ""blocked"", ""prior_next_action"": ""manual_review_needed""}",exclude_from_three_target_lines,strong_blocker_resolution
2025_朝阳_二模,2025,朝阳,二模,7,,question,XB3_EXCLUDED,objective,/Users/wanglifei/Desktop/2025模拟题/2025各区二模/2025朝阳二模/试卷/试卷.pdf,paper,module-boundary-excluded,/Users/wanglifei/Desktop/北京高考政治/reports/必修二三与必修四文化_题源分类准备_20260617_1301/03_question_index/question_candidates.csv,"{""target"": ""B2_ECONOMICS"", ""target_score"": 0, ""boundary"": ""XB3_EXCLUDED"", ""boundary_score"": 11, ""matches"": {""XB3_EXCLUDED"": ""辩证思维,逆向思维,推理,类比推理,演绎推理,boost:辩证思维,boost:逆向思维,boost:推理,boost:类比推理,boost:演绎推理""}, ""explicit_boundary_modules"": {""XB3_EXCLUDED"": [""辩证思维"", ""推理""]}, ""override"": ""explicit_boundary_term""}",exclude_from_three_target_lines,main_matrix_original
2025_朝阳_二模,2025,朝阳,二模,8,,question,B3_POLITICS_RULE_OF_LAW,objective,/Users/wanglifei/Desktop/2025模拟题/2025各区二模/2025朝阳二模/试卷/试卷.pdf,paper,included,/Users/wanglifei/Desktop/北京高考政治/reports/必修二三与必修四文化_题源分类准备_20260617_1301/03_question_index/question_candidates.csv,"{""target"": ""B3_POLITICS_RULE_OF_LAW"", ""target_score"": 3, ""boundary"": ""XB2_EXCLUDED"", ""boundary_score"": 2, ""matches"": {""B3_POLITICS_RULE_OF_LAW"": ""中国共产党,全面从严治党,boost:中国共产党"", ""XB2_EXCLUDED"": ""继承,boost:继承""}}",future_baodian_intake,main_matrix_original
2025_朝阳_二模,2025,朝阳,二模,9,,question,B3_POLITICS_RULE_OF_LAW,objective,/Users/wanglifei/Desktop/2025模拟题/2025各区二模/2025朝阳二模/试卷/试卷.pdf,paper,included,05_reports/strong_blocker_resolution_audit.csv,"{""rule_id"": ""STRONG_BLOCKER_B3_DEMOCRACY_PUBLIC_PARTICIPATION"", ""matched_terms"": ""中国式民主,人民意愿,民声促民生,民主参与"", ""source"": ""strong_blocker_resolution_review.csv"", ""evidence_source_type"": ""paper"", ""prior_status"": ""blocked"", ""prior_next_action"": ""manual_review_needed""}",future_baodian_intake,strong_blocker_resolution
2025_朝阳_期末,2025,朝阳,期末,1,,question,XB2_EXCLUDED,objective,/Users/wanglifei/Desktop/2025模拟题/2025各区期末/2025朝阳期末/其他材料/朝阳高三期末2025.pptx | /Users/wanglifei/Desktop/2025模拟题/2025各区期末/2025朝阳期末/试卷/试卷.pdf,paper,module-boundary-excluded,/Users/wanglifei/Desktop/北京高考政治/reports/必修二三与必修四文化_题源分类准备_20260617_1301/03_question_index/question_candidates.csv,"{""target"": ""B3_POLITICS_RULE_OF_LAW"", ""target_score"": 5, ""boundary"": ""XB2_EXCLUDED"", ""boundary_score"": 26, ""matches"": {""B2_ECONOMICS"": ""消费"", ""B3_POLITICS_RULE_OF_LAW"": ""中国共产党,boost:中国共产党"", ""XB2_EXCLUDED"": ""民法典,合同,侵权,知识产权,消费者权益,民事,民事行为能力,侵权责任,赔偿,违约,专利,健康权"", ""B1_EXCLUDED"": ""中国特色社会主义,改革开放""}, ""explicit_boundary_modules"": {""XB2_EXCLUDED"": [""民法典"", ""合同"", ""侵权"", ""知识产权"", ""民事"", ""专利""]}, ""override"": ""explicit_boundary_term""}",exclude_from_three_target_lines,main_matrix_original
2025_朝阳_期末,2025,朝阳,期末,10,,question,XB2_EXCLUDED,objective,/Users/wanglifei/Desktop/2025模拟题/2025各区期末/2025朝阳期末/其他材料/朝阳高三期末2025.pptx | /Users/wanglifei/Desktop/2025模拟题/2025各区期末/2025朝阳期末/试卷/试卷.pdf,paper,module-boundary-excluded,/Users/wanglifei/Desktop/北京高考政治/reports/必修二三与必修四文化_题源分类准备_20260617_1301/03_question_index/question_candidates.csv,"{""target"": ""B3_POLITICS_RULE_OF_LAW"", ""target_score"": 4, ""boundary"": ""XB2_EXCLUDED"", ""boundary_score"": 18, ""matches"": {""B3_POLITICS_RULE_OF_LAW"": ""法院"", ""XB2_EXCLUDED"": ""侵权,诉讼,物权,举证,民事,民事诉讼,boost:侵权,boost:诉讼,boost:物权,boost:举证,boost:民事,boost:民事诉讼""}, ""explicit_boundary_modules"": {""XB2_EXCLUDED"": [""侵权"", ""诉讼"", ""民事"", ""物权""]}, ""override"": ""explicit_boundary_term""}",exclude_from_three_target_lines,main_matrix_original
2025_朝阳_期末,2025,朝阳,期末,11,,question,XB2_EXCLUDED,objective,/Users/wanglifei/Desktop/2025模拟题/2025各区期末/2025朝阳期末/其他材料/朝阳高三期末2025.pptx | /Users/wanglifei/Desktop/2025模拟题/2025各区期末/2025朝阳期末/试卷/试卷.pdf,paper,module-boundary-excluded,/Users/wanglifei/Desktop/北京高考政治/reports/必修二三与必修四文化_题源分类准备_20260617_1301/03_question_index/question_candidates.csv,"{""target"": ""B3_POLITICS_RULE_OF_LAW"", ""target_score"": 4, ""boundary"": ""XB2_EXCLUDED"", ""boundary_score"": 11, ""matches"": {""B2_ECONOMICS"": ""劳动者"", ""B3_POLITICS_RULE_OF_LAW"": ""政府,法院"", ""XB2_EXCLUDED"": ""诉讼,仲裁,违约,boost:诉讼,boost:仲裁,boost:违约""}, ""explicit_boundary_modules"": {""XB2_EXCLUDED"": [""诉讼""]}, ""override"": ""explicit_boundary_term""}",exclude_from_three_target_lines,main_matrix_original
2025_朝阳_期末,2025,朝阳,期末,12,,question,B2_ECONOMICS,objective,/Users/wanglifei/Desktop/2025模拟题/2025各区期末/2025朝阳期末/其他材料/朝阳高三期末2025.pptx | /Users/wanglifei/Desktop/2025模拟题/2025各区期末/2025朝阳期末/试卷/试卷.pdf,paper,included,/Users/wanglifei/Desktop/北京高考政治/reports/必修二三与必修四文化_题源分类准备_20260617_1301/03_question_index/question_candidates.csv,"{""target"": ""B2_ECONOMICS"", ""target_score"": 10, ""boundary"": ""B4_PHILOSOPHY_EXCLUDED"", ""boundary_score"": 0, ""matches"": {""B2_ECONOMICS"": ""产业链,供应链,boost:产业链,boost:供应链""}}",future_baodian_intake,main_matrix_original
2025_朝阳_期末,2025,朝阳,期末,13,,question,B3_POLITICS_RULE_OF_LAW,objective,/Users/wanglifei/Desktop/2025模拟题/2025各区期末/2025朝阳期末/其他材料/朝阳高三期末2025.pptx | /Users/wanglifei/Desktop/2025模拟题/2025各区期末/2025朝阳期末/试卷/试卷.pdf,paper,included,/Users/wanglifei/Desktop/北京高考政治/reports/必修二三与必修四文化_题源分类准备_20260617_1301/03_question_index/question_candidates.csv,"{""target"": ""B3_POLITICS_RULE_OF_LAW"", ""target_score"": 6, ""boundary"": ""B4_PHILOSOPHY_EXCLUDED"", ""boundary_score"": 0, ""matches"": {""B2_ECONOMICS"": ""社会保障,boost:社会保障"", ""B3_POLITICS_RULE_OF_LAW"": ""公共服务"", ""B4_CULTURE"": ""博物馆,boost:博物馆""}}",future_baodian_intake,main_matrix_original
2025_朝阳_期末,2025,朝阳,期末,14,,question,B3_POLITICS_RULE_OF_LAW,objective,/Users/wanglifei/Desktop/2025模拟题/2025各区期末/2025朝阳期末/其他材料/朝阳高三期末2025.pptx | /Users/wanglifei/Desktop/2025模拟题/2025各区期末/2025朝阳期末/试卷/试卷.pdf,paper,included,/Users/wanglifei/Desktop/北京高考政治/reports/必修二三与必修四文化_题源分类准备_20260617_1301/03_question_index/question_candidates.csv,"{""target"": ""B3_POLITICS_RULE_OF_LAW"", ""target_score"": 4, ""boundary"": ""B4_PHILOSOPHY_EXCLUDED"", ""boundary_score"": 0, ""matches"": {""B3_POLITICS_RULE_OF_LAW"": ""政府"", ""B4_CULTURE"": ""文化""}}",future_baodian_intake,main_matrix_original
2025_朝阳_期末,2025,朝阳,期末,15,,question,XB1_EXCLUDED,objective,/Users/wanglifei/Desktop/2025模拟题/2025各区期末/2025朝阳期末/其他材料/朝阳高三期末2025.pptx | /Users/wanglifei/Desktop/2025模拟题/2025各区期末/2025朝阳期末/试卷/试卷.pdf,paper,module-boundary-excluded,/Users/wanglifei/Desktop/北京高考政治/reports/必修二三与必修四文化_题源分类准备_20260617_1301/03_question_index/question_candidates.csv,"{""target"": ""B2_ECONOMICS"", ""target_score"": 7, ""boundary"": ""XB1_EXCLUDED"", ""boundary_score"": 3, ""matches"": {""B2_ECONOMICS"": ""消费,营商环境,boost:营商环境"", ""XB1_EXCLUDED"": ""经济全球化,boost:经济全球化"", ""B1_EXCLUDED"": ""改革开放""}, ""explicit_boundary_modules"": {""XB1_EXCLUDED"": [""经济全球化""]}, ""override"": ""explicit_boundary_term""}",exclude_from_three_target_lines,main_matrix_original
2025_朝阳_期末,2025,朝阳,期末,16,,question,XB1_EXCLUDED,subjective,/Users/wanglifei/Desktop/2025模拟题/2025各区期末/2025朝阳期末/其他材料/朝阳高三期末2025.pptx | /Users/wanglifei/Desktop/2025模拟题/2025各区期末/2025朝阳期末/试卷/试卷.pdf,paper,module-boundary-excluded,/Users/wanglifei/Desktop/北京高考政治/reports/必修二三与必修四文化_题源分类准备_20260617_1301/03_question_index/question_candidates.csv,"{""target"": ""B4_CULTURE"", ""target_score"": 93, ""boundary"": ""B4_PHILOSOPHY_EXCLUDED"", ""boundary_score"": 7, ""matches"": {""B4_CULTURE"": ""文化,文化载体,中华优秀传统文化,优秀传统文化,传统文化,创造性转化,创新性发展,文化传承,文化创新,文化自信,文化遗产,中华文明"", ""B4_PHILOSOPHY_EXCLUDED"": ""实践,认识,主观能动性,尊重客观规律,boost:尊重客观规律"", ""XB1_EXCLUDED"": ""联合国,boost:联合国"", ""XB2_EXCLUDED"": ""继承,boost:继承""}, ""explicit_boundary_modules"": {""XB1_EXCLUDED"": [""联合国""]}, ""override"": ""explicit_boundary_term""}",exclude_from_three_target_lines,main_matrix_original
2025_朝阳_期末,2025,朝阳,期末,17,,question,B3_POLITICS_RULE_OF_LAW,subjective,/Users/wanglifei/Desktop/2025模拟题/2025各区期末/2025朝阳期末/其他材料/朝阳高三期末2025.pptx | /Users/wanglifei/Desktop/2025模拟题/2025各区期末/2025朝阳期末/试卷/试卷.pdf,paper,included,05_reports/source_explicit_cleanup_audit.csv,"{""rule_id"": ""SOURCE_EXPLICIT_B3_PEOPLE_DEMOCRACY_PROMPT"", ""matched_terms"": ""运用《政治与法治》知识,人民民主,基层立法联系点,政协,基层群众自治"", ""source"": ""source_explicit_cleanup_audit.csv"", ""prior_book_module"": ""UNKNOWN_OR_MIXED"", ""prior_status"": ""blocked""}",future_baodian_intake,source_explicit_cleanup
2025_朝阳_期末,2025,朝阳,期末,18,,question,B2_ECONOMICS,subjective,/Users/wanglifei/Desktop/2025模拟题/2025各区期末/2025朝阳期末/其他材料/朝阳高三期末2025.pptx | /Users/wanglifei/Desktop/2025模拟题/2025各区期末/2025朝阳期末/试卷/试卷.pdf,paper,included,/Users/wanglifei/Desktop/北京高考政治/reports/必修二三与必修四文化_题源分类准备_20260617_1301/03_question_index/question_candidates.csv,"{""target"": ""B2_ECONOMICS"", ""target_score"": 81, ""boundary"": ""XB2_EXCLUDED"", ""boundary_score"": 2, ""matches"": {""B2_ECONOMICS"": ""经济与社会,宏观调控,经济职能,高质量发展,新质生产力,供给侧,收入分配,社会保障,消费,就业,居民收入,boost:经济与社会"", ""B3_POLITICS_RULE_OF_LAW"": ""政府"", ""B4_CULTURE"": ""文旅,boost:文旅"", ""XB2_EXCLUDED"": ""消费者权益,boost:消费者权益""}}",future_baodian_intake,main_matrix_original
2025_朝阳_期末,2025,朝阳,期末,19,,question,XB3_EXCLUDED,subjective,/Users/wanglifei/Desktop/2025模拟题/2025各区期末/2025朝阳期末/其他材料/朝阳高三期末2025.pptx | /Users/wanglifei/Desktop/2025模拟题/2025各区期末/2025朝阳期末/试卷/试卷.pdf,paper,module-boundary-excluded,/Users/wanglifei/Desktop/北京高考政治/reports/必修二三与必修四文化_题源分类准备_20260617_1301/03_question_index/question_candidates.csv,"{""target"": ""B2_ECONOMICS"", ""target_score"": 0, ""boundary"": ""XB3_EXCLUDED"", ""boundary_score"": 16, ""matches"": {""B4_PHILOSOPHY_EXCLUDED"": ""矛盾,boost:矛盾"", ""XB3_EXCLUDED"": ""逻辑与思维,推理,三段论,boost:逻辑与思维,boost:推理,boost:三段论""}, ""explicit_boundary_modules"": {""XB3_EXCLUDED"": [""逻辑与思维"", ""三段论"", ""推理""]}, ""override"": ""explicit_boundary_term""}",exclude_from_three_target_lines,main_matrix_original
2025_朝阳_期末,2025,朝阳,期末,2,,question,B4_CULTURE,objective,/Users/wanglifei/Desktop/2025模拟题/2025各区期末/2025朝阳期末/其他材料/朝阳高三期末2025.pptx | /Users/wanglifei/Desktop/2025模拟题/2025各区期末/2025朝阳期末/试卷/试卷.pdf,paper,included,/Users/wanglifei/Desktop/北京高考政治/reports/必修二三与必修四文化_题源分类准备_20260617_1301/03_question_index/question_candidates.csv,"{""target"": ""B4_CULTURE"", ""target_score"": 7, ""boundary"": ""XB2_EXCLUDED"", ""boundary_score"": 3, ""matches"": {""B3_POLITICS_RULE_OF_LAW"": ""政府,公共服务"", ""B4_CULTURE"": ""文化,传统文化,boost:传统文化"", ""XB2_EXCLUDED"": ""继承,boost:继承""}}",future_baodian_intake,main_matrix_original
2025_朝阳_期末,2025,朝阳,期末,20,,question,XB2_EXCLUDED,subjective,/Users/wanglifei/Desktop/2025模拟题/2025各区期末/2025朝阳期末/其他材料/朝阳高三期末2025.pptx | /Users/wanglifei/Desktop/2025模拟题/2025各区期末/2025朝阳期末/试卷/试卷.pdf,paper,module-boundary-excluded,/Users/wanglifei/Desktop/北京高考政治/reports/必修二三与必修四文化_题源分类准备_20260617_1301/03_question_index/question_candidates.csv,"{""target"": ""B3_POLITICS_RULE_OF_LAW"", ""target_score"": 10, ""boundary"": ""XB2_EXCLUDED"", ""boundary_score"": 13, ""matches"": {""B3_POLITICS_RULE_OF_LAW"": ""公正司法,法院,boost:公正司法"", ""XB2_EXCLUDED"": ""侵权,诉讼,侵权责任,赔偿,boost:侵权,boost:诉讼,boost:侵权责任""}, ""explicit_boundary_modules"": {""XB2_EXCLUDED"": [""侵权"", ""诉讼""]}, ""override"": ""explicit_boundary_term""}",exclude_from_three_target_lines,main_matrix_original
2025_朝阳_期末,2025,朝阳,期末,21,,question,XB1_EXCLUDED,subjective,/Users/wanglifei/Desktop/2025模拟题/2025各区期末/2025朝阳期末/其他材料/朝阳高三期末2025.pptx | /Users/wanglifei/Desktop/2025模拟题/2025各区期末/2025朝阳期末/试卷/试卷.pdf,paper,module-boundary-excluded,/Users/wanglifei/Desktop/北京高考政治/reports/必修二三与必修四文化_题源分类准备_20260617_1301/03_question_index/question_candidates.csv,"{""target"": ""B4_CULTURE"", ""target_score"": 6, ""boundary"": ""XB1_EXCLUDED"", ""boundary_score"": 34, ""matches"": {""B3_POLITICS_RULE_OF_LAW"": ""中国共产党,boost:中国共产党"", ""B4_CULTURE"": ""文化,文化自信,boost:文化自信"", ""B4_PHILOSOPHY_EXCLUDED"": ""实践,认识,真理,boost:真理"", ""XB1_EXCLUDED"": ""当代国际政治与经济,国际关系,联合国,全球治理,世界多极化,经济全球化,和平与发展,人类命运共同体,外交,对外开放,boost:当代国际政治与经济,boost:国际关系"", ""B1_EXCLUDED"": ""中国特色社会主义""}, ""explicit_boundary_modules"": {""XB1_EXCLUDED"": [""当代国际政治与经济"", ""经济全球化"", ""世界多极化"", ""国际关系"", ""联合国"", ""全球治理"", ""人类命运共同体""]}, ""override"": ""explicit_boundary_term""}",exclude_from_three_target_lines,main_matrix_original
2025_朝阳_期末,2025,朝阳,期末,3,,question,B2_ECONOMICS,objective,/Users/wanglifei/Desktop/2025模拟题/2025各区期末/2025朝阳期末/其他材料/朝阳高三期末2025.pptx | /Users/wanglifei/Desktop/2025模拟题/2025各区期末/2025朝阳期末/试卷/试卷.pdf,paper,included,/Users/wanglifei/Desktop/北京高考政治/reports/必修二三与必修四文化_题源分类准备_20260617_1301/03_question_index/question_candidates.csv,"{""target"": ""B2_ECONOMICS"", ""target_score"": 5, ""boundary"": ""B4_PHILOSOPHY_EXCLUDED"", ""boundary_score"": 0, ""matches"": {""B2_ECONOMICS"": ""数字经济,消费,boost:数字经济"", ""B4_CULTURE"": ""社会主义核心价值观,boost:社会主义核心价值观""}}",future_baodian_intake,main_matrix_original
2025_朝阳_期末,2025,朝阳,期末,4,,question,B4_CULTURE,objective,/Users/wanglifei/Desktop/2025模拟题/2025各区期末/2025朝阳期末/其他材料/朝阳高三期末2025.pptx | /Users/wanglifei/Desktop/2025模拟题/2025各区期末/2025朝阳期末/试卷/试卷.pdf,paper,included,/Users/wanglifei/Desktop/北京高考政治/reports/必修二三与必修四文化_题源分类准备_20260617_1301/03_question_index/question_candidates.csv,"{""target"": ""B4_CULTURE"", ""target_score"": 20, ""boundary"": ""B4_PHILOSOPHY_EXCLUDED"", ""boundary_score"": 0, ""matches"": {""B2_ECONOMICS"": ""就业,boost:就业"", ""B3_POLITICS_RULE_OF_LAW"": ""政府"", ""B4_CULTURE"": ""文化,文化自信,文旅,boost:文化自信,boost:文旅""}}",future_baodian_intake,main_matrix_original
2025_朝阳_期末,2025,朝阳,期末,5,,question,B4_CULTURE,objective,/Users/wanglifei/Desktop/2025模拟题/2025各区期末/2025朝阳期末/其他材料/朝阳高三期末2025.pptx | /Users/wanglifei/Desktop/2025模拟题/2025各区期末/2025朝阳期末/试卷/试卷.pdf,paper,included,/Users/wanglifei/Desktop/北京高考政治/reports/必修二三与必修四文化_题源分类准备_20260617_1301/03_question_index/question_candidates.csv,"{""target"": ""B4_CULTURE"", ""target_score"": 2, ""boundary"": ""B4_PHILOSOPHY_EXCLUDED"", ""boundary_score"": 0, ""matches"": {""B4_CULTURE"": ""文化""}}",future_baodian_intake,main_matrix_original
2025_朝阳_期末,2025,朝阳,期末,6,,question,XB3_EXCLUDED,objective,/Users/wanglifei/Desktop/2025模拟题/2025各区期末/2025朝阳期末/其他材料/朝阳高三期末2025.pptx | /Users/wanglifei/Desktop/2025模拟题/2025各区期末/2025朝阳期末/试卷/试卷.pdf,paper,module-boundary-excluded,/Users/wanglifei/Desktop/北京高考政治/reports/必修二三与必修四文化_题源分类准备_20260617_1301/03_question_index/question_candidates.csv,"{""target"": ""B2_ECONOMICS"", ""target_score"": 0, ""boundary"": ""XB3_EXCLUDED"", ""boundary_score"": 28, ""matches"": {""B4_PHILOSOPHY_EXCLUDED"": ""认识"", ""XB3_EXCLUDED"": ""推理,类比推理,演绎推理,归纳推理,boost:推理,boost:类比推理,boost:演绎推理,boost:归纳推理""}, ""explicit_boundary_modules"": {""XB3_EXCLUDED"": [""推理""]}, ""override"": ""explicit_boundary_term""}",exclude_from_three_target_lines,main_matrix_original
2025_朝阳_期末,2025,朝阳,期末,7,,question,XB3_EXCLUDED,objective,/Users/wanglifei/Desktop/2025模拟题/2025各区期末/2025朝阳期末/其他材料/朝阳高三期末2025.pptx | /Users/wanglifei/Desktop/2025模拟题/2025各区期末/2025朝阳期末/试卷/试卷.pdf,paper,module-boundary-excluded,/Users/wanglifei/Desktop/北京高考政治/reports/必修二三与必修四文化_题源分类准备_20260617_1301/03_question_index/question_candidates.csv,"{""target"": ""B4_CULTURE"", ""target_score"": 2, ""boundary"": ""XB3_EXCLUDED"", ""boundary_score"": 3, ""matches"": {""B4_CULTURE"": ""文化"", ""B4_PHILOSOPHY_EXCLUDED"": ""认识"", ""XB3_EXCLUDED"": ""辩证思维,boost:辩证思维""}, ""explicit_boundary_modules"": {""XB3_EXCLUDED"": [""辩证思维""]}, ""override"": ""explicit_boundary_term""}",exclude_from_three_target_lines,main_matrix_original
2025_朝阳_期末,2025,朝阳,期末,8,,question,B3_POLITICS_RULE_OF_LAW,objective,/Users/wanglifei/Desktop/2025模拟题/2025各区期末/2025朝阳期末/其他材料/朝阳高三期末2025.pptx | /Users/wanglifei/Desktop/2025模拟题/2025各区期末/2025朝阳期末/试卷/试卷.pdf,paper,included,/Users/wanglifei/Desktop/北京高考政治/reports/必修二三与必修四文化_题源分类准备_20260617_1301/03_question_index/question_candidates.csv,"{""target"": ""B3_POLITICS_RULE_OF_LAW"", ""target_score"": 23, ""boundary"": ""B4_PHILOSOPHY_EXCLUDED"", ""boundary_score"": 0, ""matches"": {""B3_POLITICS_RULE_OF_LAW"": ""中国共产党,人民代表大会,政协,宪法,行政机关,政府,检察,基层治理,boost:中国共产党,boost:人民代表大会,boost:政协,boost:宪法""}}",future_baodian_intake,main_matrix_original
2025_朝阳_期末,2025,朝阳,期末,9,,question,B2_ECONOMICS,objective,/Users/wanglifei/Desktop/2025模拟题/2025各区期末/2025朝阳期末/其他材料/朝阳高三期末2025.pptx | /Users/wanglifei/Desktop/2025模拟题/2025各区期末/2025朝阳期末/试卷/试卷.pdf,paper,included,/Users/wanglifei/Desktop/北京高考政治/reports/必修二三与必修四文化_题源分类准备_20260617_1301/03_question_index/question_candidates.csv,"{""target"": ""B2_ECONOMICS"", ""target_score"": 5, ""boundary"": ""B4_PHILOSOPHY_EXCLUDED"", ""boundary_score"": 0, ""matches"": {""B2_ECONOMICS"": ""高质量发展,基础设施,boost:高质量发展"", ""B3_POLITICS_RULE_OF_LAW"": ""政府""}}",future_baodian_intake,main_matrix_original
2025_海淀_一模,2025,海淀,一模,1,,question,B3_POLITICS_RULE_OF_LAW,objective,/Users/wanglifei/Desktop/2025模拟题/2025各区一模/2025海淀一模/试卷/补充材料/EDU_1500334100000021014_61af1789-0742-472d-86cd-e6cb420b0ecb.pdf | /Users/wanglifei/Desktop/2025模拟题/2025各区一模/2025海淀一模/试卷/试卷.pdf,paper,included,/Users/wanglifei/Desktop/北京高考政治/reports/必修二三与必修四文化_题源分类准备_20260617_1301/03_question_index/question_candidates.csv,"{""target"": ""B3_POLITICS_RULE_OF_LAW"", ""target_score"": 2, ""boundary"": ""B4_PHILOSOPHY_EXCLUDED"", ""boundary_score"": 1, ""matches"": {""B3_POLITICS_RULE_OF_LAW"": ""党的领导,boost:党的领导"", ""B4_CULTURE"": ""文明传承,boost:文明传承"", ""B4_PHILOSOPHY_EXCLUDED"": ""实践"", ""B1_EXCLUDED"": ""中国特色社会主义""}}",future_baodian_intake,main_matrix_original
2025_海淀_一模,2025,海淀,一模,10,,question,XB2_EXCLUDED,objective,/Users/wanglifei/Desktop/2025模拟题/2025各区一模/2025海淀一模/试卷/试卷.pdf,paper,module-boundary-excluded,/Users/wanglifei/Desktop/北京高考政治/reports/必修二三与必修四文化_题源分类准备_20260617_1301/03_question_index/question_candidates.csv,"{""target"": ""B3_POLITICS_RULE_OF_LAW"", ""target_score"": 3, ""boundary"": ""XB2_EXCLUDED"", ""boundary_score"": 15, ""matches"": {""B3_POLITICS_RULE_OF_LAW"": ""法院"", ""XB2_EXCLUDED"": ""侵权,民事,民事行为能力,侵权责任,赔偿,监护人,上诉,boost:侵权,boost:民事,boost:民事行为能力,boost:侵权责任,boost:监护人""}, ""explicit_boundary_modules"": {""XB2_EXCLUDED"": [""侵权"", ""民事""]}, ""override"": ""explicit_boundary_term""}",exclude_from_three_target_lines,main_matrix_original
2025_海淀_一模,2025,海淀,一模,11,,question,XB2_EXCLUDED,objective,/Users/wanglifei/Desktop/2025模拟题/2025各区一模/2025海淀一模/试卷/试卷.pdf,paper,module-boundary-excluded,05_reports/strong_blocker_resolution_audit.csv,"{""rule_id"": ""STRONG_BLOCKER_XB2_ENTREPRENEURSHIP_BUSINESS_FORM"", ""matched_terms"": ""合伙企业,有限责任公司,营利法人,营业执照"", ""source"": ""strong_blocker_resolution_review.csv"", ""evidence_source_type"": ""paper"", ""prior_status"": ""blocked"", ""prior_next_action"": ""manual_review_needed""}",exclude_from_three_target_lines,strong_blocker_resolution
2025_海淀_一模,2025,海淀,一模,12,,question,B2_ECONOMICS,objective,/Users/wanglifei/Desktop/2025模拟题/2025各区一模/2025海淀一模/试卷/试卷.pdf,paper,included,/Users/wanglifei/Desktop/北京高考政治/reports/必修二三与必修四文化_题源分类准备_20260617_1301/03_question_index/question_candidates.csv,"{""target"": ""B2_ECONOMICS"", ""target_score"": 6, ""boundary"": ""B4_PHILOSOPHY_EXCLUDED"", ""boundary_score"": 0, ""matches"": {""B2_ECONOMICS"": ""民营企业,营商环境,boost:营商环境""}}",future_baodian_intake,main_matrix_original
2025_海淀_一模,2025,海淀,一模,13,,question,B2_ECONOMICS,objective,/Users/wanglifei/Desktop/2025模拟题/2025各区一模/2025海淀一模/试卷/试卷.pdf,paper,included,/Users/wanglifei/Desktop/北京高考政治/reports/必修二三与必修四文化_题源分类准备_20260617_1301/03_question_index/question_candidates.csv,"{""target"": ""B2_ECONOMICS"", ""target_score"": 2, ""boundary"": ""B4_PHILOSOPHY_EXCLUDED"", ""boundary_score"": 0, ""matches"": {""B2_ECONOMICS"": ""消费""}}",future_baodian_intake,main_matrix_original
2025_海淀_一模,2025,海淀,一模,14,,question,XB1_EXCLUDED,objective,/Users/wanglifei/Desktop/2025模拟题/2025各区一模/2025海淀一模/试卷/试卷.pdf,paper,module-boundary-excluded,/Users/wanglifei/Desktop/北京高考政治/reports/必修二三与必修四文化_题源分类准备_20260617_1301/03_question_index/question_candidates.csv,"{""target"": ""B2_ECONOMICS"", ""target_score"": 4, ""boundary"": ""XB1_EXCLUDED"", ""boundary_score"": 6, ""matches"": {""B2_ECONOMICS"": ""经济增长,经济总量,boost:经济增长,boost:经济总量"", ""XB1_EXCLUDED"": ""联合国,主权国家,南南合作,boost:联合国,boost:主权国家,boost:南南合作""}, ""explicit_boundary_modules"": {""XB1_EXCLUDED"": [""联合国""]}, ""override"": ""explicit_boundary_term""}",exclude_from_three_target_lines,main_matrix_original
2025_海淀_一模,2025,海淀,一模,15,,question,XB1_EXCLUDED,objective,/Users/wanglifei/Desktop/2025模拟题/2025各区一模/2025海淀一模/试卷/试卷.pdf,paper,module-boundary-excluded,/Users/wanglifei/Desktop/北京高考政治/reports/必修二三与必修四文化_题源分类准备_20260617_1301/03_question_index/question_candidates.csv,"{""target"": ""B2_ECONOMICS"", ""target_score"": 0, ""boundary"": ""XB1_EXCLUDED"", ""boundary_score"": 6, ""matches"": {""XB1_EXCLUDED"": ""国际关系,世界多极化,外交,boost:国际关系,boost:世界多极化,boost:外交""}, ""explicit_boundary_modules"": {""XB1_EXCLUDED"": [""世界多极化"", ""国际关系""]}, ""override"": ""explicit_boundary_term""}",exclude_from_three_target_lines,main_matrix_original
2025_海淀_一模,2025,海淀,一模,16,,question,B4_PHILOSOPHY_EXCLUDED,subjective,/Users/wanglifei/Desktop/2025模拟题/2025各区一模/2025海淀一模/试卷/补充材料/EDU_1500334100000021014_61af1789-0742-472d-86cd-e6cb420b0ecb.pdf | /Users/wanglifei/Desktop/2025模拟题/2025各区一模/2025海淀一模/试卷/试卷.pdf,paper,module-boundary-excluded,/Users/wanglifei/Desktop/北京高考政治/reports/必修二三与必修四文化_题源分类准备_20260617_1301/03_question_index/question_candidates.csv,"{""target"": ""B2_ECONOMICS"", ""target_score"": 0, ""boundary"": ""B4_PHILOSOPHY_EXCLUDED"", ""boundary_score"": 8, ""matches"": {""B4_PHILOSOPHY_EXCLUDED"": ""实践,认识,矛盾,boost:矛盾""}}",exclude_from_three_target_lines,main_matrix_original
2025_海淀_一模,2025,海淀,一模,17,,question,XB2_EXCLUDED,subjective,/Users/wanglifei/Desktop/2025模拟题/2025各区一模/2025海淀一模/试卷/补充材料/EDU_1500334100000021014_61af1789-0742-472d-86cd-e6cb420b0ecb.pdf | /Users/wanglifei/Desktop/2025模拟题/2025各区一模/2025海淀一模/试卷/试卷.pdf,paper,module-boundary-excluded,/Users/wanglifei/Desktop/北京高考政治/reports/必修二三与必修四文化_题源分类准备_20260617_1301/03_question_index/question_candidates.csv,"{""target"": ""B3_POLITICS_RULE_OF_LAW"", ""target_score"": 6, ""boundary"": ""B4_PHILOSOPHY_EXCLUDED"", ""boundary_score"": 13, ""matches"": {""B3_POLITICS_RULE_OF_LAW"": ""法治社会,社会治理,boost:法治社会"", ""B4_CULTURE"": ""文化"", ""B4_PHILOSOPHY_EXCLUDED"": ""实践,矛盾,人民群众,boost:矛盾,boost:人民群众"", ""XB2_EXCLUDED"": ""诉讼,boost:诉讼""}, ""explicit_boundary_modules"": {""XB2_EXCLUDED"": [""诉讼""]}, ""override"": ""explicit_boundary_term""}",exclude_from_three_target_lines,main_matrix_original
2025_海淀_一模,2025,海淀,一模,18,,question,XB2_EXCLUDED,subjective,/Users/wanglifei/Desktop/2025模拟题/2025各区一模/2025海淀一模/试卷/补充材料/EDU_1500334100000021014_61af1789-0742-472d-86cd-e6cb420b0ecb.pdf | /Users/wanglifei/Desktop/2025模拟题/2025各区一模/2025海淀一模/试卷/试卷.pdf,paper,module-boundary-excluded,/Users/wanglifei/Desktop/北京高考政治/reports/必修二三与必修四文化_题源分类准备_20260617_1301/03_question_index/question_candidates.csv,"{""target"": ""B3_POLITICS_RULE_OF_LAW"", ""target_score"": 4, ""boundary"": ""XB2_EXCLUDED"", ""boundary_score"": 22, ""matches"": {""B2_ECONOMICS"": ""消费"", ""B3_POLITICS_RULE_OF_LAW"": ""法院"", ""B4_PHILOSOPHY_EXCLUDED"": ""认识"", ""XB2_EXCLUDED"": ""法律与生活,合同,诉讼,格式条款,赔偿,boost:法律与生活,boost:合同,boost:诉讼,boost:格式条款""}, ""explicit_boundary_modules"": {""XB2_EXCLUDED"": [""法律与生活"", ""合同"", ""诉讼""]}, ""override"": ""explicit_boundary_term""}",exclude_from_three_target_lines,main_matrix_original
2025_海淀_一模,2025,海淀,一模,19,,question,B3_POLITICS_RULE_OF_LAW,subjective,/Users/wanglifei/Desktop/2025模拟题/2025各区一模/2025海淀一模/试卷/补充材料/EDU_1500334100000021014_61af1789-0742-472d-86cd-e6cb420b0ecb.pdf | /Users/wanglifei/Desktop/2025模拟题/2025各区一模/2025海淀一模/试卷/试卷.pdf,paper,included,/Users/wanglifei/Desktop/北京高考政治/reports/必修二三与必修四文化_题源分类准备_20260617_1301/03_question_index/question_candidates.csv,"{""target"": ""B3_POLITICS_RULE_OF_LAW"", ""target_score"": 17, ""boundary"": ""B4_PHILOSOPHY_EXCLUDED"", ""boundary_score"": 0, ""matches"": {""B3_POLITICS_RULE_OF_LAW"": ""政治与法治,党的领导,法治政府,政府,基层治理,社区治理,社会治理,boost:政治与法治,boost:党的领导,boost:法治政府,boost:基层治理""}}",future_baodian_intake,main_matrix_original
2025_海淀_一模,2025,海淀,一模,2,,question,B4_CULTURE,objective,/Users/wanglifei/Desktop/2025模拟题/2025各区一模/2025海淀一模/试卷/补充材料/EDU_1500334100000021014_61af1789-0742-472d-86cd-e6cb420b0ecb.pdf | /Users/wanglifei/Desktop/2025模拟题/2025各区一模/2025海淀一模/试卷/试卷.pdf,paper,included,/Users/wanglifei/Desktop/北京高考政治/reports/必修二三与必修四文化_题源分类准备_20260617_1301/03_question_index/question_candidates.csv,"{""target"": ""B4_CULTURE"", ""target_score"": 7, ""boundary"": ""B4_PHILOSOPHY_EXCLUDED"", ""boundary_score"": 1, ""matches"": {""B3_POLITICS_RULE_OF_LAW"": ""依法行政,政府,boost:依法行政"", ""B4_CULTURE"": ""文化,中华优秀传统文化,优秀传统文化,传统文化,boost:中华优秀传统文化,boost:优秀传统文化,boost:传统文化"", ""B4_PHILOSOPHY_EXCLUDED"": ""实践""}}",future_baodian_intake,main_matrix_original
2025_海淀_一模,2025,海淀,一模,20,,question,XB3_EXCLUDED,subjective,/Users/wanglifei/Desktop/2025模拟题/2025各区一模/2025海淀一模/试卷/补充材料/EDU_1500334100000021014_61af1789-0742-472d-86cd-e6cb420b0ecb.pdf | /Users/wanglifei/Desktop/2025模拟题/2025各区一模/2025海淀一模/试卷/试卷.pdf,paper,module-boundary-excluded,/Users/wanglifei/Desktop/北京高考政治/reports/必修二三与必修四文化_题源分类准备_20260617_1301/03_question_index/question_candidates.csv,"{""target"": ""B3_POLITICS_RULE_OF_LAW"", ""target_score"": 10, ""boundary"": ""XB3_EXCLUDED"", ""boundary_score"": 2, ""matches"": {""B2_ECONOMICS"": ""消费"", ""B3_POLITICS_RULE_OF_LAW"": ""政协,政府,民主监督,boost:政协"", ""XB3_EXCLUDED"": ""创新思维,boost:创新思维""}, ""explicit_boundary_modules"": {""XB3_EXCLUDED"": [""创新思维""]}, ""override"": ""explicit_boundary_term""}",exclude_from_three_target_lines,main_matrix_original
2025_海淀_一模,2025,海淀,一模,21,,question,XB3_EXCLUDED,subjective,/Users/wanglifei/Desktop/2025模拟题/2025各区一模/2025海淀一模/试卷/补充材料/EDU_1500334100000021014_61af1789-0742-472d-86cd-e6cb420b0ecb.pdf | /Users/wanglifei/Desktop/2025模拟题/2025各区一模/2025海淀一模/试卷/试卷.pdf,paper,module-boundary-excluded,/Users/wanglifei/Desktop/北京高考政治/reports/必修二三与必修四文化_题源分类准备_20260617_1301/03_question_index/question_candidates.csv,"{""target"": ""B3_POLITICS_RULE_OF_LAW"", ""target_score"": 24, ""boundary"": ""XB3_EXCLUDED"", ""boundary_score"": 13, ""matches"": {""B2_ECONOMICS"": ""新发展理念,消费,经济增长,boost:新发展理念,boost:经济增长"", ""B3_POLITICS_RULE_OF_LAW"": ""中国共产党,党的领导,法治政府,依法行政,全面依法治国,法治国家,法治社会,政府,boost:中国共产党,boost:党的领导,boost:法治政府,boost:依法行政"", ""B4_CULTURE"": ""文化,中华优秀传统文化,优秀传统文化,传统文化,boost:中华优秀传统文化,boost:优秀传统文化,boost:传统文化"", ""B4_PHILOSOPHY_EXCLUDED"": ""实践,事物发展,矛盾,boost:矛盾"", ""XB1_EXCLUDED"": ""当代国际政治与经济,对外开放,国际贸易,boost:当代国际政治与经济,boost:国际贸易"", ""XB3_EXCLUDED"": ""辩证思维,创新思维,推理,演绎推理,boost:辩证思维,boost:创新思维,boost:推理,boost:演绎推理""}, ""explicit_boundary_modules"": {""XB1_EXCLUDED"": [""当代国际政治与经济""], ""XB3_EXCLUDED"": [""辩证思维"", ""创新思维"", ""推理""]}, ""override"": ""explicit_boundary_term""}",exclude_from_three_target_lines,main_matrix_original
2025_海淀_一模,2025,海淀,一模,3,,question,XB1_EXCLUDED,objective,/Users/wanglifei/Desktop/2025模拟题/2025各区一模/2025海淀一模/试卷/补充材料/EDU_1500334100000021014_61af1789-0742-472d-86cd-e6cb420b0ecb.pdf | /Users/wanglifei/Desktop/2025模拟题/2025各区一模/2025海淀一模/试卷/试卷.pdf,paper,module-boundary-excluded,/Users/wanglifei/Desktop/北京高考政治/reports/必修二三与必修四文化_题源分类准备_20260617_1301/03_question_index/question_candidates.csv,"{""target"": ""B4_CULTURE"", ""target_score"": 5, ""boundary"": ""XB1_EXCLUDED"", ""boundary_score"": 2, ""matches"": {""B4_CULTURE"": ""文化,文化遗产,boost:文化遗产"", ""XB1_EXCLUDED"": ""联合国,boost:联合国""}, ""explicit_boundary_modules"": {""XB1_EXCLUDED"": [""联合国""]}, ""override"": ""explicit_boundary_term""}",exclude_from_three_target_lines,main_matrix_original
2025_海淀_一模,2025,海淀,一模,4,,question,B1_EXCLUDED,objective,/Users/wanglifei/Desktop/北京高考政治/reports/必修二三与必修四文化_题源分类准备_20260617_1301/02_text_cache/texts/7ebce670784d805e.txt | /Users/wanglifei/Desktop/北京高考政治/reports/必修二三与必修四文化_题源分类准备_20260617_1301/02_text_cache/texts/7ebce670784d805e.txt,paper+answer_key,module-boundary-excluded,05_reports/culture_hint_final_cleanup_audit.csv,"{""rule_id"": ""CULTURE_HINT_HAIDIAN_YIMO_Q4_ANSWER_A_SPORT_EDUCATION"", ""matched_terms"": ""答案A,民族复兴重任,全面育人理念,体育"", ""basis"": ""答案键显示第4题为 A，正确项为学生担起民族复兴重任、学校树立全面育人理念；不属于 B2/B3/B4_CULTURE 主链。"", ""source"": ""culture_hint_final_cleanup_audit.csv"", ""prior_book_module"": ""UNKNOWN_OR_MIXED"", ""prior_status"": ""blocked""}",exclude_from_three_target_lines,culture_hint_final_cleanup
2025_海淀_一模,2025,海淀,一模,5,,question,XB3_EXCLUDED,objective,/Users/wanglifei/Desktop/2025模拟题/2025各区一模/2025海淀一模/试卷/试卷.pdf,paper,module-boundary-excluded,05_reports/strong_blocker_resolution_audit.csv,"{""rule_id"": ""STRONG_BLOCKER_XB3_DEFINITION_CONDITIONAL"", ""matched_terms"": ""定义,外延,除非,要么"", ""source"": ""strong_blocker_resolution_review.csv"", ""evidence_source_type"": ""paper"", ""prior_status"": ""blocked"", ""prior_next_action"": ""manual_review_needed""}",exclude_from_three_target_lines,strong_blocker_resolution
2025_海淀_一模,2025,海淀,一模,6,,question,XB3_EXCLUDED,objective,/Users/wanglifei/Desktop/2025模拟题/2025各区一模/2025海淀一模/试卷/试卷.pdf,paper,module-boundary-excluded,/Users/wanglifei/Desktop/北京高考政治/reports/必修二三与必修四文化_题源分类准备_20260617_1301/03_question_index/question_candidates.csv,"{""target"": ""B2_ECONOMICS"", ""target_score"": 0, ""boundary"": ""XB3_EXCLUDED"", ""boundary_score"": 8, ""matches"": {""XB3_EXCLUDED"": ""逆向思维,联想思维,迁移,想象,boost:逆向思维,boost:联想思维,boost:迁移,boost:想象""}, ""explicit_boundary_modules"": {""XB3_EXCLUDED"": [""迁移"", ""想象""]}, ""override"": ""explicit_boundary_term""}",exclude_from_three_target_lines,main_matrix_original
2025_海淀_一模,2025,海淀,一模,7,,question,XB2_EXCLUDED,objective,/Users/wanglifei/Desktop/2025模拟题/2025各区一模/2025海淀一模/试卷/试卷.pdf,paper,module-boundary-excluded,/Users/wanglifei/Desktop/北京高考政治/reports/必修二三与必修四文化_题源分类准备_20260617_1301/03_question_index/question_candidates.csv,"{""target"": ""B4_CULTURE"", ""target_score"": 13, ""boundary"": ""XB2_EXCLUDED"", ""boundary_score"": 3, ""matches"": {""B3_POLITICS_RULE_OF_LAW"": ""检察"", ""B4_CULTURE"": ""文化,文化遗产,中轴线,文物,boost:文化遗产,boost:中轴线,boost:文物"", ""XB2_EXCLUDED"": ""诉讼,boost:诉讼""}, ""explicit_boundary_modules"": {""XB2_EXCLUDED"": [""诉讼""]}, ""override"": ""explicit_boundary_term""}",exclude_from_three_target_lines,main_matrix_original
2025_海淀_一模,2025,海淀,一模,8,,question,B2_ECONOMICS,objective,/Users/wanglifei/Desktop/2025模拟题/2025各区一模/2025海淀一模/试卷/试卷.pdf,paper,included,/Users/wanglifei/Desktop/北京高考政治/reports/必修二三与必修四文化_题源分类准备_20260617_1301/03_question_index/question_candidates.csv,"{""target"": ""B2_ECONOMICS"", ""target_score"": 8, ""boundary"": ""B4_PHILOSOPHY_EXCLUDED"", ""boundary_score"": 0, ""matches"": {""B2_ECONOMICS"": ""养老服务,boost:养老服务"", ""B3_POLITICS_RULE_OF_LAW"": ""基层群众自治,政府,党组织,社会治理,boost:基层群众自治,boost:党组织""}}",future_baodian_intake,main_matrix_original
2025_海淀_一模,2025,海淀,一模,9,,question,B3_POLITICS_RULE_OF_LAW,objective,/Users/wanglifei/Desktop/2025模拟题/2025各区一模/2025海淀一模/试卷/试卷.pdf,paper,included,/Users/wanglifei/Desktop/北京高考政治/reports/必修二三与必修四文化_题源分类准备_20260617_1301/03_question_index/question_candidates.csv,"{""target"": ""B3_POLITICS_RULE_OF_LAW"", ""target_score"": 8, ""boundary"": ""B4_PHILOSOPHY_EXCLUDED"", ""boundary_score"": 0, ""matches"": {""B3_POLITICS_RULE_OF_LAW"": ""政协,boost:政协""}}",future_baodian_intake,main_matrix_original
2025_海淀_二模,2025,海淀,二模,1,,question,XB2_EXCLUDED,objective,/Users/wanglifei/Desktop/北京高考政治/reports/必修二三与必修四文化_题源分类准备_20260617_1301/02_text_cache/ocr_cache/2025_海淀_二模/试卷.ocr.txt,ocr-cache,module-boundary-excluded,/Users/wanglifei/Desktop/北京高考政治/reports/必修二三与必修四文化_题源分类准备_20260617_1301/02_text_cache/ocr_absorbed/2025_海淀_二模.txt,"{""target"": ""B2_ECONOMICS"", ""target_score"": 0, ""boundary"": ""XB2_EXCLUDED"", ""boundary_score"": 3, ""matches"": {""B4_PHILOSOPHY_EXCLUDED"": ""矛盾,boost:矛盾"", ""XB2_EXCLUDED"": ""诉讼,boost:诉讼"", ""B1_EXCLUDED"": ""中国特色社会主义,社会主义现代化强国""}, ""explicit_boundary_modules"": {""XB2_EXCLUDED"": [""诉讼""]}, ""override"": ""explicit_boundary_term""}",exclude_from_three_target_lines,main_matrix_original
2025_海淀_二模,2025,海淀,二模,10,,question,B4_PHILOSOPHY_EXCLUDED,objective,/Users/wanglifei/Desktop/北京高考政治/reports/必修二三与必修四文化_题源分类准备_20260617_1301/02_text_cache/ocr_cache/2025_海淀_二模/试卷.ocr.txt,ocr-cache,module-boundary-excluded,/Users/wanglifei/Desktop/北京高考政治/reports/必修二三与必修四文化_题源分类准备_20260617_1301/02_text_cache/ocr_absorbed/2025_海淀_二模.txt,"{""target"": ""B2_ECONOMICS"", ""target_score"": 0, ""boundary"": ""B4_PHILOSOPHY_EXCLUDED"", ""boundary_score"": 14, ""matches"": {""B4_PHILOSOPHY_EXCLUDED"": ""实践,认识,真理,boost:真理""}}",exclude_from_three_target_lines,main_matrix_original
2025_海淀_二模,2025,海淀,二模,11,,question,XB3_EXCLUDED,objective,/Users/wanglifei/Desktop/北京高考政治/reports/必修二三与必修四文化_题源分类准备_20260617_1301/02_text_cache/ocr_cache/2025_海淀_二模/试卷.ocr.txt,ocr-cache,module-boundary-excluded,/Users/wanglifei/Desktop/北京高考政治/reports/必修二三与必修四文化_题源分类准备_20260617_1301/02_text_cache/ocr_absorbed/2025_海淀_二模.txt,"{""target"": ""B2_ECONOMICS"", ""target_score"": 0, ""boundary"": ""XB3_EXCLUDED"", ""boundary_score"": 6, ""matches"": {""XB3_EXCLUDED"": ""创新思维,推理,归纳推理,boost:创新思维,boost:推理,boost:归纳推理""}, ""explicit_boundary_modules"": {""XB3_EXCLUDED"": [""创新思维"", ""推理""]}, ""override"": ""explicit_boundary_term""}",exclude_from_three_target_lines,main_matrix_original
2025_海淀_二模,2025,海淀,二模,12,,question,XB3_EXCLUDED,objective,/Users/wanglifei/Desktop/北京高考政治/reports/必修二三与必修四文化_题源分类准备_20260617_1301/02_text_cache/ocr_cache/2025_海淀_二模/试卷.ocr.txt,ocr-cache,module-boundary-excluded,/Users/wanglifei/Desktop/北京高考政治/reports/必修二三与必修四文化_题源分类准备_20260617_1301/02_text_cache/ocr_absorbed/2025_海淀_二模.txt,"{""target"": ""B2_ECONOMICS"", ""target_score"": 2, ""boundary"": ""B4_PHILOSOPHY_EXCLUDED"", ""boundary_score"": 3, ""matches"": {""B2_ECONOMICS"": ""新质生产力,boost:新质生产力"", ""B4_PHILOSOPHY_EXCLUDED"": ""实践,矛盾,boost:矛盾"", ""XB3_EXCLUDED"": ""超前思维,boost:超前思维""}, ""explicit_boundary_modules"": {""XB3_EXCLUDED"": [""超前思维""]}, ""override"": ""explicit_boundary_term""}",exclude_from_three_target_lines,main_matrix_original
2025_海淀_二模,2025,海淀,二模,13,,question,XB1_EXCLUDED,objective,/Users/wanglifei/Desktop/北京高考政治/reports/必修二三与必修四文化_题源分类准备_20260617_1301/02_text_cache/ocr_cache/2025_海淀_二模/试卷.ocr.txt,ocr-cache,module-boundary-excluded,05_reports/prompt_resolution_audit.csv,"{""override"": ""strict_prompt_resolution"", ""rule_id"": ""XB1_INTERNATIONAL_PROMPT"", ""matched_terms"": ""主权国家"", ""prompt_source"": ""ocr-cache"", ""prompt"": ""学习逻辑思维有助于提升我们的思维水平。某同学将逻辑思维规则运用到《当代国际政治与 经济》的学习过程中。下列表述正确的是 A.现代国家分为君主立宪制国家、议会制国家、总统制国家 B. 只要国家机关是由选举产生的,就能维护最广大人民的根本利益 C. 单一制国家中央政府享有最高权力,法国是单一制国家,所以,法国中央政府享有最高权力 D. 主权国家之间的关系要么是竞争,要么是合作,要么是冲突"", ""previous_decision"": ""{\""target\"": \""B3_POLITICS_RULE_OF_LAW\"", \""target_score\"": 2, \""boundary\"": \""XB1_EXCLUDED\"", \""boundary_score\"": 2, \""matches\"": {\""B3_POLITICS_RULE_OF_LAW\"": \""政府\"", \""XB1_EXCLUDED\"": \""主权国家,boost:主权国家\""}}""}",exclude_from_three_target_lines,prompt_resolved_from_main_matrix_original
2025_海淀_二模,2025,海淀,二模,14,,question,XB1_EXCLUDED,objective,/Users/wanglifei/Desktop/北京高考政治/reports/必修二三与必修四文化_题源分类准备_20260617_1301/02_text_cache/ocr_cache/2025_海淀_二模/试卷.ocr.txt,ocr-cache,module-boundary-excluded,/Users/wanglifei/Desktop/北京高考政治/reports/必修二三与必修四文化_题源分类准备_20260617_1301/02_text_cache/ocr_absorbed/2025_海淀_二模.txt,"{""target"": ""B2_ECONOMICS"", ""target_score"": 0, ""boundary"": ""XB1_EXCLUDED"", ""boundary_score"": 2, ""matches"": {""XB1_EXCLUDED"": ""主权国家,boost:主权国家""}}",exclude_from_three_target_lines,main_matrix_original
2025_海淀_二模,2025,海淀,二模,15,,question,XB1_EXCLUDED,objective,/Users/wanglifei/Desktop/北京高考政治/reports/必修二三与必修四文化_题源分类准备_20260617_1301/02_text_cache/ocr_cache/2025_海淀_二模/试卷.ocr.txt,ocr-cache,module-boundary-excluded,/Users/wanglifei/Desktop/北京高考政治/reports/必修二三与必修四文化_题源分类准备_20260617_1301/02_text_cache/ocr_absorbed/2025_海淀_二模.txt,"{""target"": ""B2_ECONOMICS"", ""target_score"": 1, ""boundary"": ""XB1_EXCLUDED"", ""boundary_score"": 11, ""matches"": {""B2_ECONOMICS"": ""基础设施"", ""XB1_EXCLUDED"": ""全球治理,国际组织,外交,多边外交,上合组织,boost:全球治理,boost:国际组织,boost:外交,boost:多边外交,boost:上合组织""}, ""explicit_boundary_modules"": {""XB1_EXCLUDED"": [""全球治理"", ""国际组织""]}, ""override"": ""explicit_boundary_term""}",exclude_from_three_target_lines,main_matrix_original
2025_海淀_二模,2025,海淀,二模,16,,question,B4_PHILOSOPHY_EXCLUDED,subjective,/Users/wanglifei/Desktop/北京高考政治/reports/必修二三与必修四文化_题源分类准备_20260617_1301/02_text_cache/texts/086cafc0d843cdfd.txt,verified_text_cache,module-boundary-excluded,05_reports/culture_hint_final_cleanup_audit.csv,"{""rule_id"": ""CULTURE_HINT_HAIDIAN_ERMO_Q16_PARENT_REMAINDER_B4P"", ""matched_terms"": ""联系的观点,认识是主体对客体的能动反映,发展的观点,辩证否定"", ""basis"": ""第16题评标实录明确文化给分点另抽 B4_CULTURE 组件；父题其余知识为联系、认识、发展等哲学余项。"", ""source"": ""culture_hint_final_cleanup_audit.csv"", ""prior_book_module"": ""UNKNOWN_OR_MIXED"", ""prior_status"": ""blocked""}",exclude_from_three_target_lines,culture_hint_final_cleanup
2025_海淀_二模,2025,海淀,二模,17,,question,B3_POLITICS_RULE_OF_LAW,subjective,/Users/wanglifei/Desktop/北京高考政治/reports/必修二三与必修四文化_题源分类准备_20260617_1301/02_text_cache/ocr_cache/2025_海淀_二模/试卷.ocr.txt,ocr-cache,included,/Users/wanglifei/Desktop/北京高考政治/reports/必修二三与必修四文化_题源分类准备_20260617_1301/02_text_cache/ocr_absorbed/2025_海淀_二模.txt,"{""target"": ""B3_POLITICS_RULE_OF_LAW"", ""target_score"": 25, ""boundary"": ""B4_PHILOSOPHY_EXCLUDED"", ""boundary_score"": 6, ""matches"": {""B3_POLITICS_RULE_OF_LAW"": ""政治与法治,人民代表大会,人大代表,政府,检察,法院,全国人大,人大常委会,boost:政治与法治,boost:人民代表大会,boost:人大代表,boost:全国人大"", ""B4_PHILOSOPHY_EXCLUDED"": ""实践,人民群众,boost:人民群众""}}",future_baodian_intake,main_matrix_original
2025_海淀_二模,2025,海淀,二模,18,,question,XB2_EXCLUDED,subjective,/Users/wanglifei/Desktop/北京高考政治/reports/必修二三与必修四文化_题源分类准备_20260617_1301/02_text_cache/ocr_cache/2025_海淀_二模/试卷.ocr.txt,ocr-cache,module-boundary-excluded,05_reports/strong_blocker_resolution_audit.csv,"{""rule_id"": ""STRONG_BLOCKER_XB2_TRADEMARK_MOCK_COURT"", ""matched_terms"": ""商标法,申请商标注册,抢先注册"", ""source"": ""strong_blocker_resolution_review.csv"", ""evidence_source_type"": ""ocr-cache"", ""prior_status"": ""blocked"", ""prior_next_action"": ""manual_review_needed""}",exclude_from_three_target_lines,strong_blocker_resolution
2025_海淀_二模,2025,海淀,二模,19,,question,XB2_EXCLUDED,subjective,/Users/wanglifei/Desktop/北京高考政治/reports/必修二三与必修四文化_题源分类准备_20260617_1301/02_text_cache/ocr_cache/2025_海淀_二模/试卷.ocr.txt,ocr-cache,module-boundary-excluded,/Users/wanglifei/Desktop/北京高考政治/reports/必修二三与必修四文化_题源分类准备_20260617_1301/02_text_cache/ocr_absorbed/2025_海淀_二模.txt,"{""target"": ""B4_CULTURE"", ""target_score"": 4, ""boundary"": ""XB2_EXCLUDED"", ""boundary_score"": 2, ""matches"": {""B2_ECONOMICS"": ""消费"", ""B4_CULTURE"": ""文旅,boost:文旅"", ""XB2_EXCLUDED"": ""专利,boost:专利""}, ""explicit_boundary_modules"": {""XB2_EXCLUDED"": [""专利""]}, ""override"": ""explicit_boundary_term""}",exclude_from_three_target_lines,main_matrix_original
2025_海淀_二模,2025,海淀,二模,2,,question,XB1_EXCLUDED,objective,/Users/wanglifei/Desktop/北京高考政治/reports/必修二三与必修四文化_题源分类准备_20260617_1301/02_text_cache/ocr_cache/2025_海淀_二模/试卷.ocr.txt,ocr-cache,module-boundary-excluded,/Users/wanglifei/Desktop/北京高考政治/reports/必修二三与必修四文化_题源分类准备_20260617_1301/02_text_cache/ocr_absorbed/2025_海淀_二模.txt,"{""target"": ""B3_POLITICS_RULE_OF_LAW"", ""target_score"": 1, ""boundary"": ""XB1_EXCLUDED"", ""boundary_score"": 10, ""matches"": {""B3_POLITICS_RULE_OF_LAW"": ""法院"", ""B4_PHILOSOPHY_EXCLUDED"": ""人民群众,boost:人民群众"", ""XB1_EXCLUDED"": ""当代国际政治与经济,联合国,全球治理,boost:当代国际政治与经济,boost:联合国,boost:全球治理"", ""XB2_EXCLUDED"": ""赔偿""}, ""explicit_boundary_modules"": {""XB1_EXCLUDED"": [""当代国际政治与经济"", ""联合国"", ""全球治理""]}, ""override"": ""explicit_boundary_term""}",exclude_from_three_target_lines,main_matrix_original
2025_海淀_二模,2025,海淀,二模,20,,question,XB3_EXCLUDED,subjective,/Users/wanglifei/Desktop/北京高考政治/reports/必修二三与必修四文化_题源分类准备_20260617_1301/02_text_cache/ocr_cache/2025_海淀_二模/试卷.ocr.txt,ocr-cache,module-boundary-excluded,/Users/wanglifei/Desktop/北京高考政治/reports/必修二三与必修四文化_题源分类准备_20260617_1301/02_text_cache/ocr_absorbed/2025_海淀_二模.txt,"{""target"": ""B4_CULTURE"", ""target_score"": 8, ""boundary"": ""XB2_EXCLUDED"", ""boundary_score"": 2, ""matches"": {""B2_ECONOMICS"": ""共同富裕,boost:共同富裕"", ""B4_CULTURE"": ""文化,中华优秀传统文化,优秀传统文化,传统文化,boost:中华优秀传统文化,boost:优秀传统文化,boost:传统文化"", ""B4_PHILOSOPHY_EXCLUDED"": ""实践"", ""XB2_EXCLUDED"": ""继承,boost:继承"", ""XB3_EXCLUDED"": ""辩证思维,boost:辩证思维"", ""B1_EXCLUDED"": ""中国特色社会主义""}, ""explicit_boundary_modules"": {""XB3_EXCLUDED"": [""辩证思维""]}, ""override"": ""explicit_boundary_term""}",exclude_from_three_target_lines,main_matrix_original
2025_海淀_二模,2025,海淀,二模,21,,question,XB1_EXCLUDED,subjective,/Users/wanglifei/Desktop/北京高考政治/reports/必修二三与必修四文化_题源分类准备_20260617_1301/02_text_cache/ocr_cache/2025_海淀_二模/试卷.ocr.txt,ocr-cache,module-boundary-excluded,/Users/wanglifei/Desktop/北京高考政治/reports/必修二三与必修四文化_题源分类准备_20260617_1301/02_text_cache/ocr_absorbed/2025_海淀_二模.txt,"{""target"": ""B2_ECONOMICS"", ""target_score"": 0, ""boundary"": ""XB1_EXCLUDED"", ""boundary_score"": 2, ""matches"": {""XB1_EXCLUDED"": ""联合国,boost:联合国""}, ""explicit_boundary_modules"": {""XB1_EXCLUDED"": [""联合国""]}, ""override"": ""explicit_boundary_term""}",exclude_from_three_target_lines,main_matrix_original
2025_海淀_二模,2025,海淀,二模,3,,question,B3_POLITICS_RULE_OF_LAW,objective,/Users/wanglifei/Desktop/北京高考政治/reports/必修二三与必修四文化_题源分类准备_20260617_1301/02_text_cache/ocr_cache/2025_海淀_二模/试卷.ocr.txt,ocr-cache,included,/Users/wanglifei/Desktop/北京高考政治/reports/必修二三与必修四文化_题源分类准备_20260617_1301/02_text_cache/ocr_absorbed/2025_海淀_二模.txt,"{""target"": ""B3_POLITICS_RULE_OF_LAW"", ""target_score"": 5, ""boundary"": ""B4_PHILOSOPHY_EXCLUDED"", ""boundary_score"": 0, ""matches"": {""B3_POLITICS_RULE_OF_LAW"": ""基层群众自治,基层治理,社区治理,boost:基层群众自治,boost:基层治理""}}",future_baodian_intake,main_matrix_original
2025_海淀_二模,2025,海淀,二模,4,,question,B2_ECONOMICS,objective,/Users/wanglifei/Desktop/北京高考政治/reports/必修二三与必修四文化_题源分类准备_20260617_1301/02_text_cache/ocr_cache/2025_海淀_二模/试卷.ocr.txt,ocr-cache,included,/Users/wanglifei/Desktop/北京高考政治/reports/必修二三与必修四文化_题源分类准备_20260617_1301/02_text_cache/ocr_absorbed/2025_海淀_二模.txt,"{""target"": ""B2_ECONOMICS"", ""target_score"": 2, ""boundary"": ""B4_PHILOSOPHY_EXCLUDED"", ""boundary_score"": 0, ""matches"": {""B2_ECONOMICS"": ""营商环境,boost:营商环境"", ""B3_POLITICS_RULE_OF_LAW"": ""行政处罚""}}",future_baodian_intake,main_matrix_original
2025_海淀_二模,2025,海淀,二模,5,,question,XB2_EXCLUDED,objective,/Users/wanglifei/Desktop/北京高考政治/reports/必修二三与必修四文化_题源分类准备_20260617_1301/02_text_cache/ocr_cache/2025_海淀_二模/试卷.ocr.txt,ocr-cache,module-boundary-excluded,/Users/wanglifei/Desktop/北京高考政治/reports/必修二三与必修四文化_题源分类准备_20260617_1301/02_text_cache/ocr_absorbed/2025_海淀_二模.txt,"{""target"": ""B2_ECONOMICS"", ""target_score"": 8, ""boundary"": ""XB2_EXCLUDED"", ""boundary_score"": 23, ""matches"": {""B2_ECONOMICS"": ""消费"", ""B3_POLITICS_RULE_OF_LAW"": ""法院"", ""XB2_EXCLUDED"": ""合同,侵权,诉讼,举证,民事,民事诉讼,侵权责任,赔偿,违约,上诉,boost:合同,boost:侵权""}, ""explicit_boundary_modules"": {""XB2_EXCLUDED"": [""合同"", ""侵权"", ""诉讼"", ""民事""]}, ""override"": ""explicit_boundary_term""}",exclude_from_three_target_lines,main_matrix_original
2025_海淀_二模,2025,海淀,二模,6,,question,XB2_EXCLUDED,objective,/Users/wanglifei/Desktop/北京高考政治/reports/必修二三与必修四文化_题源分类准备_20260617_1301/02_text_cache/ocr_cache/2025_海淀_二模/试卷.ocr.txt,ocr-cache,module-boundary-excluded,05_reports/strong_blocker_resolution_audit.csv,"{""rule_id"": ""STRONG_BLOCKER_XB2_CUSTODY_RIGHTS"", ""matched_terms"": ""监护权,法院裁定,未成年子女"", ""source"": ""strong_blocker_resolution_review.csv"", ""evidence_source_type"": ""ocr-cache"", ""prior_status"": ""blocked"", ""prior_next_action"": ""manual_review_needed""}",exclude_from_three_target_lines,strong_blocker_resolution
2025_海淀_二模,2025,海淀,二模,7,,question,B2_ECONOMICS,objective,/Users/wanglifei/Desktop/北京高考政治/reports/必修二三与必修四文化_题源分类准备_20260617_1301/02_text_cache/ocr_cache/2025_海淀_二模/试卷.ocr.txt,ocr-cache,included,/Users/wanglifei/Desktop/北京高考政治/reports/必修二三与必修四文化_题源分类准备_20260617_1301/02_text_cache/ocr_absorbed/2025_海淀_二模.txt,"{""target"": ""B2_ECONOMICS"", ""target_score"": 5, ""boundary"": ""B4_PHILOSOPHY_EXCLUDED"", ""boundary_score"": 0, ""matches"": {""B2_ECONOMICS"": ""消费"", ""B3_POLITICS_RULE_OF_LAW"": ""政府"", ""B4_CULTURE"": ""文旅,boost:文旅""}}",future_baodian_intake,main_matrix_original
2025_海淀_二模,2025,海淀,二模,8,,question,B2_ECONOMICS,objective,/Users/wanglifei/Desktop/北京高考政治/reports/必修二三与必修四文化_题源分类准备_20260617_1301/02_text_cache/ocr_cache/2025_海淀_二模/试卷.ocr.txt,ocr-cache,included,/Users/wanglifei/Desktop/北京高考政治/reports/必修二三与必修四文化_题源分类准备_20260617_1301/02_text_cache/ocr_absorbed/2025_海淀_二模.txt,"{""target"": ""B2_ECONOMICS"", ""target_score"": 4, ""boundary"": ""B4_PHILOSOPHY_EXCLUDED"", ""boundary_score"": 0, ""matches"": {""B2_ECONOMICS"": ""公有制,非公有制,boost:公有制,boost:非公有制""}}",future_baodian_intake,main_matrix_original
2025_海淀_二模,2025,海淀,二模,9,,question,B4_CULTURE,objective,/Users/wanglifei/Desktop/北京高考政治/reports/必修二三与必修四文化_题源分类准备_20260617_1301/02_text_cache/ocr_cache/2025_海淀_二模/试卷.ocr.txt,ocr-cache,included,/Users/wanglifei/Desktop/北京高考政治/reports/必修二三与必修四文化_题源分类准备_20260617_1301/02_text_cache/ocr_absorbed/2025_海淀_二模.txt,"{""target"": ""B4_CULTURE"", ""target_score"": 17, ""boundary"": ""B4_PHILOSOPHY_EXCLUDED"", ""boundary_score"": 0, ""matches"": {""B2_ECONOMICS"": ""消费"", ""B4_CULTURE"": ""文化,中华优秀传统文化,优秀传统文化,传统文化,创新性发展,文化创新,文创,boost:中华优秀传统文化,boost:优秀传统文化,boost:传统文化,boost:创新性发展,boost:文化创新""}}",future_baodian_intake,main_matrix_original
2025_石景山_一模,2025,石景山,一模,1,,question,XB2_EXCLUDED,objective,/Users/wanglifei/Desktop/2025模拟题/2025各区一模/2025石景山一模/试卷/试卷.pdf,paper,module-boundary-excluded,/Users/wanglifei/Desktop/北京高考政治/reports/必修二三与必修四文化_题源分类准备_20260617_1301/03_question_index/question_candidates.csv,"{""target"": ""B2_ECONOMICS"", ""target_score"": 2, ""boundary"": ""XB2_EXCLUDED"", ""boundary_score"": 2, ""matches"": {""B2_ECONOMICS"": ""共同富裕,boost:共同富裕"", ""XB2_EXCLUDED"": ""民事,boost:民事"", ""B1_EXCLUDED"": ""改革开放""}, ""explicit_boundary_modules"": {""XB2_EXCLUDED"": [""民事""]}, ""override"": ""explicit_boundary_term""}",exclude_from_three_target_lines,main_matrix_original
2025_石景山_一模,2025,石景山,一模,10,,question,B2_ECONOMICS,objective,/Users/wanglifei/Desktop/2025模拟题/2025各区一模/2025石景山一模/试卷/试卷.pdf,paper,included,/Users/wanglifei/Desktop/北京高考政治/reports/必修二三与必修四文化_题源分类准备_20260617_1301/03_question_index/question_candidates.csv,"{""target"": ""B2_ECONOMICS"", ""target_score"": 4, ""boundary"": ""B4_PHILOSOPHY_EXCLUDED"", ""boundary_score"": 0, ""matches"": {""B2_ECONOMICS"": ""乡村振兴,共同富裕,boost:乡村振兴,boost:共同富裕""}}",future_baodian_intake,main_matrix_original
2025_石景山_一模,2025,石景山,一模,11,,question,XB2_EXCLUDED,objective,/Users/wanglifei/Desktop/2025模拟题/2025各区一模/2025石景山一模/试卷/试卷.pdf,paper,module-boundary-excluded,/Users/wanglifei/Desktop/北京高考政治/reports/必修二三与必修四文化_题源分类准备_20260617_1301/03_question_index/question_candidates.csv,"{""target"": ""B3_POLITICS_RULE_OF_LAW"", ""target_score"": 1, ""boundary"": ""XB2_EXCLUDED"", ""boundary_score"": 14, ""matches"": {""B3_POLITICS_RULE_OF_LAW"": ""法院"", ""XB2_EXCLUDED"": ""合同,劳动合同,诉讼,赔偿,boost:合同,boost:劳动合同,boost:诉讼""}, ""explicit_boundary_modules"": {""XB2_EXCLUDED"": [""合同"", ""诉讼"", ""劳动合同""]}, ""override"": ""explicit_boundary_term""}",exclude_from_three_target_lines,main_matrix_original
2025_石景山_一模,2025,石景山,一模,12,,question,B3_POLITICS_RULE_OF_LAW,objective,/Users/wanglifei/Desktop/2025模拟题/2025各区一模/2025石景山一模/试卷/试卷.pdf,paper,included,/Users/wanglifei/Desktop/北京高考政治/reports/必修二三与必修四文化_题源分类准备_20260617_1301/03_question_index/question_candidates.csv,"{""target"": ""B3_POLITICS_RULE_OF_LAW"", ""target_score"": 2, ""boundary"": ""B4_PHILOSOPHY_EXCLUDED"", ""boundary_score"": 0, ""matches"": {""B3_POLITICS_RULE_OF_LAW"": ""政府,公共服务"", ""B4_CULTURE"": ""文化""}}",future_baodian_intake,main_matrix_original
2025_石景山_一模,2025,石景山,一模,13,,question,B2_ECONOMICS,objective,/Users/wanglifei/Desktop/2025模拟题/2025各区一模/2025石景山一模/试卷/试卷.pdf,paper,included,/Users/wanglifei/Desktop/北京高考政治/reports/必修二三与必修四文化_题源分类准备_20260617_1301/03_question_index/question_candidates.csv,"{""target"": ""B2_ECONOMICS"", ""target_score"": 4, ""boundary"": ""B4_PHILOSOPHY_EXCLUDED"", ""boundary_score"": 0, ""matches"": {""B2_ECONOMICS"": ""宏观调控,供给侧,消费,boost:宏观调控"", ""B3_POLITICS_RULE_OF_LAW"": ""政府""}}",future_baodian_intake,main_matrix_original
2025_石景山_一模,2025,石景山,一模,14,,question,XB1_EXCLUDED,objective,/Users/wanglifei/Desktop/2025模拟题/2025各区一模/2025石景山一模/试卷/试卷.pdf,paper,module-boundary-excluded,05_reports/strong_blocker_resolution_audit.csv,"{""rule_id"": ""STRONG_BLOCKER_XB1_BELT_AND_ROAD_AID"", ""matched_terms"": ""对外合作,一带一路,援外品牌,互利共赢"", ""source"": ""strong_blocker_resolution_review.csv"", ""evidence_source_type"": ""paper"", ""prior_status"": ""blocked"", ""prior_next_action"": ""manual_review_needed""}",exclude_from_three_target_lines,strong_blocker_resolution
2025_石景山_一模,2025,石景山,一模,15,,question,B4_CULTURE,objective,/Users/wanglifei/Desktop/2025模拟题/2025各区一模/2025石景山一模/试卷/试卷.pdf,paper,included,/Users/wanglifei/Desktop/北京高考政治/reports/必修二三与必修四文化_题源分类准备_20260617_1301/03_question_index/question_candidates.csv,"{""target"": ""B4_CULTURE"", ""target_score"": 2, ""boundary"": ""B4_PHILOSOPHY_EXCLUDED"", ""boundary_score"": 0, ""matches"": {""B4_CULTURE"": ""文化""}}",future_baodian_intake,main_matrix_original
2025_石景山_一模,2025,石景山,一模,16,,question,B4_CULTURE,subjective,/Users/wanglifei/Desktop/2025模拟题/2025各区一模/2025石景山一模/试卷/试卷.pdf,paper,included,/Users/wanglifei/Desktop/北京高考政治/reports/必修二三与必修四文化_题源分类准备_20260617_1301/03_question_index/question_candidates.csv,"{""target"": ""B4_CULTURE"", ""target_score"": 14, ""boundary"": ""B4_PHILOSOPHY_EXCLUDED"", ""boundary_score"": 4, ""matches"": {""B4_CULTURE"": ""文化,中华优秀传统文化,优秀传统文化,传统文化,文化传承,中华文明,boost:中华优秀传统文化,boost:优秀传统文化,boost:传统文化,boost:文化传承,boost:中华文明"", ""B4_PHILOSOPHY_EXCLUDED"": ""联系的观点,发展的观点,boost:联系的观点,boost:发展的观点""}}",future_baodian_intake,main_matrix_original
2025_石景山_一模,2025,石景山,一模,17,,question,XB1_EXCLUDED,subjective,/Users/wanglifei/Desktop/2025模拟题/2025各区一模/2025石景山一模/试卷/试卷.pdf,paper,module-boundary-excluded,05_reports/source_explicit_target_component_audit.csv,"{""rule_id"": ""SOURCE_EXPLICIT_PARENT_REMAINDER_XB1_BEIJING_DECLARATIONS"", ""source"": ""source_explicit_target_component_audit.csv"", ""prior_book_module"": ""UNKNOWN_OR_MIXED"", ""prior_status"": ""blocked""}",target_component_extracted_remainder_excluded,source_explicit_parent_remainder_closed
2025_石景山_一模,2025,石景山,一模,18,,question,B2_ECONOMICS,subjective,/Users/wanglifei/Desktop/2025模拟题/2025各区一模/2025石景山一模/试卷/试卷.pdf,paper,included,/Users/wanglifei/Desktop/北京高考政治/reports/必修二三与必修四文化_题源分类准备_20260617_1301/03_question_index/question_candidates.csv,"{""target"": ""B2_ECONOMICS"", ""target_score"": 11, ""boundary"": ""B4_PHILOSOPHY_EXCLUDED"", ""boundary_score"": 0, ""matches"": {""B2_ECONOMICS"": ""经济与社会,有效市场,有为政府,高质量发展,产业链,经济增长,boost:经济与社会,boost:高质量发展,boost:产业链,boost:经济增长"", ""B3_POLITICS_RULE_OF_LAW"": ""政府""}}",future_baodian_intake,main_matrix_original
2025_石景山_一模,2025,石景山,一模,19,,question,XB3_EXCLUDED,subjective,/Users/wanglifei/Desktop/2025模拟题/2025各区一模/2025石景山一模/试卷/试卷.pdf,paper,module-boundary-excluded,/Users/wanglifei/Desktop/北京高考政治/reports/必修二三与必修四文化_题源分类准备_20260617_1301/03_question_index/question_candidates.csv,"{""target"": ""B2_ECONOMICS"", ""target_score"": 0, ""boundary"": ""XB3_EXCLUDED"", ""boundary_score"": 12, ""matches"": {""B4_PHILOSOPHY_EXCLUDED"": ""实践,认识"", ""XB3_EXCLUDED"": ""逻辑与思维,科学思维,创新思维,推理,归纳推理,boost:逻辑与思维,boost:科学思维,boost:创新思维,boost:推理,boost:归纳推理""}, ""explicit_boundary_modules"": {""XB3_EXCLUDED"": [""逻辑与思维"", ""科学思维"", ""创新思维"", ""推理""]}, ""override"": ""explicit_boundary_term""}",exclude_from_three_target_lines,main_matrix_original
2025_石景山_一模,2025,石景山,一模,2,,question,XB1_EXCLUDED,objective,/Users/wanglifei/Desktop/2025模拟题/2025各区一模/2025石景山一模/试卷/试卷.pdf,paper,module-boundary-excluded,/Users/wanglifei/Desktop/北京高考政治/reports/必修二三与必修四文化_题源分类准备_20260617_1301/03_question_index/question_candidates.csv,"{""target"": ""B4_CULTURE"", ""target_score"": 8, ""boundary"": ""B4_PHILOSOPHY_EXCLUDED"", ""boundary_score"": 2, ""matches"": {""B4_CULTURE"": ""文化,文化遗产,boost:文化遗产"", ""B4_PHILOSOPHY_EXCLUDED"": ""实践"", ""XB1_EXCLUDED"": ""联合国,boost:联合国""}, ""explicit_boundary_modules"": {""XB1_EXCLUDED"": [""联合国""]}, ""override"": ""explicit_boundary_term""}",exclude_from_three_target_lines,main_matrix_original
2025_石景山_一模,2025,石景山,一模,20,,question,XB2_EXCLUDED,subjective,/Users/wanglifei/Desktop/2025模拟题/2025各区一模/2025石景山一模/试卷/试卷.pdf,paper,module-boundary-excluded,/Users/wanglifei/Desktop/北京高考政治/reports/必修二三与必修四文化_题源分类准备_20260617_1301/03_question_index/question_candidates.csv,"{""target"": ""B2_ECONOMICS"", ""target_score"": 11, ""boundary"": ""XB2_EXCLUDED"", ""boundary_score"": 19, ""matches"": {""B2_ECONOMICS"": ""高质量发展,数字经济,新质生产力,boost:高质量发展,boost:数字经济,boost:新质生产力"", ""B3_POLITICS_RULE_OF_LAW"": ""法院"", ""XB2_EXCLUDED"": ""民法典,合同,侵权,赔偿,违约,boost:民法典,boost:合同,boost:侵权,boost:违约""}, ""explicit_boundary_modules"": {""XB2_EXCLUDED"": [""民法典"", ""合同"", ""侵权""]}, ""override"": ""explicit_boundary_term""}",exclude_from_three_target_lines,main_matrix_original
2025_石景山_一模,2025,石景山,一模,21,,question,B4_CULTURE,subjective,/Users/wanglifei/Desktop/2025模拟题/2025各区一模/2025石景山一模/试卷/试卷.pdf,paper,included,/Users/wanglifei/Desktop/北京高考政治/reports/必修二三与必修四文化_题源分类准备_20260617_1301/03_question_index/question_candidates.csv,"{""target"": ""B4_CULTURE"", ""target_score"": 7, ""boundary"": ""B1_EXCLUDED"", ""boundary_score"": 3, ""matches"": {""B2_ECONOMICS"": ""新质生产力,boost:新质生产力"", ""B3_POLITICS_RULE_OF_LAW"": ""党的领导,boost:党的领导"", ""B4_CULTURE"": ""文化,中华优秀传统文化,优秀传统文化,传统文化,boost:中华优秀传统文化,boost:优秀传统文化,boost:传统文化"", ""B1_EXCLUDED"": ""中国特色社会主义,改革开放""}}",future_baodian_intake,main_matrix_original
2025_石景山_一模,2025,石景山,一模,3,,question,XB2_EXCLUDED,objective,/Users/wanglifei/Desktop/2025模拟题/2025各区一模/2025石景山一模/试卷/试卷.pdf,paper,module-boundary-excluded,/Users/wanglifei/Desktop/北京高考政治/reports/必修二三与必修四文化_题源分类准备_20260617_1301/03_question_index/question_candidates.csv,"{""target"": ""B3_POLITICS_RULE_OF_LAW"", ""target_score"": 4, ""boundary"": ""XB2_EXCLUDED"", ""boundary_score"": 7, ""matches"": {""B2_ECONOMICS"": ""新质生产力,消费,boost:新质生产力"", ""B3_POLITICS_RULE_OF_LAW"": ""中国共产党,boost:中国共产党"", ""B4_PHILOSOPHY_EXCLUDED"": ""实践,社会存在,boost:社会存在"", ""XB2_EXCLUDED"": ""侵权,民事,侵权责任,赔偿,boost:侵权,boost:民事,boost:侵权责任"", ""B1_EXCLUDED"": ""改革开放""}, ""explicit_boundary_modules"": {""XB2_EXCLUDED"": [""侵权"", ""民事""], ""B4_PHILOSOPHY_EXCLUDED"": [""社会存在""]}, ""override"": ""explicit_boundary_term""}",exclude_from_three_target_lines,main_matrix_original
2025_石景山_一模,2025,石景山,一模,4,,question,B4_PHILOSOPHY_EXCLUDED,objective,/Users/wanglifei/Desktop/北京高考政治/reports/必修二三与必修四文化_题源分类准备_20260617_1301/02_text_cache/texts/fb8717be46dabe77.txt | /Users/wanglifei/Desktop/北京高考政治/reports/必修二三与必修四文化_题源分类准备_20260617_1301/02_text_cache/texts/fb8717be46dabe77.txt,paper+answer_key,module-boundary-excluded,05_reports/culture_hint_final_cleanup_audit.csv,"{""rule_id"": ""CULTURE_HINT_SHIJINGSHAN_Q4_ANSWER_D_B4P"", ""matched_terms"": ""答案D,实事求是,适度原则,改革"", ""basis"": ""答案键显示第4题为 D，正确项为实事求是与适度原则，归为哲学边界排除。"", ""source"": ""culture_hint_final_cleanup_audit.csv"", ""prior_book_module"": ""UNKNOWN_OR_MIXED"", ""prior_status"": ""blocked""}",exclude_from_three_target_lines,culture_hint_final_cleanup
2025_石景山_一模,2025,石景山,一模,5,,question,XB3_EXCLUDED,objective,/Users/wanglifei/Desktop/2025模拟题/2025各区一模/2025石景山一模/试卷/试卷.pdf,paper,module-boundary-excluded,/Users/wanglifei/Desktop/北京高考政治/reports/必修二三与必修四文化_题源分类准备_20260617_1301/03_question_index/question_candidates.csv,"{""target"": ""B4_CULTURE"", ""target_score"": 2, ""boundary"": ""XB3_EXCLUDED"", ""boundary_score"": 7, ""matches"": {""B4_CULTURE"": ""文化"", ""B4_PHILOSOPHY_EXCLUDED"": ""社会意识,boost:社会意识"", ""XB3_EXCLUDED"": ""推理,三段论,boost:推理,boost:三段论""}, ""explicit_boundary_modules"": {""XB3_EXCLUDED"": [""三段论"", ""推理""], ""B4_PHILOSOPHY_EXCLUDED"": [""社会意识""]}, ""override"": ""explicit_boundary_term""}",exclude_from_three_target_lines,main_matrix_original
2025_石景山_一模,2025,石景山,一模,6,,question,XB3_EXCLUDED,objective,/Users/wanglifei/Desktop/2025模拟题/2025各区一模/2025石景山一模/试卷/试卷.pdf,paper,module-boundary-excluded,/Users/wanglifei/Desktop/北京高考政治/reports/必修二三与必修四文化_题源分类准备_20260617_1301/03_question_index/question_candidates.csv,"{""target"": ""B2_ECONOMICS"", ""target_score"": 0, ""boundary"": ""XB3_EXCLUDED"", ""boundary_score"": 9, ""matches"": {""B4_PHILOSOPHY_EXCLUDED"": ""矛盾,boost:矛盾"", ""XB3_EXCLUDED"": ""推理,周延,boost:推理,boost:周延""}, ""explicit_boundary_modules"": {""XB3_EXCLUDED"": [""推理""]}, ""override"": ""explicit_boundary_term""}",exclude_from_three_target_lines,main_matrix_original
2025_石景山_一模,2025,石景山,一模,7,,question,XB3_EXCLUDED,objective,/Users/wanglifei/Desktop/2025模拟题/2025各区一模/2025石景山一模/试卷/试卷.pdf,paper,module-boundary-excluded,/Users/wanglifei/Desktop/北京高考政治/reports/必修二三与必修四文化_题源分类准备_20260617_1301/03_question_index/question_candidates.csv,"{""target"": ""B2_ECONOMICS"", ""target_score"": 1, ""boundary"": ""XB3_EXCLUDED"", ""boundary_score"": 10, ""matches"": {""B2_ECONOMICS"": ""消费"", ""XB3_EXCLUDED"": ""超前思维,发散思维,逆向思维,联想思维,想象,boost:超前思维,boost:发散思维,boost:逆向思维,boost:联想思维,boost:想象""}, ""explicit_boundary_modules"": {""XB3_EXCLUDED"": [""超前思维"", ""想象""]}, ""override"": ""explicit_boundary_term""}",exclude_from_three_target_lines,main_matrix_original
2025_石景山_一模,2025,石景山,一模,8,,question,B3_POLITICS_RULE_OF_LAW,objective,/Users/wanglifei/Desktop/2025模拟题/2025各区一模/2025石景山一模/试卷/试卷.pdf,paper,included,/Users/wanglifei/Desktop/北京高考政治/reports/必修二三与必修四文化_题源分类准备_20260617_1301/03_question_index/question_candidates.csv,"{""target"": ""B3_POLITICS_RULE_OF_LAW"", ""target_score"": 3, ""boundary"": ""B4_PHILOSOPHY_EXCLUDED"", ""boundary_score"": 0, ""matches"": {""B3_POLITICS_RULE_OF_LAW"": ""中国共产党,boost:中国共产党"", ""B4_CULTURE"": ""红色基因,boost:红色基因""}}",future_baodian_intake,main_matrix_original
2025_石景山_一模,2025,石景山,一模,9,,question,B3_POLITICS_RULE_OF_LAW,objective,/Users/wanglifei/Desktop/2025模拟题/2025各区一模/2025石景山一模/试卷/试卷.pdf,paper,included,/Users/wanglifei/Desktop/北京高考政治/reports/必修二三与必修四文化_题源分类准备_20260617_1301/03_question_index/question_candidates.csv,"{""target"": ""B3_POLITICS_RULE_OF_LAW"", ""target_score"": 11, ""boundary"": ""B4_PHILOSOPHY_EXCLUDED"", ""boundary_score"": 0, ""matches"": {""B3_POLITICS_RULE_OF_LAW"": ""宪法,国家治理,全国人大,全国人大常委会,人大常委会,boost:宪法,boost:国家治理,boost:全国人大,boost:人大常委会""}}",future_baodian_intake,main_matrix_original
2025_西城_一模,2025,西城,一模,1,,question,B1_EXCLUDED,objective,/Users/wanglifei/Desktop/2025模拟题/2025各区一模/2025西城一模/试卷/试卷.pdf,paper,module-boundary-excluded,05_reports/prompt_resolution_audit.csv,"{""override"": ""strict_prompt_resolution"", ""rule_id"": ""B1_SOCIALISM_PROMPT"", ""matched_terms"": ""改革开放"", ""prompt_source"": ""paper"", ""prompt"": ""中央一号文件,指中共中央每年发布的第一份文件。截至 2025 年,中共中央、国务院已经发布 27 份 专注于“三农”议题的中央一号文件。运用分析软件对改革开放初期、21 世纪初期、十八大以来的中 央一号文件文本中的话语进行分析,有如下发现:  在改革开放初期的中央一号文件中,形成了“经济”“责任制”“改革”等以农业农村农民为主体的 乡村建设话语。  在 21 世纪初期的中央一号文件中,形成了“农产品”“粮食”“改革”“补贴”等以农业农村农民 为主体的乡村建设话语。  在十八大以来的中央一号文件中,形成了“乡村振兴”“农产品”“改革”“试点”等以农业农村农民 为主体的乡村建设话语。 可见 1党中央对“三农”工作的重视一以贯之,强农惠农富农的改革持续加力 2推进乡村全面振兴始终是改革开放 40 多年来的重点任务 3“三农”议题话语的变化折射着时代的变迁 4农业的社会主义改造是一个持续的过"", ""previous_decision"": ""{\""target\"": \""B2_ECONOMICS\"", \""target_score\"": 2, \""boundary\"": \""B1_EXCLUDED\"", \""boundary_score\"": 3, \""matches\"": {\""B2_ECONOMICS\"": \""乡村振兴,boost:乡村振兴\"", \""B1_EXCLUDED\"": \""改革开放\""}}""}",exclude_from_three_target_lines,prompt_resolved_from_main_matrix_original
2025_西城_一模,2025,西城,一模,10,,question,XB2_EXCLUDED,objective,/Users/wanglifei/Desktop/2025模拟题/2025各区一模/2025西城一模/试卷/试卷.pdf,paper,module-boundary-excluded,/Users/wanglifei/Desktop/北京高考政治/reports/必修二三与必修四文化_题源分类准备_20260617_1301/03_question_index/question_candidates.csv,"{""target"": ""B2_ECONOMICS"", ""target_score"": 0, ""boundary"": ""XB2_EXCLUDED"", ""boundary_score"": 2, ""matches"": {""XB2_EXCLUDED"": ""侵权,boost:侵权""}, ""explicit_boundary_modules"": {""XB2_EXCLUDED"": [""侵权""]}, ""override"": ""explicit_boundary_term""}",exclude_from_three_target_lines,main_matrix_original
2025_西城_一模,2025,西城,一模,11,,question,XB2_EXCLUDED,objective,/Users/wanglifei/Desktop/2025模拟题/2025各区一模/2025西城一模/试卷/试卷.pdf,paper,module-boundary-excluded,/Users/wanglifei/Desktop/北京高考政治/reports/必修二三与必修四文化_题源分类准备_20260617_1301/03_question_index/question_candidates.csv,"{""target"": ""B2_ECONOMICS"", ""target_score"": 0, ""boundary"": ""XB2_EXCLUDED"", ""boundary_score"": 9, ""matches"": {""XB2_EXCLUDED"": ""合同,民事,民事行为能力,赔偿,违约,boost:合同,boost:民事,boost:民事行为能力,boost:违约""}, ""explicit_boundary_modules"": {""XB2_EXCLUDED"": [""合同"", ""民事""]}, ""override"": ""explicit_boundary_term""}",exclude_from_three_target_lines,main_matrix_original
2025_西城_一模,2025,西城,一模,12,,question,B2_ECONOMICS,objective,/Users/wanglifei/Desktop/2025模拟题/2025各区一模/2025西城一模/试卷/试卷.pdf,paper,included,/Users/wanglifei/Desktop/北京高考政治/reports/必修二三与必修四文化_题源分类准备_20260617_1301/03_question_index/question_candidates.csv,"{""target"": ""B2_ECONOMICS"", ""target_score"": 5, ""boundary"": ""B4_PHILOSOPHY_EXCLUDED"", ""boundary_score"": 0, ""matches"": {""B2_ECONOMICS"": ""高质量发展,收入分配,按劳分配,boost:高质量发展,boost:收入分配""}}",future_baodian_intake,main_matrix_original
2025_西城_一模,2025,西城,一模,13,,question,XB2_EXCLUDED,objective,/Users/wanglifei/Desktop/2025模拟题/2025各区一模/2025西城一模/试卷/试卷.pdf,paper,module-boundary-excluded,/Users/wanglifei/Desktop/北京高考政治/reports/必修二三与必修四文化_题源分类准备_20260617_1301/03_question_index/question_candidates.csv,"{""target"": ""B2_ECONOMICS"", ""target_score"": 1, ""boundary"": ""XB2_EXCLUDED"", ""boundary_score"": 5, ""matches"": {""B2_ECONOMICS"": ""产业发展"", ""B3_POLITICS_RULE_OF_LAW"": ""政府"", ""XB2_EXCLUDED"": ""专利,所有权,boost:专利,boost:所有权""}, ""explicit_boundary_modules"": {""XB2_EXCLUDED"": [""专利"", ""所有权""]}, ""override"": ""explicit_boundary_term""}",exclude_from_three_target_lines,main_matrix_original
2025_西城_一模,2025,西城,一模,14,,question,XB1_EXCLUDED,objective,/Users/wanglifei/Desktop/2025模拟题/2025各区一模/2025西城一模/试卷/试卷.pdf,paper,module-boundary-excluded,/Users/wanglifei/Desktop/北京高考政治/reports/必修二三与必修四文化_题源分类准备_20260617_1301/03_question_index/question_candidates.csv,"{""target"": ""B3_POLITICS_RULE_OF_LAW"", ""target_score"": 1, ""boundary"": ""XB1_EXCLUDED"", ""boundary_score"": 2, ""matches"": {""B3_POLITICS_RULE_OF_LAW"": ""法院"", ""XB1_EXCLUDED"": ""联合国,boost:联合国""}, ""explicit_boundary_modules"": {""XB1_EXCLUDED"": [""联合国""]}, ""override"": ""explicit_boundary_term""}",exclude_from_three_target_lines,main_matrix_original
2025_西城_一模,2025,西城,一模,15,,question,XB1_EXCLUDED,objective,/Users/wanglifei/Desktop/2025模拟题/2025各区一模/2025西城一模/试卷/试卷.pdf,paper,module-boundary-excluded,/Users/wanglifei/Desktop/北京高考政治/reports/必修二三与必修四文化_题源分类准备_20260617_1301/03_question_index/question_candidates.csv,"{""target"": ""B2_ECONOMICS"", ""target_score"": 0, ""boundary"": ""XB1_EXCLUDED"", ""boundary_score"": 7, ""matches"": {""XB1_EXCLUDED"": ""全球治理,外交,金砖,boost:全球治理,boost:外交,boost:金砖""}, ""explicit_boundary_modules"": {""XB1_EXCLUDED"": [""全球治理""]}, ""override"": ""explicit_boundary_term""}",exclude_from_three_target_lines,main_matrix_original
2025_西城_一模,2025,西城,一模,16,,question,B4_CULTURE,subjective,/Users/wanglifei/Desktop/2025模拟题/2025各区一模/2025西城一模/试卷/试卷.pdf,paper,included,/Users/wanglifei/Desktop/北京高考政治/reports/必修二三与必修四文化_题源分类准备_20260617_1301/03_question_index/question_candidates.csv,"{""target"": ""B4_CULTURE"", ""target_score"": 18, ""boundary"": ""XB2_EXCLUDED"", ""boundary_score"": 2, ""matches"": {""B4_CULTURE"": ""文化,中华优秀传统文化,优秀传统文化,传统文化,文旅,boost:中华优秀传统文化,boost:优秀传统文化,boost:传统文化,boost:文旅"", ""B4_PHILOSOPHY_EXCLUDED"": ""实践"", ""XB2_EXCLUDED"": ""继承,boost:继承""}}",future_baodian_intake,main_matrix_original
2025_西城_一模,2025,西城,一模,17,,question,XB3_EXCLUDED,subjective,/Users/wanglifei/Desktop/2025模拟题/2025各区一模/2025西城一模/试卷/试卷.pdf,paper,module-boundary-excluded,/Users/wanglifei/Desktop/北京高考政治/reports/必修二三与必修四文化_题源分类准备_20260617_1301/03_question_index/question_candidates.csv,"{""target"": ""B2_ECONOMICS"", ""target_score"": 0, ""boundary"": ""XB3_EXCLUDED"", ""boundary_score"": 4, ""matches"": {""B4_PHILOSOPHY_EXCLUDED"": ""认识"", ""XB3_EXCLUDED"": ""科学思维,辩证思维,boost:科学思维,boost:辩证思维""}, ""explicit_boundary_modules"": {""XB3_EXCLUDED"": [""科学思维"", ""辩证思维""]}, ""override"": ""explicit_boundary_term""}",exclude_from_three_target_lines,main_matrix_original
2025_西城_一模,2025,西城,一模,18,,question,B2_ECONOMICS,subjective,/Users/wanglifei/Desktop/2025模拟题/2025各区一模/2025西城一模/试卷/试卷.pdf,paper,included,/Users/wanglifei/Desktop/北京高考政治/reports/必修二三与必修四文化_题源分类准备_20260617_1301/03_question_index/question_candidates.csv,"{""target"": ""B2_ECONOMICS"", ""target_score"": 8, ""boundary"": ""B4_PHILOSOPHY_EXCLUDED"", ""boundary_score"": 0, ""matches"": {""B2_ECONOMICS"": ""经济与社会,产业链,产业发展,基础设施,经济增长,boost:经济与社会,boost:产业链,boost:经济增长""}}",future_baodian_intake,main_matrix_original
2025_西城_一模,2025,西城,一模,19,,question,B3_POLITICS_RULE_OF_LAW,subjective,/Users/wanglifei/Desktop/2025模拟题/2025各区一模/2025西城一模/试卷/试卷.pdf,paper,included,/Users/wanglifei/Desktop/北京高考政治/reports/必修二三与必修四文化_题源分类准备_20260617_1301/03_question_index/question_candidates.csv,"{""target"": ""B3_POLITICS_RULE_OF_LAW"", ""target_score"": 16, ""boundary"": ""B4_PHILOSOPHY_EXCLUDED"", ""boundary_score"": 0, ""matches"": {""B2_ECONOMICS"": ""高质量发展,boost:高质量发展"", ""B3_POLITICS_RULE_OF_LAW"": ""人大代表,全过程人民民主,全国人大,全国人大常委会,人大常委会,boost:人大代表,boost:全过程人民民主,boost:全国人大,boost:人大常委会""}}",future_baodian_intake,main_matrix_original
2025_西城_一模,2025,西城,一模,2,,question,B4_CULTURE,objective,/Users/wanglifei/Desktop/2025模拟题/2025各区一模/2025西城一模/试卷/试卷.pdf,paper,included,/Users/wanglifei/Desktop/北京高考政治/reports/必修二三与必修四文化_题源分类准备_20260617_1301/03_question_index/question_candidates.csv,"{""target"": ""B4_CULTURE"", ""target_score"": 8, ""boundary"": ""B4_PHILOSOPHY_EXCLUDED"", ""boundary_score"": 1, ""matches"": {""B2_ECONOMICS"": ""高质量发展,boost:高质量发展"", ""B4_CULTURE"": ""文化,中华优秀传统文化,优秀传统文化,传统文化,boost:中华优秀传统文化,boost:优秀传统文化,boost:传统文化"", ""B4_PHILOSOPHY_EXCLUDED"": ""实践""}}",future_baodian_intake,main_matrix_original
2025_西城_一模,2025,西城,一模,20,,question,XB2_EXCLUDED,subjective,/Users/wanglifei/Desktop/2025模拟题/2025各区一模/2025西城一模/试卷/试卷.pdf,paper,module-boundary-excluded,/Users/wanglifei/Desktop/北京高考政治/reports/必修二三与必修四文化_题源分类准备_20260617_1301/03_question_index/question_candidates.csv,"{""target"": ""B2_ECONOMICS"", ""target_score"": 8, ""boundary"": ""XB2_EXCLUDED"", ""boundary_score"": 2, ""matches"": {""B2_ECONOMICS"": ""社会保障,劳动者,人力资源,boost:社会保障"", ""XB2_EXCLUDED"": ""合同,boost:合同""}, ""explicit_boundary_modules"": {""XB2_EXCLUDED"": [""合同""]}, ""override"": ""explicit_boundary_term""}",exclude_from_three_target_lines,main_matrix_original
2025_西城_一模,2025,西城,一模,21,,question,XB1_EXCLUDED,subjective,/Users/wanglifei/Desktop/2025模拟题/2025各区一模/2025西城一模/试卷/试卷.pdf,paper,module-boundary-excluded,/Users/wanglifei/Desktop/北京高考政治/reports/必修二三与必修四文化_题源分类准备_20260617_1301/03_question_index/question_candidates.csv,"{""target"": ""B4_CULTURE"", ""target_score"": 5, ""boundary"": ""XB1_EXCLUDED"", ""boundary_score"": 4, ""matches"": {""B2_ECONOMICS"": ""新发展理念,boost:新发展理念"", ""B3_POLITICS_RULE_OF_LAW"": ""党的领导,政府,boost:党的领导"", ""B4_CULTURE"": ""文化,民族精神,文化基因,boost:民族精神,boost:文化基因"", ""B4_PHILOSOPHY_EXCLUDED"": ""实践"", ""XB1_EXCLUDED"": ""联合国,经济全球化,boost:联合国,boost:经济全球化""}, ""explicit_boundary_modules"": {""XB1_EXCLUDED"": [""经济全球化"", ""联合国""]}, ""override"": ""explicit_boundary_term""}",exclude_from_three_target_lines,main_matrix_original
2025_西城_一模,2025,西城,一模,3,,question,B4_PHILOSOPHY_EXCLUDED,objective,/Users/wanglifei/Desktop/2025模拟题/2025各区一模/2025西城一模/试卷/试卷.pdf,paper,module-boundary-excluded,/Users/wanglifei/Desktop/北京高考政治/reports/必修二三与必修四文化_题源分类准备_20260617_1301/03_question_index/question_candidates.csv,"{""target"": ""B2_ECONOMICS"", ""target_score"": 0, ""boundary"": ""B4_PHILOSOPHY_EXCLUDED"", ""boundary_score"": 7, ""matches"": {""B4_PHILOSOPHY_EXCLUDED"": ""认识,真理,boost:真理""}}",exclude_from_three_target_lines,main_matrix_original
2025_西城_一模,2025,西城,一模,4,,question,B4_PHILOSOPHY_EXCLUDED,objective,/Users/wanglifei/Desktop/北京高考政治/reports/必修二三与必修四文化_题源分类准备_20260617_1301/02_text_cache/texts/2542f29bb04e2ae0.txt | /Users/wanglifei/Desktop/北京高考政治/reports/必修二三与必修四文化_题源分类准备_20260617_1301/02_text_cache/texts/2542f29bb04e2ae0.txt,paper+answer_key,module-boundary-excluded,05_reports/culture_hint_final_cleanup_audit.csv,"{""rule_id"": ""CULTURE_HINT_XICHENG_YIMO_Q4_PARENT_REMAINDER_AFTER_B2"", ""matched_terms"": ""答案D,以人民为中心,投资于人,投资于物"", ""basis"": ""答案键显示第4题为 D；其中经济发展与民生改善良性循环另抽 B2 组件，父题余项按价值/哲学边界关闭。"", ""source"": ""culture_hint_final_cleanup_audit.csv"", ""prior_book_module"": ""UNKNOWN_OR_MIXED"", ""prior_status"": ""blocked""}",exclude_from_three_target_lines,culture_hint_final_cleanup
2025_西城_一模,2025,西城,一模,5,,question,B4_PHILOSOPHY_EXCLUDED,objective,/Users/wanglifei/Desktop/2025模拟题/2025各区一模/2025西城一模/试卷/试卷.pdf,paper,module-boundary-excluded,/Users/wanglifei/Desktop/北京高考政治/reports/必修二三与必修四文化_题源分类准备_20260617_1301/03_question_index/question_candidates.csv,"{""target"": ""B2_ECONOMICS"", ""target_score"": 0, ""boundary"": ""B4_PHILOSOPHY_EXCLUDED"", ""boundary_score"": 2, ""matches"": {""B4_PHILOSOPHY_EXCLUDED"": ""矛盾,boost:矛盾""}}",exclude_from_three_target_lines,main_matrix_original
2025_西城_一模,2025,西城,一模,6,,question,B4_CULTURE,objective,/Users/wanglifei/Desktop/2025模拟题/2025各区一模/2025西城一模/试卷/试卷.pdf,paper,included,/Users/wanglifei/Desktop/北京高考政治/reports/必修二三与必修四文化_题源分类准备_20260617_1301/03_question_index/question_candidates.csv,"{""target"": ""B4_CULTURE"", ""target_score"": 11, ""boundary"": ""B4_PHILOSOPHY_EXCLUDED"", ""boundary_score"": 0, ""matches"": {""B4_CULTURE"": ""文化,传统文化,博物馆,文物,boost:传统文化,boost:博物馆,boost:文物""}}",future_baodian_intake,main_matrix_original
2025_西城_一模,2025,西城,一模,7,,question,XB3_EXCLUDED,objective,/Users/wanglifei/Desktop/2025模拟题/2025各区一模/2025西城一模/试卷/试卷.pdf,paper,module-boundary-excluded,/Users/wanglifei/Desktop/北京高考政治/reports/必修二三与必修四文化_题源分类准备_20260617_1301/03_question_index/question_candidates.csv,"{""target"": ""B2_ECONOMICS"", ""target_score"": 0, ""boundary"": ""XB3_EXCLUDED"", ""boundary_score"": 2, ""matches"": {""XB3_EXCLUDED"": ""辩证思维,boost:辩证思维""}, ""explicit_boundary_modules"": {""XB3_EXCLUDED"": [""辩证思维""]}, ""override"": ""explicit_boundary_term""}",exclude_from_three_target_lines,main_matrix_original
2025_西城_一模,2025,西城,一模,8,,question,B2_ECONOMICS,objective,/Users/wanglifei/Desktop/2025模拟题/2025各区一模/2025西城一模/试卷/试卷.pdf,paper,included,/Users/wanglifei/Desktop/北京高考政治/reports/必修二三与必修四文化_题源分类准备_20260617_1301/03_question_index/question_candidates.csv,"{""target"": ""B2_ECONOMICS"", ""target_score"": 2, ""boundary"": ""B4_PHILOSOPHY_EXCLUDED"", ""boundary_score"": 0, ""matches"": {""B2_ECONOMICS"": ""宏观调控,boost:宏观调控""}}",future_baodian_intake,main_matrix_original
2025_西城_一模,2025,西城,一模,9,,question,XB2_EXCLUDED,objective,/Users/wanglifei/Desktop/2025模拟题/2025各区一模/2025西城一模/试卷/试卷.pdf,paper,module-boundary-excluded,/Users/wanglifei/Desktop/北京高考政治/reports/必修二三与必修四文化_题源分类准备_20260617_1301/03_question_index/question_candidates.csv,"{""target"": ""B3_POLITICS_RULE_OF_LAW"", ""target_score"": 6, ""boundary"": ""XB2_EXCLUDED"", ""boundary_score"": 2, ""matches"": {""B3_POLITICS_RULE_OF_LAW"": ""政府,法院,行政处罚"", ""XB2_EXCLUDED"": ""民事,boost:民事""}, ""explicit_boundary_modules"": {""XB2_EXCLUDED"": [""民事""]}, ""override"": ""explicit_boundary_term""}",exclude_from_three_target_lines,main_matrix_original
2025_西城_二模,2025,西城,二模,1,,question,B4_CULTURE,objective,/Users/wanglifei/Desktop/2025模拟题/2025各区二模/2025西城二模/试卷/试卷.pdf,paper,included,/Users/wanglifei/Desktop/北京高考政治/reports/必修二三与必修四文化_题源分类准备_20260617_1301/03_question_index/question_candidates.csv,"{""target"": ""B4_CULTURE"", ""target_score"": 4, ""boundary"": ""B4_PHILOSOPHY_EXCLUDED"", ""boundary_score"": 0, ""matches"": {""B4_CULTURE"": ""文化,民族精神,boost:民族精神""}}",future_baodian_intake,main_matrix_original
2025_西城_二模,2025,西城,二模,10,,question,XB2_EXCLUDED,objective,/Users/wanglifei/Desktop/2025模拟题/2025各区二模/2025西城二模/试卷/试卷.pdf,paper,module-boundary-excluded,/Users/wanglifei/Desktop/北京高考政治/reports/必修二三与必修四文化_题源分类准备_20260617_1301/03_question_index/question_candidates.csv,"{""target"": ""B2_ECONOMICS"", ""target_score"": 2, ""boundary"": ""XB2_EXCLUDED"", ""boundary_score"": 4, ""matches"": {""B2_ECONOMICS"": ""消费"", ""XB2_EXCLUDED"": ""合同,boost:合同""}, ""explicit_boundary_modules"": {""XB2_EXCLUDED"": [""合同""]}, ""override"": ""explicit_boundary_term""}",exclude_from_three_target_lines,main_matrix_original
2025_西城_二模,2025,西城,二模,11,,question,XB2_EXCLUDED,objective,/Users/wanglifei/Desktop/2025模拟题/2025各区二模/2025西城二模/试卷/试卷.pdf,paper,module-boundary-excluded,05_reports/strong_blocker_resolution_audit.csv,"{""rule_id"": ""STRONG_BLOCKER_XB2_PUBLIC_PLACE_SAFETY"", ""matched_terms"": ""安全保障义务,法定义务,无过错责任"", ""source"": ""strong_blocker_resolution_review.csv"", ""evidence_source_type"": ""paper"", ""prior_status"": ""blocked"", ""prior_next_action"": ""manual_review_needed""}",exclude_from_three_target_lines,strong_blocker_resolution
2025_西城_二模,2025,西城,二模,12,,question,B2_ECONOMICS,objective,/Users/wanglifei/Desktop/2025模拟题/2025各区二模/2025西城二模/试卷/试卷.pdf,paper,included,/Users/wanglifei/Desktop/北京高考政治/reports/必修二三与必修四文化_题源分类准备_20260617_1301/03_question_index/question_candidates.csv,"{""target"": ""B2_ECONOMICS"", ""target_score"": 6, ""boundary"": ""B4_PHILOSOPHY_EXCLUDED"", ""boundary_score"": 0, ""matches"": {""B2_ECONOMICS"": ""实体经济,消费,扩大内需,boost:实体经济,boost:扩大内需"", ""B4_CULTURE"": ""文旅,boost:文旅""}}",future_baodian_intake,main_matrix_original
2025_西城_二模,2025,西城,二模,13,,question,B2_ECONOMICS,objective,/Users/wanglifei/Desktop/2025模拟题/2025各区二模/2025西城二模/试卷/试卷.pdf,paper,included,/Users/wanglifei/Desktop/北京高考政治/reports/必修二三与必修四文化_题源分类准备_20260617_1301/03_question_index/question_candidates.csv,"{""target"": ""B2_ECONOMICS"", ""target_score"": 6, ""boundary"": ""B4_PHILOSOPHY_EXCLUDED"", ""boundary_score"": 0, ""matches"": {""B2_ECONOMICS"": ""社会保障,就业,boost:社会保障,boost:就业""}}",future_baodian_intake,main_matrix_original
2025_西城_二模,2025,西城,二模,14,,question,XB1_EXCLUDED,objective,/Users/wanglifei/Desktop/2025模拟题/2025各区二模/2025西城二模/试卷/试卷.pdf,paper,module-boundary-excluded,05_reports/strong_blocker_resolution_audit.csv,"{""rule_id"": ""STRONG_BLOCKER_XB1_DATA_SOVEREIGNTY"", ""matched_terms"": ""数据主权,属地管辖权,国际规则,数据治理"", ""source"": ""strong_blocker_resolution_review.csv"", ""evidence_source_type"": ""paper"", ""prior_status"": ""blocked"", ""prior_next_action"": ""manual_review_needed""}",exclude_from_three_target_lines,strong_blocker_resolution
2025_西城_二模,2025,西城,二模,15,,question,B2_ECONOMICS,objective,/Users/wanglifei/Desktop/2025模拟题/2025各区二模/2025西城二模/试卷/试卷.pdf,paper,included,/Users/wanglifei/Desktop/北京高考政治/reports/必修二三与必修四文化_题源分类准备_20260617_1301/03_question_index/question_candidates.csv,"{""target"": ""B2_ECONOMICS"", ""target_score"": 4, ""boundary"": ""B4_PHILOSOPHY_EXCLUDED"", ""boundary_score"": 2, ""matches"": {""B2_ECONOMICS"": ""产业链,供应链,boost:产业链,boost:供应链"", ""B4_PHILOSOPHY_EXCLUDED"": ""矛盾,boost:矛盾"", ""XB1_EXCLUDED"": ""外交,boost:外交""}}",future_baodian_intake,main_matrix_original
2025_西城_二模,2025,西城,二模,16,,question,XB3_EXCLUDED,subjective,/Users/wanglifei/Desktop/2025模拟题/2025各区二模/2025西城二模/试卷/试卷.pdf,paper,module-boundary-excluded,/Users/wanglifei/Desktop/北京高考政治/reports/必修二三与必修四文化_题源分类准备_20260617_1301/03_question_index/question_candidates.csv,"{""target"": ""B2_ECONOMICS"", ""target_score"": 0, ""boundary"": ""XB3_EXCLUDED"", ""boundary_score"": 8, ""matches"": {""B4_PHILOSOPHY_EXCLUDED"": ""矛盾,主观能动性,boost:矛盾"", ""XB3_EXCLUDED"": ""创新思维,推理,假言判断,充分条件,boost:创新思维,boost:推理,boost:假言判断,boost:充分条件""}, ""explicit_boundary_modules"": {""XB3_EXCLUDED"": [""创新思维"", ""推理"", ""假言"", ""充分条件""]}, ""override"": ""explicit_boundary_term""}",exclude_from_three_target_lines,main_matrix_original
2025_西城_二模,2025,西城,二模,17,,question,B3_POLITICS_RULE_OF_LAW,subjective,/Users/wanglifei/Desktop/2025模拟题/2025各区二模/2025西城二模/试卷/试卷.pdf,paper,included,/Users/wanglifei/Desktop/北京高考政治/reports/必修二三与必修四文化_题源分类准备_20260617_1301/03_question_index/question_candidates.csv,"{""target"": ""B3_POLITICS_RULE_OF_LAW"", ""target_score"": 12, ""boundary"": ""B4_PHILOSOPHY_EXCLUDED"", ""boundary_score"": 0, ""matches"": {""B2_ECONOMICS"": ""经济与社会,有效市场,有为政府,数字经济,boost:经济与社会,boost:数字经济"", ""B3_POLITICS_RULE_OF_LAW"": ""政治与法治,党的领导,政府,公共服务,boost:政治与法治,boost:党的领导""}}",future_baodian_intake,main_matrix_original
2025_西城_二模,2025,西城,二模,18,,question,XB2_EXCLUDED,subjective,/Users/wanglifei/Desktop/2025模拟题/2025各区二模/2025西城二模/试卷/试卷.pdf,paper,module-boundary-excluded,/Users/wanglifei/Desktop/北京高考政治/reports/必修二三与必修四文化_题源分类准备_20260617_1301/03_question_index/question_candidates.csv,"{""target"": ""B3_POLITICS_RULE_OF_LAW"", ""target_score"": 5, ""boundary"": ""XB2_EXCLUDED"", ""boundary_score"": 13, ""matches"": {""B2_ECONOMICS"": ""消费"", ""B3_POLITICS_RULE_OF_LAW"": ""法院"", ""XB2_EXCLUDED"": ""法律与生活,民法典,民事,民事行为能力,监护人,上诉,boost:法律与生活,boost:民法典,boost:民事,boost:民事行为能力,boost:监护人,boost:上诉""}, ""explicit_boundary_modules"": {""XB2_EXCLUDED"": [""法律与生活"", ""民法典"", ""民事""]}, ""override"": ""explicit_boundary_term""}",exclude_from_three_target_lines,main_matrix_original
2025_西城_二模,2025,西城,二模,19,,question,XB2_EXCLUDED,subjective,/Users/wanglifei/Desktop/2025模拟题/2025各区二模/2025西城二模/试卷/试卷.pdf,paper,module-boundary-excluded,/Users/wanglifei/Desktop/北京高考政治/reports/必修二三与必修四文化_题源分类准备_20260617_1301/03_question_index/question_candidates.csv,"{""target"": ""B2_ECONOMICS"", ""target_score"": 5, ""boundary"": ""XB2_EXCLUDED"", ""boundary_score"": 5, ""matches"": {""B2_ECONOMICS"": ""市场经济,劳动者,基础设施,boost:市场经济"", ""XB1_EXCLUDED"": ""当代国际政治与经济,boost:当代国际政治与经济"", ""XB2_EXCLUDED"": ""民法典,民事,赔偿,boost:民法典,boost:民事""}, ""explicit_boundary_modules"": {""XB1_EXCLUDED"": [""当代国际政治与经济""], ""XB2_EXCLUDED"": [""民法典"", ""民事""]}, ""override"": ""explicit_boundary_term""}",exclude_from_three_target_lines,main_matrix_original
2025_西城_二模,2025,西城,二模,2,,question,B4_PHILOSOPHY_EXCLUDED,objective,/Users/wanglifei/Desktop/2025模拟题/2025各区二模/2025西城二模/试卷/试卷.pdf,paper,module-boundary-excluded,05_reports/strong_blocker_resolution_audit.csv,"{""rule_id"": ""STRONG_BLOCKER_B4P_THEORY_PRACTICE_VIEW"", ""matched_terms"": ""认识,理论,事务主义,客观过程"", ""source"": ""strong_blocker_resolution_review.csv"", ""evidence_source_type"": ""paper"", ""prior_status"": ""blocked"", ""prior_next_action"": ""manual_review_needed""}",exclude_from_three_target_lines,strong_blocker_resolution
2025_西城_二模,2025,西城,二模,20,,question,B4_CULTURE,subjective,/Users/wanglifei/Desktop/2025模拟题/2025各区二模/2025西城二模/试卷/试卷.pdf,paper,included,/Users/wanglifei/Desktop/北京高考政治/reports/必修二三与必修四文化_题源分类准备_20260617_1301/03_question_index/question_candidates.csv,"{""target"": ""B4_CULTURE"", ""target_score"": 35, ""boundary"": ""B4_PHILOSOPHY_EXCLUDED"", ""boundary_score"": 0, ""matches"": {""B3_POLITICS_RULE_OF_LAW"": ""中国共产党,boost:中国共产党"", ""B4_CULTURE"": ""文化,文化创新,文化强国,文化遗产,非遗,文艺,boost:文化创新,boost:文化强国,boost:文化遗产,boost:非遗""}}",future_baodian_intake,main_matrix_original
2025_西城_二模,2025,西城,二模,3,,question,B4_PHILOSOPHY_EXCLUDED,objective,/Users/wanglifei/Desktop/北京高考政治/reports/必修二三与必修四文化_题源分类准备_20260617_1301/02_text_cache/texts/06c08602a2f5c20b.txt | /Users/wanglifei/Desktop/北京高考政治/reports/必修二三与必修四文化_题源分类准备_20260617_1301/02_text_cache/texts/06c08602a2f5c20b.txt,paper+answer_key,module-boundary-excluded,05_reports/culture_hint_final_cleanup_audit.csv,"{""rule_id"": ""CULTURE_HINT_XICHENG_ERMO_Q3_PARENT_REMAINDER_AFTER_B2"", ""matched_terms"": ""答案A,创新尽责形式,高质量发展,绿色动能"", ""basis"": ""答案键显示第3题为 A；高质量发展和绿色动能组件已入 B2，父题余项按生态实践/一般实践边界关闭。"", ""source"": ""culture_hint_final_cleanup_audit.csv"", ""prior_book_module"": ""UNKNOWN_OR_MIXED"", ""prior_status"": ""blocked""}",exclude_from_three_target_lines,culture_hint_final_cleanup
2025_西城_二模,2025,西城,二模,4,,question,B4_PHILOSOPHY_EXCLUDED,objective,/Users/wanglifei/Desktop/2025模拟题/2025各区二模/2025西城二模/试卷/试卷.pdf,paper,module-boundary-excluded,/Users/wanglifei/Desktop/北京高考政治/reports/必修二三与必修四文化_题源分类准备_20260617_1301/03_question_index/question_candidates.csv,"{""target"": ""B2_ECONOMICS"", ""target_score"": 0, ""boundary"": ""B4_PHILOSOPHY_EXCLUDED"", ""boundary_score"": 7, ""matches"": {""B4_PHILOSOPHY_EXCLUDED"": ""实践,认识,真理,boost:真理""}}",exclude_from_three_target_lines,main_matrix_original
2025_西城_二模,2025,西城,二模,5,,question,B4_PHILOSOPHY_EXCLUDED,objective,/Users/wanglifei/Desktop/北京高考政治/reports/必修二三与必修四文化_题源分类准备_20260617_1301/02_text_cache/texts/06c08602a2f5c20b.txt | /Users/wanglifei/Desktop/北京高考政治/reports/必修二三与必修四文化_题源分类准备_20260617_1301/02_text_cache/texts/06c08602a2f5c20b.txt,paper+answer_key,module-boundary-excluded,05_reports/culture_hint_final_cleanup_audit.csv,"{""rule_id"": ""CULTURE_HINT_XICHENG_ERMO_Q5_PARENT_REMAINDER_AFTER_B2"", ""matched_terms"": ""答案B,新农人,农创客,价值追求,乡村全面振兴"", ""basis"": ""答案键显示第5题为 B；乡村振兴和返乡创业经济组件已入 B2，父题余项为人生价值/青年责任等哲学边界。"", ""source"": ""culture_hint_final_cleanup_audit.csv"", ""prior_book_module"": ""UNKNOWN_OR_MIXED"", ""prior_status"": ""blocked""}",exclude_from_three_target_lines,culture_hint_final_cleanup
2025_西城_二模,2025,西城,二模,6,,question,XB3_EXCLUDED,objective,/Users/wanglifei/Desktop/2025模拟题/2025各区二模/2025西城二模/试卷/试卷.pdf,paper,module-boundary-excluded,05_reports/strong_blocker_resolution_audit.csv,"{""rule_id"": ""STRONG_BLOCKER_XB3_CONCEPT_RELATION"", ""matched_terms"": ""洛阳红,牡丹,逻辑关系"", ""source"": ""strong_blocker_resolution_review.csv"", ""evidence_source_type"": ""paper"", ""prior_status"": ""blocked"", ""prior_next_action"": ""manual_review_needed""}",exclude_from_three_target_lines,strong_blocker_resolution
2025_西城_二模,2025,西城,二模,7,,question,XB3_EXCLUDED,objective,/Users/wanglifei/Desktop/2025模拟题/2025各区二模/2025西城二模/试卷/试卷.pdf,paper,module-boundary-excluded,/Users/wanglifei/Desktop/北京高考政治/reports/必修二三与必修四文化_题源分类准备_20260617_1301/03_question_index/question_candidates.csv,"{""target"": ""B2_ECONOMICS"", ""target_score"": 0, ""boundary"": ""XB3_EXCLUDED"", ""boundary_score"": 4, ""matches"": {""XB3_EXCLUDED"": ""推理,boost:推理""}, ""explicit_boundary_modules"": {""XB3_EXCLUDED"": [""推理""]}, ""override"": ""explicit_boundary_term""}",exclude_from_three_target_lines,main_matrix_original
2025_西城_二模,2025,西城,二模,8,,question,B3_POLITICS_RULE_OF_LAW,objective,/Users/wanglifei/Desktop/2025模拟题/2025各区二模/2025西城二模/试卷/试卷.pdf,paper,included,/Users/wanglifei/Desktop/北京高考政治/reports/必修二三与必修四文化_题源分类准备_20260617_1301/03_question_index/question_candidates.csv,"{""target"": ""B3_POLITICS_RULE_OF_LAW"", ""target_score"": 9, ""boundary"": ""B4_PHILOSOPHY_EXCLUDED"", ""boundary_score"": 2, ""matches"": {""B3_POLITICS_RULE_OF_LAW"": ""人民代表大会,人大代表,国家治理,boost:人民代表大会,boost:人大代表,boost:国家治理"", ""B4_PHILOSOPHY_EXCLUDED"": ""人民群众,boost:人民群众""}}",future_baodian_intake,main_matrix_original
2025_西城_二模,2025,西城,二模,9,,question,B4_CULTURE,objective,/Users/wanglifei/Desktop/2025模拟题/2025各区二模/2025西城二模/试卷/试卷.pdf,paper,included,/Users/wanglifei/Desktop/北京高考政治/reports/必修二三与必修四文化_题源分类准备_20260617_1301/03_question_index/question_candidates.csv,"{""target"": ""B4_CULTURE"", ""target_score"": 14, ""boundary"": ""B4_PHILOSOPHY_EXCLUDED"", ""boundary_score"": 0, ""matches"": {""B3_POLITICS_RULE_OF_LAW"": ""中国共产党,民族区域自治,boost:中国共产党,boost:民族区域自治"", ""B4_CULTURE"": ""文化,文化传承,博物馆,文物,古籍,boost:文化传承,boost:博物馆,boost:文物,boost:古籍""}}",future_baodian_intake,main_matrix_original
2025_西城_期末,2025,西城,期末,1,,question,B4_PHILOSOPHY_EXCLUDED,objective,/Users/wanglifei/Desktop/2025模拟题/2025各区期末/2025西城期末/试卷/试卷.pdf,paper,module-boundary-excluded,/Users/wanglifei/Desktop/北京高考政治/reports/必修二三与必修四文化_题源分类准备_20260617_1301/03_question_index/question_candidates.csv,"{""target"": ""B3_POLITICS_RULE_OF_LAW"", ""target_score"": 1, ""boundary"": ""B4_PHILOSOPHY_EXCLUDED"", ""boundary_score"": 5, ""matches"": {""B3_POLITICS_RULE_OF_LAW"": ""社会治理"", ""B4_PHILOSOPHY_EXCLUDED"": ""实践,人民群众,boost:人民群众""}}",exclude_from_three_target_lines,main_matrix_original
2025_西城_期末,2025,西城,期末,10,,question,B3_POLITICS_RULE_OF_LAW,objective,/Users/wanglifei/Desktop/2025模拟题/2025各区期末/2025西城期末/试卷/试卷.pdf,paper,included,05_reports/strong_blocker_resolution_audit.csv,"{""rule_id"": ""STRONG_BLOCKER_B3_PARTY_LEADERSHIP_DISCIPLINE"", ""matched_terms"": ""中共中央政治局,党风廉政建设,民主集中制,党的领导"", ""source"": ""strong_blocker_resolution_review.csv"", ""evidence_source_type"": ""paper"", ""prior_status"": ""blocked"", ""prior_next_action"": ""manual_review_needed""}",future_baodian_intake,strong_blocker_resolution
2025_西城_期末,2025,西城,期末,11,,question,B3_POLITICS_RULE_OF_LAW,objective,/Users/wanglifei/Desktop/2025模拟题/2025各区期末/2025西城期末/试卷/试卷.pdf,paper,included,/Users/wanglifei/Desktop/北京高考政治/reports/必修二三与必修四文化_题源分类准备_20260617_1301/03_question_index/question_candidates.csv,"{""target"": ""B3_POLITICS_RULE_OF_LAW"", ""target_score"": 7, ""boundary"": ""B4_PHILOSOPHY_EXCLUDED"", ""boundary_score"": 0, ""matches"": {""B3_POLITICS_RULE_OF_LAW"": ""政协,模拟政协,boost:政协,boost:模拟政协""}}",future_baodian_intake,main_matrix_original
2025_西城_期末,2025,西城,期末,12,,question,XB2_EXCLUDED,objective,/Users/wanglifei/Desktop/2025模拟题/2025各区期末/2025西城期末/试卷/试卷.pdf,paper,module-boundary-excluded,/Users/wanglifei/Desktop/北京高考政治/reports/必修二三与必修四文化_题源分类准备_20260617_1301/03_question_index/question_candidates.csv,"{""target"": ""B2_ECONOMICS"", ""target_score"": 4, ""boundary"": ""XB2_EXCLUDED"", ""boundary_score"": 4, ""matches"": {""B2_ECONOMICS"": ""消费"", ""XB2_EXCLUDED"": ""合同,民事,boost:合同,boost:民事""}, ""explicit_boundary_modules"": {""XB2_EXCLUDED"": [""合同"", ""民事""]}, ""override"": ""explicit_boundary_term""}",exclude_from_three_target_lines,main_matrix_original
2025_西城_期末,2025,西城,期末,13,,question,XB2_EXCLUDED,objective,/Users/wanglifei/Desktop/2025模拟题/2025各区期末/2025西城期末/试卷/试卷.pdf,paper,module-boundary-excluded,/Users/wanglifei/Desktop/北京高考政治/reports/必修二三与必修四文化_题源分类准备_20260617_1301/03_question_index/question_candidates.csv,"{""target"": ""B3_POLITICS_RULE_OF_LAW"", ""target_score"": 1, ""boundary"": ""XB2_EXCLUDED"", ""boundary_score"": 10, ""matches"": {""B3_POLITICS_RULE_OF_LAW"": ""法院"", ""XB2_EXCLUDED"": ""侵权,民事,侵权责任,boost:侵权,boost:民事,boost:侵权责任""}, ""explicit_boundary_modules"": {""XB2_EXCLUDED"": [""侵权"", ""民事""]}, ""override"": ""explicit_boundary_term""}",exclude_from_three_target_lines,main_matrix_original
2025_西城_期末,2025,西城,期末,14,,question,XB1_EXCLUDED,objective,/Users/wanglifei/Desktop/2025模拟题/2025各区期末/2025西城期末/试卷/试卷.pdf,paper,module-boundary-excluded,05_reports/strong_blocker_resolution_audit.csv,"{""rule_id"": ""STRONG_BLOCKER_XB1_EXPORT_STRUCTURE"", ""matched_terms"": ""商品出口份额,出口结构,价值链"", ""source"": ""strong_blocker_resolution_review.csv"", ""evidence_source_type"": ""paper"", ""prior_status"": ""blocked"", ""prior_next_action"": ""manual_review_needed""}",exclude_from_three_target_lines,strong_blocker_resolution
2025_西城_期末,2025,西城,期末,15,,question,B4_CULTURE,objective,/Users/wanglifei/Desktop/2025模拟题/2025各区期末/2025西城期末/试卷/试卷.pdf,paper,included,/Users/wanglifei/Desktop/北京高考政治/reports/必修二三与必修四文化_题源分类准备_20260617_1301/03_question_index/question_candidates.csv,"{""target"": ""B4_CULTURE"", ""target_score"": 16, ""boundary"": ""B4_PHILOSOPHY_EXCLUDED"", ""boundary_score"": 0, ""matches"": {""B3_POLITICS_RULE_OF_LAW"": ""政府"", ""B4_CULTURE"": ""文化,博物馆,中轴线,文物,boost:博物馆,boost:中轴线,boost:文物""}}",future_baodian_intake,main_matrix_original
2025_西城_期末,2025,西城,期末,16,,question,B4_CULTURE,subjective,/Users/wanglifei/Desktop/2025模拟题/2025各区期末/2025西城期末/试卷/试卷.pdf,paper,included,/Users/wanglifei/Desktop/北京高考政治/reports/必修二三与必修四文化_题源分类准备_20260617_1301/03_question_index/question_candidates.csv,"{""target"": ""B4_CULTURE"", ""target_score"": 18, ""boundary"": ""B4_PHILOSOPHY_EXCLUDED"", ""boundary_score"": 2, ""matches"": {""B2_ECONOMICS"": ""消费"", ""B4_CULTURE"": ""文化,中华优秀传统文化,优秀传统文化,传统文化,创造性转化,创新性发展,文化产业,文物,boost:中华优秀传统文化,boost:优秀传统文化,boost:传统文化,boost:创造性转化"", ""B4_PHILOSOPHY_EXCLUDED"": ""人民群众,boost:人民群众""}}",future_baodian_intake,main_matrix_original
2025_西城_期末,2025,西城,期末,17,,question,XB3_EXCLUDED,subjective,/Users/wanglifei/Desktop/2025模拟题/2025各区期末/2025西城期末/试卷/试卷.pdf,paper,module-boundary-excluded,/Users/wanglifei/Desktop/北京高考政治/reports/必修二三与必修四文化_题源分类准备_20260617_1301/03_question_index/question_candidates.csv,"{""target"": ""B2_ECONOMICS"", ""target_score"": 5, ""boundary"": ""XB3_EXCLUDED"", ""boundary_score"": 3, ""matches"": {""B2_ECONOMICS"": ""国有经济,高质量发展,消费,boost:国有经济,boost:高质量发展"", ""XB3_EXCLUDED"": ""三段论,boost:三段论""}, ""explicit_boundary_modules"": {""XB3_EXCLUDED"": [""三段论""]}, ""override"": ""explicit_boundary_term""}",exclude_from_three_target_lines,main_matrix_original
2025_西城_期末,2025,西城,期末,18,,question,B4_PHILOSOPHY_EXCLUDED,subjective,/Users/wanglifei/Desktop/2025模拟题/2025各区期末/2025西城期末/试卷/试卷.pdf,paper,module-boundary-excluded,/Users/wanglifei/Desktop/北京高考政治/reports/必修二三与必修四文化_题源分类准备_20260617_1301/03_question_index/question_candidates.csv,"{""target"": ""B2_ECONOMICS"", ""target_score"": 0, ""boundary"": ""B4_PHILOSOPHY_EXCLUDED"", ""boundary_score"": 3, ""matches"": {""B4_PHILOSOPHY_EXCLUDED"": ""认识,矛盾,boost:矛盾""}}",exclude_from_three_target_lines,main_matrix_original
2025_西城_期末,2025,西城,期末,19,,question,XB2_EXCLUDED,subjective,/Users/wanglifei/Desktop/2025模拟题/2025各区期末/2025西城期末/试卷/试卷.pdf,paper,module-boundary-excluded,/Users/wanglifei/Desktop/北京高考政治/reports/必修二三与必修四文化_题源分类准备_20260617_1301/03_question_index/question_candidates.csv,"{""target"": ""B2_ECONOMICS"", ""target_score"": 4, ""boundary"": ""XB2_EXCLUDED"", ""boundary_score"": 7, ""matches"": {""B2_ECONOMICS"": ""数字经济,营商环境,boost:数字经济,boost:营商环境"", ""B3_POLITICS_RULE_OF_LAW"": ""法院"", ""XB2_EXCLUDED"": ""侵权,诉讼,赔偿,上诉,boost:侵权,boost:诉讼,boost:上诉""}, ""explicit_boundary_modules"": {""XB2_EXCLUDED"": [""侵权"", ""诉讼""]}, ""override"": ""explicit_boundary_term""}",exclude_from_three_target_lines,main_matrix_original
2025_西城_期末,2025,西城,期末,2,,question,B4_CULTURE,objective,/Users/wanglifei/Desktop/2025模拟题/2025各区期末/2025西城期末/试卷/试卷.pdf,paper,included,05_reports/strong_blocker_resolution_audit.csv,"{""rule_id"": ""STRONG_BLOCKER_B4C_REVOLUTIONARY_CULTURE_ROUTE"", ""matched_terms"": ""红色历史遗存,李大钊旧居,伟大建党精神"", ""source"": ""strong_blocker_resolution_review.csv"", ""evidence_source_type"": ""paper"", ""prior_status"": ""blocked"", ""prior_next_action"": ""manual_review_needed""}",future_baodian_intake,strong_blocker_resolution
2025_西城_期末,2025,西城,期末,20,,question,XB1_EXCLUDED,subjective,/Users/wanglifei/Desktop/2025模拟题/2025各区期末/2025西城期末/试卷/试卷.pdf,paper,module-boundary-excluded,/Users/wanglifei/Desktop/北京高考政治/reports/必修二三与必修四文化_题源分类准备_20260617_1301/03_question_index/question_candidates.csv,"{""target"": ""B2_ECONOMICS"", ""target_score"": 2, ""boundary"": ""XB1_EXCLUDED"", ""boundary_score"": 2, ""matches"": {""B2_ECONOMICS"": ""产业链,boost:产业链"", ""XB1_EXCLUDED"": ""国际组织,boost:国际组织""}, ""explicit_boundary_modules"": {""XB1_EXCLUDED"": [""国际组织""]}, ""override"": ""explicit_boundary_term""}",exclude_from_three_target_lines,main_matrix_original
2025_西城_期末,2025,西城,期末,21,,question,B3_POLITICS_RULE_OF_LAW,subjective,/Users/wanglifei/Desktop/2025模拟题/2025各区期末/2025西城期末/试卷/试卷.pdf,paper,included,/Users/wanglifei/Desktop/北京高考政治/reports/必修二三与必修四文化_题源分类准备_20260617_1301/03_question_index/question_candidates.csv,"{""target"": ""B3_POLITICS_RULE_OF_LAW"", ""target_score"": 4, ""boundary"": ""B1_EXCLUDED"", ""boundary_score"": 1, ""matches"": {""B3_POLITICS_RULE_OF_LAW"": ""党的领导,国家治理,boost:党的领导,boost:国家治理"", ""B1_EXCLUDED"": ""中国特色社会主义""}}",future_baodian_intake,main_matrix_original
2025_西城_期末,2025,西城,期末,3,,question,XB3_EXCLUDED,objective,/Users/wanglifei/Desktop/2025模拟题/2025各区期末/2025西城期末/试卷/试卷.pdf,paper,module-boundary-excluded,/Users/wanglifei/Desktop/北京高考政治/reports/必修二三与必修四文化_题源分类准备_20260617_1301/03_question_index/question_candidates.csv,"{""target"": ""B4_CULTURE"", ""target_score"": 1, ""boundary"": ""XB3_EXCLUDED"", ""boundary_score"": 3, ""matches"": {""B4_CULTURE"": ""文化"", ""XB3_EXCLUDED"": ""想象,boost:想象""}, ""explicit_boundary_modules"": {""XB3_EXCLUDED"": [""想象""]}, ""override"": ""explicit_boundary_term""}",exclude_from_three_target_lines,main_matrix_original
2025_西城_期末,2025,西城,期末,4,,question,B4_PHILOSOPHY_EXCLUDED,objective,/Users/wanglifei/Desktop/2025模拟题/2025各区期末/2025西城期末/试卷/试卷.pdf,paper,module-boundary-excluded,/Users/wanglifei/Desktop/北京高考政治/reports/必修二三与必修四文化_题源分类准备_20260617_1301/03_question_index/question_candidates.csv,"{""target"": ""B2_ECONOMICS"", ""target_score"": 0, ""boundary"": ""B4_PHILOSOPHY_EXCLUDED"", ""boundary_score"": 2, ""matches"": {""B4_PHILOSOPHY_EXCLUDED"": ""矛盾,boost:矛盾""}}",exclude_from_three_target_lines,main_matrix_original
2025_西城_期末,2025,西城,期末,5,,question,XB3_EXCLUDED,objective,/Users/wanglifei/Desktop/2025模拟题/2025各区期末/2025西城期末/试卷/试卷.pdf,paper,module-boundary-excluded,/Users/wanglifei/Desktop/北京高考政治/reports/必修二三与必修四文化_题源分类准备_20260617_1301/03_question_index/question_candidates.csv,"{""target"": ""B2_ECONOMICS"", ""target_score"": 0, ""boundary"": ""XB3_EXCLUDED"", ""boundary_score"": 2, ""matches"": {""XB3_EXCLUDED"": ""必要条件,boost:必要条件""}, ""explicit_boundary_modules"": {""XB3_EXCLUDED"": [""必要条件""]}, ""override"": ""explicit_boundary_term""}",exclude_from_three_target_lines,main_matrix_original
2025_西城_期末,2025,西城,期末,6,,question,XB3_EXCLUDED,objective,/Users/wanglifei/Desktop/2025模拟题/2025各区期末/2025西城期末/试卷/试卷.pdf,paper,module-boundary-excluded,/Users/wanglifei/Desktop/北京高考政治/reports/必修二三与必修四文化_题源分类准备_20260617_1301/03_question_index/question_candidates.csv,"{""target"": ""B2_ECONOMICS"", ""target_score"": 2, ""boundary"": ""XB3_EXCLUDED"", ""boundary_score"": 2, ""matches"": {""B2_ECONOMICS"": ""民营经济,boost:民营经济"", ""XB3_EXCLUDED"": ""推理,boost:推理""}, ""explicit_boundary_modules"": {""XB3_EXCLUDED"": [""推理""]}, ""override"": ""explicit_boundary_term""}",exclude_from_three_target_lines,main_matrix_original
2025_西城_期末,2025,西城,期末,7,,question,XB3_EXCLUDED,objective,/Users/wanglifei/Desktop/2025模拟题/2025各区期末/2025西城期末/试卷/试卷.pdf,paper,module-boundary-excluded,/Users/wanglifei/Desktop/北京高考政治/reports/必修二三与必修四文化_题源分类准备_20260617_1301/03_question_index/question_candidates.csv,"{""target"": ""B2_ECONOMICS"", ""target_score"": 2, ""boundary"": ""XB3_EXCLUDED"", ""boundary_score"": 2, ""matches"": {""B2_ECONOMICS"": ""高质量发展,boost:高质量发展"", ""XB3_EXCLUDED"": ""超前思维,boost:超前思维""}, ""explicit_boundary_modules"": {""XB3_EXCLUDED"": [""超前思维""]}, ""override"": ""explicit_boundary_term""}",exclude_from_three_target_lines,main_matrix_original
2025_西城_期末,2025,西城,期末,8,,question,B2_ECONOMICS,objective,/Users/wanglifei/Desktop/2025模拟题/2025各区期末/2025西城期末/试卷/试卷.pdf,paper,included,05_reports/strong_blocker_resolution_audit.csv,"{""rule_id"": ""STRONG_BLOCKER_B2_WATER_RIGHT_MARKET"", ""matched_terms"": ""用水权,市场化交易,资源优化配置"", ""source"": ""strong_blocker_resolution_review.csv"", ""evidence_source_type"": ""paper"", ""prior_status"": ""blocked"", ""prior_next_action"": ""manual_review_needed""}",future_baodian_intake,strong_blocker_resolution
2025_西城_期末,2025,西城,期末,9,,question,XB2_EXCLUDED,objective,/Users/wanglifei/Desktop/2025模拟题/2025各区期末/2025西城期末/试卷/试卷.pdf,paper,module-boundary-excluded,/Users/wanglifei/Desktop/北京高考政治/reports/必修二三与必修四文化_题源分类准备_20260617_1301/03_question_index/question_candidates.csv,"{""target"": ""B2_ECONOMICS"", ""target_score"": 2, ""boundary"": ""XB2_EXCLUDED"", ""boundary_score"": 2, ""matches"": {""B2_ECONOMICS"": ""乡村振兴,boost:乡村振兴"", ""XB2_EXCLUDED"": ""所有权,boost:所有权""}, ""explicit_boundary_modules"": {""XB2_EXCLUDED"": [""所有权""]}, ""override"": ""explicit_boundary_term""}",exclude_from_three_target_lines,main_matrix_original
2025_门头沟_一模,2025,门头沟,一模,1,,question,B2_ECONOMICS,objective,/Users/wanglifei/Desktop/2025模拟题/2025各区一模/2025门头沟一模/试卷/试卷.pdf,paper,included,/Users/wanglifei/Desktop/北京高考政治/reports/必修二三与必修四文化_题源分类准备_20260617_1301/03_question_index/question_candidates.csv,"{""target"": ""B2_ECONOMICS"", ""target_score"": 5, ""boundary"": ""B4_PHILOSOPHY_EXCLUDED"", ""boundary_score"": 2, ""matches"": {""B2_ECONOMICS"": ""市场经济,新发展理念,boost:市场经济,boost:新发展理念"", ""B4_PHILOSOPHY_EXCLUDED"": ""实践,认识""}}",future_baodian_intake,main_matrix_original
2025_门头沟_一模,2025,门头沟,一模,10,,question,XB1_EXCLUDED,objective,/Users/wanglifei/Desktop/2025模拟题/2025各区一模/2025门头沟一模/试卷/试卷.pdf,paper,module-boundary-excluded,/Users/wanglifei/Desktop/北京高考政治/reports/必修二三与必修四文化_题源分类准备_20260617_1301/03_question_index/question_candidates.csv,"{""target"": ""B2_ECONOMICS"", ""target_score"": 2, ""boundary"": ""XB1_EXCLUDED"", ""boundary_score"": 18, ""matches"": {""B2_ECONOMICS"": ""经济增长,boost:经济增长"", ""B3_POLITICS_RULE_OF_LAW"": ""政府"", ""XB1_EXCLUDED"": ""联合国,全球治理,和平与发展,国际组织,外交,多边外交,boost:联合国,boost:全球治理,boost:和平与发展,boost:国际组织,boost:外交,boost:多边外交""}, ""explicit_boundary_modules"": {""XB1_EXCLUDED"": [""联合国"", ""全球治理"", ""国际组织""]}, ""override"": ""explicit_boundary_term""}",exclude_from_three_target_lines,main_matrix_original
2025_门头沟_一模,2025,门头沟,一模,11,,question,B2_ECONOMICS,objective,/Users/wanglifei/Desktop/2025模拟题/2025各区一模/2025门头沟一模/试卷/试卷.pdf,paper,included,/Users/wanglifei/Desktop/北京高考政治/reports/必修二三与必修四文化_题源分类准备_20260617_1301/03_question_index/question_candidates.csv,"{""target"": ""B2_ECONOMICS"", ""target_score"": 5, ""boundary"": ""XB1_EXCLUDED"", ""boundary_score"": 2, ""matches"": {""B2_ECONOMICS"": ""产业链,供应链,boost:产业链,boost:供应链"", ""XB1_EXCLUDED"": ""国际贸易,boost:国际贸易""}}",future_baodian_intake,main_matrix_original
2025_门头沟_一模,2025,门头沟,一模,12,,question,XB2_EXCLUDED,objective,/Users/wanglifei/Desktop/2025模拟题/2025各区一模/2025门头沟一模/试卷/试卷.pdf,paper,module-boundary-excluded,/Users/wanglifei/Desktop/北京高考政治/reports/必修二三与必修四文化_题源分类准备_20260617_1301/03_question_index/question_candidates.csv,"{""target"": ""B3_POLITICS_RULE_OF_LAW"", ""target_score"": 2, ""boundary"": ""XB2_EXCLUDED"", ""boundary_score"": 10, ""matches"": {""B3_POLITICS_RULE_OF_LAW"": ""法院"", ""XB2_EXCLUDED"": ""侵权,诉讼,民事,民事诉讼,侵权责任,boost:侵权,boost:诉讼,boost:民事,boost:民事诉讼,boost:侵权责任""}, ""explicit_boundary_modules"": {""XB2_EXCLUDED"": [""侵权"", ""诉讼"", ""民事""]}, ""override"": ""explicit_boundary_term""}",exclude_from_three_target_lines,main_matrix_original
2025_门头沟_一模,2025,门头沟,一模,13,,question,XB2_EXCLUDED,objective,/Users/wanglifei/Desktop/2025模拟题/2025各区一模/2025门头沟一模/试卷/试卷.pdf,paper,module-boundary-excluded,/Users/wanglifei/Desktop/北京高考政治/reports/必修二三与必修四文化_题源分类准备_20260617_1301/03_question_index/question_candidates.csv,"{""target"": ""B2_ECONOMICS"", ""target_score"": 1, ""boundary"": ""XB2_EXCLUDED"", ""boundary_score"": 9, ""matches"": {""B2_ECONOMICS"": ""劳动者"", ""B4_PHILOSOPHY_EXCLUDED"": ""实践"", ""XB2_EXCLUDED"": ""诉讼,调解,仲裁,boost:诉讼,boost:调解,boost:仲裁""}, ""explicit_boundary_modules"": {""XB2_EXCLUDED"": [""诉讼""]}, ""override"": ""explicit_boundary_term""}",exclude_from_three_target_lines,main_matrix_original
2025_门头沟_一模,2025,门头沟,一模,14,,question,XB3_EXCLUDED,objective,/Users/wanglifei/Desktop/2025模拟题/2025各区一模/2025门头沟一模/试卷/试卷.pdf,paper,module-boundary-excluded,/Users/wanglifei/Desktop/北京高考政治/reports/必修二三与必修四文化_题源分类准备_20260617_1301/03_question_index/question_candidates.csv,"{""target"": ""B2_ECONOMICS"", ""target_score"": 0, ""boundary"": ""XB3_EXCLUDED"", ""boundary_score"": 2, ""matches"": {""XB3_EXCLUDED"": ""推理,boost:推理""}, ""explicit_boundary_modules"": {""XB3_EXCLUDED"": [""推理""]}, ""override"": ""explicit_boundary_term""}",exclude_from_three_target_lines,main_matrix_original
2025_门头沟_一模,2025,门头沟,一模,15,,question,XB3_EXCLUDED,objective,/Users/wanglifei/Desktop/2025模拟题/2025各区一模/2025门头沟一模/试卷/试卷.pdf,paper,module-boundary-excluded,/Users/wanglifei/Desktop/北京高考政治/reports/必修二三与必修四文化_题源分类准备_20260617_1301/03_question_index/question_candidates.csv,"{""target"": ""B2_ECONOMICS"", ""target_score"": 2, ""boundary"": ""B4_PHILOSOPHY_EXCLUDED"", ""boundary_score"": 3, ""matches"": {""B2_ECONOMICS"": ""消费"", ""B3_POLITICS_RULE_OF_LAW"": ""政府"", ""B4_PHILOSOPHY_EXCLUDED"": ""认识,质变,boost:质变"", ""XB3_EXCLUDED"": ""创新思维,boost:创新思维""}, ""explicit_boundary_modules"": {""XB3_EXCLUDED"": [""创新思维""]}, ""override"": ""explicit_boundary_term""}",exclude_from_three_target_lines,main_matrix_original
2025_门头沟_一模,2025,门头沟,一模,16,,question,B4_PHILOSOPHY_EXCLUDED,subjective,/Users/wanglifei/Desktop/2025模拟题/2025各区一模/2025门头沟一模/试卷/试卷.pdf,paper,module-boundary-excluded,/Users/wanglifei/Desktop/北京高考政治/reports/必修二三与必修四文化_题源分类准备_20260617_1301/03_question_index/question_candidates.csv,"{""target"": ""B4_CULTURE"", ""target_score"": 29, ""boundary"": ""B4_PHILOSOPHY_EXCLUDED"", ""boundary_score"": 4, ""matches"": {""B4_CULTURE"": ""文化,中华优秀传统文化,优秀传统文化,传统文化,创造性转化,创新性发展,文化自信,文化遗产,文旅,文物,boost:中华优秀传统文化,boost:优秀传统文化"", ""B4_PHILOSOPHY_EXCLUDED"": ""实践,认识,价值判断,boost:价值判断""}, ""explicit_boundary_modules"": {""B4_PHILOSOPHY_EXCLUDED"": [""价值判断""]}, ""override"": ""explicit_boundary_term""}",exclude_from_three_target_lines,main_matrix_original
2025_门头沟_一模,2025,门头沟,一模,17,,question,B3_POLITICS_RULE_OF_LAW,subjective,/Users/wanglifei/Desktop/2025模拟题/2025各区一模/2025门头沟一模/试卷/试卷.pdf,paper,included,/Users/wanglifei/Desktop/北京高考政治/reports/必修二三与必修四文化_题源分类准备_20260617_1301/03_question_index/question_candidates.csv,"{""target"": ""B3_POLITICS_RULE_OF_LAW"", ""target_score"": 19, ""boundary"": ""B4_PHILOSOPHY_EXCLUDED"", ""boundary_score"": 2, ""matches"": {""B3_POLITICS_RULE_OF_LAW"": ""政治与法治,人民当家作主,人民代表大会,人大代表,政协,协商民主,全过程人民民主,政府,民主监督,boost:政治与法治,boost:人民代表大会,boost:人大代表"", ""B4_CULTURE"": ""文化,中轴线,boost:中轴线"", ""B4_PHILOSOPHY_EXCLUDED"": ""人民群众,boost:人民群众""}}",future_baodian_intake,main_matrix_original
2025_门头沟_一模,2025,门头沟,一模,18,,question,B2_ECONOMICS,subjective,/Users/wanglifei/Desktop/2025模拟题/2025各区一模/2025门头沟一模/试卷/试卷.pdf,paper,included,/Users/wanglifei/Desktop/北京高考政治/reports/必修二三与必修四文化_题源分类准备_20260617_1301/03_question_index/question_candidates.csv,"{""target"": ""B2_ECONOMICS"", ""target_score"": 27, ""boundary"": ""B1_EXCLUDED"", ""boundary_score"": 1, ""matches"": {""B2_ECONOMICS"": ""经济与社会,民营经济,民营企业,高质量发展,基础设施,boost:经济与社会,boost:民营经济,boost:高质量发展"", ""B3_POLITICS_RULE_OF_LAW"": ""公共服务"", ""B1_EXCLUDED"": ""改革开放""}}",future_baodian_intake,main_matrix_original
2025_门头沟_一模,2025,门头沟,一模,19,,question,XB1_EXCLUDED,subjective,/Users/wanglifei/Desktop/2025模拟题/2025各区一模/2025门头沟一模/试卷/试卷.pdf,paper,module-boundary-excluded,/Users/wanglifei/Desktop/北京高考政治/reports/必修二三与必修四文化_题源分类准备_20260617_1301/03_question_index/question_candidates.csv,"{""target"": ""B2_ECONOMICS"", ""target_score"": 4, ""boundary"": ""XB1_EXCLUDED"", ""boundary_score"": 4, ""matches"": {""B2_ECONOMICS"": ""消费,营商环境,boost:营商环境"", ""XB1_EXCLUDED"": ""当代国际政治与经济,人类命运共同体,boost:当代国际政治与经济,boost:人类命运共同体""}, ""explicit_boundary_modules"": {""XB1_EXCLUDED"": [""当代国际政治与经济"", ""人类命运共同体""]}, ""override"": ""explicit_boundary_term""}",exclude_from_three_target_lines,main_matrix_original
2025_门头沟_一模,2025,门头沟,一模,2,,question,B4_PHILOSOPHY_EXCLUDED,objective,/Users/wanglifei/Desktop/2025模拟题/2025各区一模/2025门头沟一模/试卷/试卷.pdf,paper,module-boundary-excluded,/Users/wanglifei/Desktop/北京高考政治/reports/必修二三与必修四文化_题源分类准备_20260617_1301/03_question_index/question_candidates.csv,"{""target"": ""B2_ECONOMICS"", ""target_score"": 2, ""boundary"": ""B4_PHILOSOPHY_EXCLUDED"", ""boundary_score"": 4, ""matches"": {""B2_ECONOMICS"": ""乡村振兴,boost:乡村振兴"", ""B3_POLITICS_RULE_OF_LAW"": ""党组织,boost:党组织"", ""B4_PHILOSOPHY_EXCLUDED"": ""实践,认识""}}",exclude_from_three_target_lines,main_matrix_original
2025_门头沟_一模,2025,门头沟,一模,20,,question,XB2_EXCLUDED,subjective,/Users/wanglifei/Desktop/2025模拟题/2025各区一模/2025门头沟一模/试卷/试卷.pdf,paper,module-boundary-excluded,/Users/wanglifei/Desktop/北京高考政治/reports/必修二三与必修四文化_题源分类准备_20260617_1301/03_question_index/question_candidates.csv,"{""target"": ""B3_POLITICS_RULE_OF_LAW"", ""target_score"": 4, ""boundary"": ""XB2_EXCLUDED"", ""boundary_score"": 26, ""matches"": {""B2_ECONOMICS"": ""劳动者"", ""B3_POLITICS_RULE_OF_LAW"": ""法院"", ""B4_CULTURE"": ""社会主义核心价值观,boost:社会主义核心价值观"", ""XB2_EXCLUDED"": ""合同,侵权,劳动合同,劳动关系,诉讼,侵权责任,赔偿,boost:合同,boost:侵权,boost:劳动合同,boost:劳动关系,boost:诉讼""}, ""explicit_boundary_modules"": {""XB2_EXCLUDED"": [""合同"", ""侵权"", ""诉讼"", ""劳动合同""]}, ""override"": ""explicit_boundary_term""}",exclude_from_three_target_lines,main_matrix_original
2025_门头沟_一模,2025,门头沟,一模,21,,question,XB3_EXCLUDED,subjective,/Users/wanglifei/Desktop/2025模拟题/2025各区一模/2025门头沟一模/试卷/试卷.pdf,paper,module-boundary-excluded,/Users/wanglifei/Desktop/北京高考政治/reports/必修二三与必修四文化_题源分类准备_20260617_1301/03_question_index/question_candidates.csv,"{""target"": ""B2_ECONOMICS"", ""target_score"": 11, ""boundary"": ""XB3_EXCLUDED"", ""boundary_score"": 11, ""matches"": {""B2_ECONOMICS"": ""新发展理念,高质量发展,新质生产力,消费,经济增长,boost:新发展理念,boost:高质量发展,boost:新质生产力,boost:经济增长"", ""B4_CULTURE"": ""文化,文旅,boost:文旅"", ""B4_PHILOSOPHY_EXCLUDED"": ""实践,认识,矛盾,辩证否定,价值判断,boost:矛盾,boost:辩证否定,boost:价值判断"", ""XB3_EXCLUDED"": ""科学思维,辩证思维,创新思维,超前思维,发散思维,boost:科学思维,boost:辩证思维,boost:创新思维,boost:超前思维,boost:发散思维""}, ""explicit_boundary_modules"": {""XB3_EXCLUDED"": [""科学思维"", ""辩证思维"", ""创新思维"", ""超前思维""], ""B4_PHILOSOPHY_EXCLUDED"": [""价值判断"", ""辩证否定""]}, ""override"": ""explicit_boundary_term""}",exclude_from_three_target_lines,main_matrix_original
2025_门头沟_一模,2025,门头沟,一模,3,,question,XB2_EXCLUDED,objective,/Users/wanglifei/Desktop/2025模拟题/2025各区一模/2025门头沟一模/试卷/试卷.pdf,paper,module-boundary-excluded,/Users/wanglifei/Desktop/北京高考政治/reports/必修二三与必修四文化_题源分类准备_20260617_1301/03_question_index/question_candidates.csv,"{""target"": ""B2_ECONOMICS"", ""target_score"": 0, ""boundary"": ""XB2_EXCLUDED"", ""boundary_score"": 5, ""matches"": {""XB2_EXCLUDED"": ""侵权,监护人,boost:侵权,boost:监护人""}, ""explicit_boundary_modules"": {""XB2_EXCLUDED"": [""侵权""]}, ""override"": ""explicit_boundary_term""}",exclude_from_three_target_lines,main_matrix_original
2025_门头沟_一模,2025,门头沟,一模,4,,question,B3_POLITICS_RULE_OF_LAW,objective,/Users/wanglifei/Desktop/2025模拟题/2025各区一模/2025门头沟一模/试卷/试卷.pdf,paper,included,/Users/wanglifei/Desktop/北京高考政治/reports/必修二三与必修四文化_题源分类准备_20260617_1301/03_question_index/question_candidates.csv,"{""target"": ""B3_POLITICS_RULE_OF_LAW"", ""target_score"": 2, ""boundary"": ""B4_PHILOSOPHY_EXCLUDED"", ""boundary_score"": 0, ""matches"": {""B2_ECONOMICS"": ""基础设施"", ""B3_POLITICS_RULE_OF_LAW"": ""民族区域自治,boost:民族区域自治"", ""B4_CULTURE"": ""文化""}}",future_baodian_intake,main_matrix_original
2025_门头沟_一模,2025,门头沟,一模,5,,question,B4_CULTURE,objective,/Users/wanglifei/Desktop/2025模拟题/2025各区一模/2025门头沟一模/试卷/试卷.pdf,paper,included,/Users/wanglifei/Desktop/北京高考政治/reports/必修二三与必修四文化_题源分类准备_20260617_1301/03_question_index/question_candidates.csv,"{""target"": ""B4_CULTURE"", ""target_score"": 4, ""boundary"": ""B4_PHILOSOPHY_EXCLUDED"", ""boundary_score"": 0, ""matches"": {""B4_CULTURE"": ""文化""}}",future_baodian_intake,main_matrix_original
2025_门头沟_一模,2025,门头沟,一模,6,,question,B4_PHILOSOPHY_EXCLUDED,objective,/Users/wanglifei/Desktop/2025模拟题/2025各区一模/2025门头沟一模/试卷/试卷.pdf,paper,module-boundary-excluded,/Users/wanglifei/Desktop/北京高考政治/reports/必修二三与必修四文化_题源分类准备_20260617_1301/03_question_index/question_candidates.csv,"{""target"": ""B2_ECONOMICS"", ""target_score"": 0, ""boundary"": ""B4_PHILOSOPHY_EXCLUDED"", ""boundary_score"": 6, ""matches"": {""B4_PHILOSOPHY_EXCLUDED"": ""认识,真理,事物发展,矛盾,boost:真理,boost:矛盾""}}",exclude_from_three_target_lines,main_matrix_original
2025_门头沟_一模,2025,门头沟,一模,7,,question,B4_PHILOSOPHY_EXCLUDED,objective,/Users/wanglifei/Desktop/2025模拟题/2025各区一模/2025门头沟一模/试卷/试卷.pdf,paper,module-boundary-excluded,/Users/wanglifei/Desktop/北京高考政治/reports/必修二三与必修四文化_题源分类准备_20260617_1301/03_question_index/question_candidates.csv,"{""target"": ""B2_ECONOMICS"", ""target_score"": 0, ""boundary"": ""B4_PHILOSOPHY_EXCLUDED"", ""boundary_score"": 5, ""matches"": {""B4_PHILOSOPHY_EXCLUDED"": ""人生价值,主观能动性,boost:人生价值""}}",exclude_from_three_target_lines,main_matrix_original
2025_门头沟_一模,2025,门头沟,一模,8,,question,B2_ECONOMICS,objective,/Users/wanglifei/Desktop/2025模拟题/2025各区一模/2025门头沟一模/试卷/试卷.pdf,paper,included,/Users/wanglifei/Desktop/北京高考政治/reports/必修二三与必修四文化_题源分类准备_20260617_1301/03_question_index/question_candidates.csv,"{""target"": ""B2_ECONOMICS"", ""target_score"": 4, ""boundary"": ""B4_PHILOSOPHY_EXCLUDED"", ""boundary_score"": 0, ""matches"": {""B2_ECONOMICS"": ""高质量发展,社会保障,boost:高质量发展,boost:社会保障"", ""B3_POLITICS_RULE_OF_LAW"": ""政府""}}",future_baodian_intake,main_matrix_original
2025_门头沟_一模,2025,门头沟,一模,9,,question,B2_ECONOMICS,objective,/Users/wanglifei/Desktop/2025模拟题/2025各区一模/2025门头沟一模/试卷/试卷.pdf,paper,included,/Users/wanglifei/Desktop/北京高考政治/reports/必修二三与必修四文化_题源分类准备_20260617_1301/03_question_index/question_candidates.csv,"{""target"": ""B2_ECONOMICS"", ""target_score"": 5, ""boundary"": ""XB1_EXCLUDED"", ""boundary_score"": 1, ""matches"": {""B2_ECONOMICS"": ""实体经济,财政,基础设施,boost:实体经济,boost:财政"", ""XB1_EXCLUDED"": ""对外开放""}}",future_baodian_intake,main_matrix_original
2025_顺义_一模,2025,顺义,一模,1,,question,B3_POLITICS_RULE_OF_LAW,objective,/Users/wanglifei/Desktop/2025模拟题/2025各区一模/2025顺义一模/试卷/试卷.pdf,paper,included,/Users/wanglifei/Desktop/北京高考政治/reports/必修二三与必修四文化_题源分类准备_20260617_1301/03_question_index/question_candidates.csv,"{""target"": ""B3_POLITICS_RULE_OF_LAW"", ""target_score"": 5, ""boundary"": ""B1_EXCLUDED"", ""boundary_score"": 1, ""matches"": {""B3_POLITICS_RULE_OF_LAW"": ""中国共产党,全面从严治党,政府,boost:中国共产党"", ""B1_EXCLUDED"": ""中国特色社会主义""}}",future_baodian_intake,main_matrix_original
2025_顺义_一模,2025,顺义,一模,10,,question,XB2_EXCLUDED,objective,/Users/wanglifei/Desktop/2025模拟题/2025各区一模/2025顺义一模/试卷/试卷.pdf,paper,module-boundary-excluded,/Users/wanglifei/Desktop/北京高考政治/reports/必修二三与必修四文化_题源分类准备_20260617_1301/03_question_index/question_candidates.csv,"{""target"": ""B2_ECONOMICS"", ""target_score"": 1, ""boundary"": ""XB2_EXCLUDED"", ""boundary_score"": 18, ""matches"": {""B2_ECONOMICS"": ""劳动者"", ""XB2_EXCLUDED"": ""合同,劳动合同,仲裁,违约,boost:合同,boost:劳动合同,boost:仲裁,boost:违约""}, ""explicit_boundary_modules"": {""XB2_EXCLUDED"": [""合同"", ""劳动合同""]}, ""override"": ""explicit_boundary_term""}",exclude_from_three_target_lines,main_matrix_original
2025_顺义_一模,2025,顺义,一模,11,,question,XB2_EXCLUDED,objective,/Users/wanglifei/Desktop/2025模拟题/2025各区一模/2025顺义一模/试卷/试卷.pdf,paper,module-boundary-excluded,/Users/wanglifei/Desktop/北京高考政治/reports/必修二三与必修四文化_题源分类准备_20260617_1301/03_question_index/question_candidates.csv,"{""target"": ""B3_POLITICS_RULE_OF_LAW"", ""target_score"": 6, ""boundary"": ""XB2_EXCLUDED"", ""boundary_score"": 15, ""matches"": {""B3_POLITICS_RULE_OF_LAW"": ""法院"", ""XB2_EXCLUDED"": ""民法典,侵权,民事,赔偿,boost:民法典,boost:侵权,boost:民事""}, ""explicit_boundary_modules"": {""XB2_EXCLUDED"": [""民法典"", ""侵权"", ""民事""]}, ""override"": ""explicit_boundary_term""}",exclude_from_three_target_lines,main_matrix_original
2025_顺义_一模,2025,顺义,一模,12,,question,B2_ECONOMICS,objective,/Users/wanglifei/Desktop/2025模拟题/2025各区一模/2025顺义一模/试卷/试卷.pdf,paper,included,/Users/wanglifei/Desktop/北京高考政治/reports/必修二三与必修四文化_题源分类准备_20260617_1301/03_question_index/question_candidates.csv,"{""target"": ""B2_ECONOMICS"", ""target_score"": 6, ""boundary"": ""B4_PHILOSOPHY_EXCLUDED"", ""boundary_score"": 1, ""matches"": {""B2_ECONOMICS"": ""新质生产力,数据要素,boost:新质生产力,boost:数据要素"", ""B4_PHILOSOPHY_EXCLUDED"": ""认识""}}",future_baodian_intake,main_matrix_original
2025_顺义_一模,2025,顺义,一模,13,,question,B2_ECONOMICS,objective,/Users/wanglifei/Desktop/2025模拟题/2025各区一模/2025顺义一模/试卷/试卷.pdf,paper,included,/Users/wanglifei/Desktop/北京高考政治/reports/必修二三与必修四文化_题源分类准备_20260617_1301/03_question_index/question_candidates.csv,"{""target"": ""B2_ECONOMICS"", ""target_score"": 3, ""boundary"": ""B4_PHILOSOPHY_EXCLUDED"", ""boundary_score"": 1, ""matches"": {""B2_ECONOMICS"": ""国有经济,boost:国有经济"", ""B4_PHILOSOPHY_EXCLUDED"": ""认识""}}",future_baodian_intake,main_matrix_original
2025_顺义_一模,2025,顺义,一模,14,,question,B3_POLITICS_RULE_OF_LAW,objective,/Users/wanglifei/Desktop/2025模拟题/2025各区一模/2025顺义一模/试卷/试卷.pdf,paper,included,05_reports/strong_blocker_resolution_audit.csv,"{""rule_id"": ""STRONG_BLOCKER_B3_NATIONAL_SECURITY"", ""matched_terms"": ""国家安全,平安中国,新安全格局"", ""source"": ""strong_blocker_resolution_review.csv"", ""evidence_source_type"": ""paper"", ""prior_status"": ""blocked"", ""prior_next_action"": ""manual_review_needed""}",future_baodian_intake,strong_blocker_resolution
2025_顺义_一模,2025,顺义,一模,15,,question,XB1_EXCLUDED,objective,/Users/wanglifei/Desktop/2025模拟题/2025各区一模/2025顺义一模/试卷/试卷.pdf,paper,module-boundary-excluded,/Users/wanglifei/Desktop/北京高考政治/reports/必修二三与必修四文化_题源分类准备_20260617_1301/03_question_index/question_candidates.csv,"{""target"": ""B2_ECONOMICS"", ""target_score"": 0, ""boundary"": ""XB1_EXCLUDED"", ""boundary_score"": 14, ""matches"": {""XB1_EXCLUDED"": ""国际关系,国家利益,和平与发展,外交,boost:国际关系,boost:国家利益,boost:和平与发展,boost:外交""}, ""explicit_boundary_modules"": {""XB1_EXCLUDED"": [""国际关系"", ""国家利益""]}, ""override"": ""explicit_boundary_term""}",exclude_from_three_target_lines,main_matrix_original
2025_顺义_一模,2025,顺义,一模,16,,question,B4_PHILOSOPHY_EXCLUDED,subjective,/Users/wanglifei/Desktop/2025模拟题/2025各区一模/2025顺义一模/试卷/试卷.pdf,paper,module-boundary-excluded,/Users/wanglifei/Desktop/北京高考政治/reports/必修二三与必修四文化_题源分类准备_20260617_1301/03_question_index/question_candidates.csv,"{""target"": ""B4_CULTURE"", ""target_score"": 45, ""boundary"": ""B4_PHILOSOPHY_EXCLUDED"", ""boundary_score"": 9, ""matches"": {""B4_CULTURE"": ""文化,中华优秀传统文化,优秀传统文化,传统文化,创造性转化,创新性发展,文化自信,boost:中华优秀传统文化,boost:优秀传统文化,boost:传统文化,boost:创造性转化,boost:创新性发展"", ""B4_PHILOSOPHY_EXCLUDED"": ""联系的观点,辩证否定,价值观的导向,boost:联系的观点,boost:辩证否定,boost:价值观的导向"", ""XB2_EXCLUDED"": ""继承,boost:继承""}, ""explicit_boundary_modules"": {""B4_PHILOSOPHY_EXCLUDED"": [""辩证否定""]}, ""override"": ""explicit_boundary_term""}",exclude_from_three_target_lines,main_matrix_original
2025_顺义_一模,2025,顺义,一模,17(1),17,subquestion,XB3_EXCLUDED,subjective,/Users/wanglifei/Desktop/2025模拟题/2025各区一模/2025顺义一模/试卷/试卷.pdf,paper,module-boundary-excluded,04_module_classification/subquestion_split_matrix.csv,"{""target"": ""B2_ECONOMICS"", ""target_score"": 0, ""boundary"": ""XB3_EXCLUDED"", ""boundary_score"": 2, ""matches"": {""XB3_EXCLUDED"": ""逻辑与思维,boost:逻辑与思维""}, ""explicit_boundary_modules"": {""XB3_EXCLUDED"": [""逻辑与思维""]}, ""override"": ""explicit_boundary_term""}",exclude_from_three_target_lines,subquestion_integrated_boundary
2025_顺义_一模,2025,顺义,一模,17(2),17,subquestion,B3_POLITICS_RULE_OF_LAW,subjective,/Users/wanglifei/Desktop/2025模拟题/2025各区一模/2025顺义一模/试卷/试卷.pdf,paper,included,04_module_classification/subquestion_split_matrix.csv,"{""target"": ""B3_POLITICS_RULE_OF_LAW"", ""target_score"": 2, ""boundary"": ""B4_PHILOSOPHY_EXCLUDED"", ""boundary_score"": 0, ""matches"": {""B3_POLITICS_RULE_OF_LAW"": ""政治与法治,boost:政治与法治""}}",future_baodian_intake,subquestion_integrated_target
2025_顺义_一模,2025,顺义,一模,18,,question,B2_ECONOMICS,subjective,/Users/wanglifei/Desktop/2025模拟题/2025各区一模/2025顺义一模/试卷/试卷.pdf,paper,included,/Users/wanglifei/Desktop/北京高考政治/reports/必修二三与必修四文化_题源分类准备_20260617_1301/03_question_index/question_candidates.csv,"{""target"": ""B2_ECONOMICS"", ""target_score"": 20, ""boundary"": ""B4_PHILOSOPHY_EXCLUDED"", ""boundary_score"": 0, ""matches"": {""B2_ECONOMICS"": ""经济与社会,新发展理念,高质量发展,实体经济,新质生产力,供给侧,boost:经济与社会,boost:新发展理念,boost:高质量发展,boost:实体经济,boost:新质生产力""}}",future_baodian_intake,main_matrix_original
2025_顺义_一模,2025,顺义,一模,19,,question,XB2_EXCLUDED,subjective,/Users/wanglifei/Desktop/2025模拟题/2025各区一模/2025顺义一模/试卷/试卷.pdf,paper,module-boundary-excluded,/Users/wanglifei/Desktop/北京高考政治/reports/必修二三与必修四文化_题源分类准备_20260617_1301/03_question_index/question_candidates.csv,"{""target"": ""B3_POLITICS_RULE_OF_LAW"", ""target_score"": 5, ""boundary"": ""XB2_EXCLUDED"", ""boundary_score"": 23, ""matches"": {""B2_ECONOMICS"": ""市场主体"", ""B3_POLITICS_RULE_OF_LAW"": ""法院"", ""B4_PHILOSOPHY_EXCLUDED"": ""矛盾,boost:矛盾"", ""XB2_EXCLUDED"": ""法律与生活,民法典,侵权,诉讼,调解,相邻关系,boost:法律与生活,boost:民法典,boost:侵权,boost:诉讼,boost:调解,boost:相邻关系""}, ""explicit_boundary_modules"": {""XB2_EXCLUDED"": [""法律与生活"", ""民法典"", ""侵权"", ""诉讼""]}, ""override"": ""explicit_boundary_term""}",exclude_from_three_target_lines,main_matrix_original
2025_顺义_一模,2025,顺义,一模,2,,question,B3_POLITICS_RULE_OF_LAW,objective,/Users/wanglifei/Desktop/2025模拟题/2025各区一模/2025顺义一模/试卷/试卷.pdf,paper,included,05_reports/strong_blocker_resolution_audit.csv,"{""rule_id"": ""STRONG_BLOCKER_B3_COMMUNITY_GOVERNANCE"", ""matched_terms"": ""社区微花园,居民参与,社区治理,民生"", ""source"": ""strong_blocker_resolution_review.csv"", ""evidence_source_type"": ""paper"", ""prior_status"": ""blocked"", ""prior_next_action"": ""manual_review_needed""}",future_baodian_intake,strong_blocker_resolution
2025_顺义_一模,2025,顺义,一模,20,,question,XB1_EXCLUDED,subjective,/Users/wanglifei/Desktop/2025模拟题/2025各区一模/2025顺义一模/试卷/试卷.pdf,paper,module-boundary-excluded,/Users/wanglifei/Desktop/北京高考政治/reports/必修二三与必修四文化_题源分类准备_20260617_1301/03_question_index/question_candidates.csv,"{""target"": ""B2_ECONOMICS"", ""target_score"": 0, ""boundary"": ""XB1_EXCLUDED"", ""boundary_score"": 17, ""matches"": {""XB1_EXCLUDED"": ""当代国际政治与经济,国际关系,世界多极化,经济全球化,人类命运共同体,boost:当代国际政治与经济,boost:国际关系,boost:世界多极化,boost:经济全球化,boost:人类命运共同体""}, ""explicit_boundary_modules"": {""XB1_EXCLUDED"": [""当代国际政治与经济"", ""经济全球化"", ""世界多极化"", ""国际关系"", ""人类命运共同体""]}, ""override"": ""explicit_boundary_term""}",exclude_from_three_target_lines,main_matrix_original
2025_顺义_一模,2025,顺义,一模,21,,question,XB2_EXCLUDED,subjective,/Users/wanglifei/Desktop/2025模拟题/2025各区一模/2025顺义一模/试卷/试卷.pdf,paper,module-boundary-excluded,/Users/wanglifei/Desktop/北京高考政治/reports/必修二三与必修四文化_题源分类准备_20260617_1301/03_question_index/question_candidates.csv,"{""target"": ""B4_CULTURE"", ""target_score"": 26, ""boundary"": ""XB2_EXCLUDED"", ""boundary_score"": 7, ""matches"": {""B3_POLITICS_RULE_OF_LAW"": ""中国共产党,党的领导,国家治理,boost:中国共产党,boost:党的领导,boost:国家治理"", ""B4_CULTURE"": ""文化,文化传承,文化创新,民族精神,boost:文化传承,boost:文化创新,boost:民族精神"", ""B4_PHILOSOPHY_EXCLUDED"": ""认识"", ""XB2_EXCLUDED"": ""民法典,继承,boost:民法典,boost:继承""}, ""explicit_boundary_modules"": {""XB2_EXCLUDED"": [""民法典""]}, ""override"": ""explicit_boundary_term""}",exclude_from_three_target_lines,main_matrix_original
2025_顺义_一模,2025,顺义,一模,3,,question,XB3_EXCLUDED,objective,/Users/wanglifei/Desktop/2025模拟题/2025各区一模/2025顺义一模/试卷/试卷.pdf,paper,module-boundary-excluded,/Users/wanglifei/Desktop/北京高考政治/reports/必修二三与必修四文化_题源分类准备_20260617_1301/03_question_index/question_candidates.csv,"{""target"": ""B4_CULTURE"", ""target_score"": 15, ""boundary"": ""XB3_EXCLUDED"", ""boundary_score"": 5, ""matches"": {""B4_CULTURE"": ""文化"", ""B4_PHILOSOPHY_EXCLUDED"": ""认识,矛盾,boost:矛盾"", ""XB3_EXCLUDED"": ""逆向思维,想象,boost:逆向思维,boost:想象""}, ""explicit_boundary_modules"": {""XB3_EXCLUDED"": [""想象""]}, ""override"": ""explicit_boundary_term""}",exclude_from_three_target_lines,main_matrix_original
2025_顺义_一模,2025,顺义,一模,4,,question,B4_PHILOSOPHY_EXCLUDED,objective,/Users/wanglifei/Desktop/2025模拟题/2025各区一模/2025顺义一模/试卷/试卷.pdf,paper,module-boundary-excluded,/Users/wanglifei/Desktop/北京高考政治/reports/必修二三与必修四文化_题源分类准备_20260617_1301/03_question_index/question_candidates.csv,"{""target"": ""B3_POLITICS_RULE_OF_LAW"", ""target_score"": 2, ""boundary"": ""B4_PHILOSOPHY_EXCLUDED"", ""boundary_score"": 12, ""matches"": {""B3_POLITICS_RULE_OF_LAW"": ""政府"", ""B4_PHILOSOPHY_EXCLUDED"": ""实践,认识,价值判断,价值选择,物质决定意识,boost:价值判断,boost:价值选择,boost:物质决定意识""}, ""explicit_boundary_modules"": {""B4_PHILOSOPHY_EXCLUDED"": [""价值判断"", ""价值选择"", ""物质决定意识""]}, ""override"": ""explicit_boundary_term""}",exclude_from_three_target_lines,main_matrix_original
2025_顺义_一模,2025,顺义,一模,5,,question,XB3_EXCLUDED,objective,/Users/wanglifei/Desktop/2025模拟题/2025各区一模/2025顺义一模/试卷/试卷.pdf,paper,module-boundary-excluded,/Users/wanglifei/Desktop/北京高考政治/reports/必修二三与必修四文化_题源分类准备_20260617_1301/03_question_index/question_candidates.csv,"{""target"": ""B2_ECONOMICS"", ""target_score"": 0, ""boundary"": ""B4_PHILOSOPHY_EXCLUDED"", ""boundary_score"": 7, ""matches"": {""B4_PHILOSOPHY_EXCLUDED"": ""矛盾,boost:矛盾"", ""XB3_EXCLUDED"": ""必要条件,boost:必要条件""}, ""explicit_boundary_modules"": {""XB3_EXCLUDED"": [""必要条件""]}, ""override"": ""explicit_boundary_term""}",exclude_from_three_target_lines,main_matrix_original
2025_顺义_一模,2025,顺义,一模,6,,question,B2_ECONOMICS,objective,/Users/wanglifei/Desktop/2025模拟题/2025各区一模/2025顺义一模/试卷/试卷.pdf,paper,included,/Users/wanglifei/Desktop/北京高考政治/reports/必修二三与必修四文化_题源分类准备_20260617_1301/03_question_index/question_candidates.csv,"{""target"": ""B2_ECONOMICS"", ""target_score"": 7, ""boundary"": ""XB3_EXCLUDED"", ""boundary_score"": 2, ""matches"": {""B2_ECONOMICS"": ""宏观调控,财政,boost:宏观调控,boost:财政"", ""B3_POLITICS_RULE_OF_LAW"": ""政府"", ""XB3_EXCLUDED"": ""关系判断,boost:关系判断""}}",future_baodian_intake,main_matrix_original
2025_顺义_一模,2025,顺义,一模,7,,question,XB3_EXCLUDED,objective,/Users/wanglifei/Desktop/2025模拟题/2025各区一模/2025顺义一模/试卷/试卷.pdf,paper,module-boundary-excluded,/Users/wanglifei/Desktop/北京高考政治/reports/必修二三与必修四文化_题源分类准备_20260617_1301/03_question_index/question_candidates.csv,"{""target"": ""B2_ECONOMICS"", ""target_score"": 0, ""boundary"": ""XB3_EXCLUDED"", ""boundary_score"": 20, ""matches"": {""XB3_EXCLUDED"": ""三段论,周延,boost:三段论,boost:周延""}, ""explicit_boundary_modules"": {""XB3_EXCLUDED"": [""三段论""]}, ""override"": ""explicit_boundary_term""}",exclude_from_three_target_lines,main_matrix_original
2025_顺义_一模,2025,顺义,一模,8,,question,B3_POLITICS_RULE_OF_LAW,objective,/Users/wanglifei/Desktop/2025模拟题/2025各区一模/2025顺义一模/试卷/试卷.pdf,paper,included,/Users/wanglifei/Desktop/北京高考政治/reports/必修二三与必修四文化_题源分类准备_20260617_1301/03_question_index/question_candidates.csv,"{""target"": ""B3_POLITICS_RULE_OF_LAW"", ""target_score"": 16, ""boundary"": ""B4_PHILOSOPHY_EXCLUDED"", ""boundary_score"": 3, ""matches"": {""B3_POLITICS_RULE_OF_LAW"": ""人民代表大会,人大代表,宪法,全国人大,boost:人民代表大会,boost:人大代表,boost:宪法,boost:全国人大"", ""B4_PHILOSOPHY_EXCLUDED"": ""人民群众,boost:人民群众""}}",future_baodian_intake,main_matrix_original
2025_顺义_一模,2025,顺义,一模,9,,question,B3_POLITICS_RULE_OF_LAW,objective,/Users/wanglifei/Desktop/2025模拟题/2025各区一模/2025顺义一模/试卷/试卷.pdf,paper,included,/Users/wanglifei/Desktop/北京高考政治/reports/必修二三与必修四文化_题源分类准备_20260617_1301/03_question_index/question_candidates.csv,"{""target"": ""B3_POLITICS_RULE_OF_LAW"", ""target_score"": 2, ""boundary"": ""B4_PHILOSOPHY_EXCLUDED"", ""boundary_score"": 0, ""matches"": {""B3_POLITICS_RULE_OF_LAW"": ""政府""}}",future_baodian_intake,main_matrix_original
2026_东城_一模,2026,东城,一模,1,,question,B4_PHILOSOPHY_EXCLUDED,objective,/Users/wanglifei/Desktop/2026模拟题/2026各区一模/2026东城一模/试卷/试卷.pdf,paper,module-boundary-excluded,05_reports/prompt_resolution_audit.csv,"{""override"": ""strict_prompt_resolution"", ""rule_id"": ""B4_PHILOSOPHY_PROMPT"", ""matched_terms"": ""一切从实际出发"", ""prompt_source"": ""paper"", ""prompt"": ""2025 年,面对复杂严峻的国内外环境,我国经济交出“六字”亮眼成绩单,展现强劲韧性与活力。 对这份成绩单的看法正确的有 1在党的全面领导下,制度优势转化为经济治理效能 2以生产关系的根本改变夯实粮食安全和产业优化的基础 3只有一切从实际出发,实事求是,才能持续向新向优 4破解发展中的难题与挑战始终是我们的奋斗目标 A.12 B.13 C.24 D.34"", ""previous_decision"": ""{\""target\"": \""B2_ECONOMICS\"", \""target_score\"": 0, \""boundary\"": \""B4_PHILOSOPHY_EXCLUDED\"", \""boundary_score\"": 0, \""matches\"": {}}""}",exclude_from_three_target_lines,prompt_resolved_from_main_matrix_original
2026_东城_一模,2026,东城,一模,10,,question,XB2_EXCLUDED,objective,/Users/wanglifei/Desktop/2026模拟题/2026各区一模/2026东城一模/试卷/试卷.pdf,paper,module-boundary-excluded,/Users/wanglifei/Desktop/北京高考政治/reports/必修二三与必修四文化_题源分类准备_20260617_1301/03_question_index/question_candidates.csv,"{""target"": ""B2_ECONOMICS"", ""target_score"": 0, ""boundary"": ""XB2_EXCLUDED"", ""boundary_score"": 2, ""matches"": {""XB2_EXCLUDED"": ""所有权,boost:所有权""}, ""explicit_boundary_modules"": {""XB2_EXCLUDED"": [""所有权""]}, ""override"": ""explicit_boundary_term""}",exclude_from_three_target_lines,main_matrix_original
2026_东城_一模,2026,东城,一模,11,,question,XB2_EXCLUDED,objective,/Users/wanglifei/Desktop/2026模拟题/2026各区一模/2026东城一模/试卷/试卷.pdf,paper,module-boundary-excluded,/Users/wanglifei/Desktop/北京高考政治/reports/必修二三与必修四文化_题源分类准备_20260617_1301/03_question_index/question_candidates.csv,"{""target"": ""B2_ECONOMICS"", ""target_score"": 1, ""boundary"": ""XB2_EXCLUDED"", ""boundary_score"": 3, ""matches"": {""B2_ECONOMICS"": ""消费"", ""XB2_EXCLUDED"": ""举证,赔偿,boost:举证""}}",exclude_from_three_target_lines,main_matrix_original
2026_东城_一模,2026,东城,一模,12,,question,B2_ECONOMICS,objective,/Users/wanglifei/Desktop/2026模拟题/2026各区一模/2026东城一模/试卷/试卷.pdf,paper,included,/Users/wanglifei/Desktop/北京高考政治/reports/必修二三与必修四文化_题源分类准备_20260617_1301/03_question_index/question_candidates.csv,"{""target"": ""B2_ECONOMICS"", ""target_score"": 3, ""boundary"": ""B4_PHILOSOPHY_EXCLUDED"", ""boundary_score"": 0, ""matches"": {""B2_ECONOMICS"": ""产业链,boost:产业链""}}",future_baodian_intake,main_matrix_original
2026_东城_一模,2026,东城,一模,13,,question,B2_ECONOMICS,objective,/Users/wanglifei/Desktop/2026模拟题/2026各区一模/2026东城一模/试卷/试卷.pdf,paper,included,/Users/wanglifei/Desktop/北京高考政治/reports/必修二三与必修四文化_题源分类准备_20260617_1301/03_question_index/question_candidates.csv,"{""target"": ""B2_ECONOMICS"", ""target_score"": 3, ""boundary"": ""B4_PHILOSOPHY_EXCLUDED"", ""boundary_score"": 0, ""matches"": {""B2_ECONOMICS"": ""高质量发展,消费,boost:高质量发展""}}",future_baodian_intake,main_matrix_original
2026_东城_一模,2026,东城,一模,14,,question,XB1_EXCLUDED,objective,/Users/wanglifei/Desktop/2026模拟题/2026各区一模/2026东城一模/试卷/试卷.pdf,paper,module-boundary-excluded,05_reports/prompt_resolution_audit.csv,"{""override"": ""strict_prompt_resolution"", ""rule_id"": ""XB1_INTERNATIONAL_PROMPT"", ""matched_terms"": ""关税"", ""prompt_source"": ""paper"", ""prompt"": ""2026 年是中非开启外交关系 70 周年。中国外长延续每年首访非洲的传统,在非盟总部出席“中非人 文交流年” 。中非商签共同发展经济伙伴关系协定,中国对53 个非洲建交国全面实施零关税,中非携手共 逐发展振兴梦。下列认识正确的是 1中国赓续中非传统友谊,为不确定的世界注入确定性 2深化文化交流、增进政治互信,是中非经贸合作的基础 3贸易和投资自由化便利化,有利于非洲国家深度参与国际分工 4中国秉持亲诚惠容对非政策理念,推动中非关系迈上新台阶"", ""previous_decision"": ""{\""target\"": \""B4_CULTURE\"", \""target_score\"": 1, \""boundary\"": \""XB1_EXCLUDED\"", \""boundary_score\"": 2, \""matches\"": {\""B4_CULTURE\"": \""文化\"", \""B4_PHILOSOPHY_EXCLUDED\"": \""认识\"", \""XB1_EXCLUDED\"": \""外交,boost:外交\""}}""}",exclude_from_three_target_lines,prompt_resolved_from_main_matrix_original
2026_东城_一模,2026,东城,一模,15,,question,XB1_EXCLUDED,objective,/Users/wanglifei/Desktop/2026模拟题/2026各区一模/2026东城一模/试卷/试卷.pdf,paper,module-boundary-excluded,/Users/wanglifei/Desktop/北京高考政治/reports/必修二三与必修四文化_题源分类准备_20260617_1301/03_question_index/question_candidates.csv,"{""target"": ""B4_CULTURE"", ""target_score"": 2, ""boundary"": ""XB1_EXCLUDED"", ""boundary_score"": 10, ""matches"": {""B4_CULTURE"": ""文明交流互鉴,boost:文明交流互鉴"", ""XB1_EXCLUDED"": ""中国外交,全球治理,世界多极化,人类命运共同体,外交,boost:中国外交,boost:全球治理,boost:世界多极化,boost:人类命运共同体,boost:外交""}, ""explicit_boundary_modules"": {""XB1_EXCLUDED"": [""世界多极化"", ""全球治理"", ""人类命运共同体""]}, ""override"": ""explicit_boundary_term""}",exclude_from_three_target_lines,main_matrix_original
2026_东城_一模,2026,东城,一模,16,,question,B4_CULTURE,subjective,/Users/wanglifei/Desktop/2026模拟题/2026各区一模/2026东城一模/试卷/试卷.pdf,paper,included,/Users/wanglifei/Desktop/北京高考政治/reports/必修二三与必修四文化_题源分类准备_20260617_1301/03_question_index/question_candidates.csv,"{""target"": ""B4_CULTURE"", ""target_score"": 11, ""boundary"": ""B1_EXCLUDED"", ""boundary_score"": 1, ""matches"": {""B2_ECONOMICS"": ""劳动者"", ""B4_CULTURE"": ""文化,民族精神,文艺,boost:民族精神"", ""B1_EXCLUDED"": ""中国特色社会主义""}}",future_baodian_intake,main_matrix_original
2026_东城_一模,2026,东城,一模,17,,question,B3_POLITICS_RULE_OF_LAW,subjective,/Users/wanglifei/Desktop/2026模拟题/2026各区一模/2026东城一模/试卷/试卷.pdf,paper,included,/Users/wanglifei/Desktop/北京高考政治/reports/必修二三与必修四文化_题源分类准备_20260617_1301/03_question_index/question_candidates.csv,"{""target"": ""B3_POLITICS_RULE_OF_LAW"", ""target_score"": 18, ""boundary"": ""B4_PHILOSOPHY_EXCLUDED"", ""boundary_score"": 1, ""matches"": {""B2_ECONOMICS"": ""就业,boost:就业"", ""B3_POLITICS_RULE_OF_LAW"": ""政治与法治,人大代表,政协,全过程人民民主,政府,公共服务,模拟政协,boost:政治与法治,boost:人大代表,boost:政协,boost:全过程人民民主,boost:模拟政协"", ""B4_PHILOSOPHY_EXCLUDED"": ""实践""}}",future_baodian_intake,main_matrix_original
2026_东城_一模,2026,东城,一模,18,,question,XB2_EXCLUDED,subjective,/Users/wanglifei/Desktop/2026模拟题/2026各区一模/2026东城一模/试卷/试卷.pdf,paper,module-boundary-excluded,/Users/wanglifei/Desktop/北京高考政治/reports/必修二三与必修四文化_题源分类准备_20260617_1301/03_question_index/question_candidates.csv,"{""target"": ""B3_POLITICS_RULE_OF_LAW"", ""target_score"": 9, ""boundary"": ""XB2_EXCLUDED"", ""boundary_score"": 25, ""matches"": {""B3_POLITICS_RULE_OF_LAW"": ""公正司法,法院,boost:公正司法"", ""B4_PHILOSOPHY_EXCLUDED"": ""矛盾,boost:矛盾"", ""XB2_EXCLUDED"": ""法律与生活,侵权,知识产权,诉讼,调解,赔偿,专利,boost:法律与生活,boost:侵权,boost:知识产权,boost:诉讼,boost:调解""}, ""explicit_boundary_modules"": {""XB2_EXCLUDED"": [""法律与生活"", ""侵权"", ""知识产权"", ""诉讼"", ""专利""]}, ""override"": ""explicit_boundary_term""}",exclude_from_three_target_lines,main_matrix_original
2026_东城_一模,2026,东城,一模,19,,question,XB1_EXCLUDED,subjective,/Users/wanglifei/Desktop/2026模拟题/2026各区一模/2026东城一模/试卷/试卷.pdf,paper,module-boundary-excluded,/Users/wanglifei/Desktop/北京高考政治/reports/必修二三与必修四文化_题源分类准备_20260617_1301/03_question_index/question_candidates.csv,"{""target"": ""B2_ECONOMICS"", ""target_score"": 18, ""boundary"": ""XB1_EXCLUDED"", ""boundary_score"": 4, ""matches"": {""B2_ECONOMICS"": ""高质量发展,实体经济,数字经济,新质生产力,产业链,产业发展,boost:高质量发展,boost:实体经济,boost:数字经济,boost:新质生产力,boost:产业链"", ""XB1_EXCLUDED"": ""当代国际政治与经济,对外开放,boost:当代国际政治与经济"", ""XB3_EXCLUDED"": ""创新思维,boost:创新思维""}, ""explicit_boundary_modules"": {""XB1_EXCLUDED"": [""当代国际政治与经济""], ""XB3_EXCLUDED"": [""创新思维""]}, ""override"": ""explicit_boundary_term""}",exclude_from_three_target_lines,main_matrix_original
2026_东城_一模,2026,东城,一模,2,,question,B4_CULTURE,objective,/Users/wanglifei/Desktop/2026模拟题/2026各区一模/2026东城一模/试卷/试卷.pdf,paper,included,/Users/wanglifei/Desktop/北京高考政治/reports/必修二三与必修四文化_题源分类准备_20260617_1301/03_question_index/question_candidates.csv,"{""target"": ""B4_CULTURE"", ""target_score"": 12, ""boundary"": ""B4_PHILOSOPHY_EXCLUDED"", ""boundary_score"": 0, ""matches"": {""B2_ECONOMICS"": ""消费"", ""B4_CULTURE"": ""文化,传统文化,文化传承,非遗,文创,boost:传统文化,boost:文化传承,boost:非遗,boost:文创""}}",future_baodian_intake,main_matrix_original
2026_东城_一模,2026,东城,一模,20,,question,B3_POLITICS_RULE_OF_LAW,subjective,/Users/wanglifei/Desktop/2026模拟题/2026各区一模/2026东城一模/试卷/试卷.pdf,paper,included,/Users/wanglifei/Desktop/北京高考政治/reports/必修二三与必修四文化_题源分类准备_20260617_1301/03_question_index/question_candidates.csv,"{""target"": ""B3_POLITICS_RULE_OF_LAW"", ""target_score"": 8, ""boundary"": ""B4_PHILOSOPHY_EXCLUDED"", ""boundary_score"": 4, ""matches"": {""B3_POLITICS_RULE_OF_LAW"": ""中国共产党,党的领导,全面依法治国,boost:中国共产党,boost:党的领导,boost:全面依法治国"", ""B4_CULTURE"": ""中华文明,boost:中华文明"", ""B4_PHILOSOPHY_EXCLUDED"": ""实践,认识""}}",future_baodian_intake,main_matrix_original
2026_东城_一模,2026,东城,一模,3,,question,XB1_EXCLUDED,objective,/Users/wanglifei/Desktop/北京高考政治/reports/必修二三与必修四文化_题源分类准备_20260617_1301/02_text_cache/texts/0dafc181e82eb031.txt | /Users/wanglifei/Desktop/北京高考政治/reports/必修二三与必修四文化_题源分类准备_20260617_1301/02_text_cache/texts/0dafc181e82eb031.txt,paper+answer_key,module-boundary-excluded,05_reports/culture_hint_final_cleanup_audit.csv,"{""rule_id"": ""CULTURE_HINT_DONGCHENG_YIMO_Q3_ANSWER_C_INTERNATIONAL_EXCHANGE"", ""matched_terms"": ""答案C,国际交流,首都教育育人成效,对外开放"", ""basis"": ""答案键显示第3题为 C，正确项指向科技教育国际交流与首都教育育人成效，非 B2/B3/B4_CULTURE 主链。"", ""source"": ""culture_hint_final_cleanup_audit.csv"", ""prior_book_module"": ""UNKNOWN_OR_MIXED"", ""prior_status"": ""blocked""}",exclude_from_three_target_lines,culture_hint_final_cleanup
2026_东城_一模,2026,东城,一模,4,,question,B4_CULTURE,objective,/Users/wanglifei/Desktop/2026模拟题/2026各区一模/2026东城一模/试卷/试卷.pdf,paper,included,/Users/wanglifei/Desktop/北京高考政治/reports/必修二三与必修四文化_题源分类准备_20260617_1301/03_question_index/question_candidates.csv,"{""target"": ""B4_CULTURE"", ""target_score"": 7, ""boundary"": ""B4_PHILOSOPHY_EXCLUDED"", ""boundary_score"": 0, ""matches"": {""B4_CULTURE"": ""文化,传统文化,文物,boost:传统文化,boost:文物""}}",future_baodian_intake,main_matrix_original
2026_东城_一模,2026,东城,一模,5,,question,B4_PHILOSOPHY_EXCLUDED,objective,/Users/wanglifei/Desktop/2026模拟题/2026各区一模/2026东城一模/试卷/试卷.pdf,paper,module-boundary-excluded,/Users/wanglifei/Desktop/北京高考政治/reports/必修二三与必修四文化_题源分类准备_20260617_1301/03_question_index/question_candidates.csv,"{""target"": ""B2_ECONOMICS"", ""target_score"": 0, ""boundary"": ""B4_PHILOSOPHY_EXCLUDED"", ""boundary_score"": 3, ""matches"": {""B4_PHILOSOPHY_EXCLUDED"": ""认识,真理,boost:真理""}}",exclude_from_three_target_lines,main_matrix_original
2026_东城_一模,2026,东城,一模,6,,question,B4_PHILOSOPHY_EXCLUDED,objective,/Users/wanglifei/Desktop/2026模拟题/2026各区一模/2026东城一模/试卷/试卷.pdf,paper,module-boundary-excluded,/Users/wanglifei/Desktop/北京高考政治/reports/必修二三与必修四文化_题源分类准备_20260617_1301/03_question_index/question_candidates.csv,"{""target"": ""B2_ECONOMICS"", ""target_score"": 0, ""boundary"": ""B4_PHILOSOPHY_EXCLUDED"", ""boundary_score"": 3, ""matches"": {""B4_PHILOSOPHY_EXCLUDED"": ""认识,辩证否定,boost:辩证否定""}, ""explicit_boundary_modules"": {""B4_PHILOSOPHY_EXCLUDED"": [""辩证否定""]}, ""override"": ""explicit_boundary_term""}",exclude_from_three_target_lines,main_matrix_original
2026_东城_一模,2026,东城,一模,7,,question,XB3_EXCLUDED,objective,/Users/wanglifei/Desktop/2026模拟题/2026各区一模/2026东城一模/试卷/试卷.pdf,paper,module-boundary-excluded,05_reports/strong_blocker_resolution_audit.csv,"{""rule_id"": ""STRONG_BLOCKER_XB3_CONDITIONAL_EXPERIMENTS"", ""matched_terms"": ""除非,或者,如果,一定为真"", ""source"": ""strong_blocker_resolution_review.csv"", ""evidence_source_type"": ""paper"", ""prior_status"": ""blocked"", ""prior_next_action"": ""manual_review_needed""}",exclude_from_three_target_lines,strong_blocker_resolution
2026_东城_一模,2026,东城,一模,8,,question,B2_ECONOMICS,objective,/Users/wanglifei/Desktop/2026模拟题/2026各区一模/2026东城一模/试卷/试卷.pdf,paper,included,/Users/wanglifei/Desktop/北京高考政治/reports/必修二三与必修四文化_题源分类准备_20260617_1301/03_question_index/question_candidates.csv,"{""target"": ""B2_ECONOMICS"", ""target_score"": 17, ""boundary"": ""B4_PHILOSOPHY_EXCLUDED"", ""boundary_score"": 0, ""matches"": {""B2_ECONOMICS"": ""有效市场,有为政府,高质量发展,养老服务,boost:高质量发展,boost:养老服务"", ""B3_POLITICS_RULE_OF_LAW"": ""政府""}}",future_baodian_intake,main_matrix_original
2026_东城_一模,2026,东城,一模,9,,question,B1_EXCLUDED,objective,/Users/wanglifei/Desktop/北京高考政治/reports/必修二三与必修四文化_题源分类准备_20260617_1301/02_text_cache/texts/0dafc181e82eb031.txt | /Users/wanglifei/Desktop/北京高考政治/reports/必修二三与必修四文化_题源分类准备_20260617_1301/02_text_cache/texts/0dafc181e82eb031.txt,paper+answer_key,module-boundary-excluded,05_reports/culture_hint_final_cleanup_audit.csv,"{""rule_id"": ""CULTURE_HINT_DONGCHENG_YIMO_Q9_PARENT_REMAINDER_AFTER_B3"", ""matched_terms"": ""答案D,健康学校建设,现代化国家,学校依法履行管理职责"", ""basis"": ""答案键显示第9题为 D；依法履责/制度治理组件已入 B3，父题余项为健康学校与现代化国家建设的一般边界内容。"", ""source"": ""culture_hint_final_cleanup_audit.csv"", ""prior_book_module"": ""UNKNOWN_OR_MIXED"", ""prior_status"": ""blocked""}",exclude_from_three_target_lines,culture_hint_final_cleanup
2026_东城_二模,2026,东城,二模,1,,question,B2_ECONOMICS,objective,/Users/wanglifei/Desktop/2026模拟题/2026各区二模/2026东城二模/试卷/2026北京东城高三二模政治（教师版）.docx,paper,included,/Users/wanglifei/Desktop/北京高考政治/reports/必修二三与必修四文化_题源分类准备_20260617_1301/03_question_index/question_candidates.csv,"{""target"": ""B2_ECONOMICS"", ""target_score"": 4, ""boundary"": ""B1_EXCLUDED"", ""boundary_score"": 2, ""matches"": {""B2_ECONOMICS"": ""现代化经济体系,共同富裕,boost:现代化经济体系,boost:共同富裕"", ""B3_POLITICS_RULE_OF_LAW"": ""中国共产党,党的领导,boost:中国共产党,boost:党的领导"", ""B1_EXCLUDED"": ""中国特色社会主义""}}",future_baodian_intake,main_matrix_original
2026_东城_二模,2026,东城,二模,10,,question,XB2_EXCLUDED,objective,/Users/wanglifei/Desktop/2026模拟题/2026各区二模/2026东城二模/试卷/2026北京东城高三二模政治（教师版）.docx,paper,module-boundary-excluded,/Users/wanglifei/Desktop/北京高考政治/reports/必修二三与必修四文化_题源分类准备_20260617_1301/03_question_index/question_candidates.csv,"{""target"": ""B2_ECONOMICS"", ""target_score"": 0, ""boundary"": ""XB2_EXCLUDED"", ""boundary_score"": 14, ""matches"": {""XB2_EXCLUDED"": ""合同,民事,民事行为能力,违约,boost:合同,boost:民事,boost:民事行为能力,boost:违约""}, ""explicit_boundary_modules"": {""XB2_EXCLUDED"": [""合同"", ""民事""]}, ""override"": ""explicit_boundary_term""}",exclude_from_three_target_lines,main_matrix_original
2026_东城_二模,2026,东城,二模,11,,question,B3_POLITICS_RULE_OF_LAW,objective,/Users/wanglifei/Desktop/2026模拟题/2026各区二模/2026东城二模/试卷/2026北京东城高三二模政治（教师版）.docx,paper,included,/Users/wanglifei/Desktop/北京高考政治/reports/必修二三与必修四文化_题源分类准备_20260617_1301/03_question_index/question_candidates.csv,"{""target"": ""B3_POLITICS_RULE_OF_LAW"", ""target_score"": 4, ""boundary"": ""XB2_EXCLUDED"", ""boundary_score"": 1, ""matches"": {""B2_ECONOMICS"": ""劳动者"", ""B3_POLITICS_RULE_OF_LAW"": ""法院"", ""XB2_EXCLUDED"": ""赔偿""}}",future_baodian_intake,main_matrix_original
2026_东城_二模,2026,东城,二模,12,,question,XB3_EXCLUDED,objective,/Users/wanglifei/Desktop/2026模拟题/2026各区二模/2026东城二模/试卷/2026北京东城高三二模政治（教师版）.docx,paper,module-boundary-excluded,/Users/wanglifei/Desktop/北京高考政治/reports/必修二三与必修四文化_题源分类准备_20260617_1301/03_question_index/question_candidates.csv,"{""target"": ""B2_ECONOMICS"", ""target_score"": 0, ""boundary"": ""XB3_EXCLUDED"", ""boundary_score"": 6, ""matches"": {""XB3_EXCLUDED"": ""推理,三段论,关系判断,boost:推理,boost:三段论,boost:关系判断""}, ""explicit_boundary_modules"": {""XB3_EXCLUDED"": [""三段论"", ""推理""]}, ""override"": ""explicit_boundary_term""}",exclude_from_three_target_lines,main_matrix_original
2026_东城_二模,2026,东城,二模,13,,question,XB3_EXCLUDED,objective,/Users/wanglifei/Desktop/2026模拟题/2026各区二模/2026东城二模/试卷/2026北京东城高三二模政治（教师版）.docx,paper,module-boundary-excluded,05_reports/remaining_strong_cleanup_audit.csv,"{""rule_id"": ""REMAINING_XB3_JELLYFISH_CONCEPT_REASONING"", ""matched_terms"": ""具有所有特征,一定正确,推理"", ""source"": ""remaining_strong_cleanup_audit.csv"", ""prior_book_module"": ""UNKNOWN_OR_MIXED"", ""prior_status"": ""blocked""}",exclude_from_three_target_lines,remaining_strong_cleanup
2026_东城_二模,2026,东城,二模,14,,question,XB1_EXCLUDED,objective,/Users/wanglifei/Desktop/2026模拟题/2026各区二模/2026东城二模/试卷/2026北京东城高三二模政治（教师版）.docx,paper,module-boundary-excluded,/Users/wanglifei/Desktop/北京高考政治/reports/必修二三与必修四文化_题源分类准备_20260617_1301/03_question_index/question_candidates.csv,"{""target"": ""B2_ECONOMICS"", ""target_score"": 3, ""boundary"": ""XB1_EXCLUDED"", ""boundary_score"": 2, ""matches"": {""B2_ECONOMICS"": ""生产要素,基础设施,boost:生产要素"", ""XB1_EXCLUDED"": ""世界多极化,boost:世界多极化""}, ""explicit_boundary_modules"": {""XB1_EXCLUDED"": [""世界多极化""]}, ""override"": ""explicit_boundary_term""}",exclude_from_three_target_lines,main_matrix_original
2026_东城_二模,2026,东城,二模,15,,question,XB1_EXCLUDED,objective,/Users/wanglifei/Desktop/2026模拟题/2026各区二模/2026东城二模/试卷/2026北京东城高三二模政治（教师版）.docx,paper,module-boundary-excluded,/Users/wanglifei/Desktop/北京高考政治/reports/必修二三与必修四文化_题源分类准备_20260617_1301/03_question_index/question_candidates.csv,"{""target"": ""B2_ECONOMICS"", ""target_score"": 0, ""boundary"": ""XB1_EXCLUDED"", ""boundary_score"": 3, ""matches"": {""XB1_EXCLUDED"": ""联合国,boost:联合国""}, ""explicit_boundary_modules"": {""XB1_EXCLUDED"": [""联合国""]}, ""override"": ""explicit_boundary_term""}",exclude_from_three_target_lines,main_matrix_original
2026_东城_二模,2026,东城,二模,16,,question,B4_CULTURE,subjective,/Users/wanglifei/Desktop/2026模拟题/2026各区二模/2026东城二模/试卷/2026北京东城高三二模政治（教师版）.docx,paper,included,/Users/wanglifei/Desktop/北京高考政治/reports/必修二三与必修四文化_题源分类准备_20260617_1301/03_question_index/question_candidates.csv,"{""target"": ""B4_CULTURE"", ""target_score"": 8, ""boundary"": ""B4_PHILOSOPHY_EXCLUDED"", ""boundary_score"": 2, ""matches"": {""B4_CULTURE"": ""文化,文化创新,中轴线,boost:文化创新,boost:中轴线"", ""B4_PHILOSOPHY_EXCLUDED"": ""实践,认识""}}",future_baodian_intake,main_matrix_original
2026_东城_二模,2026,东城,二模,17,,question,B3_POLITICS_RULE_OF_LAW,subjective,/Users/wanglifei/Desktop/2026模拟题/2026各区二模/2026东城二模/试卷/2026北京东城高三二模政治（教师版）.docx,paper,included,/Users/wanglifei/Desktop/北京高考政治/reports/必修二三与必修四文化_题源分类准备_20260617_1301/03_question_index/question_candidates.csv,"{""target"": ""B3_POLITICS_RULE_OF_LAW"", ""target_score"": 3, ""boundary"": ""B4_PHILOSOPHY_EXCLUDED"", ""boundary_score"": 0, ""matches"": {""B3_POLITICS_RULE_OF_LAW"": ""政治与法治,民主决策,boost:政治与法治""}}",future_baodian_intake,main_matrix_original
2026_东城_二模,2026,东城,二模,18,,question,XB3_EXCLUDED,subjective,/Users/wanglifei/Desktop/2026模拟题/2026各区二模/2026东城二模/试卷/2026北京东城高三二模政治（教师版）.docx,paper,module-boundary-excluded,/Users/wanglifei/Desktop/北京高考政治/reports/必修二三与必修四文化_题源分类准备_20260617_1301/03_question_index/question_candidates.csv,"{""target"": ""B2_ECONOMICS"", ""target_score"": 0, ""boundary"": ""XB3_EXCLUDED"", ""boundary_score"": 12, ""matches"": {""XB3_EXCLUDED"": ""逻辑与思维,超前思维,推理,类比推理,boost:逻辑与思维,boost:超前思维,boost:推理,boost:类比推理""}, ""explicit_boundary_modules"": {""XB3_EXCLUDED"": [""逻辑与思维"", ""超前思维"", ""推理""]}, ""override"": ""explicit_boundary_term""}",exclude_from_three_target_lines,main_matrix_original
2026_东城_二模,2026,东城,二模,19,,question,XB2_EXCLUDED,subjective,/Users/wanglifei/Desktop/2026模拟题/2026各区二模/2026东城二模/试卷/2026北京东城高三二模政治（教师版）.docx,paper,module-boundary-excluded,/Users/wanglifei/Desktop/北京高考政治/reports/必修二三与必修四文化_题源分类准备_20260617_1301/03_question_index/question_candidates.csv,"{""target"": ""B2_ECONOMICS"", ""target_score"": 6, ""boundary"": ""XB2_EXCLUDED"", ""boundary_score"": 10, ""matches"": {""B2_ECONOMICS"": ""市场经济,营商环境,劳动者,市场主体,boost:市场经济,boost:营商环境"", ""XB2_EXCLUDED"": ""法律与生活,合同,赔偿,违约,boost:法律与生活,boost:合同,boost:违约""}, ""explicit_boundary_modules"": {""XB2_EXCLUDED"": [""法律与生活"", ""合同""]}, ""override"": ""explicit_boundary_term""}",exclude_from_three_target_lines,main_matrix_original
2026_东城_二模,2026,东城,二模,2,,question,B4_CULTURE,objective,/Users/wanglifei/Desktop/2026模拟题/2026各区二模/2026东城二模/试卷/2026北京东城高三二模政治（教师版）.docx,paper,included,/Users/wanglifei/Desktop/北京高考政治/reports/必修二三与必修四文化_题源分类准备_20260617_1301/03_question_index/question_candidates.csv,"{""target"": ""B4_CULTURE"", ""target_score"": 10, ""boundary"": ""B4_PHILOSOPHY_EXCLUDED"", ""boundary_score"": 0, ""matches"": {""B4_CULTURE"": ""文化,中华优秀传统文化,优秀传统文化,传统文化,中华文明,boost:中华优秀传统文化,boost:优秀传统文化,boost:传统文化,boost:中华文明""}}",future_baodian_intake,main_matrix_original
2026_东城_二模,2026,东城,二模,20(1),20,subquestion,B2_ECONOMICS,subjective,/Users/wanglifei/Desktop/2026模拟题/2026各区二模/2026东城二模/试卷/2026北京东城高三二模政治（教师版）.docx,paper,included,04_module_classification/subquestion_split_matrix.csv,"{""override"": ""prompt_router"", ""prompt_terms"": [""经济信息/经济角度""], ""classification_text"": ""(1)概括材料一反映的经济信息。(4分)"", ""base_decision"": ""{\""target\"": \""B2_ECONOMICS\"", \""target_score\"": 0, \""boundary\"": \""B4_PHILOSOPHY_EXCLUDED\"", \""boundary_score\"": 0, \""matches\"": {}}""}",future_baodian_intake,subquestion_integrated_target
2026_东城_二模,2026,东城,二模,20(2),20,subquestion,B2_ECONOMICS,subjective,/Users/wanglifei/Desktop/2026模拟题/2026各区二模/2026东城二模/试卷/2026北京东城高三二模政治（教师版）.docx,paper,included,04_module_classification/subquestion_split_matrix.csv,"{""target"": ""B2_ECONOMICS"", ""target_score"": 2, ""boundary"": ""B4_PHILOSOPHY_EXCLUDED"", ""boundary_score"": 0, ""matches"": {""B2_ECONOMICS"": ""经济与社会,boost:经济与社会""}}",future_baodian_intake,subquestion_integrated_target
2026_东城_二模,2026,东城,二模,20(3),20,subquestion,XB1_EXCLUDED,subjective,/Users/wanglifei/Desktop/2026模拟题/2026各区二模/2026东城二模/试卷/2026北京东城高三二模政治（教师版）.docx,paper,module-boundary-excluded,04_module_classification/subquestion_split_matrix.csv,"{""target"": ""B2_ECONOMICS"", ""target_score"": 0, ""boundary"": ""XB1_EXCLUDED"", ""boundary_score"": 2, ""matches"": {""XB1_EXCLUDED"": ""当代国际政治与经济,boost:当代国际政治与经济""}, ""explicit_boundary_modules"": {""XB1_EXCLUDED"": [""当代国际政治与经济""]}, ""override"": ""explicit_boundary_term""}",exclude_from_three_target_lines,subquestion_integrated_boundary
2026_东城_二模,2026,东城,二模,21,,question,XB2_EXCLUDED,subjective,/Users/wanglifei/Desktop/2026模拟题/2026各区二模/2026东城二模/试卷/2026北京东城高三二模政治（教师版）.docx,paper,module-boundary-excluded,/Users/wanglifei/Desktop/北京高考政治/reports/必修二三与必修四文化_题源分类准备_20260617_1301/03_question_index/question_candidates.csv,"{""target"": ""B3_POLITICS_RULE_OF_LAW"", ""target_score"": 6, ""boundary"": ""XB2_EXCLUDED"", ""boundary_score"": 8, ""matches"": {""B2_ECONOMICS"": ""经济职能,高质量发展,消费,boost:经济职能,boost:高质量发展"", ""B3_POLITICS_RULE_OF_LAW"": ""中国共产党,党的领导,政府,法院,boost:中国共产党,boost:党的领导"", ""B4_CULTURE"": ""文化,中华文明,boost:中华文明"", ""XB1_EXCLUDED"": ""国际组织,boost:国际组织"", ""XB2_EXCLUDED"": ""合同,侵权,劳动合同,人格权,boost:合同,boost:侵权,boost:劳动合同,boost:人格权"", ""XB3_EXCLUDED"": ""辩证思维,boost:辩证思维""}, ""explicit_boundary_modules"": {""XB1_EXCLUDED"": [""国际组织""], ""XB2_EXCLUDED"": [""合同"", ""侵权"", ""人格权"", ""劳动合同""], ""XB3_EXCLUDED"": [""辩证思维""]}, ""override"": ""explicit_boundary_term""}",exclude_from_three_target_lines,main_matrix_original
2026_东城_二模,2026,东城,二模,3,,question,XB3_EXCLUDED,objective,/Users/wanglifei/Desktop/2026模拟题/2026各区二模/2026东城二模/试卷/2026北京东城高三二模政治（教师版）.docx,paper,module-boundary-excluded,/Users/wanglifei/Desktop/北京高考政治/reports/必修二三与必修四文化_题源分类准备_20260617_1301/03_question_index/question_candidates.csv,"{""target"": ""B4_CULTURE"", ""target_score"": 2, ""boundary"": ""XB3_EXCLUDED"", ""boundary_score"": 4, ""matches"": {""B2_ECONOMICS"": ""消费"", ""B4_CULTURE"": ""文旅,boost:文旅"", ""XB3_EXCLUDED"": ""辩证思维,逆向思维,boost:辩证思维,boost:逆向思维""}, ""explicit_boundary_modules"": {""XB3_EXCLUDED"": [""辩证思维""]}, ""override"": ""explicit_boundary_term""}",exclude_from_three_target_lines,main_matrix_original
2026_东城_二模,2026,东城,二模,4,,question,B4_PHILOSOPHY_EXCLUDED,objective,/Users/wanglifei/Desktop/2026模拟题/2026各区二模/2026东城二模/试卷/2026北京东城高三二模政治（教师版）.docx,paper,module-boundary-excluded,05_reports/prompt_resolution_audit.csv,"{""override"": ""strict_prompt_resolution"", ""rule_id"": ""B4_PHILOSOPHY_PROMPT"", ""matched_terms"": ""对立统一"", ""prompt_source"": ""paper"", ""prompt"": ""能否让人工智能辅助识别田间害虫?某科研团队用传统“灯诱法”捕捉害虫样本、用先进技术完善数据,从“肉眼辨虫”升级为“智能识虫”,破解害虫防治的“脸盲”难题。这表明 A.数据要素支撑先进技术是实现科学研究目的的关键 B.对害虫及其习性的认识是破解害虫防治难题的前提和基础 C.摒弃传统方法的不足,以聚合思维识别虫害的稳定本质 D.在把握灯诱法和先进技术的对立统一中实现识虫效果的飞跃"", ""previous_decision"": ""{\""target\"": \""B2_ECONOMICS\"", \""target_score\"": 2, \""boundary\"": \""XB3_EXCLUDED\"", \""boundary_score\"": 2, \""matches\"": {\""B2_ECONOMICS\"": \""数据要素,boost:数据要素\"", \""B4_PHILOSOPHY_EXCLUDED\"": \""认识\"", \""XB3_EXCLUDED\"": \""聚合思维,boost:聚合思维\""}}""}",exclude_from_three_target_lines,prompt_resolved_from_main_matrix_original
2026_东城_二模,2026,东城,二模,5,,question,XB3_EXCLUDED,objective,/Users/wanglifei/Desktop/2026模拟题/2026各区二模/2026东城二模/试卷/2026北京东城高三二模政治（教师版）.docx,paper,module-boundary-excluded,/Users/wanglifei/Desktop/北京高考政治/reports/必修二三与必修四文化_题源分类准备_20260617_1301/03_question_index/question_candidates.csv,"{""target"": ""B2_ECONOMICS"", ""target_score"": 0, ""boundary"": ""B4_PHILOSOPHY_EXCLUDED"", ""boundary_score"": 4, ""matches"": {""B4_PHILOSOPHY_EXCLUDED"": ""认识"", ""XB3_EXCLUDED"": ""科学思维,boost:科学思维""}, ""explicit_boundary_modules"": {""XB3_EXCLUDED"": [""科学思维""]}, ""override"": ""explicit_boundary_term""}",exclude_from_three_target_lines,main_matrix_original
2026_东城_二模,2026,东城,二模,6,,question,B2_ECONOMICS,objective,/Users/wanglifei/Desktop/2026模拟题/2026各区二模/2026东城二模/试卷/2026北京东城高三二模政治（教师版）.docx,paper,included,/Users/wanglifei/Desktop/北京高考政治/reports/必修二三与必修四文化_题源分类准备_20260617_1301/03_question_index/question_candidates.csv,"{""target"": ""B2_ECONOMICS"", ""target_score"": 2, ""boundary"": ""B4_PHILOSOPHY_EXCLUDED"", ""boundary_score"": 0, ""matches"": {""B2_ECONOMICS"": ""新质生产力,boost:新质生产力""}}",future_baodian_intake,main_matrix_original
2026_东城_二模,2026,东城,二模,7,,question,B2_ECONOMICS,objective,/Users/wanglifei/Desktop/2026模拟题/2026各区二模/2026东城二模/试卷/2026北京东城高三二模政治（教师版）.docx,paper,included,/Users/wanglifei/Desktop/北京高考政治/reports/必修二三与必修四文化_题源分类准备_20260617_1301/03_question_index/question_candidates.csv,"{""target"": ""B2_ECONOMICS"", ""target_score"": 10, ""boundary"": ""B4_PHILOSOPHY_EXCLUDED"", ""boundary_score"": 0, ""matches"": {""B2_ECONOMICS"": ""宏观调控,社会保障,就业,boost:宏观调控,boost:社会保障,boost:就业"", ""B3_POLITICS_RULE_OF_LAW"": ""政府""}}",future_baodian_intake,main_matrix_original
2026_东城_二模,2026,东城,二模,8,,question,B3_POLITICS_RULE_OF_LAW,objective,/Users/wanglifei/Desktop/2026模拟题/2026各区二模/2026东城二模/试卷/2026北京东城高三二模政治（教师版）.docx,paper,included,/Users/wanglifei/Desktop/北京高考政治/reports/必修二三与必修四文化_题源分类准备_20260617_1301/03_question_index/question_candidates.csv,"{""target"": ""B3_POLITICS_RULE_OF_LAW"", ""target_score"": 6, ""boundary"": ""B4_PHILOSOPHY_EXCLUDED"", ""boundary_score"": 0, ""matches"": {""B2_ECONOMICS"": ""高质量发展,boost:高质量发展"", ""B3_POLITICS_RULE_OF_LAW"": ""政府,人大常委会,公共服务,boost:人大常委会""}}",future_baodian_intake,main_matrix_original
2026_东城_二模,2026,东城,二模,9,,question,B3_POLITICS_RULE_OF_LAW,objective,/Users/wanglifei/Desktop/2026模拟题/2026各区二模/2026东城二模/试卷/2026北京东城高三二模政治（教师版）.docx,paper,included,05_reports/prompt_resolution_audit.csv,"{""override"": ""strict_prompt_resolution"", ""rule_id"": ""B3_EXPLICIT_POLITICS_PROMPT"", ""matched_terms"": ""城市治理"", ""prompt_source"": ""paper"", ""prompt"": ""杭州“星辰守护号”为中转旅客提供休憩服务,深圳“食物银行”为困难群众提供食品,上海站“风雨连廊”保障旅客安全出行......这些举措共同指向 A.夯实社会治理的群众基础,公民政治权利不断扩大 B.城市治理越来越聚焦于“人”,提升群众幸福感 C.以柔性执法和因事制宜的创新举措,彰显制度优势 D.推动公共政策优化完善,提升行政效率与水平"", ""previous_decision"": ""{\""target\"": \""B3_POLITICS_RULE_OF_LAW\"", \""target_score\"": 1, \""boundary\"": \""B4_PHILOSOPHY_EXCLUDED\"", \""boundary_score\"": 0, \""matches\"": {\""B3_POLITICS_RULE_OF_LAW\"": \""社会治理\""}}""}",future_baodian_intake,prompt_resolved_from_main_matrix_original
2026_东城_期末,2026,东城,期末,1,,question,B1_EXCLUDED,objective,/Users/wanglifei/Desktop/2026模拟题/2026各区期末和期中/2026东城期末/试卷/试卷.pdf,paper,module-boundary-excluded,05_reports/prompt_resolution_audit.csv,"{""override"": ""strict_prompt_resolution"", ""rule_id"": ""B1_SOCIALISM_PROMPT"", ""matched_terms"": ""中国特色社会主义"", ""prompt_source"": ""paper"", ""prompt"": ""党和国家高度重视纪念庆典、授勋颁奖等典礼活动,并在实践中不断总结经验,中国特色社会主义大党 大国典礼制度不断丰富完善。 这一制度( ) 1旨在增强中国的国际地位和话语权 2是建设中华民族现代文明的根本途径 3展现出党和国家的政治品格和精神气质 4有利于凝聚强国建设和民族复兴的力量 A. 12 B. 13 C. 24 D. 34"", ""previous_decision"": ""{\""target\"": \""B2_ECONOMICS\"", \""target_score\"": 0, \""boundary\"": \""B4_PHILOSOPHY_EXCLUDED\"", \""boundary_score\"": 1, \""matches\"": {\""B4_PHILOSOPHY_EXCLUDED\"": \""实践\"", \""B1_EXCLUDED\"": \""中国特色社会主义\""}}""}",exclude_from_three_target_lines,prompt_resolved_from_main_matrix_original
2026_东城_期末,2026,东城,期末,10,,question,XB2_EXCLUDED,objective,/Users/wanglifei/Desktop/2026模拟题/2026各区期末和期中/2026东城期末/试卷/试卷.pdf,paper,module-boundary-excluded,/Users/wanglifei/Desktop/北京高考政治/reports/必修二三与必修四文化_题源分类准备_20260617_1301/03_question_index/question_candidates.csv,"{""target"": ""B2_ECONOMICS"", ""target_score"": 1, ""boundary"": ""XB2_EXCLUDED"", ""boundary_score"": 8, ""matches"": {""B2_ECONOMICS"": ""消费"", ""XB2_EXCLUDED"": ""侵权,物权,侵权责任,专利,boost:侵权,boost:物权,boost:侵权责任,boost:专利""}, ""explicit_boundary_modules"": {""XB2_EXCLUDED"": [""侵权"", ""专利"", ""物权""]}, ""override"": ""explicit_boundary_term""}",exclude_from_three_target_lines,main_matrix_original
2026_东城_期末,2026,东城,期末,11,,question,XB2_EXCLUDED,objective,/Users/wanglifei/Desktop/2026模拟题/2026各区期末和期中/2026东城期末/试卷/试卷.pdf,paper,module-boundary-excluded,/Users/wanglifei/Desktop/北京高考政治/reports/必修二三与必修四文化_题源分类准备_20260617_1301/03_question_index/question_candidates.csv,"{""target"": ""B2_ECONOMICS"", ""target_score"": 1, ""boundary"": ""XB2_EXCLUDED"", ""boundary_score"": 10, ""matches"": {""B2_ECONOMICS"": ""劳动者"", ""XB2_EXCLUDED"": ""合同,劳动合同,劳动关系,boost:合同,boost:劳动合同,boost:劳动关系""}, ""explicit_boundary_modules"": {""XB2_EXCLUDED"": [""合同"", ""劳动合同""]}, ""override"": ""explicit_boundary_term""}",exclude_from_three_target_lines,main_matrix_original
2026_东城_期末,2026,东城,期末,12,,question,XB2_EXCLUDED,objective,/Users/wanglifei/Desktop/2026模拟题/2026各区期末和期中/2026东城期末/试卷/试卷.pdf,paper,module-boundary-excluded,/Users/wanglifei/Desktop/北京高考政治/reports/必修二三与必修四文化_题源分类准备_20260617_1301/03_question_index/question_candidates.csv,"{""target"": ""B2_ECONOMICS"", ""target_score"": 5, ""boundary"": ""XB2_EXCLUDED"", ""boundary_score"": 2, ""matches"": {""B2_ECONOMICS"": ""市场机制,产业链,生产要素,boost:产业链,boost:生产要素"", ""XB2_EXCLUDED"": ""所有权,boost:所有权""}, ""explicit_boundary_modules"": {""XB2_EXCLUDED"": [""所有权""]}, ""override"": ""explicit_boundary_term""}",exclude_from_three_target_lines,main_matrix_original
2026_东城_期末,2026,东城,期末,13,,question,B2_ECONOMICS,objective,/Users/wanglifei/Desktop/2026模拟题/2026各区期末和期中/2026东城期末/试卷/试卷.pdf,paper,included,/Users/wanglifei/Desktop/北京高考政治/reports/必修二三与必修四文化_题源分类准备_20260617_1301/03_question_index/question_candidates.csv,"{""target"": ""B2_ECONOMICS"", ""target_score"": 11, ""boundary"": ""B4_PHILOSOPHY_EXCLUDED"", ""boundary_score"": 0, ""matches"": {""B2_ECONOMICS"": ""高质量发展,新质生产力,消费,就业,人力资源,数据要素,boost:高质量发展,boost:新质生产力,boost:就业,boost:数据要素""}}",future_baodian_intake,main_matrix_original
2026_东城_期末,2026,东城,期末,14,,question,XB1_EXCLUDED,objective,/Users/wanglifei/Desktop/2026模拟题/2026各区期末和期中/2026东城期末/试卷/试卷.pdf,paper,module-boundary-excluded,05_reports/strong_blocker_resolution_audit.csv,"{""rule_id"": ""STRONG_BLOCKER_XB1_GLOBAL_AI_GOVERNANCE"", ""matched_terms"": ""全球智能治理,国际治理框架,全球智能鸿沟"", ""source"": ""strong_blocker_resolution_review.csv"", ""evidence_source_type"": ""paper"", ""prior_status"": ""blocked"", ""prior_next_action"": ""manual_review_needed""}",exclude_from_three_target_lines,strong_blocker_resolution
2026_东城_期末,2026,东城,期末,15,,question,B2_ECONOMICS,objective,/Users/wanglifei/Desktop/2026模拟题/2026各区期末和期中/2026东城期末/试卷/试卷.pdf,paper,included,/Users/wanglifei/Desktop/北京高考政治/reports/必修二三与必修四文化_题源分类准备_20260617_1301/03_question_index/question_candidates.csv,"{""target"": ""B2_ECONOMICS"", ""target_score"": 2, ""boundary"": ""B4_PHILOSOPHY_EXCLUDED"", ""boundary_score"": 0, ""matches"": {""B2_ECONOMICS"": ""产业链,boost:产业链""}}",future_baodian_intake,main_matrix_original
2026_东城_期末,2026,东城,期末,16,,question,XB3_EXCLUDED,subjective,/Users/wanglifei/Desktop/2026模拟题/2026各区期末和期中/2026东城期末/试卷/试卷.pdf,paper,module-boundary-excluded,/Users/wanglifei/Desktop/北京高考政治/reports/必修二三与必修四文化_题源分类准备_20260617_1301/03_question_index/question_candidates.csv,"{""target"": ""B4_CULTURE"", ""target_score"": 8, ""boundary"": ""XB3_EXCLUDED"", ""boundary_score"": 9, ""matches"": {""B2_ECONOMICS"": ""市场主体,数据要素,boost:数据要素"", ""B4_CULTURE"": ""文化,中华优秀传统文化,优秀传统文化,传统文化,boost:中华优秀传统文化,boost:优秀传统文化,boost:传统文化"", ""B4_PHILOSOPHY_EXCLUDED"": ""矛盾,boost:矛盾"", ""XB3_EXCLUDED"": ""推理,必要条件,充分条件,逻辑规则,boost:推理,boost:必要条件,boost:充分条件,boost:逻辑规则""}, ""explicit_boundary_modules"": {""XB3_EXCLUDED"": [""推理"", ""假言"", ""充分条件"", ""必要条件""]}, ""override"": ""explicit_boundary_term""}",exclude_from_three_target_lines,main_matrix_original
2026_东城_期末,2026,东城,期末,17,,question,B2_ECONOMICS,subjective,/Users/wanglifei/Desktop/2026模拟题/2026各区期末和期中/2026东城期末/试卷/试卷.pdf,paper,included,/Users/wanglifei/Desktop/北京高考政治/reports/必修二三与必修四文化_题源分类准备_20260617_1301/03_question_index/question_candidates.csv,"{""target"": ""B2_ECONOMICS"", ""target_score"": 5, ""boundary"": ""B4_PHILOSOPHY_EXCLUDED"", ""boundary_score"": 0, ""matches"": {""B2_ECONOMICS"": ""经济与社会,民营企业,新质生产力,boost:经济与社会,boost:新质生产力"", ""B3_POLITICS_RULE_OF_LAW"": ""政府""}}",future_baodian_intake,main_matrix_original
2026_东城_期末,2026,东城,期末,18,,question,XB2_EXCLUDED,subjective,/Users/wanglifei/Desktop/2026模拟题/2026各区期末和期中/2026东城期末/试卷/试卷.pdf,paper,module-boundary-excluded,/Users/wanglifei/Desktop/北京高考政治/reports/必修二三与必修四文化_题源分类准备_20260617_1301/03_question_index/question_candidates.csv,"{""target"": ""B2_ECONOMICS"", ""target_score"": 0, ""boundary"": ""XB2_EXCLUDED"", ""boundary_score"": 14, ""matches"": {""XB2_EXCLUDED"": ""法律与生活,合同,侵权,侵权责任,赔偿,违约,boost:法律与生活,boost:合同,boost:侵权,boost:侵权责任,boost:违约""}, ""explicit_boundary_modules"": {""XB2_EXCLUDED"": [""法律与生活"", ""合同"", ""侵权""]}, ""override"": ""explicit_boundary_term""}",exclude_from_three_target_lines,main_matrix_original
2026_东城_期末,2026,东城,期末,19,,question,B3_POLITICS_RULE_OF_LAW,subjective,/Users/wanglifei/Desktop/2026模拟题/2026各区期末和期中/2026东城期末/试卷/试卷.pdf,paper,included,05_reports/source_explicit_cleanup_audit.csv,"{""rule_id"": ""SOURCE_EXPLICIT_B3_REFORM_AND_RULE_OF_LAW_PROMPT"", ""matched_terms"": ""运用《政治与法治》知识,法治中国建设,改革与法治,法治政府,法治社会"", ""source"": ""source_explicit_cleanup_audit.csv"", ""prior_book_module"": ""UNKNOWN_OR_MIXED"", ""prior_status"": ""blocked""}",future_baodian_intake,source_explicit_cleanup
2026_东城_期末,2026,东城,期末,2,,question,B4_CULTURE,objective,/Users/wanglifei/Desktop/2026模拟题/2026各区期末和期中/2026东城期末/试卷/试卷.pdf,paper,included,/Users/wanglifei/Desktop/北京高考政治/reports/必修二三与必修四文化_题源分类准备_20260617_1301/03_question_index/question_candidates.csv,"{""target"": ""B4_CULTURE"", ""target_score"": 7, ""boundary"": ""B4_PHILOSOPHY_EXCLUDED"", ""boundary_score"": 2, ""matches"": {""B4_CULTURE"": ""文化,传统文化,boost:传统文化"", ""B4_PHILOSOPHY_EXCLUDED"": ""矛盾,boost:矛盾""}}",future_baodian_intake,main_matrix_original
2026_东城_期末,2026,东城,期末,20,,question,XB1_EXCLUDED,subjective,/Users/wanglifei/Desktop/2026模拟题/2026各区期末和期中/2026东城期末/试卷/试卷.pdf,paper,module-boundary-excluded,/Users/wanglifei/Desktop/北京高考政治/reports/必修二三与必修四文化_题源分类准备_20260617_1301/03_question_index/question_candidates.csv,"{""target"": ""B2_ECONOMICS"", ""target_score"": 0, ""boundary"": ""XB1_EXCLUDED"", ""boundary_score"": 14, ""matches"": {""XB1_EXCLUDED"": ""当代国际政治与经济,全球治理,人类命运共同体,国际组织,boost:当代国际政治与经济,boost:全球治理,boost:人类命运共同体,boost:国际组织"", ""XB2_EXCLUDED"": ""调解,boost:调解""}, ""explicit_boundary_modules"": {""XB1_EXCLUDED"": [""当代国际政治与经济"", ""全球治理"", ""人类命运共同体"", ""国际组织""]}, ""override"": ""explicit_boundary_term""}",exclude_from_three_target_lines,main_matrix_original
2026_东城_期末,2026,东城,期末,21,,question,B2_ECONOMICS,subjective,/Users/wanglifei/Desktop/2026模拟题/2026各区期末和期中/2026东城期末/试卷/试卷.pdf,paper,included,/Users/wanglifei/Desktop/北京高考政治/reports/必修二三与必修四文化_题源分类准备_20260617_1301/03_question_index/question_candidates.csv,"{""target"": ""B2_ECONOMICS"", ""target_score"": 4, ""boundary"": ""B4_PHILOSOPHY_EXCLUDED"", ""boundary_score"": 1, ""matches"": {""B2_ECONOMICS"": ""新发展理念,高质量发展,boost:新发展理念,boost:高质量发展"", ""B3_POLITICS_RULE_OF_LAW"": ""中国共产党,党的领导,boost:中国共产党,boost:党的领导"", ""B4_PHILOSOPHY_EXCLUDED"": ""实践"", ""B1_EXCLUDED"": ""改革开放""}}",future_baodian_intake,main_matrix_original
2026_东城_期末,2026,东城,期末,3,,question,B3_POLITICS_RULE_OF_LAW,objective,/Users/wanglifei/Desktop/2026模拟题/2026各区期末和期中/2026东城期末/试卷/试卷.pdf,paper,included,05_reports/prompt_resolution_audit.csv,"{""override"": ""strict_prompt_resolution"", ""rule_id"": ""B3_EXPLICIT_POLITICS_PROMPT"", ""matched_terms"": ""城市治理"", ""prompt_source"": ""paper"", ""prompt"": ""市民对自然之美、季节之韵的渴求日益增强。不同于以往保洁标准下城市落叶的 “片叶不留”,很多城 市推行整体化“落叶缓扫”,让“丹黄朱翠”多些停留。从“片叶不留”到“落叶缓扫”,说明( ) A. 城市治理已超越“有没有”的基础保障,迈入“好不好”的品质追求 B. 保障城市安全卫生与尊重人文需求之间的矛盾推动城市精细化治理"", ""previous_decision"": ""{\""target\"": \""B3_POLITICS_RULE_OF_LAW\"", \""target_score\"": 1, \""boundary\"": \""B4_PHILOSOPHY_EXCLUDED\"", \""boundary_score\"": 2, \""matches\"": {\""B3_POLITICS_RULE_OF_LAW\"": \""政府\"", \""B4_PHILOSOPHY_EXCLUDED\"": \""矛盾,boost:矛盾\""}}""}",future_baodian_intake,prompt_resolved_from_main_matrix_original
2026_东城_期末,2026,东城,期末,4,,question,B4_PHILOSOPHY_EXCLUDED,objective,/Users/wanglifei/Desktop/2026模拟题/2026各区期末和期中/2026东城期末/试卷/试卷.pdf,paper,module-boundary-excluded,05_reports/strong_blocker_resolution_audit.csv,"{""rule_id"": ""STRONG_BLOCKER_B4P_LIFE_ORIGIN_SCIENCE"", ""matched_terms"": ""认识规律,自在联系,物质运动,基础科学"", ""source"": ""strong_blocker_resolution_review.csv"", ""evidence_source_type"": ""paper"", ""prior_status"": ""blocked"", ""prior_next_action"": ""manual_review_needed""}",exclude_from_three_target_lines,strong_blocker_resolution
2026_东城_期末,2026,东城,期末,5,,question,B4_CULTURE,objective,/Users/wanglifei/Desktop/2026模拟题/2026各区期末和期中/2026东城期末/试卷/试卷.pdf,paper,included,/Users/wanglifei/Desktop/北京高考政治/reports/必修二三与必修四文化_题源分类准备_20260617_1301/03_question_index/question_candidates.csv,"{""target"": ""B4_CULTURE"", ""target_score"": 6, ""boundary"": ""B4_PHILOSOPHY_EXCLUDED"", ""boundary_score"": 1, ""matches"": {""B2_ECONOMICS"": ""消费"", ""B4_CULTURE"": ""文化,传统文化,文创,boost:传统文化,boost:文创"", ""B4_PHILOSOPHY_EXCLUDED"": ""认识""}}",future_baodian_intake,main_matrix_original
2026_东城_期末,2026,东城,期末,6,,question,XB3_EXCLUDED,objective,/Users/wanglifei/Desktop/2026模拟题/2026各区期末和期中/2026东城期末/试卷/试卷.pdf,paper,module-boundary-excluded,05_reports/prompt_resolution_audit.csv,"{""override"": ""strict_prompt_resolution"", ""rule_id"": ""XB3_LOGIC_PROMPT"", ""matched_terms"": ""必然成立"", ""prompt_source"": ""paper"", ""prompt"": ""独居石是工业上重要的稀土矿石,但天然独居石中常伴生放射性元素。我国科研人员发现稀土元素在乌 毛蕨植物体内可生物成矿,形成一种名为 “镧独居石”的矿物,这种独居石纯净无辐射。若具备下述哪个 前提,“乌毛蕨形成的镧独居石具有绿色提取前景”的结论必然成立( ) A. 只有纯净无辐射的独居石,才有绿色提取前景 B. 只有具有绿色提取前景的,才是纯净无辐射的独居石"", ""previous_decision"": ""{\""target\"": \""B2_ECONOMICS\"", \""target_score\"": 0, \""boundary\"": \""B4_PHILOSOPHY_EXCLUDED\"", \""boundary_score\"": 0, \""matches\"": {}}""}",exclude_from_three_target_lines,prompt_resolved_from_main_matrix_original
2026_东城_期末,2026,东城,期末,7,,question,XB3_EXCLUDED,objective,/Users/wanglifei/Desktop/2026模拟题/2026各区期末和期中/2026东城期末/试卷/试卷.pdf,paper,module-boundary-excluded,05_reports/strong_blocker_resolution_audit.csv,"{""rule_id"": ""STRONG_BLOCKER_XB3_PREDICTION_TRUTH_TABLE"", ""matched_terms"": ""如果,仅有一个符合事实,不可能为真"", ""source"": ""strong_blocker_resolution_review.csv"", ""evidence_source_type"": ""paper"", ""prior_status"": ""blocked"", ""prior_next_action"": ""manual_review_needed""}",exclude_from_three_target_lines,strong_blocker_resolution
2026_东城_期末,2026,东城,期末,8,,question,B4_PHILOSOPHY_EXCLUDED,objective,/Users/wanglifei/Desktop/2026模拟题/2026各区期末和期中/2026东城期末/试卷/试卷.pdf,paper,module-boundary-excluded,/Users/wanglifei/Desktop/北京高考政治/reports/必修二三与必修四文化_题源分类准备_20260617_1301/03_question_index/question_candidates.csv,"{""target"": ""B3_POLITICS_RULE_OF_LAW"", ""target_score"": 3, ""boundary"": ""B4_PHILOSOPHY_EXCLUDED"", ""boundary_score"": 2, ""matches"": {""B3_POLITICS_RULE_OF_LAW"": ""中国共产党,boost:中国共产党"", ""B4_PHILOSOPHY_EXCLUDED"": ""社会意识,boost:社会意识"", ""B1_EXCLUDED"": ""中国特色社会主义""}, ""explicit_boundary_modules"": {""B4_PHILOSOPHY_EXCLUDED"": [""社会意识""]}, ""override"": ""explicit_boundary_term""}",exclude_from_three_target_lines,main_matrix_original
2026_东城_期末,2026,东城,期末,9,,question,B3_POLITICS_RULE_OF_LAW,objective,/Users/wanglifei/Desktop/2026模拟题/2026各区期末和期中/2026东城期末/试卷/试卷.pdf,paper,included,/Users/wanglifei/Desktop/北京高考政治/reports/必修二三与必修四文化_题源分类准备_20260617_1301/03_question_index/question_candidates.csv,"{""target"": ""B3_POLITICS_RULE_OF_LAW"", ""target_score"": 8, ""boundary"": ""B4_PHILOSOPHY_EXCLUDED"", ""boundary_score"": 0, ""matches"": {""B3_POLITICS_RULE_OF_LAW"": ""人大代表,全过程人民民主,政府,人大常委会,boost:人大代表,boost:全过程人民民主,boost:人大常委会""}}",future_baodian_intake,main_matrix_original
2026_丰台_一模,2026,丰台,一模,1,,question,B1_EXCLUDED,objective,/Users/wanglifei/Desktop/北京高考政治/reports/必修二三与必修四文化_题源分类准备_20260617_1301/02_text_cache/ocr_absorbed/2026_丰台_一模.txt | /Users/wanglifei/Desktop/北京高考政治/选必三逻辑与思维_四线从0重跑_2026-05-04/02_extraction/supplemental_answer_sources/2026北京丰台高三一模政治试题有答案_北京高考在线.txt | /Users/wanglifei/Desktop/北京高考政治/reports/必修二三与必修四文化_题源分类准备_20260617_1301/05_reports/rendered_evidence/2026_fengtai_firstmock_answer_page-09.png,paper+answer_key+rendered_answer_page,module-boundary-excluded,05_reports/final_answer_key_closure_audit.csv,"{""rule_id"": ""FINAL_KEY_FENGTAI_YIMO_Q1_ANSWER_B_PARENT_REMAINDER"", ""matched_terms"": ""答案B,党的全面领导,个人奋斗,民族复兴"", ""basis"": ""补充答案源和渲染答案页显示第1题答案为 B。正确项①为党的全面领导，已另抽 B3 组件；正确项④为个人奋斗融入民族复兴，父题余项按 B1/综合边界关闭。"", ""source"": ""final_answer_key_closure_audit.csv"", ""prior_book_module"": ""UNKNOWN_OR_MIXED"", ""prior_status"": ""blocked""}",exclude_from_three_target_lines,final_answer_key_closure
2026_丰台_一模,2026,丰台,一模,10,,question,XB2_EXCLUDED,objective,/Users/wanglifei/Desktop/北京高考政治/reports/必修二三与必修四文化_题源分类准备_20260617_1301/02_text_cache/ocr_cache/2026_丰台_一模/试卷.ocr.txt,ocr-cache,module-boundary-excluded,/Users/wanglifei/Desktop/北京高考政治/reports/必修二三与必修四文化_题源分类准备_20260617_1301/02_text_cache/ocr_absorbed/2026_丰台_一模.txt,"{""target"": ""B3_POLITICS_RULE_OF_LAW"", ""target_score"": 2, ""boundary"": ""XB2_EXCLUDED"", ""boundary_score"": 8, ""matches"": {""B3_POLITICS_RULE_OF_LAW"": ""法院"", ""XB2_EXCLUDED"": ""侵权,调解,侵权责任,boost:侵权,boost:调解,boost:侵权责任""}, ""explicit_boundary_modules"": {""XB2_EXCLUDED"": [""侵权""]}, ""override"": ""explicit_boundary_term""}",exclude_from_three_target_lines,main_matrix_original
2026_丰台_一模,2026,丰台,一模,11,,question,XB2_EXCLUDED,objective,/Users/wanglifei/Desktop/北京高考政治/reports/必修二三与必修四文化_题源分类准备_20260617_1301/02_text_cache/ocr_cache/2026_丰台_一模/试卷.ocr.txt,ocr-cache,module-boundary-excluded,/Users/wanglifei/Desktop/北京高考政治/reports/必修二三与必修四文化_题源分类准备_20260617_1301/02_text_cache/ocr_absorbed/2026_丰台_一模.txt,"{""target"": ""B2_ECONOMICS"", ""target_score"": 3, ""boundary"": ""XB2_EXCLUDED"", ""boundary_score"": 9, ""matches"": {""B2_ECONOMICS"": ""就业,劳动者,boost:就业"", ""B3_POLITICS_RULE_OF_LAW"": ""法院"", ""XB2_EXCLUDED"": ""合同,劳动合同,劳动关系,诉讼,赔偿,boost:合同,boost:劳动合同,boost:劳动关系,boost:诉讼""}, ""explicit_boundary_modules"": {""XB2_EXCLUDED"": [""合同"", ""诉讼"", ""劳动合同""]}, ""override"": ""explicit_boundary_term""}",exclude_from_three_target_lines,main_matrix_original
2026_丰台_一模,2026,丰台,一模,12,,question,B2_ECONOMICS,objective,/Users/wanglifei/Desktop/北京高考政治/reports/必修二三与必修四文化_题源分类准备_20260617_1301/02_text_cache/ocr_cache/2026_丰台_一模/试卷.ocr.txt,ocr-cache,included,/Users/wanglifei/Desktop/北京高考政治/reports/必修二三与必修四文化_题源分类准备_20260617_1301/02_text_cache/ocr_absorbed/2026_丰台_一模.txt,"{""target"": ""B2_ECONOMICS"", ""target_score"": 8, ""boundary"": ""XB1_EXCLUDED"", ""boundary_score"": 2, ""matches"": {""B2_ECONOMICS"": ""实体经济,产业链,供应链,生产要素,boost:实体经济,boost:产业链,boost:供应链,boost:生产要素"", ""B3_POLITICS_RULE_OF_LAW"": ""政府"", ""XB1_EXCLUDED"": ""全球价值链,boost:全球价值链""}}",future_baodian_intake,main_matrix_original
2026_丰台_一模,2026,丰台,一模,13,,question,XB1_EXCLUDED,objective,/Users/wanglifei/Desktop/北京高考政治/reports/必修二三与必修四文化_题源分类准备_20260617_1301/02_text_cache/ocr_cache/2026_丰台_一模/试卷.ocr.txt,ocr-cache,module-boundary-excluded,/Users/wanglifei/Desktop/北京高考政治/reports/必修二三与必修四文化_题源分类准备_20260617_1301/02_text_cache/ocr_absorbed/2026_丰台_一模.txt,"{""target"": ""B2_ECONOMICS"", ""target_score"": 2, ""boundary"": ""XB1_EXCLUDED"", ""boundary_score"": 4, ""matches"": {""B2_ECONOMICS"": ""消费"", ""B3_POLITICS_RULE_OF_LAW"": ""政府"", ""XB1_EXCLUDED"": ""国际关系,外交,boost:国际关系,boost:外交"", ""XB2_EXCLUDED"": ""消费者权益,boost:消费者权益""}, ""explicit_boundary_modules"": {""XB1_EXCLUDED"": [""国际关系""]}, ""override"": ""explicit_boundary_term""}",exclude_from_three_target_lines,main_matrix_original
2026_丰台_一模,2026,丰台,一模,15,,question,XB1_EXCLUDED,objective,/Users/wanglifei/Desktop/北京高考政治/reports/必修二三与必修四文化_题源分类准备_20260617_1301/02_text_cache/ocr_cache/2026_丰台_一模/试卷.ocr.txt,ocr-cache,module-boundary-excluded,/Users/wanglifei/Desktop/北京高考政治/reports/必修二三与必修四文化_题源分类准备_20260617_1301/02_text_cache/ocr_absorbed/2026_丰台_一模.txt,"{""target"": ""B3_POLITICS_RULE_OF_LAW"", ""target_score"": 1, ""boundary"": ""XB1_EXCLUDED"", ""boundary_score"": 8, ""matches"": {""B3_POLITICS_RULE_OF_LAW"": ""社会治理"", ""XB1_EXCLUDED"": ""APEC,boost:APEC""}}",exclude_from_three_target_lines,main_matrix_original
2026_丰台_一模,2026,丰台,一模,16,,question,B4_CULTURE,subjective,/Users/wanglifei/Desktop/北京高考政治/reports/必修二三与必修四文化_题源分类准备_20260617_1301/02_text_cache/ocr_cache/2026_丰台_一模/试卷.ocr.txt,ocr-cache,included,/Users/wanglifei/Desktop/北京高考政治/reports/必修二三与必修四文化_题源分类准备_20260617_1301/02_text_cache/ocr_absorbed/2026_丰台_一模.txt,"{""target"": ""B4_CULTURE"", ""target_score"": 6, ""boundary"": ""B4_PHILOSOPHY_EXCLUDED"", ""boundary_score"": 0, ""matches"": {""B4_CULTURE"": ""文化,文物,boost:文物""}}",future_baodian_intake,main_matrix_original
2026_丰台_一模,2026,丰台,一模,17,,question,B3_POLITICS_RULE_OF_LAW,subjective,/Users/wanglifei/Desktop/北京高考政治/reports/必修二三与必修四文化_题源分类准备_20260617_1301/02_text_cache/ocr_cache/2026_丰台_一模/试卷.ocr.txt,ocr-cache,included,/Users/wanglifei/Desktop/北京高考政治/reports/必修二三与必修四文化_题源分类准备_20260617_1301/02_text_cache/ocr_absorbed/2026_丰台_一模.txt,"{""target"": ""B3_POLITICS_RULE_OF_LAW"", ""target_score"": 10, ""boundary"": ""B4_PHILOSOPHY_EXCLUDED"", ""boundary_score"": 0, ""matches"": {""B3_POLITICS_RULE_OF_LAW"": ""政治与法治,全国人大,全国人大常委会,人大常委会,boost:政治与法治,boost:全国人大,boost:人大常委会""}}",future_baodian_intake,main_matrix_original
2026_丰台_一模,2026,丰台,一模,18(1),18,subquestion,B2_ECONOMICS,subjective,/Users/wanglifei/Desktop/北京高考政治/reports/必修二三与必修四文化_题源分类准备_20260617_1301/02_text_cache/ocr_cache/2026_丰台_一模/试卷.ocr.txt,ocr-cache,included,04_module_classification/subquestion_split_matrix.csv,"{""target"": ""B2_ECONOMICS"", ""target_score"": 3, ""boundary"": ""B4_PHILOSOPHY_EXCLUDED"", ""boundary_score"": 0, ""matches"": {""B2_ECONOMICS"": ""经济与社会,消费,boost:经济与社会""}}",future_baodian_intake,subquestion_integrated_target
2026_丰台_一模,2026,丰台,一模,18(2),18,subquestion,XB3_EXCLUDED,subjective,/Users/wanglifei/Desktop/北京高考政治/reports/必修二三与必修四文化_题源分类准备_20260617_1301/02_text_cache/ocr_cache/2026_丰台_一模/试卷.ocr.txt,ocr-cache,module-boundary-excluded,04_module_classification/subquestion_split_matrix.csv,"{""target"": ""B2_ECONOMICS"", ""target_score"": 0, ""boundary"": ""XB3_EXCLUDED"", ""boundary_score"": 2, ""matches"": {""XB3_EXCLUDED"": ""推理,boost:推理""}, ""explicit_boundary_modules"": {""XB3_EXCLUDED"": [""推理""]}, ""override"": ""explicit_boundary_term""}",exclude_from_three_target_lines,subquestion_integrated_boundary
2026_丰台_一模,2026,丰台,一模,19,,question,XB1_EXCLUDED,subjective,/Users/wanglifei/Desktop/北京高考政治/reports/必修二三与必修四文化_题源分类准备_20260617_1301/02_text_cache/ocr_cache/2026_丰台_一模/试卷.ocr.txt,ocr-cache,module-boundary-excluded,/Users/wanglifei/Desktop/北京高考政治/reports/必修二三与必修四文化_题源分类准备_20260617_1301/02_text_cache/ocr_absorbed/2026_丰台_一模.txt,"{""target"": ""B2_ECONOMICS"", ""target_score"": 3, ""boundary"": ""XB1_EXCLUDED"", ""boundary_score"": 6, ""matches"": {""B2_ECONOMICS"": ""消费,经济增长,boost:经济增长"", ""B4_PHILOSOPHY_EXCLUDED"": ""实践"", ""XB1_EXCLUDED"": ""当代国际政治与经济,联合国,对外开放,boost:当代国际政治与经济,boost:联合国""}, ""explicit_boundary_modules"": {""XB1_EXCLUDED"": [""当代国际政治与经济"", ""联合国""]}, ""override"": ""explicit_boundary_term""}",exclude_from_three_target_lines,main_matrix_original
2026_丰台_一模,2026,丰台,一模,2,,question,B3_POLITICS_RULE_OF_LAW,objective,/Users/wanglifei/Desktop/北京高考政治/reports/必修二三与必修四文化_题源分类准备_20260617_1301/02_text_cache/ocr_cache/2026_丰台_一模/试卷.ocr.txt,ocr-cache,included,05_reports/strong_blocker_resolution_audit.csv,"{""rule_id"": ""STRONG_BLOCKER_B3_PEOPLE_ASSESSOR"", ""matched_terms"": ""人民陪审员,司法领域,审判民主化"", ""source"": ""strong_blocker_resolution_review.csv"", ""evidence_source_type"": ""ocr-cache"", ""prior_status"": ""blocked"", ""prior_next_action"": ""manual_review_needed""}",future_baodian_intake,strong_blocker_resolution
2026_丰台_一模,2026,丰台,一模,20,,question,XB2_EXCLUDED,subjective,/Users/wanglifei/Desktop/北京高考政治/reports/必修二三与必修四文化_题源分类准备_20260617_1301/02_text_cache/ocr_cache/2026_丰台_一模/试卷.ocr.txt,ocr-cache,module-boundary-excluded,/Users/wanglifei/Desktop/北京高考政治/reports/必修二三与必修四文化_题源分类准备_20260617_1301/02_text_cache/ocr_absorbed/2026_丰台_一模.txt,"{""target"": ""B3_POLITICS_RULE_OF_LAW"", ""target_score"": 3, ""boundary"": ""XB2_EXCLUDED"", ""boundary_score"": 13, ""matches"": {""B3_POLITICS_RULE_OF_LAW"": ""法院"", ""XB2_EXCLUDED"": ""法律与生活,民法典,侵权,诉讼,侵权责任,赔偿,boost:法律与生活,boost:民法典,boost:侵权,boost:诉讼,boost:侵权责任""}, ""explicit_boundary_modules"": {""XB2_EXCLUDED"": [""法律与生活"", ""民法典"", ""侵权"", ""诉讼""]}, ""override"": ""explicit_boundary_term""}",exclude_from_three_target_lines,main_matrix_original
2026_丰台_一模,2026,丰台,一模,21,,question,B4_PHILOSOPHY_EXCLUDED,subjective,/Users/wanglifei/Desktop/北京高考政治/reports/必修二三与必修四文化_题源分类准备_20260617_1301/02_text_cache/texts/26649804f1de31f5.txt,verified_text_cache,module-boundary-excluded,05_reports/culture_hint_final_cleanup_audit.csv,"{""rule_id"": ""CULTURE_HINT_FENGTAI_YIMO_Q21_PARENT_REMAINDER_AFTER_COMPONENTS"", ""matched_terms"": ""识变应变求变,系统思维,辩证思维,对外开放,综合运用所学"", ""basis"": ""第21题为综合题；B2/B3/B4_CULTURE 目标组件另抽，父题余项含哲学思维方法与选必一开放内容，按边界关闭。"", ""source"": ""culture_hint_final_cleanup_audit.csv"", ""prior_book_module"": ""UNKNOWN_OR_MIXED"", ""prior_status"": ""blocked""}",exclude_from_three_target_lines,culture_hint_final_cleanup
2026_丰台_一模,2026,丰台,一模,3,,question,B3_POLITICS_RULE_OF_LAW,objective,/Users/wanglifei/Desktop/北京高考政治/reports/必修二三与必修四文化_题源分类准备_20260617_1301/02_text_cache/ocr_cache/2026_丰台_一模/试卷.ocr.txt,ocr-cache,included,/Users/wanglifei/Desktop/北京高考政治/reports/必修二三与必修四文化_题源分类准备_20260617_1301/02_text_cache/ocr_absorbed/2026_丰台_一模.txt,"{""target"": ""B3_POLITICS_RULE_OF_LAW"", ""target_score"": 6, ""boundary"": ""B4_PHILOSOPHY_EXCLUDED"", ""boundary_score"": 0, ""matches"": {""B3_POLITICS_RULE_OF_LAW"": ""严格执法,人大常委会,boost:严格执法,boost:人大常委会""}}",future_baodian_intake,main_matrix_original
2026_丰台_一模,2026,丰台,一模,4,,question,XB3_EXCLUDED,objective,/Users/wanglifei/Desktop/北京高考政治/reports/必修二三与必修四文化_题源分类准备_20260617_1301/02_text_cache/ocr_cache/2026_丰台_一模/试卷.ocr.txt,ocr-cache,module-boundary-excluded,/Users/wanglifei/Desktop/北京高考政治/reports/必修二三与必修四文化_题源分类准备_20260617_1301/02_text_cache/ocr_absorbed/2026_丰台_一模.txt,"{""target"": ""B2_ECONOMICS"", ""target_score"": 0, ""boundary"": ""B4_PHILOSOPHY_EXCLUDED"", ""boundary_score"": 4, ""matches"": {""B4_PHILOSOPHY_EXCLUDED"": ""实践,认识,主观能动性"", ""XB3_EXCLUDED"": ""联想思维,迁移,boost:联想思维,boost:迁移""}, ""explicit_boundary_modules"": {""XB3_EXCLUDED"": [""迁移""]}, ""override"": ""explicit_boundary_term""}",exclude_from_three_target_lines,main_matrix_original
2026_丰台_一模,2026,丰台,一模,6,,question,XB3_EXCLUDED,objective,/Users/wanglifei/Desktop/北京高考政治/reports/必修二三与必修四文化_题源分类准备_20260617_1301/02_text_cache/ocr_cache/2026_丰台_一模/试卷.ocr.txt,ocr-cache,module-boundary-excluded,/Users/wanglifei/Desktop/北京高考政治/reports/必修二三与必修四文化_题源分类准备_20260617_1301/02_text_cache/ocr_absorbed/2026_丰台_一模.txt,"{""target"": ""B2_ECONOMICS"", ""target_score"": 0, ""boundary"": ""XB3_EXCLUDED"", ""boundary_score"": 9, ""matches"": {""B4_PHILOSOPHY_EXCLUDED"": ""认识,系统优化,boost:系统优化"", ""XB3_EXCLUDED"": ""超前思维,推理,归纳推理,充分条件,boost:超前思维,boost:推理,boost:归纳推理,boost:充分条件""}, ""explicit_boundary_modules"": {""XB3_EXCLUDED"": [""超前思维"", ""推理"", ""假言"", ""充分条件""], ""B4_PHILOSOPHY_EXCLUDED"": [""系统优化""]}, ""override"": ""explicit_boundary_term""}",exclude_from_three_target_lines,main_matrix_original
2026_丰台_一模,2026,丰台,一模,8,,question,XB3_EXCLUDED,objective,/Users/wanglifei/Desktop/北京高考政治/reports/必修二三与必修四文化_题源分类准备_20260617_1301/02_text_cache/ocr_cache/2026_丰台_一模/试卷.ocr.txt,ocr-cache,module-boundary-excluded,/Users/wanglifei/Desktop/北京高考政治/reports/必修二三与必修四文化_题源分类准备_20260617_1301/02_text_cache/ocr_absorbed/2026_丰台_一模.txt,"{""target"": ""B2_ECONOMICS"", ""target_score"": 0, ""boundary"": ""XB3_EXCLUDED"", ""boundary_score"": 2, ""matches"": {""XB3_EXCLUDED"": ""推理,boost:推理""}, ""explicit_boundary_modules"": {""XB3_EXCLUDED"": [""推理""]}, ""override"": ""explicit_boundary_term""}",exclude_from_three_target_lines,main_matrix_original
2026_丰台_二模,2026,丰台,二模,1,,question,B3_POLITICS_RULE_OF_LAW,objective,/Users/wanglifei/GaokaoPolitics/beijing-politics-sync/选必三双宝典_哲学宝典完全对齐返工_2026-05-25/12_reasoning_exercise_compilation_20260531/ocr_cache/14707229fbcf/merged.ocr.txt,ocr-cache,included,/Users/wanglifei/Desktop/北京高考政治/reports/必修二三与必修四文化_题源分类准备_20260617_1301/02_text_cache/ocr_absorbed/2026_丰台_二模.txt,"{""target"": ""B3_POLITICS_RULE_OF_LAW"", ""target_score"": 7, ""boundary"": ""B4_PHILOSOPHY_EXCLUDED"", ""boundary_score"": 2, ""matches"": {""B3_POLITICS_RULE_OF_LAW"": ""中国共产党,党的领导,国家治理,boost:中国共产党,boost:党的领导,boost:国家治理"", ""B4_PHILOSOPHY_EXCLUDED"": ""矛盾,boost:矛盾"", ""B1_EXCLUDED"": ""中国特色社会主义""}}",future_baodian_intake,main_matrix_original
2026_丰台_二模,2026,丰台,二模,10,,question,XB2_EXCLUDED,objective,/Users/wanglifei/GaokaoPolitics/beijing-politics-sync/选必三双宝典_哲学宝典完全对齐返工_2026-05-25/12_reasoning_exercise_compilation_20260531/ocr_cache/14707229fbcf/merged.ocr.txt,ocr-cache,module-boundary-excluded,/Users/wanglifei/Desktop/北京高考政治/reports/必修二三与必修四文化_题源分类准备_20260617_1301/02_text_cache/ocr_absorbed/2026_丰台_二模.txt,"{""target"": ""B3_POLITICS_RULE_OF_LAW"", ""target_score"": 5, ""boundary"": ""XB2_EXCLUDED"", ""boundary_score"": 2, ""matches"": {""B2_ECONOMICS"": ""消费"", ""B3_POLITICS_RULE_OF_LAW"": ""法院"", ""XB2_EXCLUDED"": ""合同,boost:合同""}, ""explicit_boundary_modules"": {""XB2_EXCLUDED"": [""合同""]}, ""override"": ""explicit_boundary_term""}",exclude_from_three_target_lines,main_matrix_original
2026_丰台_二模,2026,丰台,二模,11,,question,XB2_EXCLUDED,objective,/Users/wanglifei/GaokaoPolitics/beijing-politics-sync/选必三双宝典_哲学宝典完全对齐返工_2026-05-25/12_reasoning_exercise_compilation_20260531/ocr_cache/14707229fbcf/merged.ocr.txt,ocr-cache,module-boundary-excluded,/Users/wanglifei/Desktop/北京高考政治/reports/必修二三与必修四文化_题源分类准备_20260617_1301/02_text_cache/ocr_absorbed/2026_丰台_二模.txt,"{""target"": ""B2_ECONOMICS"", ""target_score"": 2, ""boundary"": ""XB2_EXCLUDED"", ""boundary_score"": 4, ""matches"": {""B2_ECONOMICS"": ""市场经济,boost:市场经济"", ""B3_POLITICS_RULE_OF_LAW"": ""政府"", ""XB2_EXCLUDED"": ""专利,boost:专利""}, ""explicit_boundary_modules"": {""XB2_EXCLUDED"": [""专利""]}, ""override"": ""explicit_boundary_term""}",exclude_from_three_target_lines,main_matrix_original
2026_丰台_二模,2026,丰台,二模,12,,question,B2_ECONOMICS,objective,/Users/wanglifei/GaokaoPolitics/beijing-politics-sync/选必三双宝典_哲学宝典完全对齐返工_2026-05-25/12_reasoning_exercise_compilation_20260531/ocr_cache/14707229fbcf/merged.ocr.txt,ocr-cache,included,/Users/wanglifei/Desktop/北京高考政治/reports/必修二三与必修四文化_题源分类准备_20260617_1301/02_text_cache/ocr_absorbed/2026_丰台_二模.txt,"{""target"": ""B2_ECONOMICS"", ""target_score"": 3, ""boundary"": ""B4_PHILOSOPHY_EXCLUDED"", ""boundary_score"": 0, ""matches"": {""B2_ECONOMICS"": ""宏观调控,市场主体,boost:宏观调控"", ""B3_POLITICS_RULE_OF_LAW"": ""政府""}}",future_baodian_intake,main_matrix_original
2026_丰台_二模,2026,丰台,二模,13,,question,B2_ECONOMICS,objective,/Users/wanglifei/GaokaoPolitics/beijing-politics-sync/选必三双宝典_哲学宝典完全对齐返工_2026-05-25/12_reasoning_exercise_compilation_20260531/ocr_cache/14707229fbcf/merged.ocr.txt,ocr-cache,included,/Users/wanglifei/Desktop/北京高考政治/reports/必修二三与必修四文化_题源分类准备_20260617_1301/02_text_cache/ocr_absorbed/2026_丰台_二模.txt,"{""target"": ""B2_ECONOMICS"", ""target_score"": 3, ""boundary"": ""B4_PHILOSOPHY_EXCLUDED"", ""boundary_score"": 0, ""matches"": {""B2_ECONOMICS"": ""社会保障,boost:社会保障"", ""B3_POLITICS_RULE_OF_LAW"": ""政府""}}",future_baodian_intake,main_matrix_original
2026_丰台_二模,2026,丰台,二模,14,,question,XB1_EXCLUDED,objective,/Users/wanglifei/GaokaoPolitics/beijing-politics-sync/选必三双宝典_哲学宝典完全对齐返工_2026-05-25/12_reasoning_exercise_compilation_20260531/ocr_cache/14707229fbcf/merged.ocr.txt,ocr-cache,module-boundary-excluded,/Users/wanglifei/Desktop/北京高考政治/reports/必修二三与必修四文化_题源分类准备_20260617_1301/02_text_cache/ocr_absorbed/2026_丰台_二模.txt,"{""target"": ""B2_ECONOMICS"", ""target_score"": 4, ""boundary"": ""XB1_EXCLUDED"", ""boundary_score"": 6, ""matches"": {""B2_ECONOMICS"": ""数字经济,数据要素,boost:数字经济,boost:数据要素"", ""B3_POLITICS_RULE_OF_LAW"": ""政府"", ""B4_PHILOSOPHY_EXCLUDED"": ""实践"", ""XB1_EXCLUDED"": ""国际组织,贸易强国,boost:国际组织,boost:贸易强国""}, ""explicit_boundary_modules"": {""XB1_EXCLUDED"": [""国际组织""]}, ""override"": ""explicit_boundary_term""}",exclude_from_three_target_lines,main_matrix_original
2026_丰台_二模,2026,丰台,二模,16,,question,B4_CULTURE,subjective,/Users/wanglifei/GaokaoPolitics/beijing-politics-sync/选必三双宝典_哲学宝典完全对齐返工_2026-05-25/12_reasoning_exercise_compilation_20260531/ocr_cache/14707229fbcf/merged.ocr.txt,ocr-cache,included,/Users/wanglifei/Desktop/北京高考政治/reports/必修二三与必修四文化_题源分类准备_20260617_1301/02_text_cache/ocr_absorbed/2026_丰台_二模.txt,"{""target"": ""B4_CULTURE"", ""target_score"": 11, ""boundary"": ""B4_PHILOSOPHY_EXCLUDED"", ""boundary_score"": 1, ""matches"": {""B4_CULTURE"": ""文化,中华优秀传统文化,优秀传统文化,传统文化,boost:中华优秀传统文化,boost:优秀传统文化,boost:传统文化"", ""B4_PHILOSOPHY_EXCLUDED"": ""认识""}}",future_baodian_intake,main_matrix_original
2026_丰台_二模,2026,丰台,二模,17,,question,B3_POLITICS_RULE_OF_LAW,subjective,/Users/wanglifei/GaokaoPolitics/beijing-politics-sync/选必三双宝典_哲学宝典完全对齐返工_2026-05-25/12_reasoning_exercise_compilation_20260531/ocr_cache/14707229fbcf/merged.ocr.txt,ocr-cache,included,/Users/wanglifei/Desktop/北京高考政治/reports/必修二三与必修四文化_题源分类准备_20260617_1301/02_text_cache/ocr_absorbed/2026_丰台_二模.txt,"{""target"": ""B3_POLITICS_RULE_OF_LAW"", ""target_score"": 10, ""boundary"": ""B4_PHILOSOPHY_EXCLUDED"", ""boundary_score"": 0, ""matches"": {""B3_POLITICS_RULE_OF_LAW"": ""政治与法治,党的领导,人民当家作主,法治政府,全民守法,政府,boost:政治与法治,boost:党的领导,boost:法治政府,boost:全民守法""}}",future_baodian_intake,main_matrix_original
2026_丰台_二模,2026,丰台,二模,18,,question,XB2_EXCLUDED,subjective,/Users/wanglifei/GaokaoPolitics/beijing-politics-sync/选必三双宝典_哲学宝典完全对齐返工_2026-05-25/12_reasoning_exercise_compilation_20260531/ocr_cache/14707229fbcf/merged.ocr.txt,ocr-cache,module-boundary-excluded,/Users/wanglifei/Desktop/北京高考政治/reports/必修二三与必修四文化_题源分类准备_20260617_1301/02_text_cache/ocr_absorbed/2026_丰台_二模.txt,"{""target"": ""B4_CULTURE"", ""target_score"": 2, ""boundary"": ""XB2_EXCLUDED"", ""boundary_score"": 27, ""matches"": {""B3_POLITICS_RULE_OF_LAW"": ""法院"", ""B4_CULTURE"": ""社会主义核心价值观,boost:社会主义核心价值观"", ""B4_PHILOSOPHY_EXCLUDED"": ""认识,矛盾,boost:矛盾"", ""XB2_EXCLUDED"": ""民法典,侵权,诉讼,调解,侵权责任,赔偿,boost:民法典,boost:侵权,boost:诉讼,boost:调解,boost:侵权责任""}, ""explicit_boundary_modules"": {""XB2_EXCLUDED"": [""民法典"", ""侵权"", ""诉讼""]}, ""override"": ""explicit_boundary_term""}",exclude_from_three_target_lines,main_matrix_original
2026_丰台_二模,2026,丰台,二模,19,,question,B2_ECONOMICS,subjective,/Users/wanglifei/GaokaoPolitics/beijing-politics-sync/选必三双宝典_哲学宝典完全对齐返工_2026-05-25/12_reasoning_exercise_compilation_20260531/ocr_cache/14707229fbcf/merged.ocr.txt,ocr-cache,included,/Users/wanglifei/Desktop/北京高考政治/reports/必修二三与必修四文化_题源分类准备_20260617_1301/02_text_cache/ocr_absorbed/2026_丰台_二模.txt,"{""target"": ""B2_ECONOMICS"", ""target_score"": 12, ""boundary"": ""B4_PHILOSOPHY_EXCLUDED"", ""boundary_score"": 0, ""matches"": {""B2_ECONOMICS"": ""经济与社会,乡村振兴,消费,就业,boost:经济与社会,boost:乡村振兴,boost:就业"", ""B4_CULTURE"": ""文创,boost:文创""}}",future_baodian_intake,main_matrix_original
2026_丰台_二模,2026,丰台,二模,2,,question,B3_POLITICS_RULE_OF_LAW,objective,/Users/wanglifei/GaokaoPolitics/beijing-politics-sync/选必三双宝典_哲学宝典完全对齐返工_2026-05-25/12_reasoning_exercise_compilation_20260531/ocr_cache/14707229fbcf/merged.ocr.txt,ocr-cache,included,/Users/wanglifei/Desktop/北京高考政治/reports/必修二三与必修四文化_题源分类准备_20260617_1301/02_text_cache/ocr_absorbed/2026_丰台_二模.txt,"{""target"": ""B3_POLITICS_RULE_OF_LAW"", ""target_score"": 5, ""boundary"": ""B4_PHILOSOPHY_EXCLUDED"", ""boundary_score"": 1, ""matches"": {""B3_POLITICS_RULE_OF_LAW"": ""基层群众自治,基层治理,boost:基层群众自治,boost:基层治理"", ""B4_PHILOSOPHY_EXCLUDED"": ""实践""}}",future_baodian_intake,main_matrix_original
2026_丰台_二模,2026,丰台,二模,20,,question,XB1_EXCLUDED,subjective,/Users/wanglifei/GaokaoPolitics/beijing-politics-sync/选必三双宝典_哲学宝典完全对齐返工_2026-05-25/12_reasoning_exercise_compilation_20260531/ocr_cache/14707229fbcf/merged.ocr.txt,ocr-cache,module-boundary-excluded,/Users/wanglifei/Desktop/北京高考政治/reports/必修二三与必修四文化_题源分类准备_20260617_1301/02_text_cache/ocr_absorbed/2026_丰台_二模.txt,"{""target"": ""B2_ECONOMICS"", ""target_score"": 4, ""boundary"": ""XB1_EXCLUDED"", ""boundary_score"": 10, ""matches"": {""B2_ECONOMICS"": ""产业链,供应链,boost:产业链,boost:供应链"", ""XB1_EXCLUDED"": ""当代国际政治与经济,经济全球化,人类命运共同体,对外开放,boost:当代国际政治与经济,boost:经济全球化,boost:人类命运共同体""}, ""explicit_boundary_modules"": {""XB1_EXCLUDED"": [""当代国际政治与经济"", ""经济全球化"", ""人类命运共同体""]}, ""override"": ""explicit_boundary_term""}",exclude_from_three_target_lines,main_matrix_original
2026_丰台_二模,2026,丰台,二模,21,,question,XB3_EXCLUDED,subjective,/Users/wanglifei/GaokaoPolitics/beijing-politics-sync/选必三双宝典_哲学宝典完全对齐返工_2026-05-25/12_reasoning_exercise_compilation_20260531/ocr_cache/14707229fbcf/merged.ocr.txt,ocr-cache,module-boundary-excluded,/Users/wanglifei/Desktop/北京高考政治/reports/必修二三与必修四文化_题源分类准备_20260617_1301/02_text_cache/ocr_absorbed/2026_丰台_二模.txt,"{""target"": ""B2_ECONOMICS"", ""target_score"": 5, ""boundary"": ""XB3_EXCLUDED"", ""boundary_score"": 11, ""matches"": {""B2_ECONOMICS"": ""新质生产力,产业链,boost:新质生产力,boost:产业链"", ""B3_POLITICS_RULE_OF_LAW"": ""党的领导,boost:党的领导"", ""B4_CULTURE"": ""文化,博物馆,文旅,boost:博物馆,boost:文旅"", ""B4_PHILOSOPHY_EXCLUDED"": ""实践"", ""XB3_EXCLUDED"": ""创新思维,发散思维,聚合思维,联想思维,迁移,boost:创新思维,boost:发散思维,boost:聚合思维,boost:联想思维,boost:迁移"", ""B1_EXCLUDED"": ""社会主义现代化强国""}, ""explicit_boundary_modules"": {""XB3_EXCLUDED"": [""创新思维"", ""迁移""]}, ""override"": ""explicit_boundary_term""}",exclude_from_three_target_lines,main_matrix_original
2026_丰台_二模,2026,丰台,二模,3,,question,XB2_EXCLUDED,objective,/Users/wanglifei/GaokaoPolitics/beijing-politics-sync/选必三双宝典_哲学宝典完全对齐返工_2026-05-25/12_reasoning_exercise_compilation_20260531/ocr_cache/14707229fbcf/merged.ocr.txt,ocr-cache,module-boundary-excluded,/Users/wanglifei/Desktop/北京高考政治/reports/必修二三与必修四文化_题源分类准备_20260617_1301/02_text_cache/ocr_absorbed/2026_丰台_二模.txt,"{""target"": ""B2_ECONOMICS"", ""target_score"": 5, ""boundary"": ""B4_PHILOSOPHY_EXCLUDED"", ""boundary_score"": 2, ""matches"": {""B2_ECONOMICS"": ""高质量发展,医保,劳动者,boost:高质量发展,boost:医保"", ""B3_POLITICS_RULE_OF_LAW"": ""检察"", ""B4_CULTURE"": ""文化,文化遗产,文物,boost:文化遗产,boost:文物"", ""B4_PHILOSOPHY_EXCLUDED"": ""矛盾,boost:矛盾"", ""XB2_EXCLUDED"": ""民事,boost:民事""}, ""explicit_boundary_modules"": {""XB2_EXCLUDED"": [""民事""]}, ""override"": ""explicit_boundary_term""}",exclude_from_three_target_lines,main_matrix_original
2026_丰台_二模,2026,丰台,二模,4,,question,B4_PHILOSOPHY_EXCLUDED,objective,/Users/wanglifei/GaokaoPolitics/beijing-politics-sync/选必三双宝典_哲学宝典完全对齐返工_2026-05-25/12_reasoning_exercise_compilation_20260531/ocr_cache/14707229fbcf/merged.ocr.txt,ocr-cache,module-boundary-excluded,/Users/wanglifei/Desktop/北京高考政治/reports/必修二三与必修四文化_题源分类准备_20260617_1301/02_text_cache/ocr_absorbed/2026_丰台_二模.txt,"{""target"": ""B2_ECONOMICS"", ""target_score"": 0, ""boundary"": ""B4_PHILOSOPHY_EXCLUDED"", ""boundary_score"": 2, ""matches"": {""B4_PHILOSOPHY_EXCLUDED"": ""矛盾,boost:矛盾""}}",exclude_from_three_target_lines,main_matrix_original
2026_丰台_二模,2026,丰台,二模,5,,question,B4_CULTURE,objective,/Users/wanglifei/GaokaoPolitics/beijing-politics-sync/选必三双宝典_哲学宝典完全对齐返工_2026-05-25/12_reasoning_exercise_compilation_20260531/ocr_cache/14707229fbcf/merged.ocr.txt,ocr-cache,included,/Users/wanglifei/Desktop/北京高考政治/reports/必修二三与必修四文化_题源分类准备_20260617_1301/02_text_cache/ocr_absorbed/2026_丰台_二模.txt,"{""target"": ""B4_CULTURE"", ""target_score"": 2, ""boundary"": ""B4_PHILOSOPHY_EXCLUDED"", ""boundary_score"": 0, ""matches"": {""B4_CULTURE"": ""文化""}}",future_baodian_intake,main_matrix_original
2026_丰台_二模,2026,丰台,二模,6,,question,B4_PHILOSOPHY_EXCLUDED,objective,/Users/wanglifei/GaokaoPolitics/beijing-politics-sync/选必三双宝典_哲学宝典完全对齐返工_2026-05-25/12_reasoning_exercise_compilation_20260531/ocr_cache/14707229fbcf/merged.ocr.txt,ocr-cache,module-boundary-excluded,05_reports/strong_blocker_resolution_audit.csv,"{""rule_id"": ""STRONG_BLOCKER_B4P_LITERARY_IMAGE_THINKING"", ""matched_terms"": ""意象,主观与客观,思维能动性"", ""source"": ""strong_blocker_resolution_review.csv"", ""evidence_source_type"": ""ocr-cache"", ""prior_status"": ""blocked"", ""prior_next_action"": ""manual_review_needed""}",exclude_from_three_target_lines,strong_blocker_resolution
2026_丰台_二模,2026,丰台,二模,7,,question,B4_PHILOSOPHY_EXCLUDED,objective,/Users/wanglifei/GaokaoPolitics/beijing-politics-sync/选必三双宝典_哲学宝典完全对齐返工_2026-05-25/12_reasoning_exercise_compilation_20260531/ocr_cache/14707229fbcf/merged.ocr.txt,ocr-cache,module-boundary-excluded,/Users/wanglifei/Desktop/北京高考政治/reports/必修二三与必修四文化_题源分类准备_20260617_1301/02_text_cache/ocr_absorbed/2026_丰台_二模.txt,"{""target"": ""B2_ECONOMICS"", ""target_score"": 0, ""boundary"": ""B4_PHILOSOPHY_EXCLUDED"", ""boundary_score"": 5, ""matches"": {""B4_PHILOSOPHY_EXCLUDED"": ""实践,认识,量变,boost:量变""}}",exclude_from_three_target_lines,main_matrix_original
2026_丰台_二模,2026,丰台,二模,8,,question,XB3_EXCLUDED,objective,/Users/wanglifei/GaokaoPolitics/beijing-politics-sync/选必三双宝典_哲学宝典完全对齐返工_2026-05-25/12_reasoning_exercise_compilation_20260531/ocr_cache/14707229fbcf/merged.ocr.txt,ocr-cache,module-boundary-excluded,/Users/wanglifei/Desktop/北京高考政治/reports/必修二三与必修四文化_题源分类准备_20260617_1301/02_text_cache/ocr_absorbed/2026_丰台_二模.txt,"{""target"": ""B2_ECONOMICS"", ""target_score"": 0, ""boundary"": ""XB3_EXCLUDED"", ""boundary_score"": 6, ""matches"": {""B4_PHILOSOPHY_EXCLUDED"": ""矛盾,boost:矛盾"", ""XB3_EXCLUDED"": ""推理,三段论,周延,boost:推理,boost:三段论,boost:周延""}, ""explicit_boundary_modules"": {""XB3_EXCLUDED"": [""三段论"", ""推理""]}, ""override"": ""explicit_boundary_term""}",exclude_from_three_target_lines,main_matrix_original
2026_丰台_二模,2026,丰台,二模,9,,question,XB3_EXCLUDED,objective,/Users/wanglifei/GaokaoPolitics/beijing-politics-sync/选必三双宝典_哲学宝典完全对齐返工_2026-05-25/12_reasoning_exercise_compilation_20260531/ocr_cache/14707229fbcf/merged.ocr.txt,ocr-cache,module-boundary-excluded,05_reports/strong_blocker_resolution_audit.csv,"{""rule_id"": ""STRONG_BLOCKER_XB3_TRUTH_LIAR_LOGIC"", ""matched_terms"": ""只有一人说假话,必然为真,推断"", ""source"": ""strong_blocker_resolution_review.csv"", ""evidence_source_type"": ""ocr-cache"", ""prior_status"": ""blocked"", ""prior_next_action"": ""manual_review_needed""}",exclude_from_three_target_lines,strong_blocker_resolution
2026_丰台_期末,2026,丰台,期末,1,,question,B1_EXCLUDED,objective,/Users/wanglifei/Desktop/北京高考政治/reports/必修二三与必修四文化_题源分类准备_20260617_1301/02_text_cache/ocr_cache/2026_丰台_期末/试卷.ocr.txt,ocr-cache,module-boundary-excluded,05_reports/prompt_resolution_audit.csv,"{""override"": ""strict_prompt_resolution"", ""rule_id"": ""B1_SOCIALISM_PROMPT"", ""matched_terms"": ""改革开放"", ""prompt_source"": ""ocr-cache"", ""prompt"": ""歌以咏志,经典流传。《没有共产党就没有新中国》唱出了人民的历史选择,《春- 天的故事》谱写了改革开放的壮丽诗篇,《点赞新时代》唱响了强国复兴的奋进号 角⋯••这些经典歌曲生动展现了中华民族从站起来'富起来强起来的伟大飞跃, 激励着人f勇毅前行。这些经典歌曲 4礼赞了中国共产党的坚强领导是电华民族走向伟大复兴的根本保证 2展现了建成社会书义现代化强国是改革开放以来党的全部理论和实践的主题 :8折射出特定时代的社会风貌,凸显文艺作品对社会发展的决定作用 4讴歌了中国人民自强不息的精神,凝聚起推动时代发展的奋进力量 A. 13 B. 14 C. 23 D.24 加装智能呼叫设备实现一键呼救,社区与子女可及时响应;开设手机培训班,教会 老人扫码支付、线上挂号;优化养老驿站,提供助餐助浴、上门问诊服务,破解高 龄独居老人照料难题⋯•适老化改造 国供差异化基本公共服务,满足多样化养老服务需求 8坚持群"", ""previous_decision"": ""{\""target\"": \""B3_POLITICS_RULE_OF_LAW\"", \""target_score\"": 4, \""boundary\"": \""B4_PHILOSOPHY_EXCLUDED\"", \""boundary_score\"": 5, \""matches\"": {\""B2_ECONOMICS\"": \""养老服务,boost:养老服务\"", \""B3_POLITICS_RULE_OF_LAW\"": \""中国共产党,社会治理,公共服务,boost:中国共产党\"", \""B4_CULTURE\"": \""文艺\"", \""B4_PHILOSOPHY_EXCLUDED\"": \""实践,矛盾,人民群众,boost:矛盾,boost:人民群众\"", \""B1_EXCLUDED\"": \""改革开放\""}}""}",exclude_from_three_target_lines,prompt_resolved_from_main_matrix_original
2026_丰台_期末,2026,丰台,期末,11,,question,B4_PHILOSOPHY_EXCLUDED,objective,/Users/wanglifei/Desktop/北京高考政治/reports/必修二三与必修四文化_题源分类准备_20260617_1301/02_text_cache/ocr_cache/2026_丰台_期末/试卷.ocr.txt,ocr-cache,module-boundary-excluded,/Users/wanglifei/Desktop/北京高考政治/reports/必修二三与必修四文化_题源分类准备_20260617_1301/02_text_cache/ocr_absorbed/2026_丰台_期末.txt,"{""target"": ""B2_ECONOMICS"", ""target_score"": 7, ""boundary"": ""B4_PHILOSOPHY_EXCLUDED"", ""boundary_score"": 3, ""matches"": {""B2_ECONOMICS"": ""产业链,供应链,劳动者,boost:产业链,boost:供应链"", ""B3_POLITICS_RULE_OF_LAW"": ""民主决策"", ""B4_PHILOSOPHY_EXCLUDED"": ""实践,系统优化,boost:系统优化"", ""XB2_EXCLUDED"": ""民事,boost:民事""}, ""explicit_boundary_modules"": {""XB2_EXCLUDED"": [""民事""], ""B4_PHILOSOPHY_EXCLUDED"": [""系统优化""]}, ""override"": ""explicit_boundary_term""}",exclude_from_three_target_lines,main_matrix_original
2026_丰台_期末,2026,丰台,期末,13,,question,B2_ECONOMICS,objective,/Users/wanglifei/Desktop/北京高考政治/reports/必修二三与必修四文化_题源分类准备_20260617_1301/02_text_cache/ocr_cache/2026_丰台_期末/试卷.ocr.txt,ocr-cache,included,/Users/wanglifei/Desktop/北京高考政治/reports/必修二三与必修四文化_题源分类准备_20260617_1301/02_text_cache/ocr_absorbed/2026_丰台_期末.txt,"{""target"": ""B2_ECONOMICS"", ""target_score"": 14, ""boundary"": ""B4_PHILOSOPHY_EXCLUDED"", ""boundary_score"": 0, ""matches"": {""B2_ECONOMICS"": ""财政,消费,医保,boost:财政,boost:医保""}}",future_baodian_intake,main_matrix_original
2026_丰台_期末,2026,丰台,期末,14,,question,B2_ECONOMICS,objective,/Users/wanglifei/Desktop/北京高考政治/reports/必修二三与必修四文化_题源分类准备_20260617_1301/02_text_cache/ocr_cache/2026_丰台_期末/试卷.ocr.txt,ocr-cache,included,/Users/wanglifei/Desktop/北京高考政治/reports/必修二三与必修四文化_题源分类准备_20260617_1301/02_text_cache/ocr_absorbed/2026_丰台_期末.txt,"{""target"": ""B2_ECONOMICS"", ""target_score"": 2, ""boundary"": ""B4_PHILOSOPHY_EXCLUDED"", ""boundary_score"": 0, ""matches"": {""B2_ECONOMICS"": ""税收,boost:税收""}}",future_baodian_intake,main_matrix_original
2026_丰台_期末,2026,丰台,期末,15,,question,B2_ECONOMICS,objective,/Users/wanglifei/Desktop/北京高考政治/reports/必修二三与必修四文化_题源分类准备_20260617_1301/02_text_cache/ocr_cache/2026_丰台_期末/试卷.ocr.txt,ocr-cache,included,/Users/wanglifei/Desktop/北京高考政治/reports/必修二三与必修四文化_题源分类准备_20260617_1301/02_text_cache/ocr_absorbed/2026_丰台_期末.txt,"{""target"": ""B2_ECONOMICS"", ""target_score"": 2, ""boundary"": ""B4_PHILOSOPHY_EXCLUDED"", ""boundary_score"": 0, ""matches"": {""B2_ECONOMICS"": ""基础设施""}}",future_baodian_intake,main_matrix_original
2026_丰台_期末,2026,丰台,期末,16,,question,B4_PHILOSOPHY_EXCLUDED,subjective,/Users/wanglifei/Desktop/北京高考政治/reports/必修二三与必修四文化_题源分类准备_20260617_1301/02_text_cache/texts/dbc93cbfd3a93eff.txt,verified_text_cache,module-boundary-excluded,05_reports/culture_hint_final_cleanup_audit.csv,"{""rule_id"": ""CULTURE_HINT_FENGTAI_QIMO_Q16_PARENT_REMAINDER_AFTER_CULTURE"", ""matched_terms"": ""矛盾双方,量变质变,联系的观点,主观能动性"", ""basis"": ""第16题细则明确哲学与文化两个模块；文化角度另抽 B4_CULTURE 组件，父题余项按哲学边界关闭。"", ""source"": ""culture_hint_final_cleanup_audit.csv"", ""prior_book_module"": ""UNKNOWN_OR_MIXED"", ""prior_status"": ""blocked""}",exclude_from_three_target_lines,culture_hint_final_cleanup
2026_丰台_期末,2026,丰台,期末,17,,question,B3_POLITICS_RULE_OF_LAW,subjective,/Users/wanglifei/Desktop/北京高考政治/reports/必修二三与必修四文化_题源分类准备_20260617_1301/02_text_cache/ocr_cache/2026_丰台_期末/试卷.ocr.txt,ocr-cache,included,/Users/wanglifei/Desktop/北京高考政治/reports/必修二三与必修四文化_题源分类准备_20260617_1301/02_text_cache/ocr_absorbed/2026_丰台_期末.txt,"{""target"": ""B3_POLITICS_RULE_OF_LAW"", ""target_score"": 7, ""boundary"": ""B4_PHILOSOPHY_EXCLUDED"", ""boundary_score"": 0, ""matches"": {""B3_POLITICS_RULE_OF_LAW"": ""政治与法治,政协,基层治理,boost:政治与法治,boost:政协,boost:基层治理""}}",future_baodian_intake,main_matrix_original
2026_丰台_期末,2026,丰台,期末,18,,question,XB2_EXCLUDED,subjective,/Users/wanglifei/Desktop/北京高考政治/reports/必修二三与必修四文化_题源分类准备_20260617_1301/02_text_cache/ocr_cache/2026_丰台_期末/试卷.ocr.txt,ocr-cache,module-boundary-excluded,/Users/wanglifei/Desktop/北京高考政治/reports/必修二三与必修四文化_题源分类准备_20260617_1301/02_text_cache/ocr_absorbed/2026_丰台_期末.txt,"{""target"": ""B4_CULTURE"", ""target_score"": 6, ""boundary"": ""XB2_EXCLUDED"", ""boundary_score"": 2, ""matches"": {""B3_POLITICS_RULE_OF_LAW"": ""检察"", ""B4_CULTURE"": ""文化,爱国主义,博物馆,boost:爱国主义,boost:博物馆"", ""XB2_EXCLUDED"": ""诉讼,boost:诉讼""}, ""explicit_boundary_modules"": {""XB2_EXCLUDED"": [""诉讼""]}, ""override"": ""explicit_boundary_term""}",exclude_from_three_target_lines,main_matrix_original
2026_丰台_期末,2026,丰台,期末,19,,question,B2_ECONOMICS,subjective,/Users/wanglifei/Desktop/北京高考政治/reports/必修二三与必修四文化_题源分类准备_20260617_1301/02_text_cache/ocr_cache/2026_丰台_期末/试卷.ocr.txt,ocr-cache,included,05_reports/source_explicit_cleanup_audit.csv,"{""rule_id"": ""SOURCE_EXPLICIT_B2_AI_DEVELOPMENT_PROMPT"", ""matched_terms"": ""运用《经济与社会》知识,人工智能,完整产业体系,超大规模市场,高质量发展"", ""source"": ""source_explicit_cleanup_audit.csv"", ""prior_book_module"": ""UNKNOWN_OR_MIXED"", ""prior_status"": ""blocked""}",future_baodian_intake,source_explicit_cleanup
2026_丰台_期末,2026,丰台,期末,20,,question,XB3_EXCLUDED,subjective,/Users/wanglifei/Desktop/北京高考政治/reports/必修二三与必修四文化_题源分类准备_20260617_1301/02_text_cache/ocr_cache/2026_丰台_期末/试卷.ocr.txt,ocr-cache,module-boundary-excluded,/Users/wanglifei/Desktop/北京高考政治/reports/必修二三与必修四文化_题源分类准备_20260617_1301/02_text_cache/ocr_absorbed/2026_丰台_期末.txt,"{""target"": ""B2_ECONOMICS"", ""target_score"": 0, ""boundary"": ""XB3_EXCLUDED"", ""boundary_score"": 2, ""matches"": {""XB3_EXCLUDED"": ""逻辑与思维,boost:逻辑与思维""}, ""explicit_boundary_modules"": {""XB3_EXCLUDED"": [""逻辑与思维""]}, ""override"": ""explicit_boundary_term""}",exclude_from_three_target_lines,main_matrix_original
2026_丰台_期末,2026,丰台,期末,21,,question,XB1_EXCLUDED,subjective,/Users/wanglifei/Desktop/北京高考政治/reports/必修二三与必修四文化_题源分类准备_20260617_1301/02_text_cache/ocr_cache/2026_丰台_期末/试卷.ocr.txt,ocr-cache,module-boundary-excluded,/Users/wanglifei/Desktop/北京高考政治/reports/必修二三与必修四文化_题源分类准备_20260617_1301/02_text_cache/ocr_absorbed/2026_丰台_期末.txt,"{""target"": ""B3_POLITICS_RULE_OF_LAW"", ""target_score"": 2, ""boundary"": ""XB1_EXCLUDED"", ""boundary_score"": 12, ""matches"": {""B2_ECONOMICS"": ""基础设施"", ""B3_POLITICS_RULE_OF_LAW"": ""人大常委会,boost:人大常委会"", ""XB1_EXCLUDED"": ""当代国际政治与经济,全球治理,人类命运共同体,金砖,南南合作,boost:当代国际政治与经济,boost:全球治理,boost:人类命运共同体,boost:金砖,boost:南南合作""}, ""explicit_boundary_modules"": {""XB1_EXCLUDED"": [""当代国际政治与经济"", ""全球治理"", ""人类命运共同体""]}, ""override"": ""explicit_boundary_term""}",exclude_from_three_target_lines,main_matrix_original
2026_丰台_期末,2026,丰台,期末,3,,question,XB3_EXCLUDED,objective,/Users/wanglifei/Desktop/北京高考政治/reports/必修二三与必修四文化_题源分类准备_20260617_1301/02_text_cache/ocr_cache/2026_丰台_期末/试卷.ocr.txt,ocr-cache,module-boundary-excluded,05_reports/prompt_resolution_audit.csv,"{""override"": ""strict_prompt_resolution"", ""rule_id"": ""XB3_LOGIC_PROMPT"", ""matched_terms"": ""逻辑错误"", ""prompt_source"": ""ocr-cache"", ""prompt"": ""宽度仅容单人通行,谓之“蹊”;较蹊稍宽、可通独轮车,名日“径”;将径拓宽 至能容一辆马车,是为“途”;可容两辆马车并行,则为“道”;拓至三辆马车齐 驱,方为“路”。由此可知 1“蹊”“径”“途”“道”“路”概念的外延是不相容关系 2以“蹊”到“路”的宽度拓展,表明新事物必然取代旧事物 3 “蹊”“径”“途”“道”“路”的宽度各异,但都具备通行的共性特征 4道路分为“蹊”“径”“途”“道”“路”,犯了“划分标准不一” 的逻辑错误 A. 13 B. 14 C. 23 D. 24"", ""previous_decision"": ""{\""target\"": \""B2_ECONOMICS\"", \""target_score\"": 0, \""boundary\"": \""B4_PHILOSOPHY_EXCLUDED\"", \""boundary_score\"": 0, \""matches\"": {}}""}",exclude_from_three_target_lines,prompt_resolved_from_main_matrix_original
2026_丰台_期末,2026,丰台,期末,4,,question,B4_PHILOSOPHY_EXCLUDED,objective,/Users/wanglifei/Desktop/北京高考政治/reports/必修二三与必修四文化_题源分类准备_20260617_1301/02_text_cache/ocr_cache/2026_丰台_期末/试卷.ocr.txt,ocr-cache,module-boundary-excluded,/Users/wanglifei/Desktop/北京高考政治/reports/必修二三与必修四文化_题源分类准备_20260617_1301/02_text_cache/ocr_absorbed/2026_丰台_期末.txt,"{""target"": ""B2_ECONOMICS"", ""target_score"": 0, ""boundary"": ""B4_PHILOSOPHY_EXCLUDED"", ""boundary_score"": 5, ""matches"": {""B4_PHILOSOPHY_EXCLUDED"": ""实践,认识,主观能动性""}}",exclude_from_three_target_lines,main_matrix_original
2026_丰台_期末,2026,丰台,期末,5,,question,XB3_EXCLUDED,objective,/Users/wanglifei/Desktop/北京高考政治/reports/必修二三与必修四文化_题源分类准备_20260617_1301/02_text_cache/ocr_cache/2026_丰台_期末/试卷.ocr.txt,ocr-cache,module-boundary-excluded,/Users/wanglifei/Desktop/北京高考政治/reports/必修二三与必修四文化_题源分类准备_20260617_1301/02_text_cache/ocr_absorbed/2026_丰台_期末.txt,"{""target"": ""B4_CULTURE"", ""target_score"": 7, ""boundary"": ""XB3_EXCLUDED"", ""boundary_score"": 2, ""matches"": {""B2_ECONOMICS"": ""高质量发展,boost:高质量发展"", ""B3_POLITICS_RULE_OF_LAW"": ""人民代表大会,人大常委会,立法权,boost:人民代表大会,boost:人大常委会"", ""B4_CULTURE"": ""文化,中华优秀传统文化,优秀传统文化,传统文化,boost:中华优秀传统文化,boost:优秀传统文化,boost:传统文化"", ""B4_PHILOSOPHY_EXCLUDED"": ""认识"", ""XB3_EXCLUDED"": ""推理,boost:推理""}, ""explicit_boundary_modules"": {""XB3_EXCLUDED"": [""推理""]}, ""override"": ""explicit_boundary_term""}",exclude_from_three_target_lines,main_matrix_original
2026_丰台_期末,2026,丰台,期末,8,,question,XB2_EXCLUDED,objective,/Users/wanglifei/Desktop/北京高考政治/reports/必修二三与必修四文化_题源分类准备_20260617_1301/02_text_cache/ocr_cache/2026_丰台_期末/试卷.ocr.txt,ocr-cache,module-boundary-excluded,/Users/wanglifei/Desktop/北京高考政治/reports/必修二三与必修四文化_题源分类准备_20260617_1301/02_text_cache/ocr_absorbed/2026_丰台_期末.txt,"{""target"": ""B3_POLITICS_RULE_OF_LAW"", ""target_score"": 13, ""boundary"": ""XB2_EXCLUDED"", ""boundary_score"": 15, ""matches"": {""B3_POLITICS_RULE_OF_LAW"": ""政协,宪法,国家治理,人民政协,boost:政协,boost:宪法,boost:国家治理,boost:人民政协"", ""B4_CULTURE"": ""文化"", ""B4_PHILOSOPHY_EXCLUDED"": ""矛盾,boost:矛盾"", ""XB2_EXCLUDED"": ""侵权,诉讼,调解,侵权责任,赔偿,所有权,boost:侵权,boost:诉讼,boost:调解,boost:侵权责任,boost:所有权""}, ""explicit_boundary_modules"": {""XB2_EXCLUDED"": [""侵权"", ""诉讼"", ""所有权""]}, ""override"": ""explicit_boundary_term""}",exclude_from_three_target_lines,main_matrix_original
2026_延庆_一模,2026,延庆,一模,1,,question,B3_POLITICS_RULE_OF_LAW,objective,/Users/wanglifei/Desktop/2026模拟题/2026各区一模/2026延庆一模/试卷/试卷.pdf,paper,included,/Users/wanglifei/Desktop/北京高考政治/reports/必修二三与必修四文化_题源分类准备_20260617_1301/03_question_index/question_candidates.csv,"{""target"": ""B3_POLITICS_RULE_OF_LAW"", ""target_score"": 3, ""boundary"": ""B4_PHILOSOPHY_EXCLUDED"", ""boundary_score"": 0, ""matches"": {""B3_POLITICS_RULE_OF_LAW"": ""中国共产党,boost:中国共产党""}}",future_baodian_intake,main_matrix_original
2026_延庆_一模,2026,延庆,一模,10,,question,B3_POLITICS_RULE_OF_LAW,objective,/Users/wanglifei/Desktop/2026模拟题/2026各区一模/2026延庆一模/试卷/试卷.pdf,paper,included,/Users/wanglifei/Desktop/北京高考政治/reports/必修二三与必修四文化_题源分类准备_20260617_1301/03_question_index/question_candidates.csv,"{""target"": ""B3_POLITICS_RULE_OF_LAW"", ""target_score"": 7, ""boundary"": ""B4_PHILOSOPHY_EXCLUDED"", ""boundary_score"": 0, ""matches"": {""B3_POLITICS_RULE_OF_LAW"": ""中国共产党,党的领导,民族区域自治,boost:中国共产党,boost:党的领导,boost:民族区域自治""}}",future_baodian_intake,main_matrix_original
2026_延庆_一模,2026,延庆,一模,11,,question,B3_POLITICS_RULE_OF_LAW,objective,/Users/wanglifei/Desktop/2026模拟题/2026各区一模/2026延庆一模/试卷/试卷.pdf,paper,included,/Users/wanglifei/Desktop/北京高考政治/reports/必修二三与必修四文化_题源分类准备_20260617_1301/03_question_index/question_candidates.csv,"{""target"": ""B3_POLITICS_RULE_OF_LAW"", ""target_score"": 2, ""boundary"": ""B4_PHILOSOPHY_EXCLUDED"", ""boundary_score"": 0, ""matches"": {""B3_POLITICS_RULE_OF_LAW"": ""科学立法,boost:科学立法""}}",future_baodian_intake,main_matrix_original
2026_延庆_一模,2026,延庆,一模,12,,question,B2_ECONOMICS,objective,/Users/wanglifei/Desktop/2026模拟题/2026各区一模/2026延庆一模/试卷/试卷.pdf,paper,included,/Users/wanglifei/Desktop/北京高考政治/reports/必修二三与必修四文化_题源分类准备_20260617_1301/03_question_index/question_candidates.csv,"{""target"": ""B2_ECONOMICS"", ""target_score"": 14, ""boundary"": ""B4_PHILOSOPHY_EXCLUDED"", ""boundary_score"": 0, ""matches"": {""B2_ECONOMICS"": ""收入分配,社会保障,财政,消费,就业,数据要素,boost:收入分配,boost:社会保障,boost:财政,boost:就业,boost:数据要素""}}",future_baodian_intake,main_matrix_original
2026_延庆_一模,2026,延庆,一模,13,,question,B2_ECONOMICS,objective,/Users/wanglifei/Desktop/2026模拟题/2026各区一模/2026延庆一模/试卷/试卷.pdf,paper,included,/Users/wanglifei/Desktop/北京高考政治/reports/必修二三与必修四文化_题源分类准备_20260617_1301/03_question_index/question_candidates.csv,"{""target"": ""B2_ECONOMICS"", ""target_score"": 4, ""boundary"": ""B4_PHILOSOPHY_EXCLUDED"", ""boundary_score"": 0, ""matches"": {""B2_ECONOMICS"": ""新发展理念,高质量发展,boost:新发展理念,boost:高质量发展"", ""B4_CULTURE"": ""文旅,boost:文旅""}}",future_baodian_intake,main_matrix_original
2026_延庆_一模,2026,延庆,一模,14,,question,B2_ECONOMICS,objective,/Users/wanglifei/Desktop/2026模拟题/2026各区一模/2026延庆一模/试卷/试卷.pdf,paper,included,/Users/wanglifei/Desktop/北京高考政治/reports/必修二三与必修四文化_题源分类准备_20260617_1301/03_question_index/question_candidates.csv,"{""target"": ""B2_ECONOMICS"", ""target_score"": 2, ""boundary"": ""XB1_EXCLUDED"", ""boundary_score"": 1, ""matches"": {""B2_ECONOMICS"": ""营商环境,boost:营商环境"", ""XB1_EXCLUDED"": ""对外开放""}}",future_baodian_intake,main_matrix_original
2026_延庆_一模,2026,延庆,一模,15,,question,XB1_EXCLUDED,objective,/Users/wanglifei/Desktop/2026模拟题/2026各区一模/2026延庆一模/试卷/试卷.pdf,paper,module-boundary-excluded,/Users/wanglifei/Desktop/北京高考政治/reports/必修二三与必修四文化_题源分类准备_20260617_1301/03_question_index/question_candidates.csv,"{""target"": ""B2_ECONOMICS"", ""target_score"": 0, ""boundary"": ""XB1_EXCLUDED"", ""boundary_score"": 2, ""matches"": {""XB1_EXCLUDED"": ""APEC,boost:APEC""}}",exclude_from_three_target_lines,main_matrix_original
2026_延庆_一模,2026,延庆,一模,16,,question,B4_PHILOSOPHY_EXCLUDED,subjective,/Users/wanglifei/Desktop/2026模拟题/2026各区一模/2026延庆一模/试卷/试卷.pdf,paper,module-boundary-excluded,/Users/wanglifei/Desktop/北京高考政治/reports/必修二三与必修四文化_题源分类准备_20260617_1301/03_question_index/question_candidates.csv,"{""target"": ""B4_CULTURE"", ""target_score"": 14, ""boundary"": ""B4_PHILOSOPHY_EXCLUDED"", ""boundary_score"": 5, ""matches"": {""B4_CULTURE"": ""文化,非遗,文创,boost:非遗,boost:文创"", ""B4_PHILOSOPHY_EXCLUDED"": ""矛盾,辩证否定,boost:矛盾,boost:辩证否定""}, ""explicit_boundary_modules"": {""B4_PHILOSOPHY_EXCLUDED"": [""辩证否定""]}, ""override"": ""explicit_boundary_term""}",exclude_from_three_target_lines,main_matrix_original
2026_延庆_一模,2026,延庆,一模,17,,question,B3_POLITICS_RULE_OF_LAW,subjective,/Users/wanglifei/Desktop/2026模拟题/2026各区一模/2026延庆一模/试卷/试卷.pdf,paper,included,/Users/wanglifei/Desktop/北京高考政治/reports/必修二三与必修四文化_题源分类准备_20260617_1301/03_question_index/question_candidates.csv,"{""target"": ""B3_POLITICS_RULE_OF_LAW"", ""target_score"": 4, ""boundary"": ""B4_PHILOSOPHY_EXCLUDED"", ""boundary_score"": 0, ""matches"": {""B3_POLITICS_RULE_OF_LAW"": ""政治与法治,政府,boost:政治与法治""}}",future_baodian_intake,main_matrix_original
2026_延庆_一模,2026,延庆,一模,18,,question,XB2_EXCLUDED,subjective,/Users/wanglifei/Desktop/2026模拟题/2026各区一模/2026延庆一模/试卷/试卷.pdf,paper,module-boundary-excluded,/Users/wanglifei/Desktop/北京高考政治/reports/必修二三与必修四文化_题源分类准备_20260617_1301/03_question_index/question_candidates.csv,"{""target"": ""B2_ECONOMICS"", ""target_score"": 1, ""boundary"": ""XB2_EXCLUDED"", ""boundary_score"": 7, ""matches"": {""B2_ECONOMICS"": ""消费"", ""B4_PHILOSOPHY_EXCLUDED"": ""矛盾,适度原则,boost:矛盾,boost:适度原则"", ""XB2_EXCLUDED"": ""法律与生活,诉讼,赔偿,boost:法律与生活,boost:诉讼"", ""XB3_EXCLUDED"": ""逻辑与思维,辩证思维,创新思维,boost:逻辑与思维,boost:辩证思维,boost:创新思维""}, ""explicit_boundary_modules"": {""XB2_EXCLUDED"": [""法律与生活"", ""诉讼""], ""XB3_EXCLUDED"": [""逻辑与思维"", ""辩证思维"", ""创新思维""]}, ""override"": ""explicit_boundary_term""}",exclude_from_three_target_lines,main_matrix_original
2026_延庆_一模,2026,延庆,一模,19(1),19,subquestion,B2_ECONOMICS,subjective,/Users/wanglifei/Desktop/2026模拟题/2026各区一模/2026延庆一模/试卷/试卷.pdf,paper,included,04_module_classification/subquestion_split_matrix.csv,"{""target"": ""B2_ECONOMICS"", ""target_score"": 4, ""boundary"": ""B4_PHILOSOPHY_EXCLUDED"", ""boundary_score"": 0, ""matches"": {""B2_ECONOMICS"": ""经济与社会,高质量发展,boost:经济与社会,boost:高质量发展""}}",future_baodian_intake,subquestion_integrated_target
2026_延庆_一模,2026,延庆,一模,19(2),19,subquestion,XB1_EXCLUDED,subjective,/Users/wanglifei/Desktop/2026模拟题/2026各区一模/2026延庆一模/试卷/试卷.pdf,paper,module-boundary-excluded,04_module_classification/subquestion_split_matrix.csv,"{""target"": ""B2_ECONOMICS"", ""target_score"": 0, ""boundary"": ""XB1_EXCLUDED"", ""boundary_score"": 4, ""matches"": {""XB1_EXCLUDED"": ""当代国际政治与经济,联合国,boost:当代国际政治与经济,boost:联合国""}, ""explicit_boundary_modules"": {""XB1_EXCLUDED"": [""当代国际政治与经济"", ""联合国""]}, ""override"": ""explicit_boundary_term""}",exclude_from_three_target_lines,subquestion_integrated_boundary
2026_延庆_一模,2026,延庆,一模,2,,question,B4_PHILOSOPHY_EXCLUDED,objective,/Users/wanglifei/Desktop/2026模拟题/2026各区一模/2026延庆一模/试卷/试卷.pdf,paper,module-boundary-excluded,05_reports/remaining_strong_cleanup_audit.csv,"{""rule_id"": ""REMAINING_B4P_AI_LABOR_CONSCIOUSNESS_PRACTICE"", ""matched_terms"": ""人工智能,劳动主体,意识能动作用,劳动分工"", ""source"": ""remaining_strong_cleanup_audit.csv"", ""prior_book_module"": ""UNKNOWN_OR_MIXED"", ""prior_status"": ""blocked""}",exclude_from_three_target_lines,remaining_strong_cleanup
2026_延庆_一模,2026,延庆,一模,20,,question,B4_PHILOSOPHY_EXCLUDED,subjective,/Users/wanglifei/Desktop/2026模拟题/2026各区一模/2026延庆一模/试卷/试卷.pdf,paper,module-boundary-excluded,/Users/wanglifei/Desktop/北京高考政治/reports/必修二三与必修四文化_题源分类准备_20260617_1301/03_question_index/question_candidates.csv,"{""target"": ""B2_ECONOMICS"", ""target_score"": 0, ""boundary"": ""B4_PHILOSOPHY_EXCLUDED"", ""boundary_score"": 3, ""matches"": {""B4_PHILOSOPHY_EXCLUDED"": ""矛盾,主观能动性,boost:矛盾"", ""B1_EXCLUDED"": ""中国特色社会主义""}}",exclude_from_three_target_lines,main_matrix_original
2026_延庆_一模,2026,延庆,一模,3,,question,B4_PHILOSOPHY_EXCLUDED,objective,/Users/wanglifei/Desktop/2026模拟题/2026各区一模/2026延庆一模/试卷/试卷.pdf,paper,module-boundary-excluded,/Users/wanglifei/Desktop/北京高考政治/reports/必修二三与必修四文化_题源分类准备_20260617_1301/03_question_index/question_candidates.csv,"{""target"": ""B2_ECONOMICS"", ""target_score"": 5, ""boundary"": ""B4_PHILOSOPHY_EXCLUDED"", ""boundary_score"": 6, ""matches"": {""B2_ECONOMICS"": ""乡村振兴,基础设施,boost:乡村振兴"", ""B4_PHILOSOPHY_EXCLUDED"": ""整体与部分,矛盾,质的飞跃,boost:整体与部分,boost:矛盾,boost:质的飞跃""}, ""explicit_boundary_modules"": {""B4_PHILOSOPHY_EXCLUDED"": [""整体与部分""]}, ""override"": ""explicit_boundary_term""}",exclude_from_three_target_lines,main_matrix_original
2026_延庆_一模,2026,延庆,一模,4,,question,B4_PHILOSOPHY_EXCLUDED,objective,/Users/wanglifei/Desktop/2026模拟题/2026各区一模/2026延庆一模/试卷/试卷.pdf,paper,module-boundary-excluded,/Users/wanglifei/Desktop/北京高考政治/reports/必修二三与必修四文化_题源分类准备_20260617_1301/03_question_index/question_candidates.csv,"{""target"": ""B4_CULTURE"", ""target_score"": 7, ""boundary"": ""B4_PHILOSOPHY_EXCLUDED"", ""boundary_score"": 4, ""matches"": {""B4_CULTURE"": ""文化,文化载体,创造性转化,boost:创造性转化"", ""B4_PHILOSOPHY_EXCLUDED"": ""矛盾,价值判断,boost:矛盾,boost:价值判断""}, ""explicit_boundary_modules"": {""B4_PHILOSOPHY_EXCLUDED"": [""价值判断""]}, ""override"": ""explicit_boundary_term""}",exclude_from_three_target_lines,main_matrix_original
2026_延庆_一模,2026,延庆,一模,5,,question,XB3_EXCLUDED,objective,/Users/wanglifei/Desktop/2026模拟题/2026各区一模/2026延庆一模/试卷/试卷.pdf,paper,module-boundary-excluded,/Users/wanglifei/Desktop/北京高考政治/reports/必修二三与必修四文化_题源分类准备_20260617_1301/03_question_index/question_candidates.csv,"{""target"": ""B2_ECONOMICS"", ""target_score"": 0, ""boundary"": ""XB3_EXCLUDED"", ""boundary_score"": 8, ""matches"": {""B4_PHILOSOPHY_EXCLUDED"": ""认识"", ""XB3_EXCLUDED"": ""科学思维,逆向思维,推理,归纳推理,boost:科学思维,boost:逆向思维,boost:推理,boost:归纳推理""}, ""explicit_boundary_modules"": {""XB3_EXCLUDED"": [""科学思维"", ""推理""]}, ""override"": ""explicit_boundary_term""}",exclude_from_three_target_lines,main_matrix_original
2026_延庆_一模,2026,延庆,一模,6,,question,XB3_EXCLUDED,objective,/Users/wanglifei/Desktop/2026模拟题/2026各区一模/2026延庆一模/试卷/试卷.pdf,paper,module-boundary-excluded,/Users/wanglifei/Desktop/北京高考政治/reports/必修二三与必修四文化_题源分类准备_20260617_1301/03_question_index/question_candidates.csv,"{""target"": ""B2_ECONOMICS"", ""target_score"": 0, ""boundary"": ""XB3_EXCLUDED"", ""boundary_score"": 2, ""matches"": {""XB3_EXCLUDED"": ""推理,boost:推理""}, ""explicit_boundary_modules"": {""XB3_EXCLUDED"": [""推理""]}, ""override"": ""explicit_boundary_term""}",exclude_from_three_target_lines,main_matrix_original
2026_延庆_一模,2026,延庆,一模,7,,question,XB3_EXCLUDED,objective,/Users/wanglifei/Desktop/2026模拟题/2026各区一模/2026延庆一模/试卷/试卷.pdf,paper,module-boundary-excluded,05_reports/strong_blocker_resolution_audit.csv,"{""rule_id"": ""STRONG_BLOCKER_XB3_AIGC_CONCEPT_RELATION"", ""matched_terms"": ""交叉关系,反对关系,逻辑思维规则"", ""source"": ""strong_blocker_resolution_review.csv"", ""evidence_source_type"": ""paper"", ""prior_status"": ""blocked"", ""prior_next_action"": ""manual_review_needed""}",exclude_from_three_target_lines,strong_blocker_resolution
2026_延庆_一模,2026,延庆,一模,8,,question,XB2_EXCLUDED,objective,/Users/wanglifei/Desktop/2026模拟题/2026各区一模/2026延庆一模/试卷/试卷.pdf,paper,module-boundary-excluded,/Users/wanglifei/Desktop/北京高考政治/reports/必修二三与必修四文化_题源分类准备_20260617_1301/03_question_index/question_candidates.csv,"{""target"": ""B3_POLITICS_RULE_OF_LAW"", ""target_score"": 1, ""boundary"": ""XB2_EXCLUDED"", ""boundary_score"": 5, ""matches"": {""B3_POLITICS_RULE_OF_LAW"": ""法院"", ""XB2_EXCLUDED"": ""调解,赔偿,所有权,boost:调解,boost:所有权""}, ""explicit_boundary_modules"": {""XB2_EXCLUDED"": [""所有权""]}, ""override"": ""explicit_boundary_term""}",exclude_from_three_target_lines,main_matrix_original
2026_延庆_一模,2026,延庆,一模,9,,question,XB2_EXCLUDED,objective,/Users/wanglifei/Desktop/2026模拟题/2026各区一模/2026延庆一模/试卷/试卷.pdf,paper,module-boundary-excluded,/Users/wanglifei/Desktop/北京高考政治/reports/必修二三与必修四文化_题源分类准备_20260617_1301/03_question_index/question_candidates.csv,"{""target"": ""B2_ECONOMICS"", ""target_score"": 3, ""boundary"": ""XB2_EXCLUDED"", ""boundary_score"": 11, ""matches"": {""B2_ECONOMICS"": ""消费"", ""B3_POLITICS_RULE_OF_LAW"": ""法院"", ""XB2_EXCLUDED"": ""合同,民事,民事行为能力,监护人,boost:合同,boost:民事,boost:民事行为能力,boost:监护人""}, ""explicit_boundary_modules"": {""XB2_EXCLUDED"": [""合同"", ""民事""]}, ""override"": ""explicit_boundary_term""}",exclude_from_three_target_lines,main_matrix_original
2026_房山_一模,2026,房山,一模,10,,question,XB2_EXCLUDED,objective,/Users/wanglifei/Desktop/北京高考政治/reports/必修二三与必修四文化_题源分类准备_20260617_1301/02_text_cache/ocr_cache/2026_房山_一模/试卷.ocr.txt,ocr-cache,module-boundary-excluded,/Users/wanglifei/Desktop/北京高考政治/reports/必修二三与必修四文化_题源分类准备_20260617_1301/02_text_cache/ocr_absorbed/2026_房山_一模.txt,"{""target"": ""B3_POLITICS_RULE_OF_LAW"", ""target_score"": 1, ""boundary"": ""XB2_EXCLUDED"", ""boundary_score"": 4, ""matches"": {""B3_POLITICS_RULE_OF_LAW"": ""法院"", ""XB2_EXCLUDED"": ""诉讼,举证,boost:诉讼,boost:举证""}, ""explicit_boundary_modules"": {""XB2_EXCLUDED"": [""诉讼""]}, ""override"": ""explicit_boundary_term""}",exclude_from_three_target_lines,main_matrix_original
2026_房山_一模,2026,房山,一模,11,,question,XB2_EXCLUDED,objective,/Users/wanglifei/Desktop/北京高考政治/reports/必修二三与必修四文化_题源分类准备_20260617_1301/02_text_cache/ocr_cache/2026_房山_一模/试卷.ocr.txt,ocr-cache,module-boundary-excluded,/Users/wanglifei/Desktop/北京高考政治/reports/必修二三与必修四文化_题源分类准备_20260617_1301/02_text_cache/ocr_absorbed/2026_房山_一模.txt,"{""target"": ""B3_POLITICS_RULE_OF_LAW"", ""target_score"": 3, ""boundary"": ""XB2_EXCLUDED"", ""boundary_score"": 4, ""matches"": {""B3_POLITICS_RULE_OF_LAW"": ""法院"", ""B4_PHILOSOPHY_EXCLUDED"": ""实践"", ""XB2_EXCLUDED"": ""物权,违约,boost:物权,boost:违约""}, ""explicit_boundary_modules"": {""XB2_EXCLUDED"": [""物权""]}, ""override"": ""explicit_boundary_term""}",exclude_from_three_target_lines,main_matrix_original
2026_房山_一模,2026,房山,一模,12,,question,B2_ECONOMICS,objective,/Users/wanglifei/Desktop/北京高考政治/reports/必修二三与必修四文化_题源分类准备_20260617_1301/02_text_cache/ocr_cache/2026_房山_一模/试卷.ocr.txt,ocr-cache,included,/Users/wanglifei/Desktop/北京高考政治/reports/必修二三与必修四文化_题源分类准备_20260617_1301/02_text_cache/ocr_absorbed/2026_房山_一模.txt,"{""target"": ""B2_ECONOMICS"", ""target_score"": 9, ""boundary"": ""B4_PHILOSOPHY_EXCLUDED"", ""boundary_score"": 0, ""matches"": {""B2_ECONOMICS"": ""社会保障,社会救助,boost:社会保障,boost:社会救助""}}",future_baodian_intake,main_matrix_original
2026_房山_一模,2026,房山,一模,13,,question,B2_ECONOMICS,objective,/Users/wanglifei/Desktop/北京高考政治/reports/必修二三与必修四文化_题源分类准备_20260617_1301/02_text_cache/ocr_cache/2026_房山_一模/试卷.ocr.txt,ocr-cache,included,/Users/wanglifei/Desktop/北京高考政治/reports/必修二三与必修四文化_题源分类准备_20260617_1301/02_text_cache/ocr_absorbed/2026_房山_一模.txt,"{""target"": ""B2_ECONOMICS"", ""target_score"": 5, ""boundary"": ""B4_PHILOSOPHY_EXCLUDED"", ""boundary_score"": 0, ""matches"": {""B2_ECONOMICS"": ""国有经济,实体经济,boost:国有经济,boost:实体经济"", ""B3_POLITICS_RULE_OF_LAW"": ""党组织,boost:党组织""}}",future_baodian_intake,main_matrix_original
2026_房山_一模,2026,房山,一模,14,,question,B2_ECONOMICS,objective,/Users/wanglifei/Desktop/北京高考政治/reports/必修二三与必修四文化_题源分类准备_20260617_1301/02_text_cache/ocr_cache/2026_房山_一模/试卷.ocr.txt,ocr-cache,included,/Users/wanglifei/Desktop/北京高考政治/reports/必修二三与必修四文化_题源分类准备_20260617_1301/02_text_cache/ocr_absorbed/2026_房山_一模.txt,"{""target"": ""B2_ECONOMICS"", ""target_score"": 2, ""boundary"": ""B4_PHILOSOPHY_EXCLUDED"", ""boundary_score"": 0, ""matches"": {""B2_ECONOMICS"": ""数字经济,boost:数字经济"", ""B3_POLITICS_RULE_OF_LAW"": ""政府""}}",future_baodian_intake,main_matrix_original
2026_房山_一模,2026,房山,一模,15,,question,XB1_EXCLUDED,objective,/Users/wanglifei/Desktop/北京高考政治/reports/必修二三与必修四文化_题源分类准备_20260617_1301/02_text_cache/ocr_cache/2026_房山_一模/试卷.ocr.txt,ocr-cache,module-boundary-excluded,/Users/wanglifei/Desktop/北京高考政治/reports/必修二三与必修四文化_题源分类准备_20260617_1301/02_text_cache/ocr_absorbed/2026_房山_一模.txt,"{""target"": ""B2_ECONOMICS"", ""target_score"": 0, ""boundary"": ""XB1_EXCLUDED"", ""boundary_score"": 10, ""matches"": {""XB1_EXCLUDED"": ""国际关系,联合国,全球治理,国际组织,boost:国际关系,boost:联合国,boost:全球治理,boost:国际组织""}, ""explicit_boundary_modules"": {""XB1_EXCLUDED"": [""国际关系"", ""联合国"", ""全球治理"", ""国际组织""]}, ""override"": ""explicit_boundary_term""}",exclude_from_three_target_lines,main_matrix_original
2026_房山_一模,2026,房山,一模,16(1),16,subquestion,B2_ECONOMICS,subjective,/Users/wanglifei/Desktop/北京高考政治/reports/必修二三与必修四文化_题源分类准备_20260617_1301/02_text_cache/ocr_cache/2026_房山_一模/试卷.ocr.txt,ocr-cache,included,04_module_classification/subquestion_split_matrix.csv,"{""target"": ""B2_ECONOMICS"", ""target_score"": 2, ""boundary"": ""B4_PHILOSOPHY_EXCLUDED"", ""boundary_score"": 0, ""matches"": {""B2_ECONOMICS"": ""经济与社会,boost:经济与社会""}}",future_baodian_intake,subquestion_integrated_target
2026_房山_一模,2026,房山,一模,16(2),16,subquestion,B4_PHILOSOPHY_EXCLUDED,subjective,/Users/wanglifei/Desktop/北京高考政治/reports/必修二三与必修四文化_题源分类准备_20260617_1301/02_text_cache/ocr_cache/2026_房山_一模/试卷.ocr.txt,ocr-cache,module-boundary-excluded,04_module_classification/subquestion_split_matrix.csv,"{""override"": ""prompt_router"", ""prompt_terms"": [""哲学""], ""classification_text"": ""(2)结合材料一和材料二,运用哲学却识,谈谈你对“因地制宜,本质就是实事求是” 的理解。(7分)"", ""base_decision"": ""{\""target\"": \""B2_ECONOMICS\"", \""target_score\"": 0, \""boundary\"": \""B4_PHILOSOPHY_EXCLUDED\"", \""boundary_score\"": 0, \""matches\"": {}}""}",exclude_from_three_target_lines,subquestion_integrated_boundary
2026_房山_一模,2026,房山,一模,18,,question,XB3_EXCLUDED,subjective,/Users/wanglifei/Desktop/北京高考政治/reports/必修二三与必修四文化_题源分类准备_20260617_1301/02_text_cache/ocr_cache/2026_房山_一模/试卷.ocr.txt,ocr-cache,module-boundary-excluded,05_reports/source_explicit_target_component_audit.csv,"{""rule_id"": ""SOURCE_EXPLICIT_PARENT_REMAINDER_XB3_ECOLOGICAL_GOVERNANCE"", ""source"": ""source_explicit_target_component_audit.csv"", ""prior_book_module"": ""UNKNOWN_OR_MIXED"", ""prior_status"": ""blocked""}",target_component_extracted_remainder_excluded,source_explicit_parent_remainder_closed
2026_房山_一模,2026,房山,一模,19,,question,XB1_EXCLUDED,subjective,/Users/wanglifei/Desktop/北京高考政治/reports/必修二三与必修四文化_题源分类准备_20260617_1301/02_text_cache/ocr_cache/2026_房山_一模/试卷.ocr.txt,ocr-cache,module-boundary-excluded,/Users/wanglifei/Desktop/北京高考政治/reports/必修二三与必修四文化_题源分类准备_20260617_1301/02_text_cache/ocr_absorbed/2026_房山_一模.txt,"{""target"": ""B2_ECONOMICS"", ""target_score"": 2, ""boundary"": ""XB1_EXCLUDED"", ""boundary_score"": 3, ""matches"": {""B2_ECONOMICS"": ""产业链,boost:产业链"", ""XB1_EXCLUDED"": ""当代国际政治与经济,对外开放,boost:当代国际政治与经济"", ""B1_EXCLUDED"": ""改革开放""}, ""explicit_boundary_modules"": {""XB1_EXCLUDED"": [""当代国际政治与经济""]}, ""override"": ""explicit_boundary_term""}",exclude_from_three_target_lines,main_matrix_original
2026_房山_一模,2026,房山,一模,2,,question,B4_CULTURE,objective,/Users/wanglifei/Desktop/北京高考政治/reports/必修二三与必修四文化_题源分类准备_20260617_1301/02_text_cache/ocr_cache/2026_房山_一模/试卷.ocr.txt,ocr-cache,included,/Users/wanglifei/Desktop/北京高考政治/reports/必修二三与必修四文化_题源分类准备_20260617_1301/02_text_cache/ocr_absorbed/2026_房山_一模.txt,"{""target"": ""B4_CULTURE"", ""target_score"": 5, ""boundary"": ""B4_PHILOSOPHY_EXCLUDED"", ""boundary_score"": 4, ""matches"": {""B4_CULTURE"": ""文化,文化传承,精神谱系,boost:文化传承,boost:精神谱系"", ""B4_PHILOSOPHY_EXCLUDED"": ""真理,矛盾,boost:真理,boost:矛盾""}}",future_baodian_intake,main_matrix_original
2026_房山_一模,2026,房山,一模,20,,question,B3_POLITICS_RULE_OF_LAW,subjective,/Users/wanglifei/Desktop/北京高考政治/reports/必修二三与必修四文化_题源分类准备_20260617_1301/02_text_cache/ocr_cache/2026_房山_一模/试卷.ocr.txt,ocr-cache,included,/Users/wanglifei/Desktop/北京高考政治/reports/必修二三与必修四文化_题源分类准备_20260617_1301/02_text_cache/ocr_absorbed/2026_房山_一模.txt,"{""target"": ""B3_POLITICS_RULE_OF_LAW"", ""target_score"": 9, ""boundary"": ""B4_PHILOSOPHY_EXCLUDED"", ""boundary_score"": 2, ""matches"": {""B3_POLITICS_RULE_OF_LAW"": ""中国共产党,党的领导,宪法,国家治理,boost:中国共产党,boost:党的领导,boost:宪法,boost:国家治理"", ""B4_PHILOSOPHY_EXCLUDED"": ""实践,认识"", ""B1_EXCLUDED"": ""中国特色社会主义""}}",future_baodian_intake,main_matrix_original
2026_房山_一模,2026,房山,一模,3,,question,B4_CULTURE,objective,/Users/wanglifei/Desktop/北京高考政治/reports/必修二三与必修四文化_题源分类准备_20260617_1301/02_text_cache/ocr_cache/2026_房山_一模/试卷.ocr.txt,ocr-cache,included,/Users/wanglifei/Desktop/北京高考政治/reports/必修二三与必修四文化_题源分类准备_20260617_1301/02_text_cache/ocr_absorbed/2026_房山_一模.txt,"{""target"": ""B4_CULTURE"", ""target_score"": 9, ""boundary"": ""B4_PHILOSOPHY_EXCLUDED"", ""boundary_score"": 1, ""matches"": {""B4_CULTURE"": ""文化,文化创新,非遗,中华文明,boost:文化创新,boost:非遗,boost:中华文明"", ""B4_PHILOSOPHY_EXCLUDED"": ""实践""}}",future_baodian_intake,main_matrix_original
2026_房山_一模,2026,房山,一模,4,,question,B4_PHILOSOPHY_EXCLUDED,objective,/Users/wanglifei/Desktop/北京高考政治/reports/必修二三与必修四文化_题源分类准备_20260617_1301/02_text_cache/ocr_cache/2026_房山_一模/试卷.ocr.txt,ocr-cache,module-boundary-excluded,/Users/wanglifei/Desktop/北京高考政治/reports/必修二三与必修四文化_题源分类准备_20260617_1301/02_text_cache/ocr_absorbed/2026_房山_一模.txt,"{""target"": ""B2_ECONOMICS"", ""target_score"": 4, ""boundary"": ""B4_PHILOSOPHY_EXCLUDED"", ""boundary_score"": 15, ""matches"": {""B2_ECONOMICS"": ""高质量发展,boost:高质量发展"", ""B4_PHILOSOPHY_EXCLUDED"": ""实践,真理,系统优化,社会意识,boost:真理,boost:系统优化,boost:社会意识"", ""XB3_EXCLUDED"": ""想象,boost:想象"", ""B1_EXCLUDED"": ""改革开放""}, ""explicit_boundary_modules"": {""XB3_EXCLUDED"": [""想象""], ""B4_PHILOSOPHY_EXCLUDED"": [""社会意识"", ""系统优化""]}, ""override"": ""explicit_boundary_term""}",exclude_from_three_target_lines,main_matrix_original
2026_房山_一模,2026,房山,一模,6,,question,XB3_EXCLUDED,objective,/Users/wanglifei/Desktop/北京高考政治/reports/必修二三与必修四文化_题源分类准备_20260617_1301/02_text_cache/ocr_cache/2026_房山_一模/试卷.ocr.txt,ocr-cache,module-boundary-excluded,/Users/wanglifei/Desktop/北京高考政治/reports/必修二三与必修四文化_题源分类准备_20260617_1301/02_text_cache/ocr_absorbed/2026_房山_一模.txt,"{""target"": ""B2_ECONOMICS"", ""target_score"": 0, ""boundary"": ""XB3_EXCLUDED"", ""boundary_score"": 6, ""matches"": {""B4_PHILOSOPHY_EXCLUDED"": ""实践,认识"", ""XB3_EXCLUDED"": ""超前思维,推理,演绎推理,boost:超前思维,boost:推理,boost:演绎推理""}, ""explicit_boundary_modules"": {""XB3_EXCLUDED"": [""超前思维"", ""推理""]}, ""override"": ""explicit_boundary_term""}",exclude_from_three_target_lines,main_matrix_original
2026_房山_一模,2026,房山,一模,7,,question,XB3_EXCLUDED,objective,/Users/wanglifei/Desktop/北京高考政治/reports/必修二三与必修四文化_题源分类准备_20260617_1301/02_text_cache/ocr_cache/2026_房山_一模/试卷.ocr.txt,ocr-cache,module-boundary-excluded,05_reports/strong_blocker_resolution_audit.csv,"{""rule_id"": ""STRONG_BLOCKER_XB3_CONCEPT_DIVISION_CONTRADICTION_LAW"", ""matched_terms"": ""划分,概念,矛盾关系,矛盾律"", ""source"": ""strong_blocker_resolution_review.csv"", ""evidence_source_type"": ""ocr-cache"", ""prior_status"": ""blocked"", ""prior_next_action"": ""manual_review_needed""}",exclude_from_three_target_lines,strong_blocker_resolution
2026_房山_一模,2026,房山,一模,9,,question,B3_POLITICS_RULE_OF_LAW,objective,/Users/wanglifei/Desktop/北京高考政治/reports/必修二三与必修四文化_题源分类准备_20260617_1301/02_text_cache/ocr_cache/2026_房山_一模/试卷.ocr.txt,ocr-cache,included,/Users/wanglifei/Desktop/北京高考政治/reports/必修二三与必修四文化_题源分类准备_20260617_1301/02_text_cache/ocr_absorbed/2026_房山_一模.txt,"{""target"": ""B3_POLITICS_RULE_OF_LAW"", ""target_score"": 7, ""boundary"": ""B4_PHILOSOPHY_EXCLUDED"", ""boundary_score"": 0, ""matches"": {""B3_POLITICS_RULE_OF_LAW"": ""人大代表,政府,人大常委会,boost:人大代表,boost:人大常委会""}}",future_baodian_intake,main_matrix_original
2026_房山_二模,2026,房山,二模,16,,question,B4_CULTURE,subjective,/Users/wanglifei/Desktop/2026模拟题/2026各区二模/2026房山二模/试卷/2026北京房山高三二模政治（教师版）.pdf,paper,included,/Users/wanglifei/Desktop/北京高考政治/reports/必修二三与必修四文化_题源分类准备_20260617_1301/03_question_index/question_candidates.csv,"{""target"": ""B4_CULTURE"", ""target_score"": 24, ""boundary"": ""B4_PHILOSOPHY_EXCLUDED"", ""boundary_score"": 15, ""matches"": {""B4_CULTURE"": ""文化,中华优秀传统文化,优秀传统文化,传统文化,创造性转化,创新性发展,民族精神,中华文明,boost:中华优秀传统文化,boost:优秀传统文化,boost:传统文化,boost:创造性转化"", ""B4_PHILOSOPHY_EXCLUDED"": ""实践,矛盾,质变,人民群众,主观能动性,尊重客观规律,boost:矛盾,boost:质变,boost:人民群众,boost:尊重客观规律""}}",future_baodian_intake,main_matrix_original
2026_房山_二模,2026,房山,二模,17,,question,XB2_EXCLUDED,subjective,/Users/wanglifei/Desktop/2026模拟题/2026各区二模/2026房山二模/试卷/2026北京房山高三二模政治（教师版）.pdf,paper,module-boundary-excluded,/Users/wanglifei/Desktop/北京高考政治/reports/必修二三与必修四文化_题源分类准备_20260617_1301/03_question_index/question_candidates.csv,"{""target"": ""B3_POLITICS_RULE_OF_LAW"", ""target_score"": 3, ""boundary"": ""XB2_EXCLUDED"", ""boundary_score"": 10, ""matches"": {""B3_POLITICS_RULE_OF_LAW"": ""公正司法,boost:公正司法"", ""B4_PHILOSOPHY_EXCLUDED"": ""实践"", ""XB2_EXCLUDED"": ""诉讼,调解,仲裁,boost:诉讼,boost:调解,boost:仲裁""}, ""explicit_boundary_modules"": {""XB2_EXCLUDED"": [""诉讼""]}, ""override"": ""explicit_boundary_term""}",exclude_from_three_target_lines,main_matrix_original
2026_房山_二模,2026,房山,二模,18,,question,XB2_EXCLUDED,subjective,/Users/wanglifei/Desktop/2026模拟题/2026各区二模/2026房山二模/试卷/2026北京房山高三二模政治（教师版）.pdf,paper,module-boundary-excluded,/Users/wanglifei/Desktop/北京高考政治/reports/必修二三与必修四文化_题源分类准备_20260617_1301/03_question_index/question_candidates.csv,"{""target"": ""B2_ECONOMICS"", ""target_score"": 0, ""boundary"": ""B4_PHILOSOPHY_EXCLUDED"", ""boundary_score"": 2, ""matches"": {""B4_PHILOSOPHY_EXCLUDED"": ""矛盾,boost:矛盾"", ""XB2_EXCLUDED"": ""合同,boost:合同""}, ""explicit_boundary_modules"": {""XB2_EXCLUDED"": [""合同""]}, ""override"": ""explicit_boundary_term""}",exclude_from_three_target_lines,main_matrix_original
2026_房山_二模,2026,房山,二模,19,,question,B2_ECONOMICS,subjective,/Users/wanglifei/Desktop/2026模拟题/2026各区二模/2026房山二模/试卷/2026北京房山高三二模政治（教师版）.pdf,paper,included,/Users/wanglifei/Desktop/北京高考政治/reports/必修二三与必修四文化_题源分类准备_20260617_1301/03_question_index/question_candidates.csv,"{""target"": ""B2_ECONOMICS"", ""target_score"": 27, ""boundary"": ""B1_EXCLUDED"", ""boundary_score"": 1, ""matches"": {""B2_ECONOMICS"": ""基本经济制度,市场经济,宏观调控,经济职能,高质量发展,供给侧,财政,消费,扩大内需,基础设施,boost:基本经济制度,boost:市场经济"", ""B3_POLITICS_RULE_OF_LAW"": ""政府"", ""B1_EXCLUDED"": ""中国特色社会主义""}}",future_baodian_intake,main_matrix_original
2026_房山_二模,2026,房山,二模,20,,question,XB1_EXCLUDED,subjective,/Users/wanglifei/Desktop/2026模拟题/2026各区二模/2026房山二模/试卷/2026北京房山高三二模政治（教师版）.pdf,paper,module-boundary-excluded,/Users/wanglifei/Desktop/北京高考政治/reports/必修二三与必修四文化_题源分类准备_20260617_1301/03_question_index/question_candidates.csv,"{""target"": ""B2_ECONOMICS"", ""target_score"": 8, ""boundary"": ""XB1_EXCLUDED"", ""boundary_score"": 8, ""matches"": {""B2_ECONOMICS"": ""高质量发展,数字经济,数据要素,boost:高质量发展,boost:数字经济,boost:数据要素"", ""XB1_EXCLUDED"": ""全球治理,世界多极化,经济全球化,boost:全球治理,boost:世界多极化,boost:经济全球化""}, ""explicit_boundary_modules"": {""XB1_EXCLUDED"": [""经济全球化"", ""世界多极化"", ""全球治理""]}, ""override"": ""explicit_boundary_term""}",exclude_from_three_target_lines,main_matrix_original
2026_房山_二模,2026,房山,二模,21,,question,XB1_EXCLUDED,subjective,/Users/wanglifei/Desktop/2026模拟题/2026各区二模/2026房山二模/试卷/2026北京房山高三二模政治（教师版）.pdf,paper,module-boundary-excluded,/Users/wanglifei/Desktop/北京高考政治/reports/必修二三与必修四文化_题源分类准备_20260617_1301/03_question_index/question_candidates.csv,"{""target"": ""B4_CULTURE"", ""target_score"": 5, ""boundary"": ""B4_PHILOSOPHY_EXCLUDED"", ""boundary_score"": 8, ""matches"": {""B2_ECONOMICS"": ""区域协调"", ""B3_POLITICS_RULE_OF_LAW"": ""党的领导,boost:党的领导"", ""B4_CULTURE"": ""精神谱系,长征精神,boost:精神谱系,boost:长征精神"", ""B4_PHILOSOPHY_EXCLUDED"": ""真理,矛盾,人民群众,boost:真理,boost:矛盾,boost:人民群众"", ""XB1_EXCLUDED"": ""国际关系,对外开放,boost:国际关系"", ""XB3_EXCLUDED"": ""科学思维,boost:科学思维"", ""B1_EXCLUDED"": ""中国特色社会主义,社会主义现代化强国""}, ""explicit_boundary_modules"": {""XB1_EXCLUDED"": [""国际关系""], ""XB3_EXCLUDED"": [""科学思维""]}, ""override"": ""explicit_boundary_term""}",exclude_from_three_target_lines,main_matrix_original
2026_朝阳_一模,2026,朝阳,一模,1,,question,B3_POLITICS_RULE_OF_LAW,objective,/Users/wanglifei/Desktop/2026模拟题/2026各区一模/2026朝阳一模/试卷/试卷.pdf,paper,included,/Users/wanglifei/Desktop/北京高考政治/reports/必修二三与必修四文化_题源分类准备_20260617_1301/03_question_index/question_candidates.csv,"{""target"": ""B3_POLITICS_RULE_OF_LAW"", ""target_score"": 2, ""boundary"": ""B1_EXCLUDED"", ""boundary_score"": 1, ""matches"": {""B3_POLITICS_RULE_OF_LAW"": ""中国共产党,boost:中国共产党"", ""B1_EXCLUDED"": ""改革开放""}}",future_baodian_intake,main_matrix_original
2026_朝阳_一模,2026,朝阳,一模,10,,question,XB2_EXCLUDED,objective,/Users/wanglifei/Desktop/2026模拟题/2026各区一模/2026朝阳一模/试卷/试卷.pdf,paper,module-boundary-excluded,/Users/wanglifei/Desktop/北京高考政治/reports/必修二三与必修四文化_题源分类准备_20260617_1301/03_question_index/question_candidates.csv,"{""target"": ""B2_ECONOMICS"", ""target_score"": 0, ""boundary"": ""XB2_EXCLUDED"", ""boundary_score"": 3, ""matches"": {""XB2_EXCLUDED"": ""专利,boost:专利""}, ""explicit_boundary_modules"": {""XB2_EXCLUDED"": [""专利""]}, ""override"": ""explicit_boundary_term""}",exclude_from_three_target_lines,main_matrix_original
2026_朝阳_一模,2026,朝阳,一模,11,,question,XB2_EXCLUDED,objective,/Users/wanglifei/Desktop/2026模拟题/2026各区一模/2026朝阳一模/试卷/试卷.pdf,paper,module-boundary-excluded,/Users/wanglifei/Desktop/北京高考政治/reports/必修二三与必修四文化_题源分类准备_20260617_1301/03_question_index/question_candidates.csv,"{""target"": ""B3_POLITICS_RULE_OF_LAW"", ""target_score"": 3, ""boundary"": ""XB2_EXCLUDED"", ""boundary_score"": 6, ""matches"": {""B3_POLITICS_RULE_OF_LAW"": ""行政机关,法院"", ""B4_PHILOSOPHY_EXCLUDED"": ""实践,矛盾,人民群众,boost:矛盾,boost:人民群众"", ""XB2_EXCLUDED"": ""诉讼,调解,赔偿,boost:诉讼,boost:调解""}, ""explicit_boundary_modules"": {""XB2_EXCLUDED"": [""诉讼""]}, ""override"": ""explicit_boundary_term""}",exclude_from_three_target_lines,main_matrix_original
2026_朝阳_一模,2026,朝阳,一模,12,,question,B2_ECONOMICS,objective,/Users/wanglifei/Desktop/2026模拟题/2026各区一模/2026朝阳一模/试卷/试卷.pdf,paper,included,05_reports/strong_blocker_resolution_audit.csv,"{""rule_id"": ""STRONG_BLOCKER_B2_INTELLIGENT_ECONOMY_PATH"", ""matched_terms"": ""智能经济,数据要素,产业智能化,资源要素"", ""source"": ""strong_blocker_resolution_review.csv"", ""evidence_source_type"": ""paper"", ""prior_status"": ""blocked"", ""prior_next_action"": ""manual_review_needed""}",future_baodian_intake,strong_blocker_resolution
2026_朝阳_一模,2026,朝阳,一模,13,,question,B2_ECONOMICS,objective,/Users/wanglifei/Desktop/2026模拟题/2026各区一模/2026朝阳一模/试卷/试卷.pdf,paper,included,05_reports/prompt_resolution_audit.csv,"{""override"": ""strict_prompt_resolution"", ""rule_id"": ""B2_EXPLICIT_ECONOMICS_PROMPT"", ""matched_terms"": ""消费"", ""prompt_source"": ""paper"", ""prompt"": ""2025 年国内制造业依然处于结构性调整之中。 2025 年中国制造业部分行业营业收入与营业利润情况 第4页/共13页 行业类别 营业收入(亿 元) 增速 (%) 营业利润(亿 元) 增速 (%) 食品制造业 21916 -0.2 1687 -4.6 家具制造业 6125 -10.7 328 -12.1 计算机、通信和其他电子设备制造 业 174052 7.4 7509 19.5 仪器仪表制造业 11329 4.2 1160 3.1 废弃资源综合利用业 13085 5.7 293 25.1 下列说法正确的是( ) 1电子设备制造业快速发展有利于工业数智化转型 2传统产业规模大幅下降促进消费结构不断优化升级 3仪器仪表制造业规模化发展将助力质量监测和智能制造 4废弃资源综合利用业利润率处于以上行业最高水平 A. 12 B. 13 C. 24 D. 34"", ""previous_decision"": ""{\""target\"": \""B2_ECONOMICS\"", \""target_score\"": 1, \""boundary\"": \""B4_PHILOSOPHY_EXCLUDED\"", \""boundary_score\"": 0, \""matches\"": {\""B2_ECONOMICS\"": \""消费\""}}""}",future_baodian_intake,prompt_resolved_from_main_matrix_original
2026_朝阳_一模,2026,朝阳,一模,14,,question,B2_ECONOMICS,objective,/Users/wanglifei/Desktop/2026模拟题/2026各区一模/2026朝阳一模/试卷/试卷.pdf,paper,included,/Users/wanglifei/Desktop/北京高考政治/reports/必修二三与必修四文化_题源分类准备_20260617_1301/03_question_index/question_candidates.csv,"{""target"": ""B2_ECONOMICS"", ""target_score"": 2, ""boundary"": ""B4_PHILOSOPHY_EXCLUDED"", ""boundary_score"": 0, ""matches"": {""B2_ECONOMICS"": ""生产要素,boost:生产要素"", ""B3_POLITICS_RULE_OF_LAW"": ""国家治理,boost:国家治理""}}",future_baodian_intake,main_matrix_original
2026_朝阳_一模,2026,朝阳,一模,15,,question,XB1_EXCLUDED,objective,/Users/wanglifei/Desktop/2026模拟题/2026各区一模/2026朝阳一模/试卷/试卷.pdf,paper,module-boundary-excluded,/Users/wanglifei/Desktop/北京高考政治/reports/必修二三与必修四文化_题源分类准备_20260617_1301/03_question_index/question_candidates.csv,"{""target"": ""B2_ECONOMICS"", ""target_score"": 0, ""boundary"": ""XB1_EXCLUDED"", ""boundary_score"": 4, ""matches"": {""XB1_EXCLUDED"": ""全球治理,人类命运共同体,boost:全球治理,boost:人类命运共同体""}, ""explicit_boundary_modules"": {""XB1_EXCLUDED"": [""全球治理"", ""人类命运共同体""]}, ""override"": ""explicit_boundary_term""}",exclude_from_three_target_lines,main_matrix_original
2026_朝阳_一模,2026,朝阳,一模,16,,question,B4_PHILOSOPHY_EXCLUDED,subjective,/Users/wanglifei/Desktop/2026模拟题/2026各区一模/2026朝阳一模/试卷/试卷.pdf,paper,module-boundary-excluded,/Users/wanglifei/Desktop/北京高考政治/reports/必修二三与必修四文化_题源分类准备_20260617_1301/03_question_index/question_candidates.csv,"{""target"": ""B4_CULTURE"", ""target_score"": 20, ""boundary"": ""B4_PHILOSOPHY_EXCLUDED"", ""boundary_score"": 33, ""matches"": {""B4_CULTURE"": ""文化,中华优秀传统文化,优秀传统文化,传统文化,文化自信,boost:中华优秀传统文化,boost:优秀传统文化,boost:传统文化,boost:文化自信"", ""B4_PHILOSOPHY_EXCLUDED"": ""实践,认识,联系的观点,联系的普遍性,系统优化,矛盾,主观能动性,尊重客观规律,boost:联系的观点,boost:联系的普遍性,boost:系统优化,boost:矛盾""}, ""explicit_boundary_modules"": {""B4_PHILOSOPHY_EXCLUDED"": [""系统优化""]}, ""override"": ""explicit_boundary_term""}",exclude_from_three_target_lines,main_matrix_original
2026_朝阳_一模,2026,朝阳,一模,17,,question,XB3_EXCLUDED,subjective,/Users/wanglifei/Desktop/2026模拟题/2026各区一模/2026朝阳一模/试卷/试卷.pdf,paper,module-boundary-excluded,05_reports/source_explicit_target_component_audit.csv,"{""rule_id"": ""SOURCE_EXPLICIT_PARENT_REMAINDER_XB3_MUSEUM_CREATIVE_DESIGN"", ""source"": ""source_explicit_target_component_audit.csv"", ""prior_book_module"": ""UNKNOWN_OR_MIXED"", ""prior_status"": ""blocked""}",target_component_extracted_remainder_excluded,source_explicit_parent_remainder_closed
2026_朝阳_一模,2026,朝阳,一模,18,,question,XB2_EXCLUDED,subjective,/Users/wanglifei/Desktop/2026模拟题/2026各区一模/2026朝阳一模/试卷/试卷.pdf,paper,module-boundary-excluded,/Users/wanglifei/Desktop/北京高考政治/reports/必修二三与必修四文化_题源分类准备_20260617_1301/03_question_index/question_candidates.csv,"{""target"": ""B3_POLITICS_RULE_OF_LAW"", ""target_score"": 13, ""boundary"": ""XB2_EXCLUDED"", ""boundary_score"": 45, ""matches"": {""B2_ECONOMICS"": ""新质生产力,boost:新质生产力"", ""B3_POLITICS_RULE_OF_LAW"": ""法院"", ""B4_PHILOSOPHY_EXCLUDED"": ""实践"", ""XB2_EXCLUDED"": ""法律与生活,侵权,知识产权,诉讼,调解,侵权责任,赔偿,专利,boost:法律与生活,boost:侵权,boost:知识产权,boost:诉讼""}, ""explicit_boundary_modules"": {""XB2_EXCLUDED"": [""法律与生活"", ""侵权"", ""知识产权"", ""诉讼"", ""专利""]}, ""override"": ""explicit_boundary_term""}",exclude_from_three_target_lines,main_matrix_original
2026_朝阳_一模,2026,朝阳,一模,19,,question,B2_ECONOMICS,subjective,/Users/wanglifei/Desktop/2026模拟题/2026各区一模/2026朝阳一模/试卷/试卷.pdf,paper,included,/Users/wanglifei/Desktop/北京高考政治/reports/必修二三与必修四文化_题源分类准备_20260617_1301/03_question_index/question_candidates.csv,"{""target"": ""B2_ECONOMICS"", ""target_score"": 30, ""boundary"": ""B4_PHILOSOPHY_EXCLUDED"", ""boundary_score"": 0, ""matches"": {""B2_ECONOMICS"": ""经济与社会,有效市场,有为政府,宏观调控,新发展理念,实体经济,产业链,供应链,经济增长,boost:经济与社会,boost:宏观调控,boost:新发展理念"", ""B3_POLITICS_RULE_OF_LAW"": ""政府""}}",future_baodian_intake,main_matrix_original
2026_朝阳_一模,2026,朝阳,一模,2,,question,B4_PHILOSOPHY_EXCLUDED,objective,/Users/wanglifei/Desktop/2026模拟题/2026各区一模/2026朝阳一模/试卷/试卷.pdf,paper,module-boundary-excluded,/Users/wanglifei/Desktop/北京高考政治/reports/必修二三与必修四文化_题源分类准备_20260617_1301/03_question_index/question_candidates.csv,"{""target"": ""B2_ECONOMICS"", ""target_score"": 0, ""boundary"": ""B4_PHILOSOPHY_EXCLUDED"", ""boundary_score"": 2, ""matches"": {""B4_PHILOSOPHY_EXCLUDED"": ""价值观的导向,boost:价值观的导向""}}",exclude_from_three_target_lines,main_matrix_original
2026_朝阳_一模,2026,朝阳,一模,20,,question,XB1_EXCLUDED,subjective,/Users/wanglifei/Desktop/2026模拟题/2026各区一模/2026朝阳一模/试卷/试卷.pdf,paper,module-boundary-excluded,/Users/wanglifei/Desktop/北京高考政治/reports/必修二三与必修四文化_题源分类准备_20260617_1301/03_question_index/question_candidates.csv,"{""target"": ""B2_ECONOMICS"", ""target_score"": 7, ""boundary"": ""XB1_EXCLUDED"", ""boundary_score"": 17, ""matches"": {""B2_ECONOMICS"": ""高质量发展,消费,产业链,经济增长,boost:高质量发展,boost:产业链,boost:经济增长"", ""XB1_EXCLUDED"": ""当代国际政治与经济,国际关系,全球治理,经济全球化,人类命运共同体,南南合作,对外开放,boost:当代国际政治与经济,boost:国际关系,boost:全球治理,boost:经济全球化,boost:人类命运共同体""}, ""explicit_boundary_modules"": {""XB1_EXCLUDED"": [""当代国际政治与经济"", ""经济全球化"", ""国际关系"", ""全球治理"", ""人类命运共同体""]}, ""override"": ""explicit_boundary_term""}",exclude_from_three_target_lines,main_matrix_original
2026_朝阳_一模,2026,朝阳,一模,21,,question,B3_POLITICS_RULE_OF_LAW,subjective,/Users/wanglifei/Desktop/2026模拟题/2026各区一模/2026朝阳一模/试卷/试卷.pdf,paper,included,/Users/wanglifei/Desktop/北京高考政治/reports/必修二三与必修四文化_题源分类准备_20260617_1301/03_question_index/question_candidates.csv,"{""target"": ""B3_POLITICS_RULE_OF_LAW"", ""target_score"": 13, ""boundary"": ""B1_EXCLUDED"", ""boundary_score"": 4, ""matches"": {""B2_ECONOMICS"": ""高质量发展,共同富裕,区域协调,boost:高质量发展,boost:共同富裕"", ""B3_POLITICS_RULE_OF_LAW"": ""宪法,国家治理,全国人大,科学立法,boost:宪法,boost:国家治理,boost:全国人大,boost:科学立法"", ""B4_PHILOSOPHY_EXCLUDED"": ""实践"", ""B1_EXCLUDED"": ""中国特色社会主义""}}",future_baodian_intake,main_matrix_original
2026_朝阳_一模,2026,朝阳,一模,3,,question,B4_PHILOSOPHY_EXCLUDED,objective,/Users/wanglifei/Desktop/北京高考政治/reports/必修二三与必修四文化_题源分类准备_20260617_1301/02_text_cache/texts/585b15124610aff7.txt | /Users/wanglifei/Desktop/北京高考政治/reports/必修二三与必修四文化_题源分类准备_20260617_1301/02_text_cache/texts/585b15124610aff7.txt,paper+answer_key,module-boundary-excluded,05_reports/culture_hint_final_cleanup_audit.csv,"{""rule_id"": ""CULTURE_HINT_CHAOYANG_Q3_ANSWER_D_PARENT_REMAINDER"", ""matched_terms"": ""答案D,文化自信,传统文化,科技赋能,辩证否定"", ""basis"": ""答案键显示第3题为 D；文化自信和传统文化科技赋能组件已入 B4_CULTURE，父题余项按辩证否定等哲学边界关闭。"", ""source"": ""culture_hint_final_cleanup_audit.csv"", ""prior_book_module"": ""UNKNOWN_OR_MIXED"", ""prior_status"": ""blocked""}",exclude_from_three_target_lines,culture_hint_final_cleanup
2026_朝阳_一模,2026,朝阳,一模,4,,question,XB1_EXCLUDED,objective,/Users/wanglifei/Desktop/2026模拟题/2026各区一模/2026朝阳一模/试卷/试卷.pdf,paper,module-boundary-excluded,/Users/wanglifei/Desktop/北京高考政治/reports/必修二三与必修四文化_题源分类准备_20260617_1301/03_question_index/question_candidates.csv,"{""target"": ""B4_CULTURE"", ""target_score"": 6, ""boundary"": ""XB1_EXCLUDED"", ""boundary_score"": 4, ""matches"": {""B4_CULTURE"": ""文化,文明交流互鉴,boost:文明交流互鉴"", ""XB1_EXCLUDED"": ""人类命运共同体,外交,boost:人类命运共同体,boost:外交"", ""B1_EXCLUDED"": ""中国特色社会主义""}, ""explicit_boundary_modules"": {""XB1_EXCLUDED"": [""人类命运共同体""]}, ""override"": ""explicit_boundary_term""}",exclude_from_three_target_lines,main_matrix_original
2026_朝阳_一模,2026,朝阳,一模,5,,question,XB3_EXCLUDED,objective,/Users/wanglifei/Desktop/2026模拟题/2026各区一模/2026朝阳一模/试卷/试卷.pdf,paper,module-boundary-excluded,/Users/wanglifei/Desktop/北京高考政治/reports/必修二三与必修四文化_题源分类准备_20260617_1301/03_question_index/question_candidates.csv,"{""target"": ""B2_ECONOMICS"", ""target_score"": 0, ""boundary"": ""XB3_EXCLUDED"", ""boundary_score"": 4, ""matches"": {""XB3_EXCLUDED"": ""概念外延,假言判断,boost:概念外延,boost:假言判断""}, ""explicit_boundary_modules"": {""XB3_EXCLUDED"": [""概念外延"", ""假言""]}, ""override"": ""explicit_boundary_term""}",exclude_from_three_target_lines,main_matrix_original
2026_朝阳_一模,2026,朝阳,一模,6,,question,XB3_EXCLUDED,objective,/Users/wanglifei/Desktop/2026模拟题/2026各区一模/2026朝阳一模/试卷/试卷.pdf,paper,module-boundary-excluded,/Users/wanglifei/Desktop/北京高考政治/reports/必修二三与必修四文化_题源分类准备_20260617_1301/03_question_index/question_candidates.csv,"{""target"": ""B4_CULTURE"", ""target_score"": 1, ""boundary"": ""XB3_EXCLUDED"", ""boundary_score"": 4, ""matches"": {""B4_CULTURE"": ""文化"", ""XB3_EXCLUDED"": ""辩证思维,聚合思维,boost:辩证思维,boost:聚合思维""}, ""explicit_boundary_modules"": {""XB3_EXCLUDED"": [""辩证思维""]}, ""override"": ""explicit_boundary_term""}",exclude_from_three_target_lines,main_matrix_original
2026_朝阳_一模,2026,朝阳,一模,7,,question,XB3_EXCLUDED,objective,/Users/wanglifei/Desktop/2026模拟题/2026各区一模/2026朝阳一模/试卷/试卷.pdf,paper,module-boundary-excluded,/Users/wanglifei/Desktop/北京高考政治/reports/必修二三与必修四文化_题源分类准备_20260617_1301/03_question_index/question_candidates.csv,"{""target"": ""B2_ECONOMICS"", ""target_score"": 0, ""boundary"": ""XB3_EXCLUDED"", ""boundary_score"": 4, ""matches"": {""XB3_EXCLUDED"": ""超前思维,推理,boost:超前思维,boost:推理""}, ""explicit_boundary_modules"": {""XB3_EXCLUDED"": [""超前思维"", ""推理""]}, ""override"": ""explicit_boundary_term""}",exclude_from_three_target_lines,main_matrix_original
2026_朝阳_一模,2026,朝阳,一模,8,,question,B3_POLITICS_RULE_OF_LAW,objective,/Users/wanglifei/Desktop/2026模拟题/2026各区一模/2026朝阳一模/试卷/试卷.pdf,paper,included,/Users/wanglifei/Desktop/北京高考政治/reports/必修二三与必修四文化_题源分类准备_20260617_1301/03_question_index/question_candidates.csv,"{""target"": ""B3_POLITICS_RULE_OF_LAW"", ""target_score"": 11, ""boundary"": ""B4_PHILOSOPHY_EXCLUDED"", ""boundary_score"": 2, ""matches"": {""B2_ECONOMICS"": ""高质量发展,养老服务,boost:高质量发展,boost:养老服务"", ""B3_POLITICS_RULE_OF_LAW"": ""人大代表,政协,全过程人民民主,全国人大,立法权,boost:人大代表,boost:政协,boost:全过程人民民主,boost:全国人大"", ""B4_PHILOSOPHY_EXCLUDED"": ""人民群众,boost:人民群众""}}",future_baodian_intake,main_matrix_original
2026_朝阳_一模,2026,朝阳,一模,9,,question,B3_POLITICS_RULE_OF_LAW,objective,/Users/wanglifei/Desktop/2026模拟题/2026各区一模/2026朝阳一模/试卷/试卷.pdf,paper,included,/Users/wanglifei/Desktop/北京高考政治/reports/必修二三与必修四文化_题源分类准备_20260617_1301/03_question_index/question_candidates.csv,"{""target"": ""B3_POLITICS_RULE_OF_LAW"", ""target_score"": 20, ""boundary"": ""B4_PHILOSOPHY_EXCLUDED"", ""boundary_score"": 1, ""matches"": {""B3_POLITICS_RULE_OF_LAW"": ""党的领导,人民当家作主,法治政府,依法行政,法治国家,严格执法,公正司法,全民守法,政府,全国人大,科学立法,boost:党的领导"", ""B4_PHILOSOPHY_EXCLUDED"": ""实践""}}",future_baodian_intake,main_matrix_original
2026_朝阳_二模,2026,朝阳,二模,1,,question,XB1_EXCLUDED,objective,/Users/wanglifei/Desktop/2026模拟题/2026各区二模/2026朝阳二模/试卷/2026北京朝阳高三二模政治（教师版）.docx,paper,module-boundary-excluded,/Users/wanglifei/Desktop/北京高考政治/reports/必修二三与必修四文化_题源分类准备_20260617_1301/03_question_index/question_candidates.csv,"{""target"": ""B2_ECONOMICS"", ""target_score"": 2, ""boundary"": ""XB1_EXCLUDED"", ""boundary_score"": 3, ""matches"": {""B2_ECONOMICS"": ""高质量发展,boost:高质量发展"", ""B3_POLITICS_RULE_OF_LAW"": ""政府"", ""B4_CULTURE"": ""长征精神,boost:长征精神"", ""XB1_EXCLUDED"": ""人类命运共同体,boost:人类命运共同体""}, ""explicit_boundary_modules"": {""XB1_EXCLUDED"": [""人类命运共同体""]}, ""override"": ""explicit_boundary_term""}",exclude_from_three_target_lines,main_matrix_original
2026_朝阳_二模,2026,朝阳,二模,10,,question,B4_CULTURE,objective,/Users/wanglifei/Desktop/2026模拟题/2026各区二模/2026朝阳二模/试卷/2026北京朝阳高三二模政治（教师版）.docx,paper,included,/Users/wanglifei/Desktop/北京高考政治/reports/必修二三与必修四文化_题源分类准备_20260617_1301/03_question_index/question_candidates.csv,"{""target"": ""B4_CULTURE"", ""target_score"": 2, ""boundary"": ""B4_PHILOSOPHY_EXCLUDED"", ""boundary_score"": 0, ""matches"": {""B4_CULTURE"": ""社会主义核心价值观,boost:社会主义核心价值观""}}",future_baodian_intake,main_matrix_original
2026_朝阳_二模,2026,朝阳,二模,11,,question,XB2_EXCLUDED,objective,/Users/wanglifei/Desktop/2026模拟题/2026各区二模/2026朝阳二模/试卷/2026北京朝阳高三二模政治（教师版）.docx,paper,module-boundary-excluded,/Users/wanglifei/Desktop/北京高考政治/reports/必修二三与必修四文化_题源分类准备_20260617_1301/03_question_index/question_candidates.csv,"{""target"": ""B2_ECONOMICS"", ""target_score"": 1, ""boundary"": ""XB2_EXCLUDED"", ""boundary_score"": 15, ""matches"": {""B2_ECONOMICS"": ""劳动者"", ""B3_POLITICS_RULE_OF_LAW"": ""法院"", ""XB2_EXCLUDED"": ""合同,劳动合同,诉讼,仲裁,违约,boost:合同,boost:劳动合同,boost:诉讼,boost:仲裁,boost:违约""}, ""explicit_boundary_modules"": {""XB2_EXCLUDED"": [""合同"", ""诉讼"", ""劳动合同""]}, ""override"": ""explicit_boundary_term""}",exclude_from_three_target_lines,main_matrix_original
2026_朝阳_二模,2026,朝阳,二模,12,,question,B2_ECONOMICS,objective,/Users/wanglifei/Desktop/2026模拟题/2026各区二模/2026朝阳二模/试卷/2026北京朝阳高三二模政治（教师版）.docx,paper,included,/Users/wanglifei/Desktop/北京高考政治/reports/必修二三与必修四文化_题源分类准备_20260617_1301/03_question_index/question_candidates.csv,"{""target"": ""B2_ECONOMICS"", ""target_score"": 3, ""boundary"": ""B4_PHILOSOPHY_EXCLUDED"", ""boundary_score"": 0, ""matches"": {""B2_ECONOMICS"": ""GDP,boost:GDP""}}",future_baodian_intake,main_matrix_original
2026_朝阳_二模,2026,朝阳,二模,13,,question,B2_ECONOMICS,objective,/Users/wanglifei/Desktop/2026模拟题/2026各区二模/2026朝阳二模/试卷/2026北京朝阳高三二模政治（教师版）.docx,paper,included,/Users/wanglifei/Desktop/北京高考政治/reports/必修二三与必修四文化_题源分类准备_20260617_1301/03_question_index/question_candidates.csv,"{""target"": ""B2_ECONOMICS"", ""target_score"": 9, ""boundary"": ""B4_PHILOSOPHY_EXCLUDED"", ""boundary_score"": 0, ""matches"": {""B2_ECONOMICS"": ""高质量发展,消费,扩大内需,就业,boost:高质量发展,boost:扩大内需,boost:就业"", ""B3_POLITICS_RULE_OF_LAW"": ""政府""}}",future_baodian_intake,main_matrix_original
2026_朝阳_二模,2026,朝阳,二模,14,,question,B2_ECONOMICS,objective,/Users/wanglifei/Desktop/2026模拟题/2026各区二模/2026朝阳二模/试卷/2026北京朝阳高三二模政治（教师版）.docx,paper,included,/Users/wanglifei/Desktop/北京高考政治/reports/必修二三与必修四文化_题源分类准备_20260617_1301/03_question_index/question_candidates.csv,"{""target"": ""B2_ECONOMICS"", ""target_score"": 2, ""boundary"": ""B4_PHILOSOPHY_EXCLUDED"", ""boundary_score"": 0, ""matches"": {""B2_ECONOMICS"": ""高质量发展,boost:高质量发展""}}",future_baodian_intake,main_matrix_original
2026_朝阳_二模,2026,朝阳,二模,15,,question,XB1_EXCLUDED,objective,/Users/wanglifei/Desktop/2026模拟题/2026各区二模/2026朝阳二模/试卷/2026北京朝阳高三二模政治（教师版）.docx,paper,module-boundary-excluded,/Users/wanglifei/Desktop/北京高考政治/reports/必修二三与必修四文化_题源分类准备_20260617_1301/03_question_index/question_candidates.csv,"{""target"": ""B2_ECONOMICS"", ""target_score"": 3, ""boundary"": ""XB1_EXCLUDED"", ""boundary_score"": 3, ""matches"": {""B2_ECONOMICS"": ""数字经济,boost:数字经济"", ""B3_POLITICS_RULE_OF_LAW"": ""政府"", ""B4_PHILOSOPHY_EXCLUDED"": ""实践"", ""XB1_EXCLUDED"": ""国际组织,boost:国际组织""}, ""explicit_boundary_modules"": {""XB1_EXCLUDED"": [""国际组织""]}, ""override"": ""explicit_boundary_term""}",exclude_from_three_target_lines,main_matrix_original
2026_朝阳_二模,2026,朝阳,二模,16,,question,B4_CULTURE,subjective,/Users/wanglifei/Desktop/2026模拟题/2026各区二模/2026朝阳二模/试卷/2026北京朝阳高三二模政治（教师版）.docx,paper,included,/Users/wanglifei/Desktop/北京高考政治/reports/必修二三与必修四文化_题源分类准备_20260617_1301/03_question_index/question_candidates.csv,"{""target"": ""B4_CULTURE"", ""target_score"": 28, ""boundary"": ""B4_PHILOSOPHY_EXCLUDED"", ""boundary_score"": 2, ""matches"": {""B3_POLITICS_RULE_OF_LAW"": ""政治与法治,政府,基层治理,boost:政治与法治,boost:基层治理"", ""B4_CULTURE"": ""文化,中华优秀传统文化,优秀传统文化,传统文化,社会主义核心价值观,中轴线,文化软实力,boost:中华优秀传统文化,boost:优秀传统文化,boost:传统文化,boost:社会主义核心价值观,boost:中轴线"", ""B4_PHILOSOPHY_EXCLUDED"": ""矛盾,boost:矛盾""}}",future_baodian_intake,main_matrix_original
2026_朝阳_二模,2026,朝阳,二模,17,,question,B3_POLITICS_RULE_OF_LAW,subjective,/Users/wanglifei/Desktop/2026模拟题/2026各区二模/2026朝阳二模/试卷/2026北京朝阳高三二模政治（教师版）.docx,paper,included,/Users/wanglifei/Desktop/北京高考政治/reports/必修二三与必修四文化_题源分类准备_20260617_1301/03_question_index/question_candidates.csv,"{""target"": ""B3_POLITICS_RULE_OF_LAW"", ""target_score"": 23, ""boundary"": ""B4_PHILOSOPHY_EXCLUDED"", ""boundary_score"": 0, ""matches"": {""B3_POLITICS_RULE_OF_LAW"": ""政治与法治,党的领导,基层群众自治,全民守法,科学立法,党组织,基层治理,boost:政治与法治,boost:党的领导,boost:基层群众自治,boost:全民守法,boost:科学立法""}}",future_baodian_intake,main_matrix_original
2026_朝阳_二模,2026,朝阳,二模,18,,question,XB2_EXCLUDED,subjective,/Users/wanglifei/Desktop/2026模拟题/2026各区二模/2026朝阳二模/试卷/2026北京朝阳高三二模政治（教师版）.docx,paper,module-boundary-excluded,/Users/wanglifei/Desktop/北京高考政治/reports/必修二三与必修四文化_题源分类准备_20260617_1301/03_question_index/question_candidates.csv,"{""target"": ""B3_POLITICS_RULE_OF_LAW"", ""target_score"": 4, ""boundary"": ""XB2_EXCLUDED"", ""boundary_score"": 61, ""matches"": {""B3_POLITICS_RULE_OF_LAW"": ""全面依法治国,宪法,boost:全面依法治国,boost:宪法"", ""XB2_EXCLUDED"": ""法律与生活,民法典,侵权,诉讼,调解,仲裁,相邻关系,人格权,举证,民事,民事主体,侵权责任"", ""XB3_EXCLUDED"": ""逻辑与思维,boost:逻辑与思维""}, ""explicit_boundary_modules"": {""XB2_EXCLUDED"": [""法律与生活"", ""民法典"", ""侵权"", ""诉讼"", ""民事"", ""所有权"", ""人格权""], ""XB3_EXCLUDED"": [""逻辑与思维""]}, ""override"": ""explicit_boundary_term""}",exclude_from_three_target_lines,main_matrix_original
2026_朝阳_二模,2026,朝阳,二模,19(1),19,subquestion,XB3_EXCLUDED,subjective,/Users/wanglifei/Desktop/2026模拟题/2026各区二模/2026朝阳二模/试卷/2026北京朝阳高三二模政治（教师版）.docx,paper,module-boundary-excluded,04_module_classification/subquestion_split_matrix.csv,"{""target"": ""B2_ECONOMICS"", ""target_score"": 0, ""boundary"": ""XB3_EXCLUDED"", ""boundary_score"": 2, ""matches"": {""XB3_EXCLUDED"": ""逻辑与思维,boost:逻辑与思维""}, ""explicit_boundary_modules"": {""XB3_EXCLUDED"": [""逻辑与思维""]}, ""override"": ""explicit_boundary_term""}",exclude_from_three_target_lines,subquestion_integrated_boundary
2026_朝阳_二模,2026,朝阳,二模,19(2),19,subquestion,B2_ECONOMICS,subjective,/Users/wanglifei/Desktop/2026模拟题/2026各区二模/2026朝阳二模/试卷/2026北京朝阳高三二模政治（教师版）.docx,paper,included,04_module_classification/subquestion_split_matrix.csv,"{""target"": ""B2_ECONOMICS"", ""target_score"": 2, ""boundary"": ""B4_PHILOSOPHY_EXCLUDED"", ""boundary_score"": 0, ""matches"": {""B2_ECONOMICS"": ""经济与社会,boost:经济与社会""}}",future_baodian_intake,subquestion_integrated_target
2026_朝阳_二模,2026,朝阳,二模,2,,question,XB1_EXCLUDED,objective,/Users/wanglifei/Desktop/2026模拟题/2026各区二模/2026朝阳二模/试卷/2026北京朝阳高三二模政治（教师版）.docx,paper,module-boundary-excluded,/Users/wanglifei/Desktop/北京高考政治/reports/必修二三与必修四文化_题源分类准备_20260617_1301/03_question_index/question_candidates.csv,"{""target"": ""B4_CULTURE"", ""target_score"": 29, ""boundary"": ""XB1_EXCLUDED"", ""boundary_score"": 8, ""matches"": {""B2_ECONOMICS"": ""新发展理念,新质生产力,供给侧,boost:新发展理念,boost:新质生产力"", ""B3_POLITICS_RULE_OF_LAW"": ""政府"", ""B4_CULTURE"": ""文化,中华优秀传统文化,优秀传统文化,传统文化,文化强国,民族精神,文明交流互鉴,文化遗产,非遗,文旅,文化产业,boost:中华优秀传统文化"", ""B4_PHILOSOPHY_EXCLUDED"": ""实践"", ""XB1_EXCLUDED"": ""国际关系,联合国,人类命运共同体,boost:国际关系,boost:联合国,boost:人类命运共同体""}, ""explicit_boundary_modules"": {""XB1_EXCLUDED"": [""国际关系"", ""联合国"", ""人类命运共同体""]}, ""override"": ""explicit_boundary_term""}",exclude_from_three_target_lines,main_matrix_original
2026_朝阳_二模,2026,朝阳,二模,20,,question,XB1_EXCLUDED,subjective,/Users/wanglifei/Desktop/2026模拟题/2026各区二模/2026朝阳二模/试卷/2026北京朝阳高三二模政治（教师版）.docx,paper,module-boundary-excluded,/Users/wanglifei/Desktop/北京高考政治/reports/必修二三与必修四文化_题源分类准备_20260617_1301/03_question_index/question_candidates.csv,"{""target"": ""B4_CULTURE"", ""target_score"": 1, ""boundary"": ""XB1_EXCLUDED"", ""boundary_score"": 14, ""matches"": {""B4_CULTURE"": ""文化"", ""XB1_EXCLUDED"": ""当代国际政治与经济,国际关系,国家利益,和平与发展,人类命运共同体,boost:当代国际政治与经济,boost:国际关系,boost:国家利益,boost:和平与发展,boost:人类命运共同体""}, ""explicit_boundary_modules"": {""XB1_EXCLUDED"": [""当代国际政治与经济"", ""国际关系"", ""国家利益"", ""人类命运共同体""]}, ""override"": ""explicit_boundary_term""}",exclude_from_three_target_lines,main_matrix_original
2026_朝阳_二模,2026,朝阳,二模,21,,question,B3_POLITICS_RULE_OF_LAW,subjective,/Users/wanglifei/Desktop/2026模拟题/2026各区二模/2026朝阳二模/试卷/2026北京朝阳高三二模政治（教师版）.docx,paper,included,/Users/wanglifei/Desktop/北京高考政治/reports/必修二三与必修四文化_题源分类准备_20260617_1301/03_question_index/question_candidates.csv,"{""target"": ""B3_POLITICS_RULE_OF_LAW"", ""target_score"": 6, ""boundary"": ""B4_PHILOSOPHY_EXCLUDED"", ""boundary_score"": 1, ""matches"": {""B2_ECONOMICS"": ""高质量发展,boost:高质量发展"", ""B3_POLITICS_RULE_OF_LAW"": ""中国共产党,党的领导,全过程人民民主,boost:中国共产党,boost:党的领导,boost:全过程人民民主"", ""B4_PHILOSOPHY_EXCLUDED"": ""认识""}}",future_baodian_intake,main_matrix_original
2026_朝阳_二模,2026,朝阳,二模,3,,question,B4_PHILOSOPHY_EXCLUDED,objective,/Users/wanglifei/Desktop/2026模拟题/2026各区二模/2026朝阳二模/试卷/2026北京朝阳高三二模政治（教师版）.docx,paper,module-boundary-excluded,/Users/wanglifei/Desktop/北京高考政治/reports/必修二三与必修四文化_题源分类准备_20260617_1301/03_question_index/question_candidates.csv,"{""target"": ""B3_POLITICS_RULE_OF_LAW"", ""target_score"": 3, ""boundary"": ""B4_PHILOSOPHY_EXCLUDED"", ""boundary_score"": 12, ""matches"": {""B2_ECONOMICS"": ""有效市场,有为政府"", ""B3_POLITICS_RULE_OF_LAW"": ""党的领导,政府,boost:党的领导"", ""B4_PHILOSOPHY_EXCLUDED"": ""实践,认识,量变,质变,社会存在,社会意识,boost:量变,boost:质变,boost:社会存在,boost:社会意识"", ""XB1_EXCLUDED"": ""当代国际政治与经济,国际关系,国家利益,和平与发展,人类命运共同体,boost:当代国际政治与经济,boost:国际关系,boost:国家利益,boost:和平与发展,boost:人类命运共同体""}, ""explicit_boundary_modules"": {""XB1_EXCLUDED"": [""当代国际政治与经济"", ""国际关系"", ""国家利益"", ""人类命运共同体""], ""B4_PHILOSOPHY_EXCLUDED"": [""社会存在"", ""社会意识""]}, ""override"": ""explicit_boundary_term""}",exclude_from_three_target_lines,main_matrix_original
2026_朝阳_二模,2026,朝阳,二模,4,,question,B3_POLITICS_RULE_OF_LAW,objective,/Users/wanglifei/Desktop/2026模拟题/2026各区二模/2026朝阳二模/试卷/2026北京朝阳高三二模政治（教师版）.docx,paper,included,/Users/wanglifei/Desktop/北京高考政治/reports/必修二三与必修四文化_题源分类准备_20260617_1301/03_question_index/question_candidates.csv,"{""target"": ""B3_POLITICS_RULE_OF_LAW"", ""target_score"": 2, ""boundary"": ""B4_PHILOSOPHY_EXCLUDED"", ""boundary_score"": 0, ""matches"": {""B3_POLITICS_RULE_OF_LAW"": ""社区治理""}}",future_baodian_intake,main_matrix_original
2026_朝阳_二模,2026,朝阳,二模,5,,question,B4_PHILOSOPHY_EXCLUDED,objective,/Users/wanglifei/Desktop/2026模拟题/2026各区二模/2026朝阳二模/试卷/2026北京朝阳高三二模政治（教师版）.docx,paper,module-boundary-excluded,/Users/wanglifei/Desktop/北京高考政治/reports/必修二三与必修四文化_题源分类准备_20260617_1301/03_question_index/question_candidates.csv,"{""target"": ""B2_ECONOMICS"", ""target_score"": 0, ""boundary"": ""B4_PHILOSOPHY_EXCLUDED"", ""boundary_score"": 2, ""matches"": {""B4_PHILOSOPHY_EXCLUDED"": ""辩证否定,boost:辩证否定""}, ""explicit_boundary_modules"": {""B4_PHILOSOPHY_EXCLUDED"": [""辩证否定""]}, ""override"": ""explicit_boundary_term""}",exclude_from_three_target_lines,main_matrix_original
2026_朝阳_二模,2026,朝阳,二模,6,,question,B2_ECONOMICS,objective,/Users/wanglifei/Desktop/2026模拟题/2026各区二模/2026朝阳二模/试卷/2026北京朝阳高三二模政治（教师版）.docx,paper,included,/Users/wanglifei/Desktop/北京高考政治/reports/必修二三与必修四文化_题源分类准备_20260617_1301/03_question_index/question_candidates.csv,"{""target"": ""B2_ECONOMICS"", ""target_score"": 2, ""boundary"": ""B4_PHILOSOPHY_EXCLUDED"", ""boundary_score"": 0, ""matches"": {""B2_ECONOMICS"": ""高质量发展,boost:高质量发展""}}",future_baodian_intake,main_matrix_original
2026_朝阳_二模,2026,朝阳,二模,7,,question,XB3_EXCLUDED,objective,/Users/wanglifei/Desktop/2026模拟题/2026各区二模/2026朝阳二模/试卷/2026北京朝阳高三二模政治（教师版）.docx,paper,module-boundary-excluded,/Users/wanglifei/Desktop/北京高考政治/reports/必修二三与必修四文化_题源分类准备_20260617_1301/03_question_index/question_candidates.csv,"{""target"": ""B2_ECONOMICS"", ""target_score"": 0, ""boundary"": ""XB3_EXCLUDED"", ""boundary_score"": 5, ""matches"": {""B4_PHILOSOPHY_EXCLUDED"": ""矛盾,boost:矛盾"", ""XB3_EXCLUDED"": ""辩证思维,创新思维,boost:辩证思维,boost:创新思维""}, ""explicit_boundary_modules"": {""XB3_EXCLUDED"": [""辩证思维"", ""创新思维""]}, ""override"": ""explicit_boundary_term""}",exclude_from_three_target_lines,main_matrix_original
2026_朝阳_二模,2026,朝阳,二模,8,,question,B3_POLITICS_RULE_OF_LAW,objective,/Users/wanglifei/Desktop/2026模拟题/2026各区二模/2026朝阳二模/试卷/2026北京朝阳高三二模政治（教师版）.docx,paper,included,/Users/wanglifei/Desktop/北京高考政治/reports/必修二三与必修四文化_题源分类准备_20260617_1301/03_question_index/question_candidates.csv,"{""target"": ""B3_POLITICS_RULE_OF_LAW"", ""target_score"": 9, ""boundary"": ""B4_PHILOSOPHY_EXCLUDED"", ""boundary_score"": 0, ""matches"": {""B3_POLITICS_RULE_OF_LAW"": ""人大代表,全过程人民民主,人大常委会,boost:人大代表,boost:全过程人民民主,boost:人大常委会""}}",future_baodian_intake,main_matrix_original
2026_朝阳_二模,2026,朝阳,二模,9,,question,B3_POLITICS_RULE_OF_LAW,objective,/Users/wanglifei/Desktop/2026模拟题/2026各区二模/2026朝阳二模/试卷/2026北京朝阳高三二模政治（教师版）.docx,paper,included,/Users/wanglifei/Desktop/北京高考政治/reports/必修二三与必修四文化_题源分类准备_20260617_1301/03_question_index/question_candidates.csv,"{""target"": ""B3_POLITICS_RULE_OF_LAW"", ""target_score"": 6, ""boundary"": ""B4_PHILOSOPHY_EXCLUDED"", ""boundary_score"": 1, ""matches"": {""B3_POLITICS_RULE_OF_LAW"": ""法治政府,政府,boost:法治政府"", ""B4_CULTURE"": ""文化,文化产业"", ""B4_PHILOSOPHY_EXCLUDED"": ""实践""}}",future_baodian_intake,main_matrix_original
2026_朝阳_期末,2026,朝阳,期末,1,,question,B2_ECONOMICS,objective,/Users/wanglifei/Desktop/2026模拟题/2026各区期末和期中/2026朝阳期中/试卷/试卷.pdf,paper,included,/Users/wanglifei/Desktop/北京高考政治/reports/必修二三与必修四文化_题源分类准备_20260617_1301/03_question_index/question_candidates.csv,"{""target"": ""B2_ECONOMICS"", ""target_score"": 5, ""boundary"": ""B4_PHILOSOPHY_EXCLUDED"", ""boundary_score"": 0, ""matches"": {""B2_ECONOMICS"": ""公有制,非公有制,民营企业,boost:公有制,boost:非公有制""}}",future_baodian_intake,main_matrix_original
2026_朝阳_期末,2026,朝阳,期末,10,,question,B4_CULTURE,objective,/Users/wanglifei/Desktop/2026模拟题/2026各区期末和期中/2026朝阳期中/试卷/试卷.pdf,paper,included,/Users/wanglifei/Desktop/北京高考政治/reports/必修二三与必修四文化_题源分类准备_20260617_1301/03_question_index/question_candidates.csv,"{""target"": ""B4_CULTURE"", ""target_score"": 13, ""boundary"": ""B4_PHILOSOPHY_EXCLUDED"", ""boundary_score"": 0, ""matches"": {""B4_CULTURE"": ""文化,传统文化,文化创新,文物,boost:传统文化,boost:文化创新,boost:文物""}}",future_baodian_intake,main_matrix_original
2026_朝阳_期末,2026,朝阳,期末,11,,question,XB3_EXCLUDED,objective,/Users/wanglifei/Desktop/2026模拟题/2026各区期末和期中/2026朝阳期中/试卷/试卷.pdf,paper,module-boundary-excluded,05_reports/strong_blocker_resolution_audit.csv,"{""rule_id"": ""STRONG_BLOCKER_XB3_SYLLOGISM_PREMISE"", ""matched_terms"": ""小前提,结论,大前提"", ""source"": ""strong_blocker_resolution_review.csv"", ""evidence_source_type"": ""paper"", ""prior_status"": ""blocked"", ""prior_next_action"": ""manual_review_needed""}",exclude_from_three_target_lines,strong_blocker_resolution
2026_朝阳_期末,2026,朝阳,期末,12,,question,XB3_EXCLUDED,objective,/Users/wanglifei/Desktop/2026模拟题/2026各区期末和期中/2026朝阳期中/试卷/试卷.pdf,paper,module-boundary-excluded,/Users/wanglifei/Desktop/北京高考政治/reports/必修二三与必修四文化_题源分类准备_20260617_1301/03_question_index/question_candidates.csv,"{""target"": ""B2_ECONOMICS"", ""target_score"": 0, ""boundary"": ""XB3_EXCLUDED"", ""boundary_score"": 2, ""matches"": {""XB3_EXCLUDED"": ""逻辑规则,boost:逻辑规则""}}",exclude_from_three_target_lines,main_matrix_original
2026_朝阳_期末,2026,朝阳,期末,13,,question,XB3_EXCLUDED,objective,/Users/wanglifei/Desktop/2026模拟题/2026各区期末和期中/2026朝阳期中/试卷/试卷.pdf,paper,module-boundary-excluded,/Users/wanglifei/Desktop/北京高考政治/reports/必修二三与必修四文化_题源分类准备_20260617_1301/03_question_index/question_candidates.csv,"{""target"": ""B2_ECONOMICS"", ""target_score"": 0, ""boundary"": ""XB3_EXCLUDED"", ""boundary_score"": 6, ""matches"": {""B4_PHILOSOPHY_EXCLUDED"": ""认识"", ""XB3_EXCLUDED"": ""联想思维,推理,类比推理,boost:联想思维,boost:推理,boost:类比推理""}, ""explicit_boundary_modules"": {""XB3_EXCLUDED"": [""推理""]}, ""override"": ""explicit_boundary_term""}",exclude_from_three_target_lines,main_matrix_original
2026_朝阳_期末,2026,朝阳,期末,14,,question,B4_PHILOSOPHY_EXCLUDED,objective,/Users/wanglifei/Desktop/2026模拟题/2026各区期末和期中/2026朝阳期中/试卷/试卷.pdf,paper,module-boundary-excluded,/Users/wanglifei/Desktop/北京高考政治/reports/必修二三与必修四文化_题源分类准备_20260617_1301/03_question_index/question_candidates.csv,"{""target"": ""B2_ECONOMICS"", ""target_score"": 0, ""boundary"": ""B4_PHILOSOPHY_EXCLUDED"", ""boundary_score"": 3, ""matches"": {""B4_PHILOSOPHY_EXCLUDED"": ""实践,认识""}}",exclude_from_three_target_lines,main_matrix_original
2026_朝阳_期末,2026,朝阳,期末,15,,question,B4_PHILOSOPHY_EXCLUDED,objective,/Users/wanglifei/Desktop/2026模拟题/2026各区期末和期中/2026朝阳期中/试卷/试卷.pdf,paper,module-boundary-excluded,/Users/wanglifei/Desktop/北京高考政治/reports/必修二三与必修四文化_题源分类准备_20260617_1301/03_question_index/question_candidates.csv,"{""target"": ""B2_ECONOMICS"", ""target_score"": 0, ""boundary"": ""B4_PHILOSOPHY_EXCLUDED"", ""boundary_score"": 3, ""matches"": {""B4_PHILOSOPHY_EXCLUDED"": ""矛盾,boost:矛盾"", ""XB3_EXCLUDED"": ""关系判断,boost:关系判断""}}",exclude_from_three_target_lines,main_matrix_original
2026_朝阳_期末,2026,朝阳,期末,16,,question,B2_ECONOMICS,subjective,/Users/wanglifei/Desktop/2026模拟题/2026各区期末和期中/2026朝阳期中/试卷/试卷.pdf,paper,included,/Users/wanglifei/Desktop/北京高考政治/reports/必修二三与必修四文化_题源分类准备_20260617_1301/03_question_index/question_candidates.csv,"{""target"": ""B2_ECONOMICS"", ""target_score"": 11, ""boundary"": ""B4_PHILOSOPHY_EXCLUDED"", ""boundary_score"": 0, ""matches"": {""B2_ECONOMICS"": ""经济与社会,高质量发展,消费,产业链,就业,boost:经济与社会,boost:高质量发展,boost:产业链,boost:就业""}}",future_baodian_intake,main_matrix_original
2026_朝阳_期末,2026,朝阳,期末,17,,question,XB1_EXCLUDED,subjective,/Users/wanglifei/Desktop/2026模拟题/2026各区期末和期中/2026朝阳期中/试卷/试卷.pdf,paper,module-boundary-excluded,/Users/wanglifei/Desktop/北京高考政治/reports/必修二三与必修四文化_题源分类准备_20260617_1301/03_question_index/question_candidates.csv,"{""target"": ""B2_ECONOMICS"", ""target_score"": 3, ""boundary"": ""XB1_EXCLUDED"", ""boundary_score"": 4, ""matches"": {""B2_ECONOMICS"": ""高质量发展,基础设施,boost:高质量发展"", ""XB1_EXCLUDED"": ""当代国际政治与经济,人类命运共同体,boost:当代国际政治与经济,boost:人类命运共同体""}, ""explicit_boundary_modules"": {""XB1_EXCLUDED"": [""当代国际政治与经济"", ""人类命运共同体""]}, ""override"": ""explicit_boundary_term""}",exclude_from_three_target_lines,main_matrix_original
2026_朝阳_期末,2026,朝阳,期末,18,,question,B4_PHILOSOPHY_EXCLUDED,subjective,/Users/wanglifei/Desktop/2026模拟题/2026各区期末和期中/2026朝阳期中/试卷/试卷.pdf,paper,module-boundary-excluded,/Users/wanglifei/Desktop/北京高考政治/reports/必修二三与必修四文化_题源分类准备_20260617_1301/03_question_index/question_candidates.csv,"{""target"": ""B2_ECONOMICS"", ""target_score"": 0, ""boundary"": ""B4_PHILOSOPHY_EXCLUDED"", ""boundary_score"": 9, ""matches"": {""B4_PHILOSOPHY_EXCLUDED"": ""实践,认识,价值判断,意识活动,boost:价值判断,boost:意识活动""}, ""explicit_boundary_modules"": {""B4_PHILOSOPHY_EXCLUDED"": [""价值判断"", ""意识活动""]}, ""override"": ""explicit_boundary_term""}",exclude_from_three_target_lines,main_matrix_original
2026_朝阳_期末,2026,朝阳,期末,19,,question,B4_CULTURE,subjective,/Users/wanglifei/Desktop/2026模拟题/2026各区期末和期中/2026朝阳期中/试卷/试卷.pdf,paper,included,/Users/wanglifei/Desktop/北京高考政治/reports/必修二三与必修四文化_题源分类准备_20260617_1301/03_question_index/question_candidates.csv,"{""target"": ""B4_CULTURE"", ""target_score"": 8, ""boundary"": ""XB2_EXCLUDED"", ""boundary_score"": 3, ""matches"": {""B4_CULTURE"": ""文化,民族精神,爱国主义,boost:民族精神,boost:爱国主义"", ""B4_PHILOSOPHY_EXCLUDED"": ""实践"", ""XB2_EXCLUDED"": ""继承,boost:继承""}}",future_baodian_intake,main_matrix_original
2026_朝阳_期末,2026,朝阳,期末,2,,question,XB1_EXCLUDED,objective,/Users/wanglifei/Desktop/2026模拟题/2026各区期末和期中/2026朝阳期中/试卷/试卷.pdf,paper,module-boundary-excluded,/Users/wanglifei/Desktop/北京高考政治/reports/必修二三与必修四文化_题源分类准备_20260617_1301/03_question_index/question_candidates.csv,"{""target"": ""B2_ECONOMICS"", ""target_score"": 17, ""boundary"": ""XB1_EXCLUDED"", ""boundary_score"": 2, ""matches"": {""B2_ECONOMICS"": ""消费,就业,基础设施,boost:就业"", ""XB1_EXCLUDED"": ""全球治理,boost:全球治理""}, ""explicit_boundary_modules"": {""XB1_EXCLUDED"": [""全球治理""]}, ""override"": ""explicit_boundary_term""}",exclude_from_three_target_lines,main_matrix_original
2026_朝阳_期末,2026,朝阳,期末,20,,question,XB3_EXCLUDED,subjective,/Users/wanglifei/Desktop/2026模拟题/2026各区期末和期中/2026朝阳期中/试卷/试卷.pdf,paper,module-boundary-excluded,/Users/wanglifei/Desktop/北京高考政治/reports/必修二三与必修四文化_题源分类准备_20260617_1301/03_question_index/question_candidates.csv,"{""target"": ""B2_ECONOMICS"", ""target_score"": 0, ""boundary"": ""XB3_EXCLUDED"", ""boundary_score"": 3, ""matches"": {""B4_PHILOSOPHY_EXCLUDED"": ""矛盾,boost:矛盾"", ""XB3_EXCLUDED"": ""辩证思维,boost:辩证思维""}, ""explicit_boundary_modules"": {""XB3_EXCLUDED"": [""辩证思维""]}, ""override"": ""explicit_boundary_term""}",exclude_from_three_target_lines,main_matrix_original
2026_朝阳_期末,2026,朝阳,期末,21(1),21,subquestion,B4_CULTURE,subjective,/Users/wanglifei/Desktop/2026模拟题/2026各区期末和期中/2026朝阳期中/试卷/试卷.pdf,paper,included,04_module_classification/subquestion_split_matrix.csv,"{""target"": ""B4_CULTURE"", ""target_score"": 14, ""boundary"": ""B4_PHILOSOPHY_EXCLUDED"", ""boundary_score"": 0, ""matches"": {""B2_ECONOMICS"": ""经济与社会,boost:经济与社会"", ""B4_CULTURE"": ""文化,文化传承,文化创新,非遗,文旅,boost:文化传承,boost:文化创新,boost:非遗,boost:文旅""}}",future_baodian_intake,subquestion_integrated_target
2026_朝阳_期末,2026,朝阳,期末,21(2),21,subquestion,XB3_EXCLUDED,subjective,/Users/wanglifei/Desktop/2026模拟题/2026各区期末和期中/2026朝阳期中/试卷/试卷.pdf,paper,module-boundary-excluded,04_module_classification/subquestion_split_matrix.csv,"{""target"": ""B2_ECONOMICS"", ""target_score"": 0, ""boundary"": ""XB3_EXCLUDED"", ""boundary_score"": 4, ""matches"": {""XB3_EXCLUDED"": ""逻辑与思维,创新思维,boost:逻辑与思维,boost:创新思维""}, ""explicit_boundary_modules"": {""XB3_EXCLUDED"": [""逻辑与思维"", ""创新思维""]}, ""override"": ""explicit_boundary_term""}",exclude_from_three_target_lines,subquestion_integrated_boundary
2026_朝阳_期末,2026,朝阳,期末,3,,question,XB1_EXCLUDED,objective,/Users/wanglifei/Desktop/2026模拟题/2026各区期末和期中/2026朝阳期中/试卷/试卷.pdf,paper,module-boundary-excluded,/Users/wanglifei/Desktop/北京高考政治/reports/必修二三与必修四文化_题源分类准备_20260617_1301/03_question_index/question_candidates.csv,"{""target"": ""B2_ECONOMICS"", ""target_score"": 0, ""boundary"": ""XB1_EXCLUDED"", ""boundary_score"": 8, ""matches"": {""XB1_EXCLUDED"": ""全球治理,人类命运共同体,外交,boost:全球治理,boost:人类命运共同体,boost:外交""}, ""explicit_boundary_modules"": {""XB1_EXCLUDED"": [""全球治理"", ""人类命运共同体""]}, ""override"": ""explicit_boundary_term""}",exclude_from_three_target_lines,main_matrix_original
2026_朝阳_期末,2026,朝阳,期末,4,,question,XB1_EXCLUDED,objective,/Users/wanglifei/Desktop/2026模拟题/2026各区期末和期中/2026朝阳期中/试卷/试卷.pdf,paper,module-boundary-excluded,/Users/wanglifei/Desktop/北京高考政治/reports/必修二三与必修四文化_题源分类准备_20260617_1301/03_question_index/question_candidates.csv,"{""target"": ""B2_ECONOMICS"", ""target_score"": 0, ""boundary"": ""XB1_EXCLUDED"", ""boundary_score"": 9, ""matches"": {""B4_PHILOSOPHY_EXCLUDED"": ""矛盾,boost:矛盾"", ""XB1_EXCLUDED"": ""国际关系,联合国,全球治理,boost:国际关系,boost:联合国,boost:全球治理""}, ""explicit_boundary_modules"": {""XB1_EXCLUDED"": [""国际关系"", ""联合国"", ""全球治理""]}, ""override"": ""explicit_boundary_term""}",exclude_from_three_target_lines,main_matrix_original
2026_朝阳_期末,2026,朝阳,期末,5,,question,B2_ECONOMICS,objective,/Users/wanglifei/Desktop/2026模拟题/2026各区期末和期中/2026朝阳期中/试卷/试卷.pdf,paper,included,/Users/wanglifei/Desktop/北京高考政治/reports/必修二三与必修四文化_题源分类准备_20260617_1301/03_question_index/question_candidates.csv,"{""target"": ""B2_ECONOMICS"", ""target_score"": 6, ""boundary"": ""B4_PHILOSOPHY_EXCLUDED"", ""boundary_score"": 0, ""matches"": {""B2_ECONOMICS"": ""财政,银发经济,养老服务,boost:财政,boost:银发经济,boost:养老服务"", ""B3_POLITICS_RULE_OF_LAW"": ""政府""}}",future_baodian_intake,main_matrix_original
2026_朝阳_期末,2026,朝阳,期末,6,,question,XB1_EXCLUDED,objective,/Users/wanglifei/Desktop/2026模拟题/2026各区期末和期中/2026朝阳期中/试卷/试卷.pdf,paper,module-boundary-excluded,/Users/wanglifei/Desktop/北京高考政治/reports/必修二三与必修四文化_题源分类准备_20260617_1301/03_question_index/question_candidates.csv,"{""target"": ""B2_ECONOMICS"", ""target_score"": 0, ""boundary"": ""XB1_EXCLUDED"", ""boundary_score"": 2, ""matches"": {""XB1_EXCLUDED"": ""人类命运共同体,boost:人类命运共同体""}, ""explicit_boundary_modules"": {""XB1_EXCLUDED"": [""人类命运共同体""]}, ""override"": ""explicit_boundary_term""}",exclude_from_three_target_lines,main_matrix_original
2026_朝阳_期末,2026,朝阳,期末,7,,question,B4_CULTURE,objective,/Users/wanglifei/Desktop/2026模拟题/2026各区期末和期中/2026朝阳期中/试卷/试卷.pdf,paper,included,/Users/wanglifei/Desktop/北京高考政治/reports/必修二三与必修四文化_题源分类准备_20260617_1301/03_question_index/question_candidates.csv,"{""target"": ""B4_CULTURE"", ""target_score"": 8, ""boundary"": ""B4_PHILOSOPHY_EXCLUDED"", ""boundary_score"": 2, ""matches"": {""B2_ECONOMICS"": ""消费"", ""B4_CULTURE"": ""文化,中轴线,文化产业,boost:中轴线"", ""B4_PHILOSOPHY_EXCLUDED"": ""实践""}}",future_baodian_intake,main_matrix_original
2026_朝阳_期末,2026,朝阳,期末,8,,question,B4_CULTURE,objective,/Users/wanglifei/Desktop/2026模拟题/2026各区期末和期中/2026朝阳期中/试卷/试卷.pdf,paper,included,/Users/wanglifei/Desktop/北京高考政治/reports/必修二三与必修四文化_题源分类准备_20260617_1301/03_question_index/question_candidates.csv,"{""target"": ""B4_CULTURE"", ""target_score"": 4, ""boundary"": ""B4_PHILOSOPHY_EXCLUDED"", ""boundary_score"": 0, ""matches"": {""B2_ECONOMICS"": ""高质量发展,boost:高质量发展"", ""B4_CULTURE"": ""文化,文化软实力,boost:文化软实力""}}",future_baodian_intake,main_matrix_original
2026_朝阳_期末,2026,朝阳,期末,9,,question,B4_CULTURE,objective,/Users/wanglifei/Desktop/2026模拟题/2026各区期末和期中/2026朝阳期中/试卷/试卷.pdf,paper,included,/Users/wanglifei/Desktop/北京高考政治/reports/必修二三与必修四文化_题源分类准备_20260617_1301/03_question_index/question_candidates.csv,"{""target"": ""B4_CULTURE"", ""target_score"": 7, ""boundary"": ""B4_PHILOSOPHY_EXCLUDED"", ""boundary_score"": 0, ""matches"": {""B2_ECONOMICS"": ""高质量发展,共同富裕,boost:高质量发展,boost:共同富裕"", ""B4_CULTURE"": ""文化,精神家园,文化基因,boost:精神家园,boost:文化基因""}}",future_baodian_intake,main_matrix_original
2026_海淀_一模,2026,海淀,一模,1,,question,B4_CULTURE,objective,/Users/wanglifei/Desktop/北京高考政治/reports/必修二三与必修四文化_题源分类准备_20260617_1301/02_text_cache/ocr_cache/2026_海淀_一模/试卷.ocr.txt,ocr-cache,included,/Users/wanglifei/Desktop/北京高考政治/reports/必修二三与必修四文化_题源分类准备_20260617_1301/02_text_cache/ocr_absorbed/2026_海淀_一模.txt,"{""target"": ""B4_CULTURE"", ""target_score"": 3, ""boundary"": ""B4_PHILOSOPHY_EXCLUDED"", ""boundary_score"": 1, ""matches"": {""B3_POLITICS_RULE_OF_LAW"": ""中国共产党,boost:中国共产党"", ""B4_CULTURE"": ""长征精神,boost:长征精神"", ""B4_PHILOSOPHY_EXCLUDED"": ""认识""}}",future_baodian_intake,main_matrix_original
2026_海淀_一模,2026,海淀,一模,10,,question,XB2_EXCLUDED,objective,/Users/wanglifei/Desktop/北京高考政治/reports/必修二三与必修四文化_题源分类准备_20260617_1301/02_text_cache/ocr_cache/2026_海淀_一模/试卷.ocr.txt,ocr-cache,module-boundary-excluded,/Users/wanglifei/Desktop/北京高考政治/reports/必修二三与必修四文化_题源分类准备_20260617_1301/02_text_cache/ocr_absorbed/2026_海淀_一模.txt,"{""target"": ""B2_ECONOMICS"", ""target_score"": 0, ""boundary"": ""XB2_EXCLUDED"", ""boundary_score"": 3, ""matches"": {""XB2_EXCLUDED"": ""合同,赔偿,boost:合同""}, ""explicit_boundary_modules"": {""XB2_EXCLUDED"": [""合同""]}, ""override"": ""explicit_boundary_term""}",exclude_from_three_target_lines,main_matrix_original
2026_海淀_一模,2026,海淀,一模,11,,question,XB2_EXCLUDED,objective,/Users/wanglifei/Desktop/北京高考政治/reports/必修二三与必修四文化_题源分类准备_20260617_1301/02_text_cache/ocr_cache/2026_海淀_一模/试卷.ocr.txt,ocr-cache,module-boundary-excluded,/Users/wanglifei/Desktop/北京高考政治/reports/必修二三与必修四文化_题源分类准备_20260617_1301/02_text_cache/ocr_absorbed/2026_海淀_一模.txt,"{""target"": ""B3_POLITICS_RULE_OF_LAW"", ""target_score"": 1, ""boundary"": ""XB2_EXCLUDED"", ""boundary_score"": 7, ""matches"": {""B3_POLITICS_RULE_OF_LAW"": ""法院"", ""XB2_EXCLUDED"": ""诉讼,举证,上诉,boost:诉讼,boost:举证,boost:上诉""}, ""explicit_boundary_modules"": {""XB2_EXCLUDED"": [""诉讼""]}, ""override"": ""explicit_boundary_term""}",exclude_from_three_target_lines,main_matrix_original
2026_海淀_一模,2026,海淀,一模,12,,question,B2_ECONOMICS,objective,/Users/wanglifei/Desktop/北京高考政治/reports/必修二三与必修四文化_题源分类准备_20260617_1301/02_text_cache/ocr_cache/2026_海淀_一模/试卷.ocr.txt,ocr-cache,included,05_reports/strong_blocker_resolution_audit.csv,"{""rule_id"": ""STRONG_BLOCKER_B2_AI_PRODUCTIVITY_TOOL"", ""matched_terms"": ""人工智能工具,新生产工具,产品,资源配置"", ""source"": ""strong_blocker_resolution_review.csv"", ""evidence_source_type"": ""ocr-cache"", ""prior_status"": ""blocked"", ""prior_next_action"": ""manual_review_needed""}",future_baodian_intake,strong_blocker_resolution
2026_海淀_一模,2026,海淀,一模,13,,question,B2_ECONOMICS,objective,/Users/wanglifei/Desktop/北京高考政治/reports/必修二三与必修四文化_题源分类准备_20260617_1301/02_text_cache/ocr_cache/2026_海淀_一模/试卷.ocr.txt,ocr-cache,included,05_reports/strong_blocker_resolution_audit.csv,"{""rule_id"": ""STRONG_BLOCKER_B2_GREEN_ENERGY_STRUCTURE"", ""matched_terms"": ""能源结构,可再生能源,绿色低碳发展"", ""source"": ""strong_blocker_resolution_review.csv"", ""evidence_source_type"": ""ocr-cache"", ""prior_status"": ""blocked"", ""prior_next_action"": ""manual_review_needed""}",future_baodian_intake,strong_blocker_resolution
2026_海淀_一模,2026,海淀,一模,14,,question,B2_ECONOMICS,objective,/Users/wanglifei/Desktop/北京高考政治/reports/必修二三与必修四文化_题源分类准备_20260617_1301/02_text_cache/ocr_cache/2026_海淀_一模/试卷.ocr.txt,ocr-cache,included,/Users/wanglifei/Desktop/北京高考政治/reports/必修二三与必修四文化_题源分类准备_20260617_1301/02_text_cache/ocr_absorbed/2026_海淀_一模.txt,"{""target"": ""B2_ECONOMICS"", ""target_score"": 2, ""boundary"": ""B4_PHILOSOPHY_EXCLUDED"", ""boundary_score"": 0, ""matches"": {""B2_ECONOMICS"": ""新质生产力,boost:新质生产力""}}",future_baodian_intake,main_matrix_original
2026_海淀_一模,2026,海淀,一模,15,,question,XB1_EXCLUDED,objective,/Users/wanglifei/Desktop/北京高考政治/reports/必修二三与必修四文化_题源分类准备_20260617_1301/02_text_cache/ocr_cache/2026_海淀_一模/试卷.ocr.txt,ocr-cache,module-boundary-excluded,/Users/wanglifei/Desktop/北京高考政治/reports/必修二三与必修四文化_题源分类准备_20260617_1301/02_text_cache/ocr_absorbed/2026_海淀_一模.txt,"{""target"": ""B2_ECONOMICS"", ""target_score"": 0, ""boundary"": ""XB1_EXCLUDED"", ""boundary_score"": 9, ""matches"": {""XB1_EXCLUDED"": ""国际关系,联合国,全球治理,国际组织,boost:国际关系,boost:联合国,boost:全球治理,boost:国际组织""}, ""explicit_boundary_modules"": {""XB1_EXCLUDED"": [""国际关系"", ""联合国"", ""全球治理"", ""国际组织""]}, ""override"": ""explicit_boundary_term""}",exclude_from_three_target_lines,main_matrix_original
2026_海淀_一模,2026,海淀,一模,16,,question,B4_CULTURE,subjective,/Users/wanglifei/Desktop/北京高考政治/reports/必修二三与必修四文化_题源分类准备_20260617_1301/02_text_cache/ocr_cache/2026_海淀_一模/试卷.ocr.txt,ocr-cache,included,/Users/wanglifei/Desktop/北京高考政治/reports/必修二三与必修四文化_题源分类准备_20260617_1301/02_text_cache/ocr_absorbed/2026_海淀_一模.txt,"{""target"": ""B4_CULTURE"", ""target_score"": 2, ""boundary"": ""B4_PHILOSOPHY_EXCLUDED"", ""boundary_score"": 1, ""matches"": {""B4_CULTURE"": ""文化,文艺"", ""B4_PHILOSOPHY_EXCLUDED"": ""认识""}}",future_baodian_intake,main_matrix_original
2026_海淀_一模,2026,海淀,一模,17,,question,XB3_EXCLUDED,subjective,/Users/wanglifei/Desktop/北京高考政治/reports/必修二三与必修四文化_题源分类准备_20260617_1301/02_text_cache/ocr_cache/2026_海淀_一模/试卷.ocr.txt,ocr-cache,module-boundary-excluded,/Users/wanglifei/Desktop/北京高考政治/reports/必修二三与必修四文化_题源分类准备_20260617_1301/02_text_cache/ocr_absorbed/2026_海淀_一模.txt,"{""target"": ""B3_POLITICS_RULE_OF_LAW"", ""target_score"": 4, ""boundary"": ""XB3_EXCLUDED"", ""boundary_score"": 2, ""matches"": {""B3_POLITICS_RULE_OF_LAW"": ""政协,模拟政协,boost:政协,boost:模拟政协"", ""XB3_EXCLUDED"": ""逻辑与思维,boost:逻辑与思维""}, ""explicit_boundary_modules"": {""XB3_EXCLUDED"": [""逻辑与思维""]}, ""override"": ""explicit_boundary_term""}",exclude_from_three_target_lines,main_matrix_original
2026_海淀_一模,2026,海淀,一模,18,,question,XB2_EXCLUDED,subjective,/Users/wanglifei/Desktop/北京高考政治/reports/必修二三与必修四文化_题源分类准备_20260617_1301/02_text_cache/ocr_cache/2026_海淀_一模/试卷.ocr.txt,ocr-cache,module-boundary-excluded,05_reports/source_explicit_target_component_audit.csv,"{""rule_id"": ""SOURCE_EXPLICIT_PARENT_REMAINDER_XB2_CONSUMER_RIGHTS"", ""source"": ""source_explicit_target_component_audit.csv"", ""prior_book_module"": ""UNKNOWN_OR_MIXED"", ""prior_status"": ""blocked""}",target_component_extracted_remainder_excluded,source_explicit_parent_remainder_closed
2026_海淀_一模,2026,海淀,一模,19,,question,B3_POLITICS_RULE_OF_LAW,subjective,/Users/wanglifei/Desktop/北京高考政治/reports/必修二三与必修四文化_题源分类准备_20260617_1301/02_text_cache/ocr_cache/2026_海淀_一模/试卷.ocr.txt,ocr-cache,included,/Users/wanglifei/Desktop/北京高考政治/reports/必修二三与必修四文化_题源分类准备_20260617_1301/02_text_cache/ocr_absorbed/2026_海淀_一模.txt,"{""target"": ""B3_POLITICS_RULE_OF_LAW"", ""target_score"": 6, ""boundary"": ""B4_PHILOSOPHY_EXCLUDED"", ""boundary_score"": 0, ""matches"": {""B3_POLITICS_RULE_OF_LAW"": ""政治与法治,政府,全国人大,boost:政治与法治,boost:全国人大""}}",future_baodian_intake,main_matrix_original
2026_海淀_一模,2026,海淀,一模,2,,question,XB3_EXCLUDED,objective,/Users/wanglifei/Desktop/北京高考政治/reports/必修二三与必修四文化_题源分类准备_20260617_1301/02_text_cache/ocr_cache/2026_海淀_一模/试卷.ocr.txt,ocr-cache,module-boundary-excluded,/Users/wanglifei/Desktop/北京高考政治/reports/必修二三与必修四文化_题源分类准备_20260617_1301/02_text_cache/ocr_absorbed/2026_海淀_一模.txt,"{""target"": ""B2_ECONOMICS"", ""target_score"": 0, ""boundary"": ""XB3_EXCLUDED"", ""boundary_score"": 2, ""matches"": {""XB3_EXCLUDED"": ""想象,boost:想象""}, ""explicit_boundary_modules"": {""XB3_EXCLUDED"": [""想象""]}, ""override"": ""explicit_boundary_term""}",exclude_from_three_target_lines,main_matrix_original
2026_海淀_一模,2026,海淀,一模,20,,question,XB1_EXCLUDED,subjective,/Users/wanglifei/Desktop/北京高考政治/reports/必修二三与必修四文化_题源分类准备_20260617_1301/02_text_cache/ocr_cache/2026_海淀_一模/试卷.ocr.txt,ocr-cache,module-boundary-excluded,/Users/wanglifei/Desktop/北京高考政治/reports/必修二三与必修四文化_题源分类准备_20260617_1301/02_text_cache/ocr_absorbed/2026_海淀_一模.txt,"{""target"": ""B2_ECONOMICS"", ""target_score"": 1, ""boundary"": ""XB1_EXCLUDED"", ""boundary_score"": 2, ""matches"": {""B2_ECONOMICS"": ""产业发展"", ""XB1_EXCLUDED"": ""当代国际政治与经济,boost:当代国际政治与经济""}, ""explicit_boundary_modules"": {""XB1_EXCLUDED"": [""当代国际政治与经济""]}, ""override"": ""explicit_boundary_term""}",exclude_from_three_target_lines,main_matrix_original
2026_海淀_一模,2026,海淀,一模,21,,question,B2_ECONOMICS,subjective,/Users/wanglifei/Desktop/北京高考政治/reports/必修二三与必修四文化_题源分类准备_20260617_1301/02_text_cache/ocr_cache/2026_海淀_一模/试卷.ocr.txt,ocr-cache,included,/Users/wanglifei/Desktop/北京高考政治/reports/必修二三与必修四文化_题源分类准备_20260617_1301/02_text_cache/ocr_absorbed/2026_海淀_一模.txt,"{""target"": ""B2_ECONOMICS"", ""target_score"": 2, ""boundary"": ""B4_PHILOSOPHY_EXCLUDED"", ""boundary_score"": 0, ""matches"": {""B2_ECONOMICS"": ""高质量发展,boost:高质量发展""}}",future_baodian_intake,main_matrix_original
2026_海淀_一模,2026,海淀,一模,3,,question,B4_PHILOSOPHY_EXCLUDED,objective,/Users/wanglifei/Desktop/北京高考政治/reports/必修二三与必修四文化_题源分类准备_20260617_1301/02_text_cache/ocr_cache/2026_海淀_一模/试卷.ocr.txt,ocr-cache,module-boundary-excluded,/Users/wanglifei/Desktop/北京高考政治/reports/必修二三与必修四文化_题源分类准备_20260617_1301/02_text_cache/ocr_absorbed/2026_海淀_一模.txt,"{""target"": ""B2_ECONOMICS"", ""target_score"": 0, ""boundary"": ""B4_PHILOSOPHY_EXCLUDED"", ""boundary_score"": 2, ""matches"": {""B4_PHILOSOPHY_EXCLUDED"": ""社会存在,boost:社会存在""}, ""explicit_boundary_modules"": {""B4_PHILOSOPHY_EXCLUDED"": [""社会存在""]}, ""override"": ""explicit_boundary_term""}",exclude_from_three_target_lines,main_matrix_original
2026_海淀_一模,2026,海淀,一模,4,,question,B4_CULTURE,objective,/Users/wanglifei/Desktop/北京高考政治/reports/必修二三与必修四文化_题源分类准备_20260617_1301/02_text_cache/ocr_cache/2026_海淀_一模/试卷.ocr.txt,ocr-cache,included,/Users/wanglifei/Desktop/北京高考政治/reports/必修二三与必修四文化_题源分类准备_20260617_1301/02_text_cache/ocr_absorbed/2026_海淀_一模.txt,"{""target"": ""B4_CULTURE"", ""target_score"": 32, ""boundary"": ""B4_PHILOSOPHY_EXCLUDED"", ""boundary_score"": 1, ""matches"": {""B4_CULTURE"": ""文化,文化遗产,大运河,中华文明,boost:文化遗产,boost:大运河,boost:中华文明"", ""B4_PHILOSOPHY_EXCLUDED"": ""实践""}}",future_baodian_intake,main_matrix_original
2026_海淀_一模,2026,海淀,一模,5,,question,B4_PHILOSOPHY_EXCLUDED,objective,/Users/wanglifei/Desktop/北京高考政治/reports/必修二三与必修四文化_题源分类准备_20260617_1301/02_text_cache/ocr_cache/2026_海淀_一模/试卷.ocr.txt,ocr-cache,module-boundary-excluded,/Users/wanglifei/Desktop/北京高考政治/reports/必修二三与必修四文化_题源分类准备_20260617_1301/02_text_cache/ocr_absorbed/2026_海淀_一模.txt,"{""target"": ""B4_CULTURE"", ""target_score"": 1, ""boundary"": ""B4_PHILOSOPHY_EXCLUDED"", ""boundary_score"": 2, ""matches"": {""B4_CULTURE"": ""文化"", ""B4_PHILOSOPHY_EXCLUDED"": ""价值选择,boost:价值选择""}, ""explicit_boundary_modules"": {""B4_PHILOSOPHY_EXCLUDED"": [""价值选择""]}, ""override"": ""explicit_boundary_term""}",exclude_from_three_target_lines,main_matrix_original
2026_海淀_一模,2026,海淀,一模,6,,question,XB3_EXCLUDED,objective,/Users/wanglifei/Desktop/北京高考政治/reports/必修二三与必修四文化_题源分类准备_20260617_1301/02_text_cache/ocr_cache/2026_海淀_一模/试卷.ocr.txt,ocr-cache,module-boundary-excluded,/Users/wanglifei/Desktop/北京高考政治/reports/必修二三与必修四文化_题源分类准备_20260617_1301/02_text_cache/ocr_absorbed/2026_海淀_一模.txt,"{""target"": ""B2_ECONOMICS"", ""target_score"": 0, ""boundary"": ""XB3_EXCLUDED"", ""boundary_score"": 4, ""matches"": {""XB3_EXCLUDED"": ""推理,演绎推理,boost:推理,boost:演绎推理""}, ""explicit_boundary_modules"": {""XB3_EXCLUDED"": [""推理""]}, ""override"": ""explicit_boundary_term""}",exclude_from_three_target_lines,main_matrix_original
2026_海淀_一模,2026,海淀,一模,7,,question,B1_EXCLUDED,objective,/Users/wanglifei/Desktop/北京高考政治/reports/必修二三与必修四文化_题源分类准备_20260617_1301/02_text_cache/ocr_absorbed/2026_海淀_一模.txt | /Users/wanglifei/Desktop/北京高考政治/reports/必修二三与必修四文化_题源分类准备_20260617_1301/02_text_cache/texts/9b5ac8fd0cfe59cb.txt,paper+answer_key,module-boundary-excluded,05_reports/culture_hint_final_cleanup_audit.csv,"{""rule_id"": ""CULTURE_HINT_HAIDIAN_YIMO_2026_Q7_ANSWER_D_HEALTH_EDUCATION"", ""matched_terms"": ""答案D,健康第一,学校优化健康教育内容和形式,育人生态"", ""basis"": ""答案键显示第7题为 D，正确项为健康第一理念与学校育人生态，不属于 B2/B3/B4_CULTURE 主链。"", ""source"": ""culture_hint_final_cleanup_audit.csv"", ""prior_book_module"": ""UNKNOWN_OR_MIXED"", ""prior_status"": ""blocked""}",exclude_from_three_target_lines,culture_hint_final_cleanup
2026_海淀_一模,2026,海淀,一模,8,,question,B4_PHILOSOPHY_EXCLUDED,objective,/Users/wanglifei/Desktop/北京高考政治/reports/必修二三与必修四文化_题源分类准备_20260617_1301/02_text_cache/ocr_cache/2026_海淀_一模/试卷.ocr.txt,ocr-cache,module-boundary-excluded,/Users/wanglifei/Desktop/北京高考政治/reports/必修二三与必修四文化_题源分类准备_20260617_1301/02_text_cache/ocr_absorbed/2026_海淀_一模.txt,"{""target"": ""B2_ECONOMICS"", ""target_score"": 0, ""boundary"": ""B4_PHILOSOPHY_EXCLUDED"", ""boundary_score"": 2, ""matches"": {""B4_PHILOSOPHY_EXCLUDED"": ""人民群众,boost:人民群众""}}",exclude_from_three_target_lines,main_matrix_original
2026_海淀_一模,2026,海淀,一模,9,,question,XB2_EXCLUDED,objective,/Users/wanglifei/Desktop/北京高考政治/reports/必修二三与必修四文化_题源分类准备_20260617_1301/02_text_cache/ocr_cache/2026_海淀_一模/试卷.ocr.txt,ocr-cache,module-boundary-excluded,/Users/wanglifei/Desktop/北京高考政治/reports/必修二三与必修四文化_题源分类准备_20260617_1301/02_text_cache/ocr_absorbed/2026_海淀_一模.txt,"{""target"": ""B3_POLITICS_RULE_OF_LAW"", ""target_score"": 4, ""boundary"": ""XB2_EXCLUDED"", ""boundary_score"": 9, ""matches"": {""B3_POLITICS_RULE_OF_LAW"": ""法治社会,政府,公共服务,boost:法治社会"", ""B4_PHILOSOPHY_EXCLUDED"": ""矛盾,boost:矛盾"", ""XB2_EXCLUDED"": ""合同,继承,诉讼,民事,boost:合同,boost:继承,boost:诉讼,boost:民事""}, ""explicit_boundary_modules"": {""XB2_EXCLUDED"": [""合同"", ""诉讼"", ""民事""]}, ""override"": ""explicit_boundary_term""}",exclude_from_three_target_lines,main_matrix_original
2026_海淀_二模,2026,海淀,二模,1,,question,B1_EXCLUDED,objective,/Users/wanglifei/Desktop/2026模拟题/2026各区二模/2026海淀二模/试卷/2026北京海淀高三二模政治（教师版）.docx,paper,module-boundary-excluded,/Users/wanglifei/Desktop/北京高考政治/reports/必修二三与必修四文化_题源分类准备_20260617_1301/03_question_index/question_candidates.csv,"{""target"": ""B3_POLITICS_RULE_OF_LAW"", ""target_score"": 2, ""boundary"": ""B1_EXCLUDED"", ""boundary_score"": 4, ""matches"": {""B3_POLITICS_RULE_OF_LAW"": ""中国共产党,boost:中国共产党"", ""B4_PHILOSOPHY_EXCLUDED"": ""人民群众,boost:人民群众"", ""B1_EXCLUDED"": ""中国特色社会主义,科学社会主义""}}",exclude_from_three_target_lines,main_matrix_original
2026_海淀_二模,2026,海淀,二模,10,,question,XB2_EXCLUDED,objective,/Users/wanglifei/Desktop/2026模拟题/2026各区二模/2026海淀二模/试卷/2026北京海淀高三二模政治（教师版）.docx,paper,module-boundary-excluded,/Users/wanglifei/Desktop/北京高考政治/reports/必修二三与必修四文化_题源分类准备_20260617_1301/03_question_index/question_candidates.csv,"{""target"": ""B3_POLITICS_RULE_OF_LAW"", ""target_score"": 2, ""boundary"": ""XB2_EXCLUDED"", ""boundary_score"": 14, ""matches"": {""B3_POLITICS_RULE_OF_LAW"": ""法院"", ""XB2_EXCLUDED"": ""合同,诉讼,仲裁,民事,民事诉讼,违约,boost:合同,boost:诉讼,boost:仲裁,boost:民事,boost:民事诉讼,boost:违约""}, ""explicit_boundary_modules"": {""XB2_EXCLUDED"": [""合同"", ""诉讼"", ""民事""]}, ""override"": ""explicit_boundary_term""}",exclude_from_three_target_lines,main_matrix_original
2026_海淀_二模,2026,海淀,二模,11,,question,XB2_EXCLUDED,objective,/Users/wanglifei/Desktop/2026模拟题/2026各区二模/2026海淀二模/试卷/2026北京海淀高三二模政治（教师版）.docx,paper,module-boundary-excluded,/Users/wanglifei/Desktop/北京高考政治/reports/必修二三与必修四文化_题源分类准备_20260617_1301/03_question_index/question_candidates.csv,"{""target"": ""B3_POLITICS_RULE_OF_LAW"", ""target_score"": 2, ""boundary"": ""XB2_EXCLUDED"", ""boundary_score"": 10, ""matches"": {""B3_POLITICS_RULE_OF_LAW"": ""检察,法院"", ""XB1_EXCLUDED"": ""国家利益,boost:国家利益"", ""XB2_EXCLUDED"": ""侵权,诉讼,举证,侵权责任,上诉,boost:侵权,boost:诉讼,boost:举证,boost:侵权责任,boost:上诉""}, ""explicit_boundary_modules"": {""XB1_EXCLUDED"": [""国家利益""], ""XB2_EXCLUDED"": [""侵权"", ""诉讼""]}, ""override"": ""explicit_boundary_term""}",exclude_from_three_target_lines,main_matrix_original
2026_海淀_二模,2026,海淀,二模,12,,question,B3_POLITICS_RULE_OF_LAW,objective,/Users/wanglifei/Desktop/2026模拟题/2026各区二模/2026海淀二模/试卷/2026北京海淀高三二模政治（教师版）.docx,paper,included,/Users/wanglifei/Desktop/北京高考政治/reports/必修二三与必修四文化_题源分类准备_20260617_1301/03_question_index/question_candidates.csv,"{""target"": ""B3_POLITICS_RULE_OF_LAW"", ""target_score"": 3, ""boundary"": ""B4_PHILOSOPHY_EXCLUDED"", ""boundary_score"": 0, ""matches"": {""B3_POLITICS_RULE_OF_LAW"": ""政府""}}",future_baodian_intake,main_matrix_original
2026_海淀_二模,2026,海淀,二模,13,,question,B2_ECONOMICS,objective,/Users/wanglifei/Desktop/2026模拟题/2026各区二模/2026海淀二模/试卷/2026北京海淀高三二模政治（教师版）.docx,paper,included,05_reports/prompt_resolution_audit.csv,"{""override"": ""strict_prompt_resolution"", ""rule_id"": ""B2_EXPLICIT_ECONOMICS_PROMPT"", ""matched_terms"": ""养老,产业发展"", ""prompt_source"": ""paper"", ""prompt"": ""加快建立长期护理保险制度是应对人口老龄化的重要举措。到2028年底,长期护理保险制度将在全国范围基本实现全覆盖。建立长期护理保险制度 1发挥社会保险互助共济作用,更好维护特殊群体利益 2旨在健全基本养老保险体系,带动养老产业发展 3完善了社会福利制度,减轻失能家庭生活负担 4要综合考虑经济发展水平、各方负担能力,逐步实现覆盖全民 A.13 B.14 C.23 D.24"", ""previous_decision"": ""{\""target\"": \""B2_ECONOMICS\"", \""target_score\"": 1, \""boundary\"": \""B4_PHILOSOPHY_EXCLUDED\"", \""boundary_score\"": 0, \""matches\"": {\""B2_ECONOMICS\"": \""产业发展\""}}""}",future_baodian_intake,prompt_resolved_from_main_matrix_original
2026_海淀_二模,2026,海淀,二模,14,,question,XB1_EXCLUDED,objective,/Users/wanglifei/Desktop/2026模拟题/2026各区二模/2026海淀二模/试卷/2026北京海淀高三二模政治（教师版）.docx,paper,module-boundary-excluded,05_reports/strong_blocker_resolution_audit.csv,"{""rule_id"": ""STRONG_BLOCKER_XB1_FOREIGN_TRADE_VALUE_CHAIN"", ""matched_terms"": ""外贸进出口,全球贸易价值链,外贸市场"", ""source"": ""strong_blocker_resolution_review.csv"", ""evidence_source_type"": ""paper"", ""prior_status"": ""blocked"", ""prior_next_action"": ""manual_review_needed""}",exclude_from_three_target_lines,strong_blocker_resolution
2026_海淀_二模,2026,海淀,二模,15,,question,XB1_EXCLUDED,objective,/Users/wanglifei/Desktop/2026模拟题/2026各区二模/2026海淀二模/试卷/2026北京海淀高三二模政治（教师版）.docx,paper,module-boundary-excluded,/Users/wanglifei/Desktop/北京高考政治/reports/必修二三与必修四文化_题源分类准备_20260617_1301/03_question_index/question_candidates.csv,"{""target"": ""B2_ECONOMICS"", ""target_score"": 0, ""boundary"": ""XB1_EXCLUDED"", ""boundary_score"": 7, ""matches"": {""XB1_EXCLUDED"": ""外交,APEC,boost:外交,boost:APEC""}}",exclude_from_three_target_lines,main_matrix_original
2026_海淀_二模,2026,海淀,二模,16,,question,B4_PHILOSOPHY_EXCLUDED,subjective,/Users/wanglifei/Desktop/2026模拟题/2026各区二模/2026海淀二模/试卷/2026北京海淀高三二模政治（教师版）.docx,paper,module-boundary-excluded,/Users/wanglifei/Desktop/北京高考政治/reports/必修二三与必修四文化_题源分类准备_20260617_1301/03_question_index/question_candidates.csv,"{""target"": ""B2_ECONOMICS"", ""target_score"": 0, ""boundary"": ""B4_PHILOSOPHY_EXCLUDED"", ""boundary_score"": 4, ""matches"": {""B4_PHILOSOPHY_EXCLUDED"": ""实践,认识""}}",exclude_from_three_target_lines,main_matrix_original
2026_海淀_二模,2026,海淀,二模,17,,question,B3_POLITICS_RULE_OF_LAW,subjective,/Users/wanglifei/Desktop/2026模拟题/2026各区二模/2026海淀二模/试卷/2026北京海淀高三二模政治（教师版）.docx,paper,included,/Users/wanglifei/Desktop/北京高考政治/reports/必修二三与必修四文化_题源分类准备_20260617_1301/03_question_index/question_candidates.csv,"{""target"": ""B3_POLITICS_RULE_OF_LAW"", ""target_score"": 26, ""boundary"": ""B4_PHILOSOPHY_EXCLUDED"", ""boundary_score"": 5, ""matches"": {""B3_POLITICS_RULE_OF_LAW"": ""政治与法治,政协,协商民主,全过程人民民主,政府,民主监督,基层治理,人民政协,boost:政治与法治,boost:政协,boost:协商民主,boost:全过程人民民主"", ""B4_CULTURE"": ""文化"", ""B4_PHILOSOPHY_EXCLUDED"": ""实践,人民群众,boost:人民群众""}}",future_baodian_intake,main_matrix_original
2026_海淀_二模,2026,海淀,二模,18,,question,XB2_EXCLUDED,subjective,/Users/wanglifei/Desktop/2026模拟题/2026各区二模/2026海淀二模/试卷/2026北京海淀高三二模政治（教师版）.docx,paper,module-boundary-excluded,/Users/wanglifei/Desktop/北京高考政治/reports/必修二三与必修四文化_题源分类准备_20260617_1301/03_question_index/question_candidates.csv,"{""target"": ""B2_ECONOMICS"", ""target_score"": 2, ""boundary"": ""XB2_EXCLUDED"", ""boundary_score"": 50, ""matches"": {""B2_ECONOMICS"": ""消费,劳动者"", ""B4_PHILOSOPHY_EXCLUDED"": ""实践,认识"", ""XB2_EXCLUDED"": ""法律与生活,民法典,知识产权,物权,司法确认,专利,专利法,boost:法律与生活,boost:民法典,boost:知识产权,boost:物权,boost:司法确认"", ""XB3_EXCLUDED"": ""逻辑与思维,科学思维,联想思维,分析与综合,boost:逻辑与思维,boost:科学思维,boost:联想思维,boost:分析与综合""}, ""explicit_boundary_modules"": {""XB2_EXCLUDED"": [""法律与生活"", ""民法典"", ""知识产权"", ""专利"", ""物权""], ""XB3_EXCLUDED"": [""逻辑与思维"", ""科学思维"", ""分析与综合""]}, ""override"": ""explicit_boundary_term""}",exclude_from_three_target_lines,main_matrix_original
2026_海淀_二模,2026,海淀,二模,19,,question,B2_ECONOMICS,subjective,/Users/wanglifei/Desktop/2026模拟题/2026各区二模/2026海淀二模/试卷/2026北京海淀高三二模政治（教师版）.docx,paper,included,/Users/wanglifei/Desktop/北京高考政治/reports/必修二三与必修四文化_题源分类准备_20260617_1301/03_question_index/question_candidates.csv,"{""target"": ""B2_ECONOMICS"", ""target_score"": 6, ""boundary"": ""B4_PHILOSOPHY_EXCLUDED"", ""boundary_score"": 0, ""matches"": {""B2_ECONOMICS"": ""经济与社会,实体经济,区域协调,boost:经济与社会,boost:实体经济"", ""B3_POLITICS_RULE_OF_LAW"": ""公共服务""}}",future_baodian_intake,main_matrix_original
2026_海淀_二模,2026,海淀,二模,2,,question,B4_PHILOSOPHY_EXCLUDED,objective,/Users/wanglifei/Desktop/2026模拟题/2026各区二模/2026海淀二模/试卷/2026北京海淀高三二模政治（教师版）.docx,paper,module-boundary-excluded,/Users/wanglifei/Desktop/北京高考政治/reports/必修二三与必修四文化_题源分类准备_20260617_1301/03_question_index/question_candidates.csv,"{""target"": ""B4_CULTURE"", ""target_score"": 9, ""boundary"": ""B4_PHILOSOPHY_EXCLUDED"", ""boundary_score"": 2, ""matches"": {""B4_CULTURE"": ""文化,博物馆,文化事业,文物,boost:博物馆,boost:文物"", ""B4_PHILOSOPHY_EXCLUDED"": ""社会意识,boost:社会意识""}, ""explicit_boundary_modules"": {""B4_PHILOSOPHY_EXCLUDED"": [""社会意识""]}, ""override"": ""explicit_boundary_term""}",exclude_from_three_target_lines,main_matrix_original
2026_海淀_二模,2026,海淀,二模,20,,question,XB1_EXCLUDED,subjective,/Users/wanglifei/Desktop/2026模拟题/2026各区二模/2026海淀二模/试卷/2026北京海淀高三二模政治（教师版）.docx,paper,module-boundary-excluded,/Users/wanglifei/Desktop/北京高考政治/reports/必修二三与必修四文化_题源分类准备_20260617_1301/03_question_index/question_candidates.csv,"{""target"": ""B2_ECONOMICS"", ""target_score"": 0, ""boundary"": ""XB1_EXCLUDED"", ""boundary_score"": 14, ""matches"": {""B4_PHILOSOPHY_EXCLUDED"": ""实践"", ""XB1_EXCLUDED"": ""当代国际政治与经济,联合国,和平与发展,人类命运共同体,国际组织,boost:当代国际政治与经济,boost:联合国,boost:和平与发展,boost:人类命运共同体,boost:国际组织"", ""XB3_EXCLUDED"": ""推理,三段论,boost:推理,boost:三段论""}, ""explicit_boundary_modules"": {""XB1_EXCLUDED"": [""当代国际政治与经济"", ""联合国"", ""人类命运共同体"", ""国际组织""], ""XB3_EXCLUDED"": [""三段论"", ""推理""]}, ""override"": ""explicit_boundary_term""}",exclude_from_three_target_lines,main_matrix_original
2026_海淀_二模,2026,海淀,二模,21,,question,XB2_EXCLUDED,subjective,/Users/wanglifei/Desktop/2026模拟题/2026各区二模/2026海淀二模/试卷/2026北京海淀高三二模政治（教师版）.docx,paper,module-boundary-excluded,/Users/wanglifei/Desktop/北京高考政治/reports/必修二三与必修四文化_题源分类准备_20260617_1301/03_question_index/question_candidates.csv,"{""target"": ""B3_POLITICS_RULE_OF_LAW"", ""target_score"": 12, ""boundary"": ""XB2_EXCLUDED"", ""boundary_score"": 7, ""matches"": {""B2_ECONOMICS"": ""社会保障,产业链,养老服务,boost:社会保障,boost:产业链,boost:养老服务"", ""B3_POLITICS_RULE_OF_LAW"": ""中国共产党,党的领导,全面依法治国,检察,法院,公共服务,boost:中国共产党,boost:党的领导,boost:全面依法治国"", ""B4_PHILOSOPHY_EXCLUDED"": ""矛盾,boost:矛盾"", ""XB2_EXCLUDED"": ""知识产权,诉讼,民事,boost:知识产权,boost:诉讼,boost:民事"", ""XB3_EXCLUDED"": ""辩证思维,boost:辩证思维"", ""B1_EXCLUDED"": ""中国特色社会主义""}, ""explicit_boundary_modules"": {""XB2_EXCLUDED"": [""知识产权"", ""诉讼"", ""民事""], ""XB3_EXCLUDED"": [""辩证思维""]}, ""override"": ""explicit_boundary_term""}",exclude_from_three_target_lines,main_matrix_original
2026_海淀_二模,2026,海淀,二模,3,,question,XB3_EXCLUDED,objective,/Users/wanglifei/Desktop/2026模拟题/2026各区二模/2026海淀二模/试卷/2026北京海淀高三二模政治（教师版）.docx,paper,module-boundary-excluded,/Users/wanglifei/Desktop/北京高考政治/reports/必修二三与必修四文化_题源分类准备_20260617_1301/03_question_index/question_candidates.csv,"{""target"": ""B2_ECONOMICS"", ""target_score"": 0, ""boundary"": ""B4_PHILOSOPHY_EXCLUDED"", ""boundary_score"": 4, ""matches"": {""B4_PHILOSOPHY_EXCLUDED"": ""实践,认识,真理,boost:真理"", ""XB3_EXCLUDED"": ""推理,类比推理,boost:推理,boost:类比推理""}, ""explicit_boundary_modules"": {""XB3_EXCLUDED"": [""推理""]}, ""override"": ""explicit_boundary_term""}",exclude_from_three_target_lines,main_matrix_original
2026_海淀_二模,2026,海淀,二模,4,,question,B4_PHILOSOPHY_EXCLUDED,objective,/Users/wanglifei/Desktop/2026模拟题/2026各区二模/2026海淀二模/试卷/2026北京海淀高三二模政治（教师版）.docx,paper,module-boundary-excluded,/Users/wanglifei/Desktop/北京高考政治/reports/必修二三与必修四文化_题源分类准备_20260617_1301/03_question_index/question_candidates.csv,"{""target"": ""B2_ECONOMICS"", ""target_score"": 0, ""boundary"": ""B4_PHILOSOPHY_EXCLUDED"", ""boundary_score"": 3, ""matches"": {""B4_PHILOSOPHY_EXCLUDED"": ""矛盾,boost:矛盾""}}",exclude_from_three_target_lines,main_matrix_original
2026_海淀_二模,2026,海淀,二模,5,,question,XB3_EXCLUDED,objective,/Users/wanglifei/Desktop/2026模拟题/2026各区二模/2026海淀二模/试卷/2026北京海淀高三二模政治（教师版）.docx,paper,module-boundary-excluded,/Users/wanglifei/Desktop/北京高考政治/reports/必修二三与必修四文化_题源分类准备_20260617_1301/03_question_index/question_candidates.csv,"{""target"": ""B2_ECONOMICS"", ""target_score"": 0, ""boundary"": ""XB3_EXCLUDED"", ""boundary_score"": 2, ""matches"": {""XB3_EXCLUDED"": ""属种关系,boost:属种关系""}}",exclude_from_three_target_lines,main_matrix_original
2026_海淀_二模,2026,海淀,二模,6,,question,XB3_EXCLUDED,objective,/Users/wanglifei/Desktop/2026模拟题/2026各区二模/2026海淀二模/试卷/2026北京海淀高三二模政治（教师版）.docx,paper,module-boundary-excluded,/Users/wanglifei/Desktop/北京高考政治/reports/必修二三与必修四文化_题源分类准备_20260617_1301/03_question_index/question_candidates.csv,"{""target"": ""B2_ECONOMICS"", ""target_score"": 0, ""boundary"": ""XB3_EXCLUDED"", ""boundary_score"": 4, ""matches"": {""XB2_EXCLUDED"": ""知识产权,boost:知识产权"", ""XB3_EXCLUDED"": ""推理,演绎推理,boost:推理,boost:演绎推理""}, ""explicit_boundary_modules"": {""XB2_EXCLUDED"": [""知识产权""], ""XB3_EXCLUDED"": [""推理""]}, ""override"": ""explicit_boundary_term""}",exclude_from_three_target_lines,main_matrix_original
2026_海淀_二模,2026,海淀,二模,7,,question,XB3_EXCLUDED,objective,/Users/wanglifei/Desktop/2026模拟题/2026各区二模/2026海淀二模/试卷/2026北京海淀高三二模政治（教师版）.docx,paper,module-boundary-excluded,/Users/wanglifei/Desktop/北京高考政治/reports/必修二三与必修四文化_题源分类准备_20260617_1301/03_question_index/question_candidates.csv,"{""target"": ""B2_ECONOMICS"", ""target_score"": 0, ""boundary"": ""XB3_EXCLUDED"", ""boundary_score"": 4, ""matches"": {""B4_PHILOSOPHY_EXCLUDED"": ""认识"", ""XB3_EXCLUDED"": ""推理,归纳推理,boost:推理,boost:归纳推理""}, ""explicit_boundary_modules"": {""XB3_EXCLUDED"": [""推理""]}, ""override"": ""explicit_boundary_term""}",exclude_from_three_target_lines,main_matrix_original
2026_海淀_二模,2026,海淀,二模,8,,question,B3_POLITICS_RULE_OF_LAW,objective,/Users/wanglifei/Desktop/2026模拟题/2026各区二模/2026海淀二模/试卷/2026北京海淀高三二模政治（教师版）.docx,paper,included,/Users/wanglifei/Desktop/北京高考政治/reports/必修二三与必修四文化_题源分类准备_20260617_1301/03_question_index/question_candidates.csv,"{""target"": ""B3_POLITICS_RULE_OF_LAW"", ""target_score"": 14, ""boundary"": ""B4_PHILOSOPHY_EXCLUDED"", ""boundary_score"": 0, ""matches"": {""B3_POLITICS_RULE_OF_LAW"": ""人民代表大会,人大代表,宪法,全国人大,立法权,社会治理,boost:人民代表大会,boost:人大代表,boost:宪法,boost:全国人大""}}",future_baodian_intake,main_matrix_original
2026_海淀_二模,2026,海淀,二模,9,,question,B3_POLITICS_RULE_OF_LAW,objective,/Users/wanglifei/Desktop/2026模拟题/2026各区二模/2026海淀二模/试卷/2026北京海淀高三二模政治（教师版）.docx,paper,included,05_reports/prompt_resolution_audit.csv,"{""override"": ""strict_prompt_resolution"", ""rule_id"": ""B3_EXPLICIT_POLITICS_PROMPT"", ""matched_terms"": ""居委会"", ""prompt_source"": ""paper"", ""prompt"": ""以下为某社区新一届居民委员会换届选举方案的主要环节。 关于这一方案,下列说法正确的是 1街道办事处与居委会之间是领导与被领导的关系 2选民登记的相关举措保障了居民的知情权与监督权 3实行差额选举确保选举过程的公开透明,提高选举公信力 4可在投票选举前补充候选人与居民见面的环节,候选人向居民介绍履职设想 A.12 B.13 C.24 D.34"", ""previous_decision"": ""{\""target\"": \""B2_ECONOMICS\"", \""target_score\"": 0, \""boundary\"": \""B4_PHILOSOPHY_EXCLUDED\"", \""boundary_score\"": 0, \""matches\"": {}}""}",future_baodian_intake,prompt_resolved_from_main_matrix_original
2026_石景山_一模,2026,石景山,一模,1,,question,B3_POLITICS_RULE_OF_LAW,objective,/Users/wanglifei/Desktop/2026模拟题/2026各区一模/2026石景山一模/试卷/试卷.pdf,paper,included,/Users/wanglifei/Desktop/北京高考政治/reports/必修二三与必修四文化_题源分类准备_20260617_1301/03_question_index/question_candidates.csv,"{""target"": ""B3_POLITICS_RULE_OF_LAW"", ""target_score"": 3, ""boundary"": ""B4_PHILOSOPHY_EXCLUDED"", ""boundary_score"": 1, ""matches"": {""B2_ECONOMICS"": ""经济总量,boost:经济总量"", ""B3_POLITICS_RULE_OF_LAW"": ""中国共产党,boost:中国共产党"", ""B4_PHILOSOPHY_EXCLUDED"": ""实践""}}",future_baodian_intake,main_matrix_original
2026_石景山_一模,2026,石景山,一模,10,,question,B2_ECONOMICS,objective,/Users/wanglifei/Desktop/2026模拟题/2026各区一模/2026石景山一模/试卷/试卷.pdf,paper,included,/Users/wanglifei/Desktop/北京高考政治/reports/必修二三与必修四文化_题源分类准备_20260617_1301/03_question_index/question_candidates.csv,"{""target"": ""B2_ECONOMICS"", ""target_score"": 16, ""boundary"": ""B4_PHILOSOPHY_EXCLUDED"", ""boundary_score"": 0, ""matches"": {""B2_ECONOMICS"": ""公有制,非公有制,国有经济,民营企业,新发展理念,高质量发展,供应链,市场主体,boost:公有制,boost:非公有制,boost:国有经济,boost:新发展理念""}}",future_baodian_intake,main_matrix_original
2026_石景山_一模,2026,石景山,一模,11,,question,B2_ECONOMICS,objective,/Users/wanglifei/Desktop/2026模拟题/2026各区一模/2026石景山一模/试卷/试卷.pdf,paper,included,/Users/wanglifei/Desktop/北京高考政治/reports/必修二三与必修四文化_题源分类准备_20260617_1301/03_question_index/question_candidates.csv,"{""target"": ""B2_ECONOMICS"", ""target_score"": 4, ""boundary"": ""B4_PHILOSOPHY_EXCLUDED"", ""boundary_score"": 0, ""matches"": {""B2_ECONOMICS"": ""市场机制,产业链,基础设施,boost:产业链""}}",future_baodian_intake,main_matrix_original
2026_石景山_一模,2026,石景山,一模,12,,question,XB2_EXCLUDED,objective,/Users/wanglifei/Desktop/2026模拟题/2026各区一模/2026石景山一模/试卷/试卷.pdf,paper,module-boundary-excluded,/Users/wanglifei/Desktop/北京高考政治/reports/必修二三与必修四文化_题源分类准备_20260617_1301/03_question_index/question_candidates.csv,"{""target"": ""B3_POLITICS_RULE_OF_LAW"", ""target_score"": 1, ""boundary"": ""XB2_EXCLUDED"", ""boundary_score"": 7, ""matches"": {""B3_POLITICS_RULE_OF_LAW"": ""法院"", ""XB2_EXCLUDED"": ""继承,诉讼,boost:继承,boost:诉讼""}, ""explicit_boundary_modules"": {""XB2_EXCLUDED"": [""诉讼""]}, ""override"": ""explicit_boundary_term""}",exclude_from_three_target_lines,main_matrix_original
2026_石景山_一模,2026,石景山,一模,13,,question,XB2_EXCLUDED,objective,/Users/wanglifei/Desktop/2026模拟题/2026各区一模/2026石景山一模/试卷/试卷.pdf,paper,module-boundary-excluded,/Users/wanglifei/Desktop/北京高考政治/reports/必修二三与必修四文化_题源分类准备_20260617_1301/03_question_index/question_candidates.csv,"{""target"": ""B2_ECONOMICS"", ""target_score"": 0, ""boundary"": ""XB2_EXCLUDED"", ""boundary_score"": 7, ""matches"": {""XB2_EXCLUDED"": ""民法典,物权,所有权,boost:民法典,boost:物权,boost:所有权""}, ""explicit_boundary_modules"": {""XB2_EXCLUDED"": [""民法典"", ""所有权"", ""物权""]}, ""override"": ""explicit_boundary_term""}",exclude_from_three_target_lines,main_matrix_original
2026_石景山_一模,2026,石景山,一模,14,,question,XB2_EXCLUDED,objective,/Users/wanglifei/Desktop/2026模拟题/2026各区一模/2026石景山一模/试卷/试卷.pdf,paper,module-boundary-excluded,/Users/wanglifei/Desktop/北京高考政治/reports/必修二三与必修四文化_题源分类准备_20260617_1301/03_question_index/question_candidates.csv,"{""target"": ""B2_ECONOMICS"", ""target_score"": 2, ""boundary"": ""XB2_EXCLUDED"", ""boundary_score"": 11, ""matches"": {""B2_ECONOMICS"": ""消费"", ""B3_POLITICS_RULE_OF_LAW"": ""法院"", ""B4_PHILOSOPHY_EXCLUDED"": ""认识"", ""XB2_EXCLUDED"": ""合同,诉讼,消费者权益,民事,民事行为能力,boost:合同,boost:诉讼,boost:消费者权益,boost:民事,boost:民事行为能力""}, ""explicit_boundary_modules"": {""XB2_EXCLUDED"": [""合同"", ""诉讼"", ""民事""]}, ""override"": ""explicit_boundary_term""}",exclude_from_three_target_lines,main_matrix_original
2026_石景山_一模,2026,石景山,一模,15,,question,XB1_EXCLUDED,objective,/Users/wanglifei/Desktop/2026模拟题/2026各区一模/2026石景山一模/试卷/试卷.pdf,paper,module-boundary-excluded,/Users/wanglifei/Desktop/北京高考政治/reports/必修二三与必修四文化_题源分类准备_20260617_1301/03_question_index/question_candidates.csv,"{""target"": ""B2_ECONOMICS"", ""target_score"": 0, ""boundary"": ""XB1_EXCLUDED"", ""boundary_score"": 2, ""matches"": {""XB1_EXCLUDED"": ""经济全球化,boost:经济全球化""}, ""explicit_boundary_modules"": {""XB1_EXCLUDED"": [""经济全球化""]}, ""override"": ""explicit_boundary_term""}",exclude_from_three_target_lines,main_matrix_original
2026_石景山_一模,2026,石景山,一模,16,,question,B2_ECONOMICS,subjective,/Users/wanglifei/Desktop/2026模拟题/2026各区一模/2026石景山一模/试卷/试卷.pdf,paper,included,/Users/wanglifei/Desktop/北京高考政治/reports/必修二三与必修四文化_题源分类准备_20260617_1301/03_question_index/question_candidates.csv,"{""target"": ""B2_ECONOMICS"", ""target_score"": 19, ""boundary"": ""B4_PHILOSOPHY_EXCLUDED"", ""boundary_score"": 0, ""matches"": {""B2_ECONOMICS"": ""经济与社会,新质生产力,消费,基础设施,boost:经济与社会,boost:新质生产力"", ""B4_CULTURE"": ""文旅,boost:文旅""}}",future_baodian_intake,main_matrix_original
2026_石景山_一模,2026,石景山,一模,17,,question,XB3_EXCLUDED,subjective,/Users/wanglifei/Desktop/2026模拟题/2026各区一模/2026石景山一模/试卷/试卷.pdf,paper,module-boundary-excluded,/Users/wanglifei/Desktop/北京高考政治/reports/必修二三与必修四文化_题源分类准备_20260617_1301/03_question_index/question_candidates.csv,"{""target"": ""B4_CULTURE"", ""target_score"": 28, ""boundary"": ""B4_PHILOSOPHY_EXCLUDED"", ""boundary_score"": 9, ""matches"": {""B4_CULTURE"": ""文化,中华优秀传统文化,优秀传统文化,传统文化,文化传承,文创,boost:中华优秀传统文化,boost:优秀传统文化,boost:传统文化,boost:文化传承,boost:文创"", ""B4_PHILOSOPHY_EXCLUDED"": ""实践,发展的观点,事物发展,矛盾,boost:发展的观点,boost:矛盾"", ""XB3_EXCLUDED"": ""创新思维,超前思维,发散思维,联想思维,boost:创新思维,boost:超前思维,boost:发散思维,boost:联想思维""}, ""explicit_boundary_modules"": {""XB3_EXCLUDED"": [""创新思维"", ""超前思维""]}, ""override"": ""explicit_boundary_term""}",exclude_from_three_target_lines,main_matrix_original
2026_石景山_一模,2026,石景山,一模,18,,question,XB2_EXCLUDED,subjective,/Users/wanglifei/Desktop/2026模拟题/2026各区一模/2026石景山一模/试卷/试卷.pdf,paper,module-boundary-excluded,/Users/wanglifei/Desktop/北京高考政治/reports/必修二三与必修四文化_题源分类准备_20260617_1301/03_question_index/question_candidates.csv,"{""target"": ""B3_POLITICS_RULE_OF_LAW"", ""target_score"": 12, ""boundary"": ""XB2_EXCLUDED"", ""boundary_score"": 34, ""matches"": {""B3_POLITICS_RULE_OF_LAW"": ""依法行政,行政机关,政府,检察,法院,boost:依法行政"", ""XB2_EXCLUDED"": ""侵权,诉讼,举证,民事,民事诉讼,侵权责任,赔偿,boost:侵权,boost:诉讼,boost:举证,boost:民事,boost:民事诉讼""}, ""explicit_boundary_modules"": {""XB2_EXCLUDED"": [""侵权"", ""诉讼"", ""民事""]}, ""override"": ""explicit_boundary_term""}",exclude_from_three_target_lines,main_matrix_original
2026_石景山_一模,2026,石景山,一模,19,,question,B3_POLITICS_RULE_OF_LAW,subjective,/Users/wanglifei/Desktop/2026模拟题/2026各区一模/2026石景山一模/试卷/试卷.pdf,paper,included,05_reports/prompt_resolution_audit.csv,"{""override"": ""strict_prompt_resolution"", ""rule_id"": ""B3_EXPLICIT_POLITICS_PROMPT"", ""matched_terms"": ""《政治与法治》,政治与法治,城市治理"", ""prompt_source"": ""paper"", ""prompt"": ""(8分) 北京作为超大城市之一,非机动车保有量巨大,与之相连的管理问题也日益凸显,不仅威胁道路交通 安全,还影响了城市形象和居民生活品质。新修订的《北京市非机动车管理条例》将于 2026 年 5 月 1 日实 施。此次修法将“安全”置于首位,通过“约束人的行为”与“规范车的状态”双管齐下,为非机动车安 全管理全面“加码”。强制佩戴乘员头盔、骑行时不得浏览手机、全面禁止非法拼改加装、严禁携带电动 车电池进入居住建筑...条例直面在非机动车管理中的痛点、难点问题,将产品安全、通行安全、消防安全 要求贯穿非机动车生产、销售、登记、使用、停放、充电各环节、全场景。 结合材料,运用《政治与法治》知识,阐述此次条例修订对城市治理的意义。"", ""previous_decision"": ""{\""target\"": \""B3_POLITICS_RULE_OF_LAW\"", \""target_score\"": 2, \""boundary\"": \""B4_PHILOSOPHY_EXCLUDED\"", \""boundary_score\"": 2, \""matches\"": {\""B2_ECONOMICS\"": \""市场主体\"", \""B3_POLITICS_RULE_OF_LAW\"": \""政治与法治,boost:政治与法治\"", \""B4_PHILOSOPHY_EXCLUDED\"": \""人民群众,boost:人民群众\""}}""}",future_baodian_intake,prompt_resolved_from_main_matrix_original
2026_石景山_一模,2026,石景山,一模,2,,question,B4_PHILOSOPHY_EXCLUDED,objective,/Users/wanglifei/Desktop/2026模拟题/2026各区一模/2026石景山一模/试卷/试卷.pdf,paper,module-boundary-excluded,/Users/wanglifei/Desktop/北京高考政治/reports/必修二三与必修四文化_题源分类准备_20260617_1301/03_question_index/question_candidates.csv,"{""target"": ""B4_CULTURE"", ""target_score"": 3, ""boundary"": ""B4_PHILOSOPHY_EXCLUDED"", ""boundary_score"": 4, ""matches"": {""B2_ECONOMICS"": ""消费"", ""B4_CULTURE"": ""文化,文旅,boost:文旅"", ""B4_PHILOSOPHY_EXCLUDED"": ""系统优化,矛盾,boost:系统优化,boost:矛盾"", ""XB3_EXCLUDED"": ""辩证思维,boost:辩证思维""}, ""explicit_boundary_modules"": {""XB3_EXCLUDED"": [""辩证思维""], ""B4_PHILOSOPHY_EXCLUDED"": [""系统优化""]}, ""override"": ""explicit_boundary_term""}",exclude_from_three_target_lines,main_matrix_original
2026_石景山_一模,2026,石景山,一模,20,,question,XB1_EXCLUDED,subjective,/Users/wanglifei/Desktop/2026模拟题/2026各区一模/2026石景山一模/试卷/试卷.pdf,paper,module-boundary-excluded,/Users/wanglifei/Desktop/北京高考政治/reports/必修二三与必修四文化_题源分类准备_20260617_1301/03_question_index/question_candidates.csv,"{""target"": ""B2_ECONOMICS"", ""target_score"": 11, ""boundary"": ""XB1_EXCLUDED"", ""boundary_score"": 4, ""matches"": {""B2_ECONOMICS"": ""高质量发展,产业链,供应链,boost:高质量发展,boost:产业链,boost:供应链"", ""XB1_EXCLUDED"": ""当代国际政治与经济,经济全球化,boost:当代国际政治与经济,boost:经济全球化""}, ""explicit_boundary_modules"": {""XB1_EXCLUDED"": [""当代国际政治与经济"", ""经济全球化""]}, ""override"": ""explicit_boundary_term""}",exclude_from_three_target_lines,main_matrix_original
2026_石景山_一模,2026,石景山,一模,21,,question,B3_POLITICS_RULE_OF_LAW,subjective,/Users/wanglifei/Desktop/2026模拟题/2026各区一模/2026石景山一模/试卷/试卷.pdf,paper,included,/Users/wanglifei/Desktop/北京高考政治/reports/必修二三与必修四文化_题源分类准备_20260617_1301/03_question_index/question_candidates.csv,"{""target"": ""B3_POLITICS_RULE_OF_LAW"", ""target_score"": 3, ""boundary"": ""B4_PHILOSOPHY_EXCLUDED"", ""boundary_score"": 2, ""matches"": {""B2_ECONOMICS"": ""市场主体"", ""B3_POLITICS_RULE_OF_LAW"": ""政府,全国人大,boost:全国人大"", ""B4_PHILOSOPHY_EXCLUDED"": ""矛盾,boost:矛盾""}}",future_baodian_intake,main_matrix_original
2026_石景山_一模,2026,石景山,一模,3,,question,B4_PHILOSOPHY_EXCLUDED,objective,/Users/wanglifei/Desktop/2026模拟题/2026各区一模/2026石景山一模/试卷/试卷.pdf,paper,module-boundary-excluded,05_reports/strong_blocker_resolution_audit.csv,"{""rule_id"": ""STRONG_BLOCKER_B4P_AI_CONSCIOUSNESS"", ""matched_terms"": ""意识,主观能动性,直接现实性"", ""source"": ""strong_blocker_resolution_review.csv"", ""evidence_source_type"": ""paper"", ""prior_status"": ""blocked"", ""prior_next_action"": ""manual_review_needed""}",exclude_from_three_target_lines,strong_blocker_resolution
2026_石景山_一模,2026,石景山,一模,4,,question,B4_CULTURE,objective,/Users/wanglifei/Desktop/2026模拟题/2026各区一模/2026石景山一模/试卷/试卷.pdf,paper,included,05_reports/strong_blocker_resolution_audit.csv,"{""rule_id"": ""STRONG_BLOCKER_B4C_TANG_POETRY_CITY_CULTURE"", ""matched_terms"": ""唐诗之都,文化品牌,城市文明风尚"", ""source"": ""strong_blocker_resolution_review.csv"", ""evidence_source_type"": ""paper"", ""prior_status"": ""blocked"", ""prior_next_action"": ""manual_review_needed""}",future_baodian_intake,strong_blocker_resolution
2026_石景山_一模,2026,石景山,一模,5,,question,XB3_EXCLUDED,objective,/Users/wanglifei/Desktop/2026模拟题/2026各区一模/2026石景山一模/试卷/试卷.pdf,paper,module-boundary-excluded,/Users/wanglifei/Desktop/北京高考政治/reports/必修二三与必修四文化_题源分类准备_20260617_1301/03_question_index/question_candidates.csv,"{""target"": ""B4_CULTURE"", ""target_score"": 32, ""boundary"": ""B4_PHILOSOPHY_EXCLUDED"", ""boundary_score"": 4, ""matches"": {""B4_CULTURE"": ""文化,中华优秀传统文化,优秀传统文化,传统文化,文化遗产,文物,boost:中华优秀传统文化,boost:优秀传统文化,boost:传统文化,boost:文化遗产,boost:文物"", ""B4_PHILOSOPHY_EXCLUDED"": ""实践,矛盾,boost:矛盾"", ""XB3_EXCLUDED"": ""推理,概念外延,boost:推理,boost:概念外延""}, ""explicit_boundary_modules"": {""XB3_EXCLUDED"": [""推理"", ""概念外延""]}, ""override"": ""explicit_boundary_term""}",exclude_from_three_target_lines,main_matrix_original
2026_石景山_一模,2026,石景山,一模,6,,question,XB3_EXCLUDED,objective,/Users/wanglifei/Desktop/2026模拟题/2026各区一模/2026石景山一模/试卷/试卷.pdf,paper,module-boundary-excluded,05_reports/strong_blocker_resolution_audit.csv,"{""rule_id"": ""STRONG_BLOCKER_XB3_EMBODIED_INTELLIGENCE_CONDITION"", ""matched_terms"": ""如果,除非,推断必然正确"", ""source"": ""strong_blocker_resolution_review.csv"", ""evidence_source_type"": ""paper"", ""prior_status"": ""blocked"", ""prior_next_action"": ""manual_review_needed""}",exclude_from_three_target_lines,strong_blocker_resolution
2026_石景山_一模,2026,石景山,一模,7,,question,XB3_EXCLUDED,objective,/Users/wanglifei/Desktop/2026模拟题/2026各区一模/2026石景山一模/试卷/试卷.pdf,paper,module-boundary-excluded,/Users/wanglifei/Desktop/北京高考政治/reports/必修二三与必修四文化_题源分类准备_20260617_1301/03_question_index/question_candidates.csv,"{""target"": ""B2_ECONOMICS"", ""target_score"": 0, ""boundary"": ""XB3_EXCLUDED"", ""boundary_score"": 11, ""matches"": {""XB3_EXCLUDED"": ""辩证思维,推理,假言判断,归纳推理,必要条件,boost:辩证思维,boost:推理,boost:假言判断,boost:归纳推理,boost:必要条件""}, ""explicit_boundary_modules"": {""XB3_EXCLUDED"": [""辩证思维"", ""推理"", ""假言"", ""必要条件""]}, ""override"": ""explicit_boundary_term""}",exclude_from_three_target_lines,main_matrix_original
2026_石景山_一模,2026,石景山,一模,8,,question,B3_POLITICS_RULE_OF_LAW,objective,/Users/wanglifei/Desktop/2026模拟题/2026各区一模/2026石景山一模/试卷/试卷.pdf,paper,included,/Users/wanglifei/Desktop/北京高考政治/reports/必修二三与必修四文化_题源分类准备_20260617_1301/03_question_index/question_candidates.csv,"{""target"": ""B3_POLITICS_RULE_OF_LAW"", ""target_score"": 7, ""boundary"": ""B4_PHILOSOPHY_EXCLUDED"", ""boundary_score"": 0, ""matches"": {""B2_ECONOMICS"": ""消费"", ""B3_POLITICS_RULE_OF_LAW"": ""人大代表,政府,全国人大,boost:人大代表,boost:全国人大""}}",future_baodian_intake,main_matrix_original
2026_石景山_一模,2026,石景山,一模,9,,question,XB2_EXCLUDED,objective,/Users/wanglifei/Desktop/2026模拟题/2026各区一模/2026石景山一模/试卷/试卷.pdf,paper,module-boundary-excluded,/Users/wanglifei/Desktop/北京高考政治/reports/必修二三与必修四文化_题源分类准备_20260617_1301/03_question_index/question_candidates.csv,"{""target"": ""B3_POLITICS_RULE_OF_LAW"", ""target_score"": 13, ""boundary"": ""B4_PHILOSOPHY_EXCLUDED"", ""boundary_score"": 2, ""matches"": {""B3_POLITICS_RULE_OF_LAW"": ""政协,检察,社会治理,人民政协,boost:政协,boost:人民政协"", ""B4_PHILOSOPHY_EXCLUDED"": ""矛盾,boost:矛盾"", ""XB2_EXCLUDED"": ""诉讼,boost:诉讼""}, ""explicit_boundary_modules"": {""XB2_EXCLUDED"": [""诉讼""]}, ""override"": ""explicit_boundary_term""}",exclude_from_three_target_lines,main_matrix_original
2026_石景山_二模,2026,石景山,二模,1,,question,B3_POLITICS_RULE_OF_LAW,objective,/Users/wanglifei/Desktop/2026模拟题/2026各区二模/2026石景山二模/试卷/2026北京石景山高三二模政治（教师版）.docx,paper,included,/Users/wanglifei/Desktop/北京高考政治/reports/必修二三与必修四文化_题源分类准备_20260617_1301/03_question_index/question_candidates.csv,"{""target"": ""B3_POLITICS_RULE_OF_LAW"", ""target_score"": 2, ""boundary"": ""B4_PHILOSOPHY_EXCLUDED"", ""boundary_score"": 1, ""matches"": {""B3_POLITICS_RULE_OF_LAW"": ""全国人大,boost:全国人大"", ""B4_PHILOSOPHY_EXCLUDED"": ""事物发展""}}",future_baodian_intake,main_matrix_original
2026_石景山_二模,2026,石景山,二模,10,,question,XB2_EXCLUDED,objective,/Users/wanglifei/Desktop/2026模拟题/2026各区二模/2026石景山二模/试卷/2026北京石景山高三二模政治（教师版）.docx,paper,module-boundary-excluded,/Users/wanglifei/Desktop/北京高考政治/reports/必修二三与必修四文化_题源分类准备_20260617_1301/03_question_index/question_candidates.csv,"{""target"": ""B3_POLITICS_RULE_OF_LAW"", ""target_score"": 1, ""boundary"": ""XB2_EXCLUDED"", ""boundary_score"": 8, ""matches"": {""B3_POLITICS_RULE_OF_LAW"": ""法院"", ""XB2_EXCLUDED"": ""侵权,诉讼,调解,侵权责任,boost:侵权,boost:诉讼,boost:调解,boost:侵权责任""}, ""explicit_boundary_modules"": {""XB2_EXCLUDED"": [""侵权"", ""诉讼""]}, ""override"": ""explicit_boundary_term""}",exclude_from_three_target_lines,main_matrix_original
2026_石景山_二模,2026,石景山,二模,11,,question,XB2_EXCLUDED,objective,/Users/wanglifei/Desktop/2026模拟题/2026各区二模/2026石景山二模/试卷/2026北京石景山高三二模政治（教师版）.docx,paper,module-boundary-excluded,/Users/wanglifei/Desktop/北京高考政治/reports/必修二三与必修四文化_题源分类准备_20260617_1301/03_question_index/question_candidates.csv,"{""target"": ""B2_ECONOMICS"", ""target_score"": 3, ""boundary"": ""XB2_EXCLUDED"", ""boundary_score"": 10, ""matches"": {""B2_ECONOMICS"": ""就业,劳动者,boost:就业"", ""XB2_EXCLUDED"": ""合同,劳动合同,劳动关系,仲裁,boost:合同,boost:劳动合同,boost:劳动关系,boost:仲裁""}, ""explicit_boundary_modules"": {""XB2_EXCLUDED"": [""合同"", ""劳动合同""]}, ""override"": ""explicit_boundary_term""}",exclude_from_three_target_lines,main_matrix_original
2026_石景山_二模,2026,石景山,二模,12,,question,XB2_EXCLUDED,objective,/Users/wanglifei/Desktop/2026模拟题/2026各区二模/2026石景山二模/试卷/2026北京石景山高三二模政治（教师版）.docx,paper,module-boundary-excluded,/Users/wanglifei/Desktop/北京高考政治/reports/必修二三与必修四文化_题源分类准备_20260617_1301/03_question_index/question_candidates.csv,"{""target"": ""B4_CULTURE"", ""target_score"": 3, ""boundary"": ""XB2_EXCLUDED"", ""boundary_score"": 9, ""matches"": {""B3_POLITICS_RULE_OF_LAW"": ""法院"", ""B4_CULTURE"": ""文化,文化遗产,boost:文化遗产"", ""B4_PHILOSOPHY_EXCLUDED"": ""认识"", ""XB2_EXCLUDED"": ""侵权,民事,侵权责任,赔偿,boost:侵权,boost:民事,boost:侵权责任""}, ""explicit_boundary_modules"": {""XB2_EXCLUDED"": [""侵权"", ""民事""]}, ""override"": ""explicit_boundary_term""}",exclude_from_three_target_lines,main_matrix_original
2026_石景山_二模,2026,石景山,二模,13,,question,B2_ECONOMICS,objective,/Users/wanglifei/Desktop/2026模拟题/2026各区二模/2026石景山二模/试卷/2026北京石景山高三二模政治（教师版）.docx,paper,included,/Users/wanglifei/Desktop/北京高考政治/reports/必修二三与必修四文化_题源分类准备_20260617_1301/03_question_index/question_candidates.csv,"{""target"": ""B2_ECONOMICS"", ""target_score"": 4, ""boundary"": ""B4_PHILOSOPHY_EXCLUDED"", ""boundary_score"": 0, ""matches"": {""B2_ECONOMICS"": ""社会保障,社会救助,boost:社会保障,boost:社会救助"", ""B3_POLITICS_RULE_OF_LAW"": ""政府""}}",future_baodian_intake,main_matrix_original
2026_石景山_二模,2026,石景山,二模,14,,question,B2_ECONOMICS,objective,/Users/wanglifei/Desktop/2026模拟题/2026各区二模/2026石景山二模/试卷/2026北京石景山高三二模政治（教师版）.docx,paper,included,/Users/wanglifei/Desktop/北京高考政治/reports/必修二三与必修四文化_题源分类准备_20260617_1301/03_question_index/question_candidates.csv,"{""target"": ""B2_ECONOMICS"", ""target_score"": 5, ""boundary"": ""B4_PHILOSOPHY_EXCLUDED"", ""boundary_score"": 0, ""matches"": {""B2_ECONOMICS"": ""消费,产业链,boost:产业链"", ""B3_POLITICS_RULE_OF_LAW"": ""政府""}}",future_baodian_intake,main_matrix_original
2026_石景山_二模,2026,石景山,二模,15,,question,XB1_EXCLUDED,objective,/Users/wanglifei/Desktop/2026模拟题/2026各区二模/2026石景山二模/试卷/2026北京石景山高三二模政治（教师版）.docx,paper,module-boundary-excluded,/Users/wanglifei/Desktop/北京高考政治/reports/必修二三与必修四文化_题源分类准备_20260617_1301/03_question_index/question_candidates.csv,"{""target"": ""B2_ECONOMICS"", ""target_score"": 3, ""boundary"": ""XB1_EXCLUDED"", ""boundary_score"": 6, ""matches"": {""B2_ECONOMICS"": ""供应链,boost:供应链"", ""XB1_EXCLUDED"": ""经济全球化,国际组织,国际贸易,boost:经济全球化,boost:国际组织,boost:国际贸易""}, ""explicit_boundary_modules"": {""XB1_EXCLUDED"": [""经济全球化"", ""国际组织""]}, ""override"": ""explicit_boundary_term""}",exclude_from_three_target_lines,main_matrix_original
2026_石景山_二模,2026,石景山,二模,16,,question,B2_ECONOMICS,subjective,/Users/wanglifei/Desktop/2026模拟题/2026各区二模/2026石景山二模/试卷/2026北京石景山高三二模政治（教师版）.docx,paper,included,/Users/wanglifei/Desktop/北京高考政治/reports/必修二三与必修四文化_题源分类准备_20260617_1301/03_question_index/question_candidates.csv,"{""target"": ""B2_ECONOMICS"", ""target_score"": 7, ""boundary"": ""B4_PHILOSOPHY_EXCLUDED"", ""boundary_score"": 0, ""matches"": {""B2_ECONOMICS"": ""经济与社会,新发展理念,高质量发展,供给侧,boost:经济与社会,boost:新发展理念,boost:高质量发展""}}",future_baodian_intake,main_matrix_original
2026_石景山_二模,2026,石景山,二模,17(1),17,subquestion,B3_POLITICS_RULE_OF_LAW,subjective,/Users/wanglifei/Desktop/2026模拟题/2026各区二模/2026石景山二模/试卷/2026北京石景山高三二模政治（教师版）.docx,paper,included,04_module_classification/subquestion_split_matrix.csv,"{""target"": ""B3_POLITICS_RULE_OF_LAW"", ""target_score"": 2, ""boundary"": ""B4_PHILOSOPHY_EXCLUDED"", ""boundary_score"": 0, ""matches"": {""B3_POLITICS_RULE_OF_LAW"": ""政治与法治,boost:政治与法治""}}",future_baodian_intake,subquestion_integrated_target
2026_石景山_二模,2026,石景山,二模,17(2),17,subquestion,XB3_EXCLUDED,subjective,/Users/wanglifei/Desktop/2026模拟题/2026各区二模/2026石景山二模/试卷/2026北京石景山高三二模政治（教师版）.docx,paper,module-boundary-excluded,04_module_classification/subquestion_split_matrix.csv,"{""target"": ""B2_ECONOMICS"", ""target_score"": 0, ""boundary"": ""XB3_EXCLUDED"", ""boundary_score"": 4, ""matches"": {""XB3_EXCLUDED"": ""逻辑与思维,辩证思维,boost:逻辑与思维,boost:辩证思维""}, ""explicit_boundary_modules"": {""XB3_EXCLUDED"": [""逻辑与思维"", ""辩证思维""]}, ""override"": ""explicit_boundary_term""}",exclude_from_three_target_lines,subquestion_integrated_boundary
2026_石景山_二模,2026,石景山,二模,17(3),17,subquestion,B4_PHILOSOPHY_EXCLUDED,subjective,/Users/wanglifei/Desktop/2026模拟题/2026各区二模/2026石景山二模/试卷/2026北京石景山高三二模政治（教师版）.docx,paper,module-boundary-excluded,04_module_classification/subquestion_split_matrix.csv,"{""override"": ""prompt_router"", ""prompt_terms"": [""哲学""], ""classification_text"": ""(3)从哲学角度,分析“良法”和“善治”的关联。(7分)"", ""base_decision"": ""{\""target\"": \""B2_ECONOMICS\"", \""target_score\"": 0, \""boundary\"": \""B4_PHILOSOPHY_EXCLUDED\"", \""boundary_score\"": 0, \""matches\"": {}}""}",exclude_from_three_target_lines,subquestion_integrated_boundary
2026_石景山_二模,2026,石景山,二模,18,,question,XB1_EXCLUDED,subjective,/Users/wanglifei/Desktop/2026模拟题/2026各区二模/2026石景山二模/试卷/2026北京石景山高三二模政治（教师版）.docx,paper,module-boundary-excluded,/Users/wanglifei/Desktop/北京高考政治/reports/必修二三与必修四文化_题源分类准备_20260617_1301/03_question_index/question_candidates.csv,"{""target"": ""B2_ECONOMICS"", ""target_score"": 3, ""boundary"": ""XB1_EXCLUDED"", ""boundary_score"": 11, ""matches"": {""B2_ECONOMICS"": ""数字经济,基础设施,boost:数字经济"", ""B4_PHILOSOPHY_EXCLUDED"": ""认识"", ""XB1_EXCLUDED"": ""当代国际政治与经济,国际关系,国家利益,经济全球化,人类命运共同体,boost:当代国际政治与经济,boost:国际关系,boost:国家利益,boost:经济全球化,boost:人类命运共同体"", ""XB2_EXCLUDED"": ""民法典,人格权,健康权,boost:民法典,boost:人格权,boost:健康权""}, ""explicit_boundary_modules"": {""XB1_EXCLUDED"": [""当代国际政治与经济"", ""经济全球化"", ""国际关系"", ""国家利益"", ""人类命运共同体""], ""XB2_EXCLUDED"": [""民法典"", ""人格权""]}, ""override"": ""explicit_boundary_term""}",exclude_from_three_target_lines,main_matrix_original
2026_石景山_二模,2026,石景山,二模,19,,question,XB2_EXCLUDED,subjective,/Users/wanglifei/Desktop/2026模拟题/2026各区二模/2026石景山二模/试卷/2026北京石景山高三二模政治（教师版）.docx,paper,module-boundary-excluded,/Users/wanglifei/Desktop/北京高考政治/reports/必修二三与必修四文化_题源分类准备_20260617_1301/03_question_index/question_candidates.csv,"{""target"": ""B2_ECONOMICS"", ""target_score"": 0, ""boundary"": ""B4_PHILOSOPHY_EXCLUDED"", ""boundary_score"": 2, ""matches"": {""B4_PHILOSOPHY_EXCLUDED"": ""实践,认识"", ""XB2_EXCLUDED"": ""法律与生活,boost:法律与生活""}, ""explicit_boundary_modules"": {""XB2_EXCLUDED"": [""法律与生活""]}, ""override"": ""explicit_boundary_term""}",exclude_from_three_target_lines,main_matrix_original
2026_石景山_二模,2026,石景山,二模,2,,question,B4_PHILOSOPHY_EXCLUDED,objective,/Users/wanglifei/Desktop/2026模拟题/2026各区二模/2026石景山二模/试卷/2026北京石景山高三二模政治（教师版）.docx,paper,module-boundary-excluded,/Users/wanglifei/Desktop/北京高考政治/reports/必修二三与必修四文化_题源分类准备_20260617_1301/03_question_index/question_candidates.csv,"{""target"": ""B4_CULTURE"", ""target_score"": 6, ""boundary"": ""B4_PHILOSOPHY_EXCLUDED"", ""boundary_score"": 2, ""matches"": {""B4_CULTURE"": ""民族精神,爱国主义,非遗,boost:民族精神,boost:爱国主义,boost:非遗"", ""B4_PHILOSOPHY_EXCLUDED"": ""辩证否定,boost:辩证否定""}, ""explicit_boundary_modules"": {""B4_PHILOSOPHY_EXCLUDED"": [""辩证否定""]}, ""override"": ""explicit_boundary_term""}",exclude_from_three_target_lines,main_matrix_original
2026_石景山_二模,2026,石景山,二模,20,,question,B4_CULTURE,subjective,/Users/wanglifei/Desktop/2026模拟题/2026各区二模/2026石景山二模/试卷/2026北京石景山高三二模政治（教师版）.docx,paper,included,/Users/wanglifei/Desktop/北京高考政治/reports/必修二三与必修四文化_题源分类准备_20260617_1301/03_question_index/question_candidates.csv,"{""target"": ""B4_CULTURE"", ""target_score"": 26, ""boundary"": ""B1_EXCLUDED"", ""boundary_score"": 1, ""matches"": {""B2_ECONOMICS"": ""市场经济,高质量发展,消费,boost:市场经济,boost:高质量发展"", ""B4_CULTURE"": ""文化,文化强国,文化遗产,博物馆,中轴线,文旅,文化产业,文物,boost:文化强国,boost:文化遗产,boost:博物馆,boost:中轴线"", ""B1_EXCLUDED"": ""改革开放""}}",future_baodian_intake,main_matrix_original
2026_石景山_二模,2026,石景山,二模,3,,question,B4_PHILOSOPHY_EXCLUDED,objective,/Users/wanglifei/Desktop/2026模拟题/2026各区二模/2026石景山二模/试卷/2026北京石景山高三二模政治（教师版）.docx,paper,module-boundary-excluded,05_reports/strong_blocker_resolution_audit.csv,"{""rule_id"": ""STRONG_BLOCKER_B4P_DIALECTICS_BROAD_FINE"", ""matched_terms"": ""辩证法,中国式现代化,过犹不及,度"", ""source"": ""strong_blocker_resolution_review.csv"", ""evidence_source_type"": ""paper"", ""prior_status"": ""blocked"", ""prior_next_action"": ""manual_review_needed""}",exclude_from_three_target_lines,strong_blocker_resolution
2026_石景山_二模,2026,石景山,二模,4,,question,B4_CULTURE,objective,/Users/wanglifei/Desktop/2026模拟题/2026各区二模/2026石景山二模/试卷/2026北京石景山高三二模政治（教师版）.docx,paper,included,/Users/wanglifei/Desktop/北京高考政治/reports/必修二三与必修四文化_题源分类准备_20260617_1301/03_question_index/question_candidates.csv,"{""target"": ""B4_CULTURE"", ""target_score"": 2, ""boundary"": ""B4_PHILOSOPHY_EXCLUDED"", ""boundary_score"": 0, ""matches"": {""B4_CULTURE"": ""文化""}}",future_baodian_intake,main_matrix_original
2026_石景山_二模,2026,石景山,二模,5,,question,XB3_EXCLUDED,objective,/Users/wanglifei/Desktop/2026模拟题/2026各区二模/2026石景山二模/试卷/2026北京石景山高三二模政治（教师版）.docx,paper,module-boundary-excluded,/Users/wanglifei/Desktop/北京高考政治/reports/必修二三与必修四文化_题源分类准备_20260617_1301/03_question_index/question_candidates.csv,"{""target"": ""B2_ECONOMICS"", ""target_score"": 0, ""boundary"": ""XB3_EXCLUDED"", ""boundary_score"": 6, ""matches"": {""B4_PHILOSOPHY_EXCLUDED"": ""事物发展"", ""XB3_EXCLUDED"": ""科学思维,辩证思维,创新思维,boost:科学思维,boost:辩证思维,boost:创新思维""}, ""explicit_boundary_modules"": {""XB3_EXCLUDED"": [""科学思维"", ""辩证思维"", ""创新思维""]}, ""override"": ""explicit_boundary_term""}",exclude_from_three_target_lines,main_matrix_original
2026_石景山_二模,2026,石景山,二模,6,,question,XB3_EXCLUDED,objective,/Users/wanglifei/Desktop/2026模拟题/2026各区二模/2026石景山二模/试卷/2026北京石景山高三二模政治（教师版）.docx,paper,module-boundary-excluded,/Users/wanglifei/Desktop/北京高考政治/reports/必修二三与必修四文化_题源分类准备_20260617_1301/03_question_index/question_candidates.csv,"{""target"": ""B2_ECONOMICS"", ""target_score"": 0, ""boundary"": ""XB3_EXCLUDED"", ""boundary_score"": 4, ""matches"": {""B4_PHILOSOPHY_EXCLUDED"": ""认识"", ""XB3_EXCLUDED"": ""想象,推理,boost:想象,boost:推理""}, ""explicit_boundary_modules"": {""XB3_EXCLUDED"": [""推理"", ""想象""]}, ""override"": ""explicit_boundary_term""}",exclude_from_three_target_lines,main_matrix_original
2026_石景山_二模,2026,石景山,二模,7,,question,XB2_EXCLUDED,objective,/Users/wanglifei/Desktop/2026模拟题/2026各区二模/2026石景山二模/试卷/2026北京石景山高三二模政治（教师版）.docx,paper,module-boundary-excluded,/Users/wanglifei/Desktop/北京高考政治/reports/必修二三与必修四文化_题源分类准备_20260617_1301/03_question_index/question_candidates.csv,"{""target"": ""B2_ECONOMICS"", ""target_score"": 2, ""boundary"": ""B4_PHILOSOPHY_EXCLUDED"", ""boundary_score"": 2, ""matches"": {""B2_ECONOMICS"": ""消费"", ""B4_PHILOSOPHY_EXCLUDED"": ""矛盾,boost:矛盾"", ""XB2_EXCLUDED"": ""合同,boost:合同""}, ""explicit_boundary_modules"": {""XB2_EXCLUDED"": [""合同""]}, ""override"": ""explicit_boundary_term""}",exclude_from_three_target_lines,main_matrix_original
2026_石景山_二模,2026,石景山,二模,8,,question,B3_POLITICS_RULE_OF_LAW,objective,/Users/wanglifei/Desktop/2026模拟题/2026各区二模/2026石景山二模/试卷/2026北京石景山高三二模政治（教师版）.docx,paper,included,/Users/wanglifei/Desktop/北京高考政治/reports/必修二三与必修四文化_题源分类准备_20260617_1301/03_question_index/question_candidates.csv,"{""target"": ""B3_POLITICS_RULE_OF_LAW"", ""target_score"": 5, ""boundary"": ""B4_PHILOSOPHY_EXCLUDED"", ""boundary_score"": 2, ""matches"": {""B3_POLITICS_RULE_OF_LAW"": ""居民自治,政府,社区治理"", ""B4_PHILOSOPHY_EXCLUDED"": ""矛盾,boost:矛盾"", ""XB2_EXCLUDED"": ""调解,boost:调解""}}",future_baodian_intake,main_matrix_original
2026_石景山_二模,2026,石景山,二模,9,,question,B4_PHILOSOPHY_EXCLUDED,objective,/Users/wanglifei/Desktop/2026模拟题/2026各区二模/2026石景山二模/试卷/2026北京石景山高三二模政治（教师版）.docx,paper,module-boundary-excluded,/Users/wanglifei/Desktop/北京高考政治/reports/必修二三与必修四文化_题源分类准备_20260617_1301/03_question_index/question_candidates.csv,"{""target"": ""B2_ECONOMICS"", ""target_score"": 0, ""boundary"": ""B4_PHILOSOPHY_EXCLUDED"", ""boundary_score"": 2, ""matches"": {""B4_PHILOSOPHY_EXCLUDED"": ""实践""}}",exclude_from_three_target_lines,main_matrix_original
2026_石景山_期末,2026,石景山,期末,SUITE_BLOCKER,,suite,EXCLUDED_BY_HARD_RULE,unknown,/Users/wanglifei/GaokaoPolitics/2026各区模拟题/2026各区期末和期中/2026石景山期末/2026北京石景山高三（上）期末政治.pdf | /Users/wanglifei/Desktop/2026模拟题/已放弃/2026石景山期末/其他材料/答案及评分参考.pdf,"paper,reference-answer",module-boundary-excluded,/Users/wanglifei/Desktop/北京高考政治/reports/必修二三与必修四文化_题源分类准备_20260617_1301/01_source_inventory/source_inventory.csv,"{""reason"": ""2026石景山期末 hard-rule exclusion"", ""source_types"": [""paper"", ""reference-answer""]}",do_not_process_without_new_user_provided_rubric,main_matrix_original
2026_西城_一模,2026,西城,一模,1,,question,B4_PHILOSOPHY_EXCLUDED,objective,/Users/wanglifei/Desktop/2026模拟题/2026各区一模/2026西城一模/试卷/试卷.docx,paper,module-boundary-excluded,/Users/wanglifei/Desktop/北京高考政治/reports/必修二三与必修四文化_题源分类准备_20260617_1301/03_question_index/question_candidates.csv,"{""target"": ""B2_ECONOMICS"", ""target_score"": 0, ""boundary"": ""B4_PHILOSOPHY_EXCLUDED"", ""boundary_score"": 2, ""matches"": {""B4_PHILOSOPHY_EXCLUDED"": ""矛盾,boost:矛盾""}}",exclude_from_three_target_lines,main_matrix_original
2026_西城_一模,2026,西城,一模,10,,question,XB2_EXCLUDED,objective,/Users/wanglifei/Desktop/2026模拟题/2026各区一模/2026西城一模/试卷/试卷.docx,paper,module-boundary-excluded,05_reports/strong_blocker_resolution_audit.csv,"{""rule_id"": ""STRONG_BLOCKER_XB2_ELEVATOR_PROPERTY_RIGHTS"", ""matched_terms"": ""业主,加装电梯,采光损失,公平合理"", ""source"": ""strong_blocker_resolution_review.csv"", ""evidence_source_type"": ""paper"", ""prior_status"": ""blocked"", ""prior_next_action"": ""manual_review_needed""}",exclude_from_three_target_lines,strong_blocker_resolution
2026_西城_一模,2026,西城,一模,11,,question,B2_ECONOMICS,objective,/Users/wanglifei/Desktop/2026模拟题/2026各区一模/2026西城一模/试卷/试卷.docx,paper,included,/Users/wanglifei/Desktop/北京高考政治/reports/必修二三与必修四文化_题源分类准备_20260617_1301/03_question_index/question_candidates.csv,"{""target"": ""B2_ECONOMICS"", ""target_score"": 14, ""boundary"": ""B4_PHILOSOPHY_EXCLUDED"", ""boundary_score"": 0, ""matches"": {""B2_ECONOMICS"": ""消费,养老服务,经济增长,GDP,boost:养老服务,boost:经济增长,boost:GDP"", ""B3_POLITICS_RULE_OF_LAW"": ""政府""}}",future_baodian_intake,main_matrix_original
2026_西城_一模,2026,西城,一模,13,,question,XB3_EXCLUDED,objective,/Users/wanglifei/Desktop/2026模拟题/2026各区一模/2026西城一模/试卷/试卷.docx,paper,module-boundary-excluded,/Users/wanglifei/Desktop/北京高考政治/reports/必修二三与必修四文化_题源分类准备_20260617_1301/03_question_index/question_candidates.csv,"{""target"": ""B4_CULTURE"", ""target_score"": 9, ""boundary"": ""XB3_EXCLUDED"", ""boundary_score"": 2, ""matches"": {""B4_CULTURE"": ""文化,文化遗产,中轴线,中华文明,boost:文化遗产,boost:中轴线,boost:中华文明"", ""XB3_EXCLUDED"": ""推理,boost:推理""}, ""explicit_boundary_modules"": {""XB3_EXCLUDED"": [""推理""]}, ""override"": ""explicit_boundary_term""}",exclude_from_three_target_lines,main_matrix_original
2026_西城_一模,2026,西城,一模,15,,question,XB1_EXCLUDED,objective,/Users/wanglifei/Desktop/2026模拟题/2026各区一模/2026西城一模/试卷/试卷.docx,paper,module-boundary-excluded,05_reports/strong_blocker_resolution_audit.csv,"{""rule_id"": ""STRONG_BLOCKER_XB1_WTO_REFORM"", ""matched_terms"": ""世贸组织,世界经济,全球经济治理"", ""source"": ""strong_blocker_resolution_review.csv"", ""evidence_source_type"": ""paper"", ""prior_status"": ""blocked"", ""prior_next_action"": ""manual_review_needed""}",exclude_from_three_target_lines,strong_blocker_resolution
2026_西城_一模,2026,西城,一模,16,,question,B3_POLITICS_RULE_OF_LAW,subjective,/Users/wanglifei/Desktop/2026模拟题/2026各区一模/2026西城一模/试卷/试卷.docx,paper,included,/Users/wanglifei/Desktop/北京高考政治/reports/必修二三与必修四文化_题源分类准备_20260617_1301/03_question_index/question_candidates.csv,"{""target"": ""B3_POLITICS_RULE_OF_LAW"", ""target_score"": 2, ""boundary"": ""B4_PHILOSOPHY_EXCLUDED"", ""boundary_score"": 1, ""matches"": {""B3_POLITICS_RULE_OF_LAW"": ""政府"", ""B4_CULTURE"": ""文化"", ""B4_PHILOSOPHY_EXCLUDED"": ""认识""}}",future_baodian_intake,main_matrix_original
2026_西城_一模,2026,西城,一模,17,,question,XB2_EXCLUDED,subjective,/Users/wanglifei/Desktop/2026模拟题/2026各区一模/2026西城一模/试卷/试卷.docx,paper,module-boundary-excluded,/Users/wanglifei/Desktop/北京高考政治/reports/必修二三与必修四文化_题源分类准备_20260617_1301/03_question_index/question_candidates.csv,"{""target"": ""B3_POLITICS_RULE_OF_LAW"", ""target_score"": 1, ""boundary"": ""XB2_EXCLUDED"", ""boundary_score"": 11, ""matches"": {""B3_POLITICS_RULE_OF_LAW"": ""政府"", ""XB2_EXCLUDED"": ""民法典,物权,赔偿,所有权,boost:民法典,boost:物权,boost:所有权""}, ""explicit_boundary_modules"": {""XB2_EXCLUDED"": [""民法典"", ""所有权"", ""物权""]}, ""override"": ""explicit_boundary_term""}",exclude_from_three_target_lines,main_matrix_original
2026_西城_一模,2026,西城,一模,18,,question,B2_ECONOMICS,subjective,/Users/wanglifei/Desktop/2026模拟题/2026各区一模/2026西城一模/试卷/试卷.docx,paper,included,/Users/wanglifei/Desktop/北京高考政治/reports/必修二三与必修四文化_题源分类准备_20260617_1301/03_question_index/question_candidates.csv,"{""target"": ""B2_ECONOMICS"", ""target_score"": 12, ""boundary"": ""B4_PHILOSOPHY_EXCLUDED"", ""boundary_score"": 0, ""matches"": {""B2_ECONOMICS"": ""经济与社会,实体经济,财政,产业链,boost:经济与社会,boost:实体经济,boost:财政,boost:产业链""}}",future_baodian_intake,main_matrix_original
2026_西城_一模,2026,西城,一模,19,,question,B3_POLITICS_RULE_OF_LAW,subjective,/Users/wanglifei/Desktop/2026模拟题/2026各区一模/2026西城一模/试卷/试卷.docx,paper,included,/Users/wanglifei/Desktop/北京高考政治/reports/必修二三与必修四文化_题源分类准备_20260617_1301/03_question_index/question_candidates.csv,"{""target"": ""B3_POLITICS_RULE_OF_LAW"", ""target_score"": 5, ""boundary"": ""B4_PHILOSOPHY_EXCLUDED"", ""boundary_score"": 0, ""matches"": {""B3_POLITICS_RULE_OF_LAW"": ""政治与法治,政府,公共服务,boost:政治与法治"", ""B4_CULTURE"": ""文化""}}",future_baodian_intake,main_matrix_original
2026_西城_一模,2026,西城,一模,2,,question,B4_CULTURE,objective,/Users/wanglifei/Desktop/2026模拟题/2026各区一模/2026西城一模/试卷/试卷.docx,paper,included,/Users/wanglifei/Desktop/北京高考政治/reports/必修二三与必修四文化_题源分类准备_20260617_1301/03_question_index/question_candidates.csv,"{""target"": ""B4_CULTURE"", ""target_score"": 4, ""boundary"": ""B4_PHILOSOPHY_EXCLUDED"", ""boundary_score"": 0, ""matches"": {""B3_POLITICS_RULE_OF_LAW"": ""政府"", ""B4_CULTURE"": ""文化,文旅,boost:文旅""}}",future_baodian_intake,main_matrix_original
2026_西城_一模,2026,西城,一模,20,,question,XB1_EXCLUDED,subjective,/Users/wanglifei/Desktop/2026模拟题/2026各区一模/2026西城一模/试卷/试卷.docx,paper,module-boundary-excluded,/Users/wanglifei/Desktop/北京高考政治/reports/必修二三与必修四文化_题源分类准备_20260617_1301/03_question_index/question_candidates.csv,"{""target"": ""B2_ECONOMICS"", ""target_score"": 10, ""boundary"": ""XB1_EXCLUDED"", ""boundary_score"": 2, ""matches"": {""B2_ECONOMICS"": ""数字经济,供应链,基础设施,boost:数字经济,boost:供应链"", ""XB1_EXCLUDED"": ""当代国际政治与经济,boost:当代国际政治与经济""}, ""explicit_boundary_modules"": {""XB1_EXCLUDED"": [""当代国际政治与经济""]}, ""override"": ""explicit_boundary_term""}",exclude_from_three_target_lines,main_matrix_original
2026_西城_一模,2026,西城,一模,21,,question,XB2_EXCLUDED,subjective,/Users/wanglifei/Desktop/2026模拟题/2026各区一模/2026西城一模/试卷/试卷.docx,paper,module-boundary-excluded,/Users/wanglifei/Desktop/北京高考政治/reports/必修二三与必修四文化_题源分类准备_20260617_1301/03_question_index/question_candidates.csv,"{""target"": ""B2_ECONOMICS"", ""target_score"": 2, ""boundary"": ""B4_PHILOSOPHY_EXCLUDED"", ""boundary_score"": 4, ""matches"": {""B2_ECONOMICS"": ""产业发展"", ""B4_PHILOSOPHY_EXCLUDED"": ""实践,人民群众,boost:人民群众"", ""XB2_EXCLUDED"": ""物权,boost:物权""}, ""explicit_boundary_modules"": {""XB2_EXCLUDED"": [""物权""]}, ""override"": ""explicit_boundary_term""}",exclude_from_three_target_lines,main_matrix_original
2026_西城_一模,2026,西城,一模,3,,question,B3_POLITICS_RULE_OF_LAW,objective,/Users/wanglifei/Desktop/2026模拟题/2026各区一模/2026西城一模/试卷/试卷.docx,paper,included,/Users/wanglifei/Desktop/北京高考政治/reports/必修二三与必修四文化_题源分类准备_20260617_1301/03_question_index/question_candidates.csv,"{""target"": ""B3_POLITICS_RULE_OF_LAW"", ""target_score"": 3, ""boundary"": ""B4_PHILOSOPHY_EXCLUDED"", ""boundary_score"": 0, ""matches"": {""B3_POLITICS_RULE_OF_LAW"": ""政府,党组织,boost:党组织""}}",future_baodian_intake,main_matrix_original
2026_西城_一模,2026,西城,一模,4,,question,B3_POLITICS_RULE_OF_LAW,objective,/Users/wanglifei/Desktop/2026模拟题/2026各区一模/2026西城一模/试卷/试卷.docx,paper,included,/Users/wanglifei/Desktop/北京高考政治/reports/必修二三与必修四文化_题源分类准备_20260617_1301/03_question_index/question_candidates.csv,"{""target"": ""B3_POLITICS_RULE_OF_LAW"", ""target_score"": 7, ""boundary"": ""B4_PHILOSOPHY_EXCLUDED"", ""boundary_score"": 0, ""matches"": {""B3_POLITICS_RULE_OF_LAW"": ""政协,国家治理,政府,boost:政协,boost:国家治理""}}",future_baodian_intake,main_matrix_original
2026_西城_一模,2026,西城,一模,5,,question,B4_PHILOSOPHY_EXCLUDED,objective,/Users/wanglifei/Desktop/2026模拟题/2026各区一模/2026西城一模/试卷/试卷.docx,paper,module-boundary-excluded,/Users/wanglifei/Desktop/北京高考政治/reports/必修二三与必修四文化_题源分类准备_20260617_1301/03_question_index/question_candidates.csv,"{""target"": ""B4_CULTURE"", ""target_score"": 2, ""boundary"": ""B4_PHILOSOPHY_EXCLUDED"", ""boundary_score"": 5, ""matches"": {""B4_CULTURE"": ""文化"", ""B4_PHILOSOPHY_EXCLUDED"": ""人民群众,意识活动,boost:人民群众,boost:意识活动""}, ""explicit_boundary_modules"": {""B4_PHILOSOPHY_EXCLUDED"": [""意识活动""]}, ""override"": ""explicit_boundary_term""}",exclude_from_three_target_lines,main_matrix_original
2026_西城_一模,2026,西城,一模,6,,question,B4_PHILOSOPHY_EXCLUDED,objective,/Users/wanglifei/Desktop/2026模拟题/2026各区一模/2026西城一模/试卷/试卷.docx,paper,module-boundary-excluded,05_reports/strong_blocker_resolution_audit.csv,"{""rule_id"": ""STRONG_BLOCKER_B4P_TECH_SCENARIO_DIALECTICS"", ""matched_terms"": ""关键部分,新旧事物,共性个性,联系形式"", ""source"": ""strong_blocker_resolution_review.csv"", ""evidence_source_type"": ""paper"", ""prior_status"": ""blocked"", ""prior_next_action"": ""manual_review_needed""}",exclude_from_three_target_lines,strong_blocker_resolution
2026_西城_一模,2026,西城,一模,7,,question,B4_PHILOSOPHY_EXCLUDED,objective,/Users/wanglifei/Desktop/2026模拟题/2026各区一模/2026西城一模/试卷/试卷.docx,paper,module-boundary-excluded,/Users/wanglifei/Desktop/北京高考政治/reports/必修二三与必修四文化_题源分类准备_20260617_1301/03_question_index/question_candidates.csv,"{""target"": ""B2_ECONOMICS"", ""target_score"": 1, ""boundary"": ""B4_PHILOSOPHY_EXCLUDED"", ""boundary_score"": 4, ""matches"": {""B2_ECONOMICS"": ""市场主体"", ""B4_PHILOSOPHY_EXCLUDED"": ""实践,矛盾,boost:矛盾""}}",exclude_from_three_target_lines,main_matrix_original
2026_西城_一模,2026,西城,一模,8,,question,B2_ECONOMICS,objective,/Users/wanglifei/Desktop/2026模拟题/2026各区一模/2026西城一模/试卷/试卷.docx,paper,included,/Users/wanglifei/Desktop/北京高考政治/reports/必修二三与必修四文化_题源分类准备_20260617_1301/03_question_index/question_candidates.csv,"{""target"": ""B2_ECONOMICS"", ""target_score"": 4, ""boundary"": ""B4_PHILOSOPHY_EXCLUDED"", ""boundary_score"": 0, ""matches"": {""B2_ECONOMICS"": ""产业链,基础设施,boost:产业链"", ""B3_POLITICS_RULE_OF_LAW"": ""公共服务""}}",future_baodian_intake,main_matrix_original
2026_西城_一模,2026,西城,一模,9,,question,XB2_EXCLUDED,objective,/Users/wanglifei/Desktop/2026模拟题/2026各区一模/2026西城一模/试卷/试卷.docx,paper,module-boundary-excluded,/Users/wanglifei/Desktop/北京高考政治/reports/必修二三与必修四文化_题源分类准备_20260617_1301/03_question_index/question_candidates.csv,"{""target"": ""B2_ECONOMICS"", ""target_score"": 0, ""boundary"": ""XB2_EXCLUDED"", ""boundary_score"": 9, ""matches"": {""XB2_EXCLUDED"": ""合同,侵权,侵权责任,boost:合同,boost:侵权,boost:侵权责任""}, ""explicit_boundary_modules"": {""XB2_EXCLUDED"": [""合同"", ""侵权""]}, ""override"": ""explicit_boundary_term""}",exclude_from_three_target_lines,main_matrix_original
2026_西城_二模,2026,西城,二模,1,,question,B2_ECONOMICS,objective,/Users/wanglifei/Desktop/2026模拟题/2026各区二模/2026西城二模/试卷/2026北京西城高三二模政治（教师版）.docx,paper,included,/Users/wanglifei/Desktop/北京高考政治/reports/必修二三与必修四文化_题源分类准备_20260617_1301/03_question_index/question_candidates.csv,"{""target"": ""B2_ECONOMICS"", ""target_score"": 2, ""boundary"": ""B4_PHILOSOPHY_EXCLUDED"", ""boundary_score"": 0, ""matches"": {""B2_ECONOMICS"": ""共同富裕,boost:共同富裕"", ""B3_POLITICS_RULE_OF_LAW"": ""政府""}}",future_baodian_intake,main_matrix_original
2026_西城_二模,2026,西城,二模,10,,question,XB2_EXCLUDED,objective,/Users/wanglifei/Desktop/2026模拟题/2026各区二模/2026西城二模/试卷/2026北京西城高三二模政治（教师版）.docx,paper,module-boundary-excluded,/Users/wanglifei/Desktop/北京高考政治/reports/必修二三与必修四文化_题源分类准备_20260617_1301/03_question_index/question_candidates.csv,"{""target"": ""B3_POLITICS_RULE_OF_LAW"", ""target_score"": 2, ""boundary"": ""XB2_EXCLUDED"", ""boundary_score"": 14, ""matches"": {""B3_POLITICS_RULE_OF_LAW"": ""检察,法院"", ""XB2_EXCLUDED"": ""劳动关系,诉讼,调解,仲裁,boost:劳动关系,boost:诉讼,boost:调解,boost:仲裁""}, ""explicit_boundary_modules"": {""XB2_EXCLUDED"": [""诉讼""]}, ""override"": ""explicit_boundary_term""}",exclude_from_three_target_lines,main_matrix_original
2026_西城_二模,2026,西城,二模,11,,question,XB2_EXCLUDED,objective,/Users/wanglifei/Desktop/2026模拟题/2026各区二模/2026西城二模/试卷/2026北京西城高三二模政治（教师版）.docx,paper,module-boundary-excluded,05_reports/strong_blocker_resolution_audit.csv,"{""rule_id"": ""STRONG_BLOCKER_XB2_MARITAL_PROPERTY_COMPANY"", ""matched_terms"": ""夫妻共同财产,抵押,公司股东,破产责任"", ""source"": ""strong_blocker_resolution_review.csv"", ""evidence_source_type"": ""paper"", ""prior_status"": ""blocked"", ""prior_next_action"": ""manual_review_needed""}",exclude_from_three_target_lines,strong_blocker_resolution
2026_西城_二模,2026,西城,二模,12,,question,B2_ECONOMICS,objective,/Users/wanglifei/Desktop/2026模拟题/2026各区二模/2026西城二模/试卷/2026北京西城高三二模政治（教师版）.docx,paper,included,/Users/wanglifei/Desktop/北京高考政治/reports/必修二三与必修四文化_题源分类准备_20260617_1301/03_question_index/question_candidates.csv,"{""target"": ""B2_ECONOMICS"", ""target_score"": 5, ""boundary"": ""B4_PHILOSOPHY_EXCLUDED"", ""boundary_score"": 0, ""matches"": {""B2_ECONOMICS"": ""社会保障,消费,boost:社会保障"", ""B3_POLITICS_RULE_OF_LAW"": ""政府""}}",future_baodian_intake,main_matrix_original
2026_西城_二模,2026,西城,二模,13,,question,B2_ECONOMICS,objective,/Users/wanglifei/Desktop/2026模拟题/2026各区二模/2026西城二模/试卷/2026北京西城高三二模政治（教师版）.docx,paper,included,/Users/wanglifei/Desktop/北京高考政治/reports/必修二三与必修四文化_题源分类准备_20260617_1301/03_question_index/question_candidates.csv,"{""target"": ""B2_ECONOMICS"", ""target_score"": 3, ""boundary"": ""B4_PHILOSOPHY_EXCLUDED"", ""boundary_score"": 0, ""matches"": {""B2_ECONOMICS"": ""税收,消费,boost:税收""}}",future_baodian_intake,main_matrix_original
2026_西城_二模,2026,西城,二模,14,,question,B2_ECONOMICS,objective,/Users/wanglifei/Desktop/2026模拟题/2026各区二模/2026西城二模/试卷/2026北京西城高三二模政治（教师版）.docx,paper,included,05_reports/prompt_resolution_audit.csv,"{""override"": ""strict_prompt_resolution"", ""rule_id"": ""B2_EXPLICIT_ECONOMICS_PROMPT"", ""matched_terms"": ""消费"", ""prompt_source"": ""paper"", ""prompt"": ""读数,感受经济脉动。 关于图中数据,下列分析合理的是 1北京市老年智能产品交易规模及其增速呈现下降趋势 2老年人口数量增加与支付能力提升,为市场提供了增长动力 3不同类型的老年智能产品与老年人需求的匹配度存在差异 4消费升级趋势下,企业应专注研发高端化智能产品,打造品牌形象 A.12 B.14 C.23 D.34"", ""previous_decision"": ""{\""target\"": \""B2_ECONOMICS\"", \""target_score\"": 1, \""boundary\"": \""B4_PHILOSOPHY_EXCLUDED\"", \""boundary_score\"": 0, \""matches\"": {\""B2_ECONOMICS\"": \""消费\""}}""}",future_baodian_intake,prompt_resolved_from_main_matrix_original
2026_西城_二模,2026,西城,二模,15,,question,XB1_EXCLUDED,objective,/Users/wanglifei/Desktop/2026模拟题/2026各区二模/2026西城二模/试卷/2026北京西城高三二模政治（教师版）.docx,paper,module-boundary-excluded,05_reports/strong_blocker_resolution_audit.csv,"{""rule_id"": ""STRONG_BLOCKER_XB1_G20_GLOBAL_ECONOMIC_GOVERNANCE"", ""matched_terms"": ""二十国集团,全球经济治理,国际经济合作"", ""source"": ""strong_blocker_resolution_review.csv"", ""evidence_source_type"": ""paper"", ""prior_status"": ""blocked"", ""prior_next_action"": ""manual_review_needed""}",exclude_from_three_target_lines,strong_blocker_resolution
2026_西城_二模,2026,西城,二模,16,,question,B4_CULTURE,subjective,/Users/wanglifei/Desktop/2026模拟题/2026各区二模/2026西城二模/试卷/2026北京西城高三二模政治（教师版）.docx,paper,included,/Users/wanglifei/Desktop/北京高考政治/reports/必修二三与必修四文化_题源分类准备_20260617_1301/03_question_index/question_candidates.csv,"{""target"": ""B4_CULTURE"", ""target_score"": 15, ""boundary"": ""B4_PHILOSOPHY_EXCLUDED"", ""boundary_score"": 4, ""matches"": {""B4_CULTURE"": ""文化,中华优秀传统文化,优秀传统文化,传统文化,中华文明,中式生活,boost:中华优秀传统文化,boost:优秀传统文化,boost:传统文化,boost:中华文明,boost:中式生活"", ""B4_PHILOSOPHY_EXCLUDED"": ""实践,认识,矛盾,boost:矛盾""}}",future_baodian_intake,main_matrix_original
2026_西城_二模,2026,西城,二模,17,,question,B2_ECONOMICS,subjective,/Users/wanglifei/Desktop/2026模拟题/2026各区二模/2026西城二模/试卷/2026北京西城高三二模政治（教师版）.docx,paper,included,/Users/wanglifei/Desktop/北京高考政治/reports/必修二三与必修四文化_题源分类准备_20260617_1301/03_question_index/question_candidates.csv,"{""target"": ""B2_ECONOMICS"", ""target_score"": 2, ""boundary"": ""B4_PHILOSOPHY_EXCLUDED"", ""boundary_score"": 0, ""matches"": {""B2_ECONOMICS"": ""供给侧,产业发展""}}",future_baodian_intake,main_matrix_original
2026_西城_二模,2026,西城,二模,18,,question,XB2_EXCLUDED,subjective,/Users/wanglifei/Desktop/2026模拟题/2026各区二模/2026西城二模/试卷/2026北京西城高三二模政治（教师版）.docx,paper,module-boundary-excluded,/Users/wanglifei/Desktop/北京高考政治/reports/必修二三与必修四文化_题源分类准备_20260617_1301/03_question_index/question_candidates.csv,"{""target"": ""B3_POLITICS_RULE_OF_LAW"", ""target_score"": 11, ""boundary"": ""XB2_EXCLUDED"", ""boundary_score"": 22, ""matches"": {""B2_ECONOMICS"": ""营商环境,产业发展,boost:营商环境"", ""B3_POLITICS_RULE_OF_LAW"": ""依法行政,国家治理,行政机关,法院,boost:依法行政,boost:国家治理"", ""B4_PHILOSOPHY_EXCLUDED"": ""矛盾,boost:矛盾"", ""XB2_EXCLUDED"": ""民法典,侵权,诉讼,举证,民事,民事主体,侵权责任,赔偿,上诉,boost:民法典,boost:侵权,boost:诉讼"", ""XB3_EXCLUDED"": ""逻辑与思维,科学思维,辩证思维,boost:逻辑与思维,boost:科学思维,boost:辩证思维""}, ""explicit_boundary_modules"": {""XB2_EXCLUDED"": [""民法典"", ""侵权"", ""诉讼"", ""民事""], ""XB3_EXCLUDED"": [""逻辑与思维"", ""科学思维"", ""辩证思维""]}, ""override"": ""explicit_boundary_term""}",exclude_from_three_target_lines,main_matrix_original
2026_西城_二模,2026,西城,二模,19,,question,XB1_EXCLUDED,subjective,/Users/wanglifei/Desktop/2026模拟题/2026各区二模/2026西城二模/试卷/2026北京西城高三二模政治（教师版）.docx,paper,module-boundary-excluded,/Users/wanglifei/Desktop/北京高考政治/reports/必修二三与必修四文化_题源分类准备_20260617_1301/03_question_index/question_candidates.csv,"{""target"": ""B2_ECONOMICS"", ""target_score"": 6, ""boundary"": ""XB1_EXCLUDED"", ""boundary_score"": 10, ""matches"": {""B2_ECONOMICS"": ""数字经济,数据要素,boost:数字经济,boost:数据要素"", ""B4_PHILOSOPHY_EXCLUDED"": ""实践"", ""XB1_EXCLUDED"": ""当代国际政治与经济,全球治理,经济全球化,人类命运共同体,国际组织,boost:当代国际政治与经济,boost:全球治理,boost:经济全球化,boost:人类命运共同体,boost:国际组织""}, ""explicit_boundary_modules"": {""XB1_EXCLUDED"": [""当代国际政治与经济"", ""经济全球化"", ""全球治理"", ""人类命运共同体"", ""国际组织""]}, ""override"": ""explicit_boundary_term""}",exclude_from_three_target_lines,main_matrix_original
2026_西城_二模,2026,西城,二模,2,,question,B4_CULTURE,objective,/Users/wanglifei/Desktop/2026模拟题/2026各区二模/2026西城二模/试卷/2026北京西城高三二模政治（教师版）.docx,paper,included,05_reports/culture_component_extraction_audit.csv,"{""rule_id"": ""CULTURE_FULL_OBJECTIVE_MILU_CULTURAL_SYMBOL"", ""matched_terms"": ""中华文化主体性,文化自信,中华优秀传统文化,文化基因"", ""source"": ""culture_component_extraction_review.csv"", ""prior_book_module"": ""B4_PHILOSOPHY_EXCLUDED"", ""prior_status"": ""module-boundary-excluded"", ""user_rule"": ""民族精神及明确文化判断点属于文化；哲学文化混合题需抽离文化部分。""}",future_baodian_intake,culture_component_row_resolution
2026_西城_二模,2026,西城,二模,20,,question,XB1_EXCLUDED,subjective,/Users/wanglifei/Desktop/2026模拟题/2026各区二模/2026西城二模/试卷/2026北京西城高三二模政治（教师版）.docx,paper,module-boundary-excluded,/Users/wanglifei/Desktop/北京高考政治/reports/必修二三与必修四文化_题源分类准备_20260617_1301/03_question_index/question_candidates.csv,"{""target"": ""B3_POLITICS_RULE_OF_LAW"", ""target_score"": 5, ""boundary"": ""B4_PHILOSOPHY_EXCLUDED"", ""boundary_score"": 4, ""matches"": {""B2_ECONOMICS"": ""数字经济,boost:数字经济"", ""B3_POLITICS_RULE_OF_LAW"": ""中国共产党,党的领导,政府,boost:中国共产党,boost:党的领导"", ""B4_PHILOSOPHY_EXCLUDED"": ""实践,人民群众,boost:人民群众"", ""XB1_EXCLUDED"": ""国际组织,boost:国际组织""}, ""explicit_boundary_modules"": {""XB1_EXCLUDED"": [""国际组织""]}, ""override"": ""explicit_boundary_term""}",exclude_from_three_target_lines,main_matrix_original
2026_西城_二模,2026,西城,二模,3,,question,B4_PHILOSOPHY_EXCLUDED,objective,/Users/wanglifei/Desktop/2026模拟题/2026各区二模/2026西城二模/试卷/2026北京西城高三二模政治（教师版）.docx,paper,module-boundary-excluded,/Users/wanglifei/Desktop/北京高考政治/reports/必修二三与必修四文化_题源分类准备_20260617_1301/03_question_index/question_candidates.csv,"{""target"": ""B2_ECONOMICS"", ""target_score"": 0, ""boundary"": ""B4_PHILOSOPHY_EXCLUDED"", ""boundary_score"": 5, ""matches"": {""B4_PHILOSOPHY_EXCLUDED"": ""实践,矛盾,意识活动,boost:矛盾,boost:意识活动""}, ""explicit_boundary_modules"": {""B4_PHILOSOPHY_EXCLUDED"": [""意识活动""]}, ""override"": ""explicit_boundary_term""}",exclude_from_three_target_lines,main_matrix_original
2026_西城_二模,2026,西城,二模,4,,question,B4_PHILOSOPHY_EXCLUDED,objective,/Users/wanglifei/Desktop/2026模拟题/2026各区二模/2026西城二模/试卷/2026北京西城高三二模政治（教师版）.docx,paper,module-boundary-excluded,/Users/wanglifei/Desktop/北京高考政治/reports/必修二三与必修四文化_题源分类准备_20260617_1301/03_question_index/question_candidates.csv,"{""target"": ""B3_POLITICS_RULE_OF_LAW"", ""target_score"": 1, ""boundary"": ""B4_PHILOSOPHY_EXCLUDED"", ""boundary_score"": 5, ""matches"": {""B3_POLITICS_RULE_OF_LAW"": ""社会治理"", ""B4_PHILOSOPHY_EXCLUDED"": ""实践,系统优化,矛盾,boost:系统优化,boost:矛盾""}, ""explicit_boundary_modules"": {""B4_PHILOSOPHY_EXCLUDED"": [""系统优化""]}, ""override"": ""explicit_boundary_term""}",exclude_from_three_target_lines,main_matrix_original
2026_西城_二模,2026,西城,二模,5,,question,XB3_EXCLUDED,objective,/Users/wanglifei/Desktop/2026模拟题/2026各区二模/2026西城二模/试卷/2026北京西城高三二模政治（教师版）.docx,paper,module-boundary-excluded,05_reports/strong_blocker_resolution_audit.csv,"{""rule_id"": ""STRONG_BLOCKER_XB3_CONDITIONAL_PREMISE"", ""matched_terms"": ""只有,必然推出,前提"", ""source"": ""strong_blocker_resolution_review.csv"", ""evidence_source_type"": ""paper"", ""prior_status"": ""blocked"", ""prior_next_action"": ""manual_review_needed""}",exclude_from_three_target_lines,strong_blocker_resolution
2026_西城_二模,2026,西城,二模,6,,question,XB3_EXCLUDED,objective,/Users/wanglifei/Desktop/2026模拟题/2026各区二模/2026西城二模/试卷/2026北京西城高三二模政治（教师版）.docx,paper,module-boundary-excluded,/Users/wanglifei/Desktop/北京高考政治/reports/必修二三与必修四文化_题源分类准备_20260617_1301/03_question_index/question_candidates.csv,"{""target"": ""B2_ECONOMICS"", ""target_score"": 0, ""boundary"": ""XB3_EXCLUDED"", ""boundary_score"": 4, ""matches"": {""B4_PHILOSOPHY_EXCLUDED"": ""实践"", ""XB3_EXCLUDED"": ""创新思维,想象,boost:创新思维,boost:想象""}, ""explicit_boundary_modules"": {""XB3_EXCLUDED"": [""创新思维"", ""想象""]}, ""override"": ""explicit_boundary_term""}",exclude_from_three_target_lines,main_matrix_original
2026_西城_二模,2026,西城,二模,7,,question,B3_POLITICS_RULE_OF_LAW,objective,/Users/wanglifei/Desktop/2026模拟题/2026各区二模/2026西城二模/试卷/2026北京西城高三二模政治（教师版）.docx,paper,included,/Users/wanglifei/Desktop/北京高考政治/reports/必修二三与必修四文化_题源分类准备_20260617_1301/03_question_index/question_candidates.csv,"{""target"": ""B3_POLITICS_RULE_OF_LAW"", ""target_score"": 4, ""boundary"": ""B4_PHILOSOPHY_EXCLUDED"", ""boundary_score"": 0, ""matches"": {""B3_POLITICS_RULE_OF_LAW"": ""人大代表,基层治理,boost:人大代表,boost:基层治理""}}",future_baodian_intake,main_matrix_original
2026_西城_二模,2026,西城,二模,8,,question,B3_POLITICS_RULE_OF_LAW,objective,/Users/wanglifei/Desktop/2026模拟题/2026各区二模/2026西城二模/试卷/2026北京西城高三二模政治（教师版）.docx,paper,included,/Users/wanglifei/Desktop/北京高考政治/reports/必修二三与必修四文化_题源分类准备_20260617_1301/03_question_index/question_candidates.csv,"{""target"": ""B3_POLITICS_RULE_OF_LAW"", ""target_score"": 4, ""boundary"": ""B4_PHILOSOPHY_EXCLUDED"", ""boundary_score"": 0, ""matches"": {""B3_POLITICS_RULE_OF_LAW"": ""人民代表大会,全国人大,boost:人民代表大会,boost:全国人大""}}",future_baodian_intake,main_matrix_original
2026_西城_二模,2026,西城,二模,9,,question,B3_POLITICS_RULE_OF_LAW,objective,/Users/wanglifei/Desktop/2026模拟题/2026各区二模/2026西城二模/试卷/2026北京西城高三二模政治（教师版）.docx,paper,included,05_reports/prompt_resolution_audit.csv,"{""override"": ""strict_prompt_resolution"", ""rule_id"": ""B3_EXPLICIT_POLITICS_PROMPT"", ""matched_terms"": ""居委会"", ""prompt_source"": ""paper"", ""prompt"": ""北京市某普通商品房小区业主因对物业公司收取的“车位管理费”标准及服务质量存在异议,暂缓缴纳。物业公司多次在其驾车出地库时阻拦其通行,双方冲突不断升级,矛盾激化。对此,以下分析正确的是 资料卡 《北京市物业管理条例》规定,本市普通商品住宅小区物业服务收费实行市场调节价,由物业服务企业与业主协商确定。 1该小区车位管理费由物业公司依法自主定价 2若业主认为收费不合理,可向相关管理部门投诉,督促政府履行公共服务职能,维护公平有序的市场环境 3物业拦车行为超出了合法催收的限制,侵害了业主的财产权和人身权益,业主有权依法主张权利救济 4居委会应积极履行调解职能,搭建沟通渠道,及时化解矛盾 A.12 B.14 C.23 D.34"", ""previous_decision"": ""{\""target\"": \""B3_POLITICS_RULE_OF_LAW\"", \""target_score\"": 2, \""boundary\"": \""B4_PHILOSOPHY_EXCLUDED\"", \""boundary_score\"": 3, \""matches\"": {\""B3_POLITICS_RULE_OF_LAW\"": \""政府,公共服务\"", \""B4_PHILOSOPHY_EXCLUDED\"": \""矛盾,boost:矛盾\"", \""XB2_EXCLUDED\"": \""调解,boost:调解\""}}""}",future_baodian_intake,prompt_resolved_from_main_matrix_original
2026_西城_期末,2026,西城,期末,1,,question,B4_CULTURE,objective,/Users/wanglifei/Desktop/北京高考政治/reports/必修二三与必修四文化_题源分类准备_20260617_1301/02_text_cache/ocr_cache/2026_西城_期末/2026北京西城高三上期末政治教师版.ocr.txt,ocr-cache,included,05_reports/strong_blocker_resolution_audit.csv,"{""rule_id"": ""STRONG_BLOCKER_B4C_NATIONAL_SPIRIT_BELIEF"", ""matched_terms"": ""必胜信念,革命实践,民族复兴,精神动力"", ""source"": ""strong_blocker_resolution_review.csv"", ""evidence_source_type"": ""ocr-cache"", ""prior_status"": ""blocked"", ""prior_next_action"": ""manual_review_needed""}",future_baodian_intake,strong_blocker_resolution
2026_西城_期末,2026,西城,期末,10,,question,B3_POLITICS_RULE_OF_LAW,objective,/Users/wanglifei/Desktop/北京高考政治/reports/必修二三与必修四文化_题源分类准备_20260617_1301/02_text_cache/ocr_cache/2026_西城_期末/2026北京西城高三上期末政治教师版.ocr.txt,ocr-cache,included,/Users/wanglifei/Desktop/北京高考政治/reports/必修二三与必修四文化_题源分类准备_20260617_1301/02_text_cache/ocr_absorbed/2026_西城_期末.txt,"{""target"": ""B3_POLITICS_RULE_OF_LAW"", ""target_score"": 2, ""boundary"": ""B4_PHILOSOPHY_EXCLUDED"", ""boundary_score"": 0, ""matches"": {""B3_POLITICS_RULE_OF_LAW"": ""中国共产党,boost:中国共产党""}}",future_baodian_intake,main_matrix_original
2026_西城_期末,2026,西城,期末,11,,question,B3_POLITICS_RULE_OF_LAW,objective,/Users/wanglifei/Desktop/北京高考政治/reports/必修二三与必修四文化_题源分类准备_20260617_1301/02_text_cache/ocr_cache/2026_西城_期末/2026北京西城高三上期末政治教师版.ocr.txt,ocr-cache,included,/Users/wanglifei/Desktop/北京高考政治/reports/必修二三与必修四文化_题源分类准备_20260617_1301/02_text_cache/ocr_absorbed/2026_西城_期末.txt,"{""target"": ""B3_POLITICS_RULE_OF_LAW"", ""target_score"": 2, ""boundary"": ""B4_PHILOSOPHY_EXCLUDED"", ""boundary_score"": 0, ""matches"": {""B2_ECONOMICS"": ""消费"", ""B3_POLITICS_RULE_OF_LAW"": ""政府,社会治理""}}",future_baodian_intake,main_matrix_original
2026_西城_期末,2026,西城,期末,12,,question,B2_ECONOMICS,objective,/Users/wanglifei/Desktop/北京高考政治/reports/必修二三与必修四文化_题源分类准备_20260617_1301/02_text_cache/ocr_cache/2026_西城_期末/2026北京西城高三上期末政治教师版.ocr.txt,ocr-cache,included,05_reports/strong_blocker_resolution_audit.csv,"{""rule_id"": ""STRONG_BLOCKER_B2_RAILWAY_PRICING_RESOURCE_ALLOCATION"", ""matched_terms"": ""票价优惠,差别定价,资源优化配置"", ""source"": ""strong_blocker_resolution_review.csv"", ""evidence_source_type"": ""ocr-cache"", ""prior_status"": ""blocked"", ""prior_next_action"": ""manual_review_needed""}",future_baodian_intake,strong_blocker_resolution
2026_西城_期末,2026,西城,期末,13,,question,XB2_EXCLUDED,objective,/Users/wanglifei/Desktop/北京高考政治/reports/必修二三与必修四文化_题源分类准备_20260617_1301/02_text_cache/ocr_cache/2026_西城_期末/2026北京西城高三上期末政治教师版.ocr.txt,ocr-cache,module-boundary-excluded,/Users/wanglifei/Desktop/北京高考政治/reports/必修二三与必修四文化_题源分类准备_20260617_1301/02_text_cache/ocr_absorbed/2026_西城_期末.txt,"{""target"": ""B2_ECONOMICS"", ""target_score"": 3, ""boundary"": ""XB2_EXCLUDED"", ""boundary_score"": 16, ""matches"": {""B2_ECONOMICS"": ""财政,基础设施,boost:财政"", ""XB2_EXCLUDED"": ""知识产权,专利,boost:知识产权,boost:专利""}, ""explicit_boundary_modules"": {""XB2_EXCLUDED"": [""知识产权"", ""专利""]}, ""override"": ""explicit_boundary_term""}",exclude_from_three_target_lines,main_matrix_original
2026_西城_期末,2026,西城,期末,14,,question,XB2_EXCLUDED,objective,/Users/wanglifei/Desktop/北京高考政治/reports/必修二三与必修四文化_题源分类准备_20260617_1301/02_text_cache/ocr_cache/2026_西城_期末/2026北京西城高三上期末政治教师版.ocr.txt,ocr-cache,module-boundary-excluded,/Users/wanglifei/Desktop/北京高考政治/reports/必修二三与必修四文化_题源分类准备_20260617_1301/02_text_cache/ocr_absorbed/2026_西城_期末.txt,"{""target"": ""B2_ECONOMICS"", ""target_score"": 3, ""boundary"": ""XB2_EXCLUDED"", ""boundary_score"": 8, ""matches"": {""B2_ECONOMICS"": ""产业链,boost:产业链"", ""XB1_EXCLUDED"": ""联合国,全球治理,国际组织,boost:联合国,boost:全球治理,boost:国际组织"", ""XB2_EXCLUDED"": ""诉讼,调解,boost:诉讼,boost:调解""}, ""explicit_boundary_modules"": {""XB1_EXCLUDED"": [""联合国"", ""全球治理"", ""国际组织""], ""XB2_EXCLUDED"": [""诉讼""]}, ""override"": ""explicit_boundary_term""}",exclude_from_three_target_lines,main_matrix_original
2026_西城_期末,2026,西城,期末,16,,question,B4_PHILOSOPHY_EXCLUDED,subjective,/Users/wanglifei/Desktop/北京高考政治/reports/必修二三与必修四文化_题源分类准备_20260617_1301/02_text_cache/ocr_cache/2026_西城_期末/2026北京西城高三上期末政治教师版.ocr.txt,ocr-cache,module-boundary-excluded,/Users/wanglifei/Desktop/北京高考政治/reports/必修二三与必修四文化_题源分类准备_20260617_1301/02_text_cache/ocr_absorbed/2026_西城_期末.txt,"{""target"": ""B4_CULTURE"", ""target_score"": 34, ""boundary"": ""B4_PHILOSOPHY_EXCLUDED"", ""boundary_score"": 18, ""matches"": {""B4_CULTURE"": ""文化,中华优秀传统文化,优秀传统文化,传统文化,文化创新,文化自信,boost:中华优秀传统文化,boost:优秀传统文化,boost:传统文化,boost:文化创新,boost:文化自信"", ""B4_PHILOSOPHY_EXCLUDED"": ""实践,认识,真理,人民群众,物质决定意识,boost:真理,boost:人民群众,boost:物质决定意识"", ""XB1_EXCLUDED"": ""全球治理,boost:全球治理""}, ""explicit_boundary_modules"": {""XB1_EXCLUDED"": [""全球治理""], ""B4_PHILOSOPHY_EXCLUDED"": [""物质决定意识""]}, ""override"": ""explicit_boundary_term""}",exclude_from_three_target_lines,main_matrix_original
2026_西城_期末,2026,西城,期末,17,,question,XB2_EXCLUDED,subjective,/Users/wanglifei/Desktop/北京高考政治/reports/必修二三与必修四文化_题源分类准备_20260617_1301/02_text_cache/ocr_cache/2026_西城_期末/2026北京西城高三上期末政治教师版.ocr.txt,ocr-cache,module-boundary-excluded,/Users/wanglifei/Desktop/北京高考政治/reports/必修二三与必修四文化_题源分类准备_20260617_1301/02_text_cache/ocr_absorbed/2026_西城_期末.txt,"{""target"": ""B3_POLITICS_RULE_OF_LAW"", ""target_score"": 5, ""boundary"": ""XB2_EXCLUDED"", ""boundary_score"": 6, ""matches"": {""B2_ECONOMICS"": ""消费"", ""B3_POLITICS_RULE_OF_LAW"": ""法院"", ""XB2_EXCLUDED"": ""侵权,诉讼,赔偿,boost:侵权,boost:诉讼""}, ""explicit_boundary_modules"": {""XB2_EXCLUDED"": [""侵权"", ""诉讼""]}, ""override"": ""explicit_boundary_term""}",exclude_from_three_target_lines,main_matrix_original
2026_西城_期末,2026,西城,期末,18,,question,B3_POLITICS_RULE_OF_LAW,subjective,/Users/wanglifei/Desktop/北京高考政治/reports/必修二三与必修四文化_题源分类准备_20260617_1301/02_text_cache/ocr_cache/2026_西城_期末/2026北京西城高三上期末政治教师版.ocr.txt,ocr-cache,included,05_reports/source_explicit_cleanup_audit.csv,"{""rule_id"": ""SOURCE_EXPLICIT_B3_PROCURATORATE_PUBLIC_INTEREST_PROMPT"", ""matched_terms"": ""运用《政治与法治》知识,检察公益诉讼,人大代表,政协委员,全过程人民民主"", ""source"": ""source_explicit_cleanup_audit.csv"", ""prior_book_module"": ""UNKNOWN_OR_MIXED"", ""prior_status"": ""blocked""}",future_baodian_intake,source_explicit_cleanup
2026_西城_期末,2026,西城,期末,19,,question,XB3_EXCLUDED,subjective,/Users/wanglifei/Desktop/北京高考政治/reports/必修二三与必修四文化_题源分类准备_20260617_1301/02_text_cache/ocr_cache/2026_西城_期末/2026北京西城高三上期末政治教师版.ocr.txt,ocr-cache,module-boundary-excluded,/Users/wanglifei/Desktop/北京高考政治/reports/必修二三与必修四文化_题源分类准备_20260617_1301/02_text_cache/ocr_absorbed/2026_西城_期末.txt,"{""target"": ""B2_ECONOMICS"", ""target_score"": 29, ""boundary"": ""XB3_EXCLUDED"", ""boundary_score"": 7, ""matches"": {""B2_ECONOMICS"": ""新发展理念,高质量发展,新质生产力,供给侧,财政,消费,产业链,就业,劳动者,居民收入,基础设施,经济增长"", ""B3_POLITICS_RULE_OF_LAW"": ""政府"", ""B4_PHILOSOPHY_EXCLUDED"": ""认识"", ""XB3_EXCLUDED"": ""推理,归纳推理,boost:推理,boost:归纳推理""}, ""explicit_boundary_modules"": {""XB3_EXCLUDED"": [""推理""]}, ""override"": ""explicit_boundary_term""}",exclude_from_three_target_lines,main_matrix_original
2026_西城_期末,2026,西城,期末,2,,question,B1_EXCLUDED,objective,/Users/wanglifei/Desktop/北京高考政治/reports/必修二三与必修四文化_题源分类准备_20260617_1301/02_text_cache/ocr_cache/2026_西城_期末/2026北京西城高三上期末政治教师版.ocr.txt,ocr-cache,module-boundary-excluded,05_reports/prompt_resolution_audit.csv,"{""override"": ""strict_prompt_resolution"", ""rule_id"": ""B1_SOCIALISM_PROMPT"", ""matched_terms"": ""改革开放"", ""prompt_source"": ""ocr-cache"", ""prompt"": ""改革开放以来,中国企业“出海”经历了四个发展阶段: 出口以劳动密集型 产品为主;美国、日 本 主要目标市场 越来越多的中 国企业开始迈 上国际化进程 依托供应链与跨境电 商拓展全球市场;投 资重心转向东盟国家 高端制造业成沩 出口增长点;品牌 成为核心竞争力; 深耕新兴市场 20世纪80年代 2001年 党的十一届三中全会以来 加入WTO 以来 2013年 提出“一带一路”偶议以来 2022年 党的二十大以来 可见 1 党的战略决策引领中国企业“出海” 不断升级 2从“卖产品”到“卖品牌”,我国始终依靠的是传统比较优势 3 改革开放这一最广泛而深刻的社会变革,\\为企业“出海”提供了历史机遇 4 更大范围、更宽领域、更深层次的开放格局,助力企业开拓新兴市场 A. 12 B. 14 C. 23 D. 34 北京市西城区 2025—2026 学年度第一学期期末试卷"", ""previous_decision"": ""{\""target\"": \""B2_ECONOMICS\"", \""target_score\"": 2, \""boundary\"": \""B1_EXCLUDED\"", \""boundary_score\"": 2, \""matches\"": {\""B2_ECONOMICS\"": \""供应链,boost:供应链\"", \""B1_EXCLUDED\"": \""改革开放\""}}""}",exclude_from_three_target_lines,prompt_resolved_from_main_matrix_original
2026_西城_期末,2026,西城,期末,20,,question,XB1_EXCLUDED,subjective,/Users/wanglifei/Desktop/北京高考政治/reports/必修二三与必修四文化_题源分类准备_20260617_1301/02_text_cache/ocr_cache/2026_西城_期末/2026北京西城高三上期末政治教师版.ocr.txt,ocr-cache,module-boundary-excluded,/Users/wanglifei/Desktop/北京高考政治/reports/必修二三与必修四文化_题源分类准备_20260617_1301/02_text_cache/ocr_absorbed/2026_西城_期末.txt,"{""target"": ""B2_ECONOMICS"", ""target_score"": 4, ""boundary"": ""B4_PHILOSOPHY_EXCLUDED"", ""boundary_score"": 2, ""matches"": {""B2_ECONOMICS"": ""市场机制,消费"", ""B3_POLITICS_RULE_OF_LAW"": ""政府,全国人大,boost:全国人大"", ""B4_CULTURE"": ""文化"", ""B4_PHILOSOPHY_EXCLUDED"": ""实践"", ""XB1_EXCLUDED"": ""联合国,boost:联合国""}, ""explicit_boundary_modules"": {""XB1_EXCLUDED"": [""联合国""]}, ""override"": ""explicit_boundary_term""}",exclude_from_three_target_lines,main_matrix_original
2026_西城_期末,2026,西城,期末,21,,question,B3_POLITICS_RULE_OF_LAW,subjective,/Users/wanglifei/Desktop/北京高考政治/reports/必修二三与必修四文化_题源分类准备_20260617_1301/02_text_cache/ocr_cache/2026_西城_期末/2026北京西城高三上期末政治教师版.ocr.txt,ocr-cache,included,/Users/wanglifei/Desktop/北京高考政治/reports/必修二三与必修四文化_题源分类准备_20260617_1301/02_text_cache/ocr_absorbed/2026_西城_期末.txt,"{""target"": ""B3_POLITICS_RULE_OF_LAW"", ""target_score"": 6, ""boundary"": ""B1_EXCLUDED"", ""boundary_score"": 2, ""matches"": {""B3_POLITICS_RULE_OF_LAW"": ""中国共产党,党的领导,全国人大,boost:中国共产党,boost:党的领导,boost:全国人大"", ""B4_PHILOSOPHY_EXCLUDED"": ""实践"", ""B1_EXCLUDED"": ""中国特色社会主义""}}",future_baodian_intake,main_matrix_original
2026_西城_期末,2026,西城,期末,3,,question,B4_PHILOSOPHY_EXCLUDED,objective,/Users/wanglifei/Desktop/北京高考政治/reports/必修二三与必修四文化_题源分类准备_20260617_1301/02_text_cache/ocr_cache/2026_西城_期末/2026北京西城高三上期末政治教师版.ocr.txt,ocr-cache,module-boundary-excluded,/Users/wanglifei/Desktop/北京高考政治/reports/必修二三与必修四文化_题源分类准备_20260617_1301/02_text_cache/ocr_absorbed/2026_西城_期末.txt,"{""target"": ""B2_ECONOMICS"", ""target_score"": 0, ""boundary"": ""B4_PHILOSOPHY_EXCLUDED"", ""boundary_score"": 4, ""matches"": {""B4_PHILOSOPHY_EXCLUDED"": ""实践,认识""}}",exclude_from_three_target_lines,main_matrix_original
2026_西城_期末,2026,西城,期末,4,,question,XB3_EXCLUDED,objective,/Users/wanglifei/Desktop/北京高考政治/reports/必修二三与必修四文化_题源分类准备_20260617_1301/02_text_cache/ocr_cache/2026_西城_期末/2026北京西城高三上期末政治教师版.ocr.txt,ocr-cache,module-boundary-excluded,/Users/wanglifei/Desktop/北京高考政治/reports/必修二三与必修四文化_题源分类准备_20260617_1301/02_text_cache/ocr_absorbed/2026_西城_期末.txt,"{""target"": ""B2_ECONOMICS"", ""target_score"": 0, ""boundary"": ""B4_PHILOSOPHY_EXCLUDED"", ""boundary_score"": 2, ""matches"": {""B4_PHILOSOPHY_EXCLUDED"": ""矛盾,boost:矛盾"", ""XB3_EXCLUDED"": ""想象,boost:想象""}, ""explicit_boundary_modules"": {""XB3_EXCLUDED"": [""想象""]}, ""override"": ""explicit_boundary_term""}",exclude_from_three_target_lines,main_matrix_original
2026_西城_期末,2026,西城,期末,5,,question,B4_PHILOSOPHY_EXCLUDED,objective,/Users/wanglifei/Desktop/北京高考政治/reports/必修二三与必修四文化_题源分类准备_20260617_1301/02_text_cache/ocr_cache/2026_西城_期末/2026北京西城高三上期末政治教师版.ocr.txt,ocr-cache,module-boundary-excluded,/Users/wanglifei/Desktop/北京高考政治/reports/必修二三与必修四文化_题源分类准备_20260617_1301/02_text_cache/ocr_absorbed/2026_西城_期末.txt,"{""target"": ""B2_ECONOMICS"", ""target_score"": 0, ""boundary"": ""B4_PHILOSOPHY_EXCLUDED"", ""boundary_score"": 4, ""matches"": {""B4_PHILOSOPHY_EXCLUDED"": ""联系的普遍性,矛盾,boost:联系的普遍性,boost:矛盾"", ""XB1_EXCLUDED"": ""G20,boost:G20""}}",exclude_from_three_target_lines,main_matrix_original
2026_西城_期末,2026,西城,期末,6,,question,XB2_EXCLUDED,objective,/Users/wanglifei/Desktop/北京高考政治/reports/必修二三与必修四文化_题源分类准备_20260617_1301/02_text_cache/ocr_cache/2026_西城_期末/2026北京西城高三上期末政治教师版.ocr.txt,ocr-cache,module-boundary-excluded,05_reports/strong_blocker_resolution_audit.csv,"{""rule_id"": ""STRONG_BLOCKER_XB2_ACCESSIBLE_WORKS_COPYRIGHT"", ""matched_terms"": ""著作权,法定许可,个人信息"", ""source"": ""strong_blocker_resolution_review.csv"", ""evidence_source_type"": ""ocr-cache"", ""prior_status"": ""blocked"", ""prior_next_action"": ""manual_review_needed""}",exclude_from_three_target_lines,strong_blocker_resolution
2026_西城_期末,2026,西城,期末,7,,question,XB2_EXCLUDED,objective,/Users/wanglifei/Desktop/北京高考政治/reports/必修二三与必修四文化_题源分类准备_20260617_1301/02_text_cache/ocr_cache/2026_西城_期末/2026北京西城高三上期末政治教师版.ocr.txt,ocr-cache,module-boundary-excluded,/Users/wanglifei/Desktop/北京高考政治/reports/必修二三与必修四文化_题源分类准备_20260617_1301/02_text_cache/ocr_absorbed/2026_西城_期末.txt,"{""target"": ""B3_POLITICS_RULE_OF_LAW"", ""target_score"": 2, ""boundary"": ""XB2_EXCLUDED"", ""boundary_score"": 15, ""matches"": {""B3_POLITICS_RULE_OF_LAW"": ""行政机关,法院"", ""XB2_EXCLUDED"": ""诉讼,调解,民事,民事诉讼,专利,boost:诉讼,boost:调解,boost:民事,boost:民事诉讼,boost:专利""}, ""explicit_boundary_modules"": {""XB2_EXCLUDED"": [""诉讼"", ""民事"", ""专利""]}, ""override"": ""explicit_boundary_term""}",exclude_from_three_target_lines,main_matrix_original
2026_西城_期末,2026,西城,期末,8,,question,XB3_EXCLUDED,objective,/Users/wanglifei/Desktop/北京高考政治/reports/必修二三与必修四文化_题源分类准备_20260617_1301/02_text_cache/ocr_cache/2026_西城_期末/2026北京西城高三上期末政治教师版.ocr.txt,ocr-cache,module-boundary-excluded,/Users/wanglifei/Desktop/北京高考政治/reports/必修二三与必修四文化_题源分类准备_20260617_1301/02_text_cache/ocr_absorbed/2026_西城_期末.txt,"{""target"": ""B4_CULTURE"", ""target_score"": 2, ""boundary"": ""XB3_EXCLUDED"", ""boundary_score"": 8, ""matches"": {""B4_CULTURE"": ""文化"", ""B4_PHILOSOPHY_EXCLUDED"": ""实践"", ""XB3_EXCLUDED"": ""推理,三段论,周延,逻辑规则,boost:推理,boost:三段论,boost:周延,boost:逻辑规则""}, ""explicit_boundary_modules"": {""XB3_EXCLUDED"": [""三段论"", ""推理""]}, ""override"": ""explicit_boundary_term""}",exclude_from_three_target_lines,main_matrix_original
2026_通州_一模,2026,通州,一模,1,,question,B3_POLITICS_RULE_OF_LAW,objective,/Users/wanglifei/Desktop/北京高考政治/reports/必修二三与必修四文化_题源分类准备_20260617_1301/02_text_cache/ocr_cache/2026_通州_一模/2026北京通州高三一模政治.ocr.txt,ocr-cache,included,/Users/wanglifei/Desktop/北京高考政治/reports/必修二三与必修四文化_题源分类准备_20260617_1301/02_text_cache/ocr_absorbed/2026_通州_一模.txt,"{""target"": ""B3_POLITICS_RULE_OF_LAW"", ""target_score"": 4, ""boundary"": ""B4_PHILOSOPHY_EXCLUDED"", ""boundary_score"": 2, ""matches"": {""B3_POLITICS_RULE_OF_LAW"": ""中国共产党,boost:中国共产党"", ""B4_PHILOSOPHY_EXCLUDED"": ""人生价值,boost:人生价值"", ""B1_EXCLUDED"": ""改革开放""}}",future_baodian_intake,main_matrix_original
2026_通州_一模,2026,通州,一模,10,,question,XB2_EXCLUDED,objective,/Users/wanglifei/Desktop/北京高考政治/reports/必修二三与必修四文化_题源分类准备_20260617_1301/02_text_cache/ocr_cache/2026_通州_一模/2026北京通州高三一模政治.ocr.txt,ocr-cache,module-boundary-excluded,/Users/wanglifei/Desktop/北京高考政治/reports/必修二三与必修四文化_题源分类准备_20260617_1301/02_text_cache/ocr_absorbed/2026_通州_一模.txt,"{""target"": ""B2_ECONOMICS"", ""target_score"": 0, ""boundary"": ""XB2_EXCLUDED"", ""boundary_score"": 5, ""matches"": {""XB2_EXCLUDED"": ""合同,格式条款,boost:合同,boost:格式条款""}, ""explicit_boundary_modules"": {""XB2_EXCLUDED"": [""合同""]}, ""override"": ""explicit_boundary_term""}",exclude_from_three_target_lines,main_matrix_original
2026_通州_一模,2026,通州,一模,11,,question,XB2_EXCLUDED,objective,/Users/wanglifei/Desktop/北京高考政治/reports/必修二三与必修四文化_题源分类准备_20260617_1301/02_text_cache/ocr_cache/2026_通州_一模/2026北京通州高三一模政治.ocr.txt,ocr-cache,module-boundary-excluded,/Users/wanglifei/Desktop/北京高考政治/reports/必修二三与必修四文化_题源分类准备_20260617_1301/02_text_cache/ocr_absorbed/2026_通州_一模.txt,"{""target"": ""B3_POLITICS_RULE_OF_LAW"", ""target_score"": 9, ""boundary"": ""XB2_EXCLUDED"", ""boundary_score"": 5, ""matches"": {""B3_POLITICS_RULE_OF_LAW"": ""法治政府,行政机关,政府,法院,司法机关,boost:法治政府"", ""XB2_EXCLUDED"": ""诉讼,上诉,boost:诉讼,boost:上诉""}, ""explicit_boundary_modules"": {""XB2_EXCLUDED"": [""诉讼""]}, ""override"": ""explicit_boundary_term""}",exclude_from_three_target_lines,main_matrix_original
2026_通州_一模,2026,通州,一模,12,,question,XB3_EXCLUDED,objective,/Users/wanglifei/Desktop/北京高考政治/reports/必修二三与必修四文化_题源分类准备_20260617_1301/02_text_cache/ocr_cache/2026_通州_一模/2026北京通州高三一模政治.ocr.txt,ocr-cache,module-boundary-excluded,/Users/wanglifei/Desktop/北京高考政治/reports/必修二三与必修四文化_题源分类准备_20260617_1301/02_text_cache/ocr_absorbed/2026_通州_一模.txt,"{""target"": ""B4_CULTURE"", ""target_score"": 1, ""boundary"": ""XB3_EXCLUDED"", ""boundary_score"": 8, ""matches"": {""B4_CULTURE"": ""文艺"", ""XB3_EXCLUDED"": ""辩证思维,创新思维,超前思维,联想思维,boost:辩证思维,boost:创新思维,boost:超前思维,boost:联想思维""}, ""explicit_boundary_modules"": {""XB3_EXCLUDED"": [""辩证思维"", ""创新思维"", ""超前思维""]}, ""override"": ""explicit_boundary_term""}",exclude_from_three_target_lines,main_matrix_original
2026_通州_一模,2026,通州,一模,13,,question,XB3_EXCLUDED,objective,/Users/wanglifei/Desktop/北京高考政治/reports/必修二三与必修四文化_题源分类准备_20260617_1301/02_text_cache/ocr_cache/2026_通州_一模/2026北京通州高三一模政治.ocr.txt,ocr-cache,module-boundary-excluded,/Users/wanglifei/Desktop/北京高考政治/reports/必修二三与必修四文化_题源分类准备_20260617_1301/02_text_cache/ocr_absorbed/2026_通州_一模.txt,"{""target"": ""B4_CULTURE"", ""target_score"": 1, ""boundary"": ""XB3_EXCLUDED"", ""boundary_score"": 8, ""matches"": {""B4_CULTURE"": ""文化"", ""XB3_EXCLUDED"": ""推理,周延,逻辑规则,boost:推理,boost:周延,boost:逻辑规则""}, ""explicit_boundary_modules"": {""XB3_EXCLUDED"": [""推理""]}, ""override"": ""explicit_boundary_term""}",exclude_from_three_target_lines,main_matrix_original
2026_通州_一模,2026,通州,一模,14,,question,B2_ECONOMICS,objective,/Users/wanglifei/Desktop/北京高考政治/reports/必修二三与必修四文化_题源分类准备_20260617_1301/02_text_cache/ocr_cache/2026_通州_一模/2026北京通州高三一模政治.ocr.txt,ocr-cache,included,/Users/wanglifei/Desktop/北京高考政治/reports/必修二三与必修四文化_题源分类准备_20260617_1301/02_text_cache/ocr_absorbed/2026_通州_一模.txt,"{""target"": ""B2_ECONOMICS"", ""target_score"": 4, ""boundary"": ""B4_PHILOSOPHY_EXCLUDED"", ""boundary_score"": 0, ""matches"": {""B2_ECONOMICS"": ""高质量发展,共同富裕,boost:高质量发展,boost:共同富裕"", ""B3_POLITICS_RULE_OF_LAW"": ""民族区域自治,boost:民族区域自治""}}",future_baodian_intake,main_matrix_original
2026_通州_一模,2026,通州,一模,15,,question,B3_POLITICS_RULE_OF_LAW,objective,/Users/wanglifei/Desktop/北京高考政治/reports/必修二三与必修四文化_题源分类准备_20260617_1301/02_text_cache/ocr_cache/2026_通州_一模/2026北京通州高三一模政治.ocr.txt,ocr-cache,included,/Users/wanglifei/Desktop/北京高考政治/reports/必修二三与必修四文化_题源分类准备_20260617_1301/02_text_cache/ocr_absorbed/2026_通州_一模.txt,"{""target"": ""B3_POLITICS_RULE_OF_LAW"", ""target_score"": 7, ""boundary"": ""B4_PHILOSOPHY_EXCLUDED"", ""boundary_score"": 1, ""matches"": {""B2_ECONOMICS"": ""乡村振兴,boost:乡村振兴"", ""B3_POLITICS_RULE_OF_LAW"": ""协商民主,全过程人民民主,基层治理,boost:协商民主,boost:全过程人民民主,boost:基层治理"", ""B4_PHILOSOPHY_EXCLUDED"": ""实践""}}",future_baodian_intake,main_matrix_original
2026_通州_一模,2026,通州,一模,16,,question,B3_POLITICS_RULE_OF_LAW,subjective,/Users/wanglifei/Desktop/北京高考政治/reports/必修二三与必修四文化_题源分类准备_20260617_1301/02_text_cache/ocr_cache/2026_通州_一模/2026北京通州高三一模政治.ocr.txt,ocr-cache,included,/Users/wanglifei/Desktop/北京高考政治/reports/必修二三与必修四文化_题源分类准备_20260617_1301/02_text_cache/ocr_absorbed/2026_通州_一模.txt,"{""target"": ""B3_POLITICS_RULE_OF_LAW"", ""target_score"": 7, ""boundary"": ""B4_PHILOSOPHY_EXCLUDED"", ""boundary_score"": 2, ""matches"": {""B2_ECONOMICS"": ""经济总量,boost:经济总量"", ""B3_POLITICS_RULE_OF_LAW"": ""政治与法治,党的领导,人民当家作主,国家治理,boost:政治与法治,boost:党的领导,boost:国家治理"", ""B4_PHILOSOPHY_EXCLUDED"": ""实践"", ""B1_EXCLUDED"": ""中国特色社会主义""}}",future_baodian_intake,main_matrix_original
2026_通州_一模,2026,通州,一模,17,,question,B4_PHILOSOPHY_EXCLUDED,subjective,/Users/wanglifei/Desktop/北京高考政治/reports/必修二三与必修四文化_题源分类准备_20260617_1301/02_text_cache/ocr_cache/2026_通州_一模/2026北京通州高三一模政治.ocr.txt,ocr-cache,module-boundary-excluded,/Users/wanglifei/Desktop/北京高考政治/reports/必修二三与必修四文化_题源分类准备_20260617_1301/02_text_cache/ocr_absorbed/2026_通州_一模.txt,"{""target"": ""B2_ECONOMICS"", ""target_score"": 19, ""boundary"": ""B4_PHILOSOPHY_EXCLUDED"", ""boundary_score"": 7, ""matches"": {""B2_ECONOMICS"": ""高质量发展,实体经济,新质生产力,供给侧,消费,产业链,就业,boost:高质量发展,boost:实体经济,boost:新质生产力,boost:产业链,boost:就业"", ""B4_PHILOSOPHY_EXCLUDED"": ""实践,系统优化,矛盾,辩证否定,boost:系统优化,boost:矛盾,boost:辩证否定"", ""XB3_EXCLUDED"": ""逻辑与思维,辩证思维,boost:逻辑与思维,boost:辩证思维""}, ""explicit_boundary_modules"": {""XB3_EXCLUDED"": [""逻辑与思维"", ""辩证思维""], ""B4_PHILOSOPHY_EXCLUDED"": [""系统优化"", ""辩证否定""]}, ""override"": ""explicit_boundary_term""}",exclude_from_three_target_lines,main_matrix_original
2026_通州_一模,2026,通州,一模,18,,question,B4_PHILOSOPHY_EXCLUDED,subjective,/Users/wanglifei/Desktop/北京高考政治/reports/必修二三与必修四文化_题源分类准备_20260617_1301/02_text_cache/ocr_cache/2026_通州_一模/2026北京通州高三一模政治.ocr.txt,ocr-cache,module-boundary-excluded,/Users/wanglifei/Desktop/北京高考政治/reports/必修二三与必修四文化_题源分类准备_20260617_1301/02_text_cache/ocr_absorbed/2026_通州_一模.txt,"{""target"": ""B4_CULTURE"", ""target_score"": 14, ""boundary"": ""B4_PHILOSOPHY_EXCLUDED"", ""boundary_score"": 4, ""matches"": {""B4_CULTURE"": ""文化,中华优秀传统文化,优秀传统文化,传统文化,创新性发展,非遗,boost:中华优秀传统文化,boost:优秀传统文化,boost:传统文化,boost:创新性发展,boost:非遗"", ""B4_PHILOSOPHY_EXCLUDED"": ""实践,辩证否定,boost:辩证否定""}, ""explicit_boundary_modules"": {""B4_PHILOSOPHY_EXCLUDED"": [""辩证否定""]}, ""override"": ""explicit_boundary_term""}",exclude_from_three_target_lines,main_matrix_original
2026_通州_一模,2026,通州,一模,19,,question,XB1_EXCLUDED,subjective,/Users/wanglifei/Desktop/北京高考政治/reports/必修二三与必修四文化_题源分类准备_20260617_1301/02_text_cache/ocr_cache/2026_通州_一模/2026北京通州高三一模政治.ocr.txt,ocr-cache,module-boundary-excluded,/Users/wanglifei/Desktop/北京高考政治/reports/必修二三与必修四文化_题源分类准备_20260617_1301/02_text_cache/ocr_absorbed/2026_通州_一模.txt,"{""target"": ""B2_ECONOMICS"", ""target_score"": 0, ""boundary"": ""XB1_EXCLUDED"", ""boundary_score"": 26, ""matches"": {""XB1_EXCLUDED"": ""当代国际政治与经济,国际关系,国家利益,联合国,全球治理,人类命运共同体,外交,元首外交,上合组织,boost:当代国际政治与经济,boost:国际关系,boost:国家利益""}, ""explicit_boundary_modules"": {""XB1_EXCLUDED"": [""当代国际政治与经济"", ""国际关系"", ""国家利益"", ""联合国"", ""全球治理"", ""人类命运共同体""]}, ""override"": ""explicit_boundary_term""}",exclude_from_three_target_lines,main_matrix_original
2026_通州_一模,2026,通州,一模,2,,question,B4_CULTURE,objective,/Users/wanglifei/Desktop/北京高考政治/reports/必修二三与必修四文化_题源分类准备_20260617_1301/02_text_cache/ocr_cache/2026_通州_一模/2026北京通州高三一模政治.ocr.txt,ocr-cache,included,/Users/wanglifei/Desktop/北京高考政治/reports/必修二三与必修四文化_题源分类准备_20260617_1301/02_text_cache/ocr_absorbed/2026_通州_一模.txt,"{""target"": ""B4_CULTURE"", ""target_score"": 13, ""boundary"": ""B4_PHILOSOPHY_EXCLUDED"", ""boundary_score"": 0, ""matches"": {""B4_CULTURE"": ""文化,文化自信,文化软实力,中式生活,boost:文化自信,boost:文化软实力,boost:中式生活""}}",future_baodian_intake,main_matrix_original
2026_通州_一模,2026,通州,一模,20,,question,XB2_EXCLUDED,subjective,/Users/wanglifei/Desktop/北京高考政治/reports/必修二三与必修四文化_题源分类准备_20260617_1301/02_text_cache/ocr_cache/2026_通州_一模/2026北京通州高三一模政治.ocr.txt,ocr-cache,module-boundary-excluded,/Users/wanglifei/Desktop/北京高考政治/reports/必修二三与必修四文化_题源分类准备_20260617_1301/02_text_cache/ocr_absorbed/2026_通州_一模.txt,"{""target"": ""B4_CULTURE"", ""target_score"": 2, ""boundary"": ""XB2_EXCLUDED"", ""boundary_score"": 14, ""matches"": {""B3_POLITICS_RULE_OF_LAW"": ""法院"", ""B4_CULTURE"": ""社会主义核心价值观,boost:社会主义核心价值观"", ""XB2_EXCLUDED"": ""民法典,侵权,诉讼,侵权责任,赔偿,boost:民法典,boost:侵权,boost:诉讼,boost:侵权责任""}, ""explicit_boundary_modules"": {""XB2_EXCLUDED"": [""民法典"", ""侵权"", ""诉讼""]}, ""override"": ""explicit_boundary_term""}",exclude_from_three_target_lines,main_matrix_original
2026_通州_一模,2026,通州,一模,21,,question,B2_ECONOMICS,subjective,/Users/wanglifei/Desktop/北京高考政治/reports/必修二三与必修四文化_题源分类准备_20260617_1301/02_text_cache/ocr_cache/2026_通州_一模/2026北京通州高三一模政治.ocr.txt,ocr-cache,included,/Users/wanglifei/Desktop/北京高考政治/reports/必修二三与必修四文化_题源分类准备_20260617_1301/02_text_cache/ocr_absorbed/2026_通州_一模.txt,"{""target"": ""B2_ECONOMICS"", ""target_score"": 2, ""boundary"": ""B4_PHILOSOPHY_EXCLUDED"", ""boundary_score"": 1, ""matches"": {""B2_ECONOMICS"": ""新发展理念,boost:新发展理念"", ""B4_PHILOSOPHY_EXCLUDED"": ""实践""}}",future_baodian_intake,main_matrix_original
2026_通州_一模,2026,通州,一模,3,,question,B4_PHILOSOPHY_EXCLUDED,objective,/Users/wanglifei/Desktop/北京高考政治/reports/必修二三与必修四文化_题源分类准备_20260617_1301/02_text_cache/ocr_cache/2026_通州_一模/2026北京通州高三一模政治.ocr.txt,ocr-cache,module-boundary-excluded,/Users/wanglifei/Desktop/北京高考政治/reports/必修二三与必修四文化_题源分类准备_20260617_1301/02_text_cache/ocr_absorbed/2026_通州_一模.txt,"{""target"": ""B3_POLITICS_RULE_OF_LAW"", ""target_score"": 2, ""boundary"": ""B4_PHILOSOPHY_EXCLUDED"", ""boundary_score"": 8, ""matches"": {""B3_POLITICS_RULE_OF_LAW"": ""科学立法,boost:科学立法"", ""B4_PHILOSOPHY_EXCLUDED"": ""实践,辩证否定,社会存在,社会意识,boost:辩证否定,boost:社会存在,boost:社会意识"", ""XB2_EXCLUDED"": ""继承,boost:继承"", ""XB3_EXCLUDED"": ""推理,演绎推理,boost:推理,boost:演绎推理""}, ""explicit_boundary_modules"": {""XB3_EXCLUDED"": [""推理""], ""B4_PHILOSOPHY_EXCLUDED"": [""社会存在"", ""社会意识"", ""辩证否定""]}, ""override"": ""explicit_boundary_term""}",exclude_from_three_target_lines,main_matrix_original
2026_通州_一模,2026,通州,一模,4,,question,B4_PHILOSOPHY_EXCLUDED,objective,/Users/wanglifei/Desktop/北京高考政治/reports/必修二三与必修四文化_题源分类准备_20260617_1301/02_text_cache/ocr_cache/2026_通州_一模/2026北京通州高三一模政治.ocr.txt,ocr-cache,module-boundary-excluded,/Users/wanglifei/Desktop/北京高考政治/reports/必修二三与必修四文化_题源分类准备_20260617_1301/02_text_cache/ocr_absorbed/2026_通州_一模.txt,"{""target"": ""B2_ECONOMICS"", ""target_score"": 2, ""boundary"": ""B4_PHILOSOPHY_EXCLUDED"", ""boundary_score"": 4, ""matches"": {""B2_ECONOMICS"": ""新质生产力,boost:新质生产力"", ""B3_POLITICS_RULE_OF_LAW"": ""政府"", ""B4_PHILOSOPHY_EXCLUDED"": ""系统优化,矛盾,boost:系统优化,boost:矛盾"", ""XB3_EXCLUDED"": ""科学思维,boost:科学思维""}, ""explicit_boundary_modules"": {""XB3_EXCLUDED"": [""科学思维""], ""B4_PHILOSOPHY_EXCLUDED"": [""系统优化""]}, ""override"": ""explicit_boundary_term""}",exclude_from_three_target_lines,main_matrix_original
2026_通州_一模,2026,通州,一模,5,,question,B2_ECONOMICS,objective,/Users/wanglifei/Desktop/北京高考政治/reports/必修二三与必修四文化_题源分类准备_20260617_1301/02_text_cache/ocr_cache/2026_通州_一模/2026北京通州高三一模政治.ocr.txt,ocr-cache,included,/Users/wanglifei/Desktop/北京高考政治/reports/必修二三与必修四文化_题源分类准备_20260617_1301/02_text_cache/ocr_absorbed/2026_通州_一模.txt,"{""target"": ""B2_ECONOMICS"", ""target_score"": 4, ""boundary"": ""B4_PHILOSOPHY_EXCLUDED"", ""boundary_score"": 0, ""matches"": {""B2_ECONOMICS"": ""高质量发展,产业发展,基础设施,boost:高质量发展"", ""B4_CULTURE"": ""文创,boost:文创""}}",future_baodian_intake,main_matrix_original
2026_通州_一模,2026,通州,一模,6,,question,B2_ECONOMICS,objective,/Users/wanglifei/Desktop/北京高考政治/reports/必修二三与必修四文化_题源分类准备_20260617_1301/02_text_cache/ocr_cache/2026_通州_一模/2026北京通州高三一模政治.ocr.txt,ocr-cache,included,/Users/wanglifei/Desktop/北京高考政治/reports/必修二三与必修四文化_题源分类准备_20260617_1301/02_text_cache/ocr_absorbed/2026_通州_一模.txt,"{""target"": ""B2_ECONOMICS"", ""target_score"": 6, ""boundary"": ""B1_EXCLUDED"", ""boundary_score"": 1, ""matches"": {""B2_ECONOMICS"": ""数据要素,经济增长,经济总量,boost:数据要素,boost:经济增长,boost:经济总量"", ""B1_EXCLUDED"": ""改革开放""}}",future_baodian_intake,main_matrix_original
2026_通州_一模,2026,通州,一模,7,,question,B2_ECONOMICS,objective,/Users/wanglifei/Desktop/北京高考政治/reports/必修二三与必修四文化_题源分类准备_20260617_1301/02_text_cache/ocr_cache/2026_通州_一模/2026北京通州高三一模政治.ocr.txt,ocr-cache,included,/Users/wanglifei/Desktop/北京高考政治/reports/必修二三与必修四文化_题源分类准备_20260617_1301/02_text_cache/ocr_absorbed/2026_通州_一模.txt,"{""target"": ""B2_ECONOMICS"", ""target_score"": 13, ""boundary"": ""B4_PHILOSOPHY_EXCLUDED"", ""boundary_score"": 2, ""matches"": {""B2_ECONOMICS"": ""社会保障,消费,扩大内需,养老服务,就业,劳动者,人力资源,boost:社会保障,boost:扩大内需,boost:养老服务,boost:就业"", ""B4_PHILOSOPHY_EXCLUDED"": ""矛盾,boost:矛盾""}}",future_baodian_intake,main_matrix_original
2026_通州_一模,2026,通州,一模,8,,question,XB1_EXCLUDED,objective,/Users/wanglifei/Desktop/北京高考政治/reports/必修二三与必修四文化_题源分类准备_20260617_1301/02_text_cache/ocr_cache/2026_通州_一模/2026北京通州高三一模政治.ocr.txt,ocr-cache,module-boundary-excluded,/Users/wanglifei/Desktop/北京高考政治/reports/必修二三与必修四文化_题源分类准备_20260617_1301/02_text_cache/ocr_absorbed/2026_通州_一模.txt,"{""target"": ""B2_ECONOMICS"", ""target_score"": 0, ""boundary"": ""XB1_EXCLUDED"", ""boundary_score"": 10, ""matches"": {""B4_PHILOSOPHY_EXCLUDED"": ""实践"", ""XB1_EXCLUDED"": ""国家利益,人类命运共同体,外交,南南合作,boost:国家利益,boost:人类命运共同体,boost:外交,boost:南南合作""}, ""explicit_boundary_modules"": {""XB1_EXCLUDED"": [""国家利益"", ""人类命运共同体""]}, ""override"": ""explicit_boundary_term""}",exclude_from_three_target_lines,main_matrix_original
2026_通州_一模,2026,通州,一模,9,,question,B4_CULTURE,objective,/Users/wanglifei/Desktop/北京高考政治/reports/必修二三与必修四文化_题源分类准备_20260617_1301/02_text_cache/ocr_cache/2026_通州_一模/2026北京通州高三一模政治.ocr.txt,ocr-cache,included,/Users/wanglifei/Desktop/北京高考政治/reports/必修二三与必修四文化_题源分类准备_20260617_1301/02_text_cache/ocr_absorbed/2026_通州_一模.txt,"{""target"": ""B4_CULTURE"", ""target_score"": 22, ""boundary"": ""B4_PHILOSOPHY_EXCLUDED"", ""boundary_score"": 0, ""matches"": {""B4_CULTURE"": ""文化,中华优秀传统文化,优秀传统文化,传统文化,文创,文化软实力,boost:中华优秀传统文化,boost:优秀传统文化,boost:传统文化,boost:文创,boost:文化软实力""}}",future_baodian_intake,main_matrix_original
2026_通州_期末,2026,通州,期末,1,,question,B3_POLITICS_RULE_OF_LAW,objective,/Users/wanglifei/Desktop/2026模拟题/2026各区期末和期中/2026通州期末/试卷/试卷.pdf,paper,included,/Users/wanglifei/Desktop/北京高考政治/reports/必修二三与必修四文化_题源分类准备_20260617_1301/03_question_index/question_candidates.csv,"{""target"": ""B3_POLITICS_RULE_OF_LAW"", ""target_score"": 2, ""boundary"": ""B4_PHILOSOPHY_EXCLUDED"", ""boundary_score"": 0, ""matches"": {""B3_POLITICS_RULE_OF_LAW"": ""中国共产党,boost:中国共产党""}}",future_baodian_intake,main_matrix_original
2026_通州_期末,2026,通州,期末,10,,question,XB3_EXCLUDED,objective,/Users/wanglifei/Desktop/2026模拟题/2026各区期末和期中/2026通州期末/试卷/试卷.pdf,paper,module-boundary-excluded,05_reports/strong_blocker_resolution_audit.csv,"{""rule_id"": ""STRONG_BLOCKER_XB3_LOGICAL_THINKING_LAW"", ""matched_terms"": ""逻辑思维,法学研究,分析正确"", ""source"": ""strong_blocker_resolution_review.csv"", ""evidence_source_type"": ""paper"", ""prior_status"": ""blocked"", ""prior_next_action"": ""manual_review_needed""}",exclude_from_three_target_lines,strong_blocker_resolution
2026_通州_期末,2026,通州,期末,11,,question,XB3_EXCLUDED,objective,/Users/wanglifei/Desktop/2026模拟题/2026各区期末和期中/2026通州期末/试卷/试卷.pdf,paper,module-boundary-excluded,/Users/wanglifei/Desktop/北京高考政治/reports/必修二三与必修四文化_题源分类准备_20260617_1301/03_question_index/question_candidates.csv,"{""target"": ""B4_CULTURE"", ""target_score"": 6, ""boundary"": ""XB3_EXCLUDED"", ""boundary_score"": 6, ""matches"": {""B4_CULTURE"": ""文化,大运河,时代精神,boost:大运河,boost:时代精神"", ""B4_PHILOSOPHY_EXCLUDED"": ""认识"", ""XB3_EXCLUDED"": ""迁移,推理,类比推理,boost:迁移,boost:推理,boost:类比推理""}, ""explicit_boundary_modules"": {""XB3_EXCLUDED"": [""推理"", ""迁移""]}, ""override"": ""explicit_boundary_term""}",exclude_from_three_target_lines,main_matrix_original
2026_通州_期末,2026,通州,期末,12,,question,XB2_EXCLUDED,objective,/Users/wanglifei/Desktop/2026模拟题/2026各区期末和期中/2026通州期末/试卷/试卷.pdf,paper,module-boundary-excluded,/Users/wanglifei/Desktop/北京高考政治/reports/必修二三与必修四文化_题源分类准备_20260617_1301/03_question_index/question_candidates.csv,"{""target"": ""B2_ECONOMICS"", ""target_score"": 0, ""boundary"": ""XB2_EXCLUDED"", ""boundary_score"": 6, ""matches"": {""XB2_EXCLUDED"": ""合同,继承,所有权,boost:合同,boost:继承,boost:所有权""}, ""explicit_boundary_modules"": {""XB2_EXCLUDED"": [""合同"", ""所有权""]}, ""override"": ""explicit_boundary_term""}",exclude_from_three_target_lines,main_matrix_original
2026_通州_期末,2026,通州,期末,13,,question,XB2_EXCLUDED,objective,/Users/wanglifei/Desktop/2026模拟题/2026各区期末和期中/2026通州期末/试卷/试卷.pdf,paper,module-boundary-excluded,/Users/wanglifei/Desktop/北京高考政治/reports/必修二三与必修四文化_题源分类准备_20260617_1301/03_question_index/question_candidates.csv,"{""target"": ""B3_POLITICS_RULE_OF_LAW"", ""target_score"": 1, ""boundary"": ""XB2_EXCLUDED"", ""boundary_score"": 8, ""matches"": {""B3_POLITICS_RULE_OF_LAW"": ""法院"", ""XB2_EXCLUDED"": ""侵权,举证,赔偿,boost:侵权,boost:举证""}, ""explicit_boundary_modules"": {""XB2_EXCLUDED"": [""侵权""]}, ""override"": ""explicit_boundary_term""}",exclude_from_three_target_lines,main_matrix_original
2026_通州_期末,2026,通州,期末,14,,question,XB1_EXCLUDED,objective,/Users/wanglifei/Desktop/2026模拟题/2026各区期末和期中/2026通州期末/试卷/试卷.pdf,paper,module-boundary-excluded,/Users/wanglifei/Desktop/北京高考政治/reports/必修二三与必修四文化_题源分类准备_20260617_1301/03_question_index/question_candidates.csv,"{""target"": ""B2_ECONOMICS"", ""target_score"": 0, ""boundary"": ""XB1_EXCLUDED"", ""boundary_score"": 2, ""matches"": {""XB1_EXCLUDED"": ""对外开放""}}",exclude_from_three_target_lines,main_matrix_original
2026_通州_期末,2026,通州,期末,15,,question,B2_ECONOMICS,objective,/Users/wanglifei/Desktop/2026模拟题/2026各区期末和期中/2026通州期末/试卷/试卷.pdf,paper,included,/Users/wanglifei/Desktop/北京高考政治/reports/必修二三与必修四文化_题源分类准备_20260617_1301/03_question_index/question_candidates.csv,"{""target"": ""B2_ECONOMICS"", ""target_score"": 3, ""boundary"": ""B4_PHILOSOPHY_EXCLUDED"", ""boundary_score"": 0, ""matches"": {""B2_ECONOMICS"": ""就业,boost:就业""}}",future_baodian_intake,main_matrix_original
2026_通州_期末,2026,通州,期末,16,,question,B4_CULTURE,subjective,/Users/wanglifei/Desktop/2026模拟题/2026各区期末和期中/2026通州期末/试卷/试卷.pdf,paper,included,/Users/wanglifei/Desktop/北京高考政治/reports/必修二三与必修四文化_题源分类准备_20260617_1301/03_question_index/question_candidates.csv,"{""target"": ""B4_CULTURE"", ""target_score"": 25, ""boundary"": ""B4_PHILOSOPHY_EXCLUDED"", ""boundary_score"": 4, ""matches"": {""B4_CULTURE"": ""文化,中华优秀传统文化,优秀传统文化,传统文化,创新性发展,民族精神,爱国主义,文化遗产,文物,boost:中华优秀传统文化,boost:优秀传统文化,boost:传统文化"", ""B4_PHILOSOPHY_EXCLUDED"": ""实践,发展的观点,主观能动性,boost:发展的观点""}}",future_baodian_intake,main_matrix_original
2026_通州_期末,2026,通州,期末,17,,question,B4_CULTURE,subjective,/Users/wanglifei/Desktop/2026模拟题/2026各区期末和期中/2026通州期末/试卷/试卷.pdf,paper,included,/Users/wanglifei/Desktop/北京高考政治/reports/必修二三与必修四文化_题源分类准备_20260617_1301/03_question_index/question_candidates.csv,"{""target"": ""B4_CULTURE"", ""target_score"": 24, ""boundary"": ""B4_PHILOSOPHY_EXCLUDED"", ""boundary_score"": 3, ""matches"": {""B3_POLITICS_RULE_OF_LAW"": ""政治与法治,法治政府,政府,检察,司法机关,人大常委会,科学立法,boost:政治与法治,boost:法治政府,boost:人大常委会,boost:科学立法"", ""B4_CULTURE"": ""文化,文化遗产,中轴线,文物,boost:文化遗产,boost:中轴线,boost:文物"", ""B4_PHILOSOPHY_EXCLUDED"": ""实践""}}",future_baodian_intake,main_matrix_original
2026_通州_期末,2026,通州,期末,18,,question,B2_ECONOMICS,subjective,/Users/wanglifei/Desktop/2026模拟题/2026各区期末和期中/2026通州期末/试卷/试卷.pdf,paper,included,/Users/wanglifei/Desktop/北京高考政治/reports/必修二三与必修四文化_题源分类准备_20260617_1301/03_question_index/question_candidates.csv,"{""target"": ""B2_ECONOMICS"", ""target_score"": 13, ""boundary"": ""B4_PHILOSOPHY_EXCLUDED"", ""boundary_score"": 0, ""matches"": {""B2_ECONOMICS"": ""经济与社会,高质量发展,实体经济,乡村振兴,消费,经济增长,boost:经济与社会,boost:高质量发展,boost:实体经济,boost:乡村振兴,boost:经济增长""}}",future_baodian_intake,main_matrix_original
2026_通州_期末,2026,通州,期末,19,,question,XB3_EXCLUDED,subjective,/Users/wanglifei/Desktop/2026模拟题/2026各区期末和期中/2026通州期末/试卷/试卷.pdf,paper,module-boundary-excluded,/Users/wanglifei/Desktop/北京高考政治/reports/必修二三与必修四文化_题源分类准备_20260617_1301/03_question_index/question_candidates.csv,"{""target"": ""B3_POLITICS_RULE_OF_LAW"", ""target_score"": 4, ""boundary"": ""XB3_EXCLUDED"", ""boundary_score"": 17, ""matches"": {""B3_POLITICS_RULE_OF_LAW"": ""法院"", ""XB2_EXCLUDED"": ""法律与生活,民法典,相邻关系,boost:法律与生活,boost:民法典,boost:相邻关系"", ""XB3_EXCLUDED"": ""逻辑与思维,推理,必要条件,充分条件,boost:逻辑与思维,boost:推理,boost:必要条件,boost:充分条件""}, ""explicit_boundary_modules"": {""XB2_EXCLUDED"": [""法律与生活"", ""民法典""], ""XB3_EXCLUDED"": [""逻辑与思维"", ""推理"", ""假言"", ""充分条件"", ""必要条件""]}, ""override"": ""explicit_boundary_term""}",exclude_from_three_target_lines,main_matrix_original
2026_通州_期末,2026,通州,期末,2,,question,B2_ECONOMICS,objective,/Users/wanglifei/Desktop/2026模拟题/2026各区期末和期中/2026通州期末/试卷/试卷.pdf,paper,included,/Users/wanglifei/Desktop/北京高考政治/reports/必修二三与必修四文化_题源分类准备_20260617_1301/03_question_index/question_candidates.csv,"{""target"": ""B2_ECONOMICS"", ""target_score"": 6, ""boundary"": ""B4_PHILOSOPHY_EXCLUDED"", ""boundary_score"": 1, ""matches"": {""B2_ECONOMICS"": ""新发展理念,高质量发展,基础设施,boost:新发展理念,boost:高质量发展"", ""B3_POLITICS_RULE_OF_LAW"": ""公共服务"", ""B4_PHILOSOPHY_EXCLUDED"": ""实践""}}",future_baodian_intake,main_matrix_original
2026_通州_期末,2026,通州,期末,20,,question,XB1_EXCLUDED,subjective,/Users/wanglifei/Desktop/2026模拟题/2026各区期末和期中/2026通州期末/试卷/试卷.pdf,paper,module-boundary-excluded,/Users/wanglifei/Desktop/北京高考政治/reports/必修二三与必修四文化_题源分类准备_20260617_1301/03_question_index/question_candidates.csv,"{""target"": ""B2_ECONOMICS"", ""target_score"": 0, ""boundary"": ""XB1_EXCLUDED"", ""boundary_score"": 23, ""matches"": {""B4_PHILOSOPHY_EXCLUDED"": ""实践"", ""XB1_EXCLUDED"": ""当代国际政治与经济,联合国,全球治理,和平与发展,boost:当代国际政治与经济,boost:联合国,boost:全球治理,boost:和平与发展""}, ""explicit_boundary_modules"": {""XB1_EXCLUDED"": [""当代国际政治与经济"", ""联合国"", ""全球治理""]}, ""override"": ""explicit_boundary_term""}",exclude_from_three_target_lines,main_matrix_original
2026_通州_期末,2026,通州,期末,21,,question,XB2_EXCLUDED,subjective,/Users/wanglifei/Desktop/2026模拟题/2026各区期末和期中/2026通州期末/试卷/试卷.pdf,paper,module-boundary-excluded,/Users/wanglifei/Desktop/北京高考政治/reports/必修二三与必修四文化_题源分类准备_20260617_1301/03_question_index/question_candidates.csv,"{""target"": ""B2_ECONOMICS"", ""target_score"": 4, ""boundary"": ""XB1_EXCLUDED"", ""boundary_score"": 2, ""matches"": {""B2_ECONOMICS"": ""高质量发展,就业,boost:高质量发展,boost:就业"", ""B3_POLITICS_RULE_OF_LAW"": ""党的领导,boost:党的领导"", ""B4_PHILOSOPHY_EXCLUDED"": ""实践"", ""XB1_EXCLUDED"": ""对外开放"", ""XB2_EXCLUDED"": ""专利,boost:专利""}, ""explicit_boundary_modules"": {""XB2_EXCLUDED"": [""专利""]}, ""override"": ""explicit_boundary_term""}",exclude_from_three_target_lines,main_matrix_original
2026_通州_期末,2026,通州,期末,3,,question,B2_ECONOMICS,objective,/Users/wanglifei/Desktop/2026模拟题/2026各区期末和期中/2026通州期末/试卷/试卷.pdf,paper,included,05_reports/remaining_strong_cleanup_audit.csv,"{""rule_id"": ""REMAINING_B2_ENTERPRISE_MARKET_DEMAND_PRODUCT_QUALITY"", ""matched_terms"": ""企业发展,市场需求,适销对路,海外市场竞争力"", ""source"": ""remaining_strong_cleanup_audit.csv"", ""prior_book_module"": ""UNKNOWN_OR_MIXED"", ""prior_status"": ""blocked""}",future_baodian_intake,remaining_strong_cleanup
2026_通州_期末,2026,通州,期末,4,,question,B3_POLITICS_RULE_OF_LAW,objective,/Users/wanglifei/Desktop/2026模拟题/2026各区期末和期中/2026通州期末/试卷/试卷.pdf,paper,included,/Users/wanglifei/Desktop/北京高考政治/reports/必修二三与必修四文化_题源分类准备_20260617_1301/03_question_index/question_candidates.csv,"{""target"": ""B3_POLITICS_RULE_OF_LAW"", ""target_score"": 4, ""boundary"": ""B4_PHILOSOPHY_EXCLUDED"", ""boundary_score"": 0, ""matches"": {""B3_POLITICS_RULE_OF_LAW"": ""政府,公共服务""}}",future_baodian_intake,main_matrix_original
2026_通州_期末,2026,通州,期末,5,,question,XB3_EXCLUDED,objective,/Users/wanglifei/Desktop/2026模拟题/2026各区期末和期中/2026通州期末/试卷/试卷.pdf,paper,module-boundary-excluded,/Users/wanglifei/Desktop/北京高考政治/reports/必修二三与必修四文化_题源分类准备_20260617_1301/03_question_index/question_candidates.csv,"{""target"": ""B3_POLITICS_RULE_OF_LAW"", ""target_score"": 7, ""boundary"": ""XB3_EXCLUDED"", ""boundary_score"": 2, ""matches"": {""B3_POLITICS_RULE_OF_LAW"": ""政府,基层治理,社会治理,boost:基层治理"", ""XB3_EXCLUDED"": ""辩证思维,boost:辩证思维""}, ""explicit_boundary_modules"": {""XB3_EXCLUDED"": [""辩证思维""]}, ""override"": ""explicit_boundary_term""}",exclude_from_three_target_lines,main_matrix_original
2026_通州_期末,2026,通州,期末,6,,question,B4_CULTURE,objective,/Users/wanglifei/Desktop/2026模拟题/2026各区期末和期中/2026通州期末/试卷/试卷.pdf,paper,included,/Users/wanglifei/Desktop/北京高考政治/reports/必修二三与必修四文化_题源分类准备_20260617_1301/03_question_index/question_candidates.csv,"{""target"": ""B4_CULTURE"", ""target_score"": 10, ""boundary"": ""B4_PHILOSOPHY_EXCLUDED"", ""boundary_score"": 0, ""matches"": {""B4_CULTURE"": ""文化,传统文化,创造性转化,boost:传统文化,boost:创造性转化""}}",future_baodian_intake,main_matrix_original
2026_通州_期末,2026,通州,期末,7,,question,B4_CULTURE,objective,/Users/wanglifei/Desktop/2026模拟题/2026各区期末和期中/2026通州期末/试卷/试卷.pdf,paper,included,/Users/wanglifei/Desktop/北京高考政治/reports/必修二三与必修四文化_题源分类准备_20260617_1301/03_question_index/question_candidates.csv,"{""target"": ""B4_CULTURE"", ""target_score"": 7, ""boundary"": ""B4_PHILOSOPHY_EXCLUDED"", ""boundary_score"": 6, ""matches"": {""B4_CULTURE"": ""文化,中华优秀传统文化,优秀传统文化,传统文化,boost:中华优秀传统文化,boost:优秀传统文化,boost:传统文化"", ""B4_PHILOSOPHY_EXCLUDED"": ""矛盾,量变,质变,boost:矛盾,boost:量变,boost:质变""}}",future_baodian_intake,main_matrix_original
2026_通州_期末,2026,通州,期末,8,,question,B4_CULTURE,objective,/Users/wanglifei/Desktop/2026模拟题/2026各区期末和期中/2026通州期末/试卷/试卷.pdf,paper,included,/Users/wanglifei/Desktop/北京高考政治/reports/必修二三与必修四文化_题源分类准备_20260617_1301/03_question_index/question_candidates.csv,"{""target"": ""B4_CULTURE"", ""target_score"": 4, ""boundary"": ""B4_PHILOSOPHY_EXCLUDED"", ""boundary_score"": 0, ""matches"": {""B4_CULTURE"": ""爱国主义,博物馆,boost:爱国主义,boost:博物馆""}}",future_baodian_intake,main_matrix_original
2026_通州_期末,2026,通州,期末,9,,question,XB3_EXCLUDED,objective,/Users/wanglifei/Desktop/2026模拟题/2026各区期末和期中/2026通州期末/试卷/试卷.pdf,paper,module-boundary-excluded,/Users/wanglifei/Desktop/北京高考政治/reports/必修二三与必修四文化_题源分类准备_20260617_1301/03_question_index/question_candidates.csv,"{""target"": ""B2_ECONOMICS"", ""target_score"": 5, ""boundary"": ""XB3_EXCLUDED"", ""boundary_score"": 4, ""matches"": {""B2_ECONOMICS"": ""医保,boost:医保"", ""XB3_EXCLUDED"": ""创新思维,发散思维,boost:创新思维,boost:发散思维""}, ""explicit_boundary_modules"": {""XB3_EXCLUDED"": [""创新思维""]}, ""override"": ""explicit_boundary_term""}",exclude_from_three_target_lines,main_matrix_original
2026_门头沟_一模,2026,门头沟,一模,1,,question,B3_POLITICS_RULE_OF_LAW,objective,/Users/wanglifei/Desktop/2026模拟题/2026各区一模/2026门头沟一模/试卷/试卷.pdf,paper,included,/Users/wanglifei/Desktop/北京高考政治/reports/必修二三与必修四文化_题源分类准备_20260617_1301/03_question_index/question_candidates.csv,"{""target"": ""B3_POLITICS_RULE_OF_LAW"", ""target_score"": 2, ""boundary"": ""B1_EXCLUDED"", ""boundary_score"": 1, ""matches"": {""B3_POLITICS_RULE_OF_LAW"": ""政协,boost:政协"", ""B1_EXCLUDED"": ""中国特色社会主义""}}",future_baodian_intake,main_matrix_original
2026_门头沟_一模,2026,门头沟,一模,10,,question,XB2_EXCLUDED,objective,/Users/wanglifei/Desktop/2026模拟题/2026各区一模/2026门头沟一模/试卷/试卷.pdf,paper,module-boundary-excluded,05_reports/strong_blocker_resolution_audit.csv,"{""rule_id"": ""STRONG_BLOCKER_XB2_FAMILY_SUPPORT_RELATION"", ""matched_terms"": ""扶养关系,子女,成年兄长,未成年妹妹"", ""source"": ""strong_blocker_resolution_review.csv"", ""evidence_source_type"": ""paper"", ""prior_status"": ""blocked"", ""prior_next_action"": ""manual_review_needed""}",exclude_from_three_target_lines,strong_blocker_resolution
2026_门头沟_一模,2026,门头沟,一模,11,,question,XB2_EXCLUDED,objective,/Users/wanglifei/Desktop/2026模拟题/2026各区一模/2026门头沟一模/试卷/试卷.pdf,paper,module-boundary-excluded,/Users/wanglifei/Desktop/北京高考政治/reports/必修二三与必修四文化_题源分类准备_20260617_1301/03_question_index/question_candidates.csv,"{""target"": ""B2_ECONOMICS"", ""target_score"": 1, ""boundary"": ""XB2_EXCLUDED"", ""boundary_score"": 8, ""matches"": {""B2_ECONOMICS"": ""市场主体"", ""B3_POLITICS_RULE_OF_LAW"": ""法院"", ""XB2_EXCLUDED"": ""诉讼,民事,民事主体,专利,boost:诉讼,boost:民事,boost:民事主体,boost:专利""}, ""explicit_boundary_modules"": {""XB2_EXCLUDED"": [""诉讼"", ""民事"", ""专利""]}, ""override"": ""explicit_boundary_term""}",exclude_from_three_target_lines,main_matrix_original
2026_门头沟_一模,2026,门头沟,一模,12,,question,B2_ECONOMICS,objective,/Users/wanglifei/Desktop/2026模拟题/2026各区一模/2026门头沟一模/试卷/试卷.pdf,paper,included,/Users/wanglifei/Desktop/北京高考政治/reports/必修二三与必修四文化_题源分类准备_20260617_1301/03_question_index/question_candidates.csv,"{""target"": ""B2_ECONOMICS"", ""target_score"": 8, ""boundary"": ""B4_PHILOSOPHY_EXCLUDED"", ""boundary_score"": 0, ""matches"": {""B2_ECONOMICS"": ""有效市场,有为政府,社会保障,税收,消费,boost:社会保障,boost:税收"", ""B3_POLITICS_RULE_OF_LAW"": ""政府,公共服务"", ""B4_CULTURE"": ""文化,文化产业""}}",future_baodian_intake,main_matrix_original
2026_门头沟_一模,2026,门头沟,一模,13,,question,XB2_EXCLUDED,objective,/Users/wanglifei/Desktop/2026模拟题/2026各区一模/2026门头沟一模/试卷/试卷.pdf,paper,module-boundary-excluded,/Users/wanglifei/Desktop/北京高考政治/reports/必修二三与必修四文化_题源分类准备_20260617_1301/03_question_index/question_candidates.csv,"{""target"": ""B2_ECONOMICS"", ""target_score"": 2, ""boundary"": ""XB2_EXCLUDED"", ""boundary_score"": 4, ""matches"": {""B2_ECONOMICS"": ""高质量发展,boost:高质量发展"", ""XB2_EXCLUDED"": ""知识产权,专利,boost:知识产权,boost:专利""}, ""explicit_boundary_modules"": {""XB2_EXCLUDED"": [""知识产权"", ""专利""]}, ""override"": ""explicit_boundary_term""}",exclude_from_three_target_lines,main_matrix_original
2026_门头沟_一模,2026,门头沟,一模,14,,question,XB1_EXCLUDED,objective,/Users/wanglifei/Desktop/2026模拟题/2026各区一模/2026门头沟一模/试卷/试卷.pdf,paper,module-boundary-excluded,/Users/wanglifei/Desktop/北京高考政治/reports/必修二三与必修四文化_题源分类准备_20260617_1301/03_question_index/question_candidates.csv,"{""target"": ""B2_ECONOMICS"", ""target_score"": 0, ""boundary"": ""XB1_EXCLUDED"", ""boundary_score"": 10, ""matches"": {""XB1_EXCLUDED"": ""联合国,全球治理,人类命运共同体,boost:联合国,boost:全球治理,boost:人类命运共同体""}, ""explicit_boundary_modules"": {""XB1_EXCLUDED"": [""联合国"", ""全球治理"", ""人类命运共同体""]}, ""override"": ""explicit_boundary_term""}",exclude_from_three_target_lines,main_matrix_original
2026_门头沟_一模,2026,门头沟,一模,15,,question,XB2_EXCLUDED,objective,/Users/wanglifei/Desktop/2026模拟题/2026各区一模/2026门头沟一模/试卷/试卷.pdf,paper,module-boundary-excluded,/Users/wanglifei/Desktop/北京高考政治/reports/必修二三与必修四文化_题源分类准备_20260617_1301/03_question_index/question_candidates.csv,"{""target"": ""B2_ECONOMICS"", ""target_score"": 2, ""boundary"": ""XB1_EXCLUDED"", ""boundary_score"": 2, ""matches"": {""B2_ECONOMICS"": ""经济增长,boost:经济增长"", ""XB1_EXCLUDED"": ""国际贸易,boost:国际贸易"", ""XB2_EXCLUDED"": ""专利,boost:专利""}, ""explicit_boundary_modules"": {""XB2_EXCLUDED"": [""专利""]}, ""override"": ""explicit_boundary_term""}",exclude_from_three_target_lines,main_matrix_original
2026_门头沟_一模,2026,门头沟,一模,16,,question,B4_CULTURE,subjective,/Users/wanglifei/Desktop/2026模拟题/2026各区一模/2026门头沟一模/试卷/试卷.pdf,paper,included,/Users/wanglifei/Desktop/北京高考政治/reports/必修二三与必修四文化_题源分类准备_20260617_1301/03_question_index/question_candidates.csv,"{""target"": ""B4_CULTURE"", ""target_score"": 5, ""boundary"": ""B4_PHILOSOPHY_EXCLUDED"", ""boundary_score"": 0, ""matches"": {""B4_CULTURE"": ""文化,文物,boost:文物""}}",future_baodian_intake,main_matrix_original
2026_门头沟_一模,2026,门头沟,一模,17,,question,B3_POLITICS_RULE_OF_LAW,subjective,/Users/wanglifei/Desktop/2026模拟题/2026各区一模/2026门头沟一模/试卷/试卷.pdf,paper,included,/Users/wanglifei/Desktop/北京高考政治/reports/必修二三与必修四文化_题源分类准备_20260617_1301/03_question_index/question_candidates.csv,"{""target"": ""B3_POLITICS_RULE_OF_LAW"", ""target_score"": 2, ""boundary"": ""B4_PHILOSOPHY_EXCLUDED"", ""boundary_score"": 0, ""matches"": {""B3_POLITICS_RULE_OF_LAW"": ""政治与法治,boost:政治与法治"", ""B4_CULTURE"": ""文化""}}",future_baodian_intake,main_matrix_original
2026_门头沟_一模,2026,门头沟,一模,18,,question,XB2_EXCLUDED,subjective,/Users/wanglifei/Desktop/2026模拟题/2026各区一模/2026门头沟一模/试卷/试卷.pdf,paper,module-boundary-excluded,/Users/wanglifei/Desktop/北京高考政治/reports/必修二三与必修四文化_题源分类准备_20260617_1301/03_question_index/question_candidates.csv,"{""target"": ""B3_POLITICS_RULE_OF_LAW"", ""target_score"": 6, ""boundary"": ""XB2_EXCLUDED"", ""boundary_score"": 15, ""matches"": {""B3_POLITICS_RULE_OF_LAW"": ""法院"", ""B4_CULTURE"": ""文物,boost:文物"", ""XB2_EXCLUDED"": ""法律与生活,诉讼,调解,民事,boost:法律与生活,boost:诉讼,boost:调解,boost:民事"", ""XB3_EXCLUDED"": ""逻辑与思维,科学思维,boost:逻辑与思维,boost:科学思维""}, ""explicit_boundary_modules"": {""XB2_EXCLUDED"": [""法律与生活"", ""诉讼"", ""民事""], ""XB3_EXCLUDED"": [""逻辑与思维"", ""科学思维""]}, ""override"": ""explicit_boundary_term""}",exclude_from_three_target_lines,main_matrix_original
2026_门头沟_一模,2026,门头沟,一模,19,,question,B2_ECONOMICS,subjective,/Users/wanglifei/Desktop/2026模拟题/2026各区一模/2026门头沟一模/试卷/试卷.pdf,paper,included,/Users/wanglifei/Desktop/北京高考政治/reports/必修二三与必修四文化_题源分类准备_20260617_1301/03_question_index/question_candidates.csv,"{""target"": ""B2_ECONOMICS"", ""target_score"": 8, ""boundary"": ""B4_PHILOSOPHY_EXCLUDED"", ""boundary_score"": 0, ""matches"": {""B2_ECONOMICS"": ""经济与社会,财政,消费,boost:经济与社会,boost:财政""}}",future_baodian_intake,main_matrix_original
2026_门头沟_一模,2026,门头沟,一模,2,,question,B3_POLITICS_RULE_OF_LAW,objective,/Users/wanglifei/Desktop/2026模拟题/2026各区一模/2026门头沟一模/试卷/试卷.pdf,paper,included,/Users/wanglifei/Desktop/北京高考政治/reports/必修二三与必修四文化_题源分类准备_20260617_1301/03_question_index/question_candidates.csv,"{""target"": ""B3_POLITICS_RULE_OF_LAW"", ""target_score"": 2, ""boundary"": ""B1_EXCLUDED"", ""boundary_score"": 1, ""matches"": {""B3_POLITICS_RULE_OF_LAW"": ""中国共产党,boost:中国共产党"", ""B1_EXCLUDED"": ""中国梦""}}",future_baodian_intake,main_matrix_original
2026_门头沟_一模,2026,门头沟,一模,20,,question,XB1_EXCLUDED,subjective,/Users/wanglifei/Desktop/2026模拟题/2026各区一模/2026门头沟一模/试卷/试卷.pdf,paper,module-boundary-excluded,/Users/wanglifei/Desktop/北京高考政治/reports/必修二三与必修四文化_题源分类准备_20260617_1301/03_question_index/question_candidates.csv,"{""target"": ""B2_ECONOMICS"", ""target_score"": 2, ""boundary"": ""XB1_EXCLUDED"", ""boundary_score"": 3, ""matches"": {""B2_ECONOMICS"": ""税收,boost:税收"", ""XB1_EXCLUDED"": ""当代国际政治与经济,对外开放,boost:当代国际政治与经济""}, ""explicit_boundary_modules"": {""XB1_EXCLUDED"": [""当代国际政治与经济""]}, ""override"": ""explicit_boundary_term""}",exclude_from_three_target_lines,main_matrix_original
2026_门头沟_一模,2026,门头沟,一模,21,,question,B2_ECONOMICS,subjective,/Users/wanglifei/Desktop/2026模拟题/2026各区一模/2026门头沟一模/试卷/试卷.pdf,paper,included,/Users/wanglifei/Desktop/北京高考政治/reports/必修二三与必修四文化_题源分类准备_20260617_1301/03_question_index/question_candidates.csv,"{""target"": ""B2_ECONOMICS"", ""target_score"": 3, ""boundary"": ""B4_PHILOSOPHY_EXCLUDED"", ""boundary_score"": 0, ""matches"": {""B2_ECONOMICS"": ""高质量发展,消费,boost:高质量发展"", ""B3_POLITICS_RULE_OF_LAW"": ""国家治理,boost:国家治理""}}",future_baodian_intake,main_matrix_original
2026_门头沟_一模,2026,门头沟,一模,3,,question,B2_ECONOMICS,objective,/Users/wanglifei/Desktop/2026模拟题/2026各区一模/2026门头沟一模/试卷/试卷.pdf,paper,included,/Users/wanglifei/Desktop/北京高考政治/reports/必修二三与必修四文化_题源分类准备_20260617_1301/03_question_index/question_candidates.csv,"{""target"": ""B2_ECONOMICS"", ""target_score"": 2, ""boundary"": ""B4_PHILOSOPHY_EXCLUDED"", ""boundary_score"": 0, ""matches"": {""B2_ECONOMICS"": ""社会保障,boost:社会保障"", ""B4_CULTURE"": ""文化""}}",future_baodian_intake,main_matrix_original
2026_门头沟_一模,2026,门头沟,一模,4,,question,B4_CULTURE,objective,/Users/wanglifei/Desktop/2026模拟题/2026各区一模/2026门头沟一模/试卷/试卷.pdf,paper,included,/Users/wanglifei/Desktop/北京高考政治/reports/必修二三与必修四文化_题源分类准备_20260617_1301/03_question_index/question_candidates.csv,"{""target"": ""B4_CULTURE"", ""target_score"": 3, ""boundary"": ""B4_PHILOSOPHY_EXCLUDED"", ""boundary_score"": 1, ""matches"": {""B2_ECONOMICS"": ""消费"", ""B4_CULTURE"": ""文化,文旅,boost:文旅"", ""B4_PHILOSOPHY_EXCLUDED"": ""实践""}}",future_baodian_intake,main_matrix_original
2026_门头沟_一模,2026,门头沟,一模,5,,question,B4_PHILOSOPHY_EXCLUDED,objective,/Users/wanglifei/Desktop/2026模拟题/2026各区一模/2026门头沟一模/试卷/试卷.pdf,paper,module-boundary-excluded,/Users/wanglifei/Desktop/北京高考政治/reports/必修二三与必修四文化_题源分类准备_20260617_1301/03_question_index/question_candidates.csv,"{""target"": ""B2_ECONOMICS"", ""target_score"": 0, ""boundary"": ""B4_PHILOSOPHY_EXCLUDED"", ""boundary_score"": 4, ""matches"": {""B4_PHILOSOPHY_EXCLUDED"": ""系统优化,矛盾,boost:系统优化,boost:矛盾""}, ""explicit_boundary_modules"": {""B4_PHILOSOPHY_EXCLUDED"": [""系统优化""]}, ""override"": ""explicit_boundary_term""}",exclude_from_three_target_lines,main_matrix_original
2026_门头沟_一模,2026,门头沟,一模,6,,question,XB3_EXCLUDED,objective,/Users/wanglifei/Desktop/2026模拟题/2026各区一模/2026门头沟一模/试卷/试卷.pdf,paper,module-boundary-excluded,/Users/wanglifei/Desktop/北京高考政治/reports/必修二三与必修四文化_题源分类准备_20260617_1301/03_question_index/question_candidates.csv,"{""target"": ""B2_ECONOMICS"", ""target_score"": 0, ""boundary"": ""XB3_EXCLUDED"", ""boundary_score"": 7, ""matches"": {""XB3_EXCLUDED"": ""推理,属种关系,类比推理,boost:推理,boost:属种关系,boost:类比推理""}, ""explicit_boundary_modules"": {""XB3_EXCLUDED"": [""推理""]}, ""override"": ""explicit_boundary_term""}",exclude_from_three_target_lines,main_matrix_original
2026_门头沟_一模,2026,门头沟,一模,7,,question,XB3_EXCLUDED,objective,/Users/wanglifei/Desktop/2026模拟题/2026各区一模/2026门头沟一模/试卷/试卷.pdf,paper,module-boundary-excluded,/Users/wanglifei/Desktop/北京高考政治/reports/必修二三与必修四文化_题源分类准备_20260617_1301/03_question_index/question_candidates.csv,"{""target"": ""B2_ECONOMICS"", ""target_score"": 0, ""boundary"": ""B4_PHILOSOPHY_EXCLUDED"", ""boundary_score"": 3, ""matches"": {""B4_PHILOSOPHY_EXCLUDED"": ""实践"", ""XB3_EXCLUDED"": ""辩证思维,boost:辩证思维""}, ""explicit_boundary_modules"": {""XB3_EXCLUDED"": [""辩证思维""]}, ""override"": ""explicit_boundary_term""}",exclude_from_three_target_lines,main_matrix_original
2026_门头沟_一模,2026,门头沟,一模,8,,question,B1_EXCLUDED,objective,/Users/wanglifei/Desktop/2026模拟题/2026各区一模/2026门头沟一模/试卷/试卷.pdf,paper,module-boundary-excluded,05_reports/prompt_resolution_audit.csv,"{""override"": ""strict_prompt_resolution"", ""rule_id"": ""B1_SOCIALISM_PROMPT"", ""matched_terms"": ""中国特色社会主义"", ""prompt_source"": ""paper"", ""prompt"": ""2026 年,中国特色社会主义法律体系迎来三个标志性“新成员”——生态环境法典、 民族团结进步促进法、 国家发展规划法。 某校同学们对此展开了热烈讨论, 以下是部分 同学的发言: 上述同学的发言,正确的有 A. 甲和乙 B. 甲和丙 C. 乙和丁 D. 丙和丁"", ""previous_decision"": ""{\""target\"": \""B2_ECONOMICS\"", \""target_score\"": 0, \""boundary\"": \""B1_EXCLUDED\"", \""boundary_score\"": 1, \""matches\"": {\""B1_EXCLUDED\"": \""中国特色社会主义\""}}""}",exclude_from_three_target_lines,prompt_resolved_from_main_matrix_original
2026_门头沟_一模,2026,门头沟,一模,9,,question,B3_POLITICS_RULE_OF_LAW,objective,/Users/wanglifei/Desktop/2026模拟题/2026各区一模/2026门头沟一模/试卷/试卷.pdf,paper,included,/Users/wanglifei/Desktop/北京高考政治/reports/必修二三与必修四文化_题源分类准备_20260617_1301/03_question_index/question_candidates.csv,"{""target"": ""B3_POLITICS_RULE_OF_LAW"", ""target_score"": 7, ""boundary"": ""B4_PHILOSOPHY_EXCLUDED"", ""boundary_score"": 0, ""matches"": {""B2_ECONOMICS"": ""共同富裕,居民收入,boost:共同富裕"", ""B3_POLITICS_RULE_OF_LAW"": ""民族区域自治,宪法,国家治理,boost:民族区域自治,boost:宪法,boost:国家治理""}}",future_baodian_intake,main_matrix_original
2026_顺义_一模,2026,顺义,一模,1,,question,B3_POLITICS_RULE_OF_LAW,objective,/Users/wanglifei/Desktop/2026模拟题/2026各区一模/2026顺义一模/试卷/试卷.pdf,paper,included,/Users/wanglifei/Desktop/北京高考政治/reports/必修二三与必修四文化_题源分类准备_20260617_1301/03_question_index/question_candidates.csv,"{""target"": ""B3_POLITICS_RULE_OF_LAW"", ""target_score"": 4, ""boundary"": ""B1_EXCLUDED"", ""boundary_score"": 1, ""matches"": {""B2_ECONOMICS"": ""社会保障,boost:社会保障"", ""B3_POLITICS_RULE_OF_LAW"": ""中国共产党,党的领导,boost:中国共产党,boost:党的领导"", ""B1_EXCLUDED"": ""中国特色社会主义""}}",future_baodian_intake,main_matrix_original
2026_顺义_一模,2026,顺义,一模,10,,question,XB2_EXCLUDED,objective,/Users/wanglifei/Desktop/2026模拟题/2026各区一模/2026顺义一模/试卷/试卷.pdf,paper,module-boundary-excluded,/Users/wanglifei/Desktop/北京高考政治/reports/必修二三与必修四文化_题源分类准备_20260617_1301/03_question_index/question_candidates.csv,"{""target"": ""B3_POLITICS_RULE_OF_LAW"", ""target_score"": 2, ""boundary"": ""XB2_EXCLUDED"", ""boundary_score"": 13, ""matches"": {""B3_POLITICS_RULE_OF_LAW"": ""法院"", ""XB2_EXCLUDED"": ""侵权,诉讼,民事,民事主体,侵权责任,赔偿,boost:侵权,boost:诉讼,boost:民事,boost:民事主体,boost:侵权责任""}, ""explicit_boundary_modules"": {""XB2_EXCLUDED"": [""侵权"", ""诉讼"", ""民事""]}, ""override"": ""explicit_boundary_term""}",exclude_from_three_target_lines,main_matrix_original
2026_顺义_一模,2026,顺义,一模,11,,question,XB2_EXCLUDED,objective,/Users/wanglifei/Desktop/2026模拟题/2026各区一模/2026顺义一模/试卷/试卷.pdf,paper,module-boundary-excluded,/Users/wanglifei/Desktop/北京高考政治/reports/必修二三与必修四文化_题源分类准备_20260617_1301/03_question_index/question_candidates.csv,"{""target"": ""B3_POLITICS_RULE_OF_LAW"", ""target_score"": 1, ""boundary"": ""XB2_EXCLUDED"", ""boundary_score"": 18, ""matches"": {""B3_POLITICS_RULE_OF_LAW"": ""法院"", ""XB2_EXCLUDED"": ""侵权,诉讼,人格权,举证,民事,民事行为能力,赔偿,监护人,辩护人,boost:侵权,boost:诉讼,boost:人格权""}, ""explicit_boundary_modules"": {""XB2_EXCLUDED"": [""侵权"", ""诉讼"", ""民事"", ""人格权""]}, ""override"": ""explicit_boundary_term""}",exclude_from_three_target_lines,main_matrix_original
2026_顺义_一模,2026,顺义,一模,12,,question,B2_ECONOMICS,objective,/Users/wanglifei/Desktop/2026模拟题/2026各区一模/2026顺义一模/试卷/试卷.pdf,paper,included,/Users/wanglifei/Desktop/北京高考政治/reports/必修二三与必修四文化_题源分类准备_20260617_1301/03_question_index/question_candidates.csv,"{""target"": ""B2_ECONOMICS"", ""target_score"": 7, ""boundary"": ""B4_PHILOSOPHY_EXCLUDED"", ""boundary_score"": 0, ""matches"": {""B2_ECONOMICS"": ""高质量发展,产业链,供应链,boost:高质量发展,boost:产业链,boost:供应链""}}",future_baodian_intake,main_matrix_original
2026_顺义_一模,2026,顺义,一模,13,,question,B2_ECONOMICS,objective,/Users/wanglifei/Desktop/2026模拟题/2026各区一模/2026顺义一模/试卷/试卷.pdf,paper,included,/Users/wanglifei/Desktop/北京高考政治/reports/必修二三与必修四文化_题源分类准备_20260617_1301/03_question_index/question_candidates.csv,"{""target"": ""B2_ECONOMICS"", ""target_score"": 10, ""boundary"": ""B4_PHILOSOPHY_EXCLUDED"", ""boundary_score"": 0, ""matches"": {""B2_ECONOMICS"": ""社会保障,低保,社会救助,boost:社会保障,boost:低保,boost:社会救助"", ""B3_POLITICS_RULE_OF_LAW"": ""政府""}}",future_baodian_intake,main_matrix_original
2026_顺义_一模,2026,顺义,一模,14,,question,XB1_EXCLUDED,objective,/Users/wanglifei/Desktop/2026模拟题/2026各区一模/2026顺义一模/试卷/试卷.pdf,paper,module-boundary-excluded,/Users/wanglifei/Desktop/北京高考政治/reports/必修二三与必修四文化_题源分类准备_20260617_1301/03_question_index/question_candidates.csv,"{""target"": ""B2_ECONOMICS"", ""target_score"": 2, ""boundary"": ""XB1_EXCLUDED"", ""boundary_score"": 7, ""matches"": {""B2_ECONOMICS"": ""高质量发展,boost:高质量发展"", ""XB1_EXCLUDED"": ""国际贸易,全球价值链,贸易强国,boost:国际贸易,boost:全球价值链,boost:贸易强国""}}",exclude_from_three_target_lines,main_matrix_original
2026_顺义_一模,2026,顺义,一模,15,,question,XB1_EXCLUDED,objective,/Users/wanglifei/Desktop/2026模拟题/2026各区一模/2026顺义一模/试卷/试卷.pdf,paper,module-boundary-excluded,/Users/wanglifei/Desktop/北京高考政治/reports/必修二三与必修四文化_题源分类准备_20260617_1301/03_question_index/question_candidates.csv,"{""target"": ""B2_ECONOMICS"", ""target_score"": 4, ""boundary"": ""XB1_EXCLUDED"", ""boundary_score"": 13, ""matches"": {""B2_ECONOMICS"": ""新质生产力,boost:新质生产力"", ""B4_PHILOSOPHY_EXCLUDED"": ""实践"", ""XB1_EXCLUDED"": ""全球治理,世界多极化,国际组织,金砖,boost:全球治理,boost:世界多极化,boost:国际组织,boost:金砖""}, ""explicit_boundary_modules"": {""XB1_EXCLUDED"": [""世界多极化"", ""全球治理"", ""国际组织""]}, ""override"": ""explicit_boundary_term""}",exclude_from_three_target_lines,main_matrix_original
2026_顺义_一模,2026,顺义,一模,16,,question,XB1_EXCLUDED,subjective,/Users/wanglifei/Desktop/2026模拟题/2026各区一模/2026顺义一模/试卷/试卷.pdf,paper,module-boundary-excluded,/Users/wanglifei/Desktop/北京高考政治/reports/必修二三与必修四文化_题源分类准备_20260617_1301/03_question_index/question_candidates.csv,"{""target"": ""B3_POLITICS_RULE_OF_LAW"", ""target_score"": 1, ""boundary"": ""XB1_EXCLUDED"", ""boundary_score"": 2, ""matches"": {""B3_POLITICS_RULE_OF_LAW"": ""社会治理"", ""B4_CULTURE"": ""文化"", ""XB1_EXCLUDED"": ""全球治理,boost:全球治理""}, ""explicit_boundary_modules"": {""XB1_EXCLUDED"": [""全球治理""]}, ""override"": ""explicit_boundary_term""}",exclude_from_three_target_lines,main_matrix_original
2026_顺义_一模,2026,顺义,一模,17,,question,B3_POLITICS_RULE_OF_LAW,subjective,/Users/wanglifei/Desktop/2026模拟题/2026各区一模/2026顺义一模/试卷/试卷.pdf,paper,included,/Users/wanglifei/Desktop/北京高考政治/reports/必修二三与必修四文化_题源分类准备_20260617_1301/03_question_index/question_candidates.csv,"{""target"": ""B3_POLITICS_RULE_OF_LAW"", ""target_score"": 4, ""boundary"": ""B4_PHILOSOPHY_EXCLUDED"", ""boundary_score"": 0, ""matches"": {""B3_POLITICS_RULE_OF_LAW"": ""政治与法治,政府,boost:政治与法治""}}",future_baodian_intake,main_matrix_original
2026_顺义_一模,2026,顺义,一模,18,,question,XB2_EXCLUDED,subjective,/Users/wanglifei/Desktop/2026模拟题/2026各区一模/2026顺义一模/试卷/试卷.pdf,paper,module-boundary-excluded,/Users/wanglifei/Desktop/北京高考政治/reports/必修二三与必修四文化_题源分类准备_20260617_1301/03_question_index/question_candidates.csv,"{""target"": ""B2_ECONOMICS"", ""target_score"": 4, ""boundary"": ""XB2_EXCLUDED"", ""boundary_score"": 22, ""matches"": {""B2_ECONOMICS"": ""劳动者"", ""B3_POLITICS_RULE_OF_LAW"": ""法院"", ""XB2_EXCLUDED"": ""法律与生活,合同,劳动合同,劳动关系,诉讼,仲裁,违约,boost:法律与生活,boost:合同,boost:劳动合同,boost:劳动关系,boost:诉讼""}, ""explicit_boundary_modules"": {""XB2_EXCLUDED"": [""法律与生活"", ""合同"", ""诉讼"", ""劳动合同""]}, ""override"": ""explicit_boundary_term""}",exclude_from_three_target_lines,main_matrix_original
2026_顺义_一模,2026,顺义,一模,19,,question,XB3_EXCLUDED,subjective,/Users/wanglifei/Desktop/2026模拟题/2026各区一模/2026顺义一模/试卷/试卷.pdf,paper,module-boundary-excluded,/Users/wanglifei/Desktop/北京高考政治/reports/必修二三与必修四文化_题源分类准备_20260617_1301/03_question_index/question_candidates.csv,"{""target"": ""B2_ECONOMICS"", ""target_score"": 5, ""boundary"": ""XB3_EXCLUDED"", ""boundary_score"": 8, ""matches"": {""B2_ECONOMICS"": ""消费,产业链,经济增长,boost:产业链,boost:经济增长"", ""B3_POLITICS_RULE_OF_LAW"": ""公共服务"", ""XB3_EXCLUDED"": ""逻辑与思维,科学思维,推理,推论,boost:逻辑与思维,boost:科学思维,boost:推理,boost:推论""}, ""explicit_boundary_modules"": {""XB3_EXCLUDED"": [""逻辑与思维"", ""科学思维"", ""推理""]}, ""override"": ""explicit_boundary_term""}",exclude_from_three_target_lines,main_matrix_original
2026_顺义_一模,2026,顺义,一模,2,,question,B4_CULTURE,objective,/Users/wanglifei/Desktop/2026模拟题/2026各区一模/2026顺义一模/试卷/试卷.pdf,paper,included,05_reports/culture_component_extraction_audit.csv,"{""rule_id"": ""CULTURE_FULL_OBJECTIVE_BEIJING_THEATRE_INNOVATION"", ""matched_terms"": ""北京题材,创新文化呈现方式,建都历史,文化表达"", ""source"": ""culture_component_extraction_review.csv"", ""prior_book_module"": ""UNKNOWN_OR_MIXED"", ""prior_status"": ""blocked"", ""user_rule"": ""民族精神及明确文化判断点属于文化；哲学文化混合题需抽离文化部分。""}",future_baodian_intake,culture_component_row_resolution
2026_顺义_一模,2026,顺义,一模,20,,question,XB1_EXCLUDED,subjective,/Users/wanglifei/Desktop/2026模拟题/2026各区一模/2026顺义一模/试卷/试卷.pdf,paper,module-boundary-excluded,/Users/wanglifei/Desktop/北京高考政治/reports/必修二三与必修四文化_题源分类准备_20260617_1301/03_question_index/question_candidates.csv,"{""target"": ""B2_ECONOMICS"", ""target_score"": 0, ""boundary"": ""XB1_EXCLUDED"", ""boundary_score"": 6, ""matches"": {""B4_PHILOSOPHY_EXCLUDED"": ""实践"", ""XB1_EXCLUDED"": ""当代国际政治与经济,南南合作,boost:当代国际政治与经济,boost:南南合作""}, ""explicit_boundary_modules"": {""XB1_EXCLUDED"": [""当代国际政治与经济""]}, ""override"": ""explicit_boundary_term""}",exclude_from_three_target_lines,main_matrix_original
2026_顺义_一模,2026,顺义,一模,21,,question,XB1_EXCLUDED,subjective,/Users/wanglifei/Desktop/2026模拟题/2026各区一模/2026顺义一模/试卷/试卷.pdf,paper,module-boundary-excluded,/Users/wanglifei/Desktop/北京高考政治/reports/必修二三与必修四文化_题源分类准备_20260617_1301/03_question_index/question_candidates.csv,"{""target"": ""B4_CULTURE"", ""target_score"": 9, ""boundary"": ""B4_PHILOSOPHY_EXCLUDED"", ""boundary_score"": 2, ""matches"": {""B2_ECONOMICS"": ""高质量发展,经济总量,boost:高质量发展,boost:经济总量"", ""B3_POLITICS_RULE_OF_LAW"": ""中国共产党,boost:中国共产党"", ""B4_CULTURE"": ""文化,中华优秀传统文化,优秀传统文化,传统文化,中华文明,boost:中华优秀传统文化,boost:优秀传统文化,boost:传统文化,boost:中华文明"", ""B4_PHILOSOPHY_EXCLUDED"": ""人民群众,boost:人民群众"", ""XB1_EXCLUDED"": ""全球治理,boost:全球治理""}, ""explicit_boundary_modules"": {""XB1_EXCLUDED"": [""全球治理""]}, ""override"": ""explicit_boundary_term""}",exclude_from_three_target_lines,main_matrix_original
2026_顺义_一模,2026,顺义,一模,3,,question,XB3_EXCLUDED,objective,/Users/wanglifei/Desktop/2026模拟题/2026各区一模/2026顺义一模/试卷/试卷.pdf,paper,module-boundary-excluded,/Users/wanglifei/Desktop/北京高考政治/reports/必修二三与必修四文化_题源分类准备_20260617_1301/03_question_index/question_candidates.csv,"{""target"": ""B2_ECONOMICS"", ""target_score"": 0, ""boundary"": ""B4_PHILOSOPHY_EXCLUDED"", ""boundary_score"": 3, ""matches"": {""B4_PHILOSOPHY_EXCLUDED"": ""矛盾,boost:矛盾"", ""XB3_EXCLUDED"": ""分析与综合,boost:分析与综合""}, ""explicit_boundary_modules"": {""XB3_EXCLUDED"": [""分析与综合""]}, ""override"": ""explicit_boundary_term""}",exclude_from_three_target_lines,main_matrix_original
2026_顺义_一模,2026,顺义,一模,4,,question,XB3_EXCLUDED,objective,/Users/wanglifei/Desktop/2026模拟题/2026各区一模/2026顺义一模/试卷/试卷.pdf,paper,module-boundary-excluded,/Users/wanglifei/Desktop/北京高考政治/reports/必修二三与必修四文化_题源分类准备_20260617_1301/03_question_index/question_candidates.csv,"{""target"": ""B2_ECONOMICS"", ""target_score"": 2, ""boundary"": ""XB3_EXCLUDED"", ""boundary_score"": 7, ""matches"": {""B2_ECONOMICS"": ""乡村振兴,boost:乡村振兴"", ""XB3_EXCLUDED"": ""推理,类比推理,归纳推理,boost:推理,boost:类比推理,boost:归纳推理""}, ""explicit_boundary_modules"": {""XB3_EXCLUDED"": [""推理""]}, ""override"": ""explicit_boundary_term""}",exclude_from_three_target_lines,main_matrix_original
2026_顺义_一模,2026,顺义,一模,5,,question,B4_CULTURE,objective,/Users/wanglifei/Desktop/2026模拟题/2026各区一模/2026顺义一模/试卷/试卷.pdf,paper,included,/Users/wanglifei/Desktop/北京高考政治/reports/必修二三与必修四文化_题源分类准备_20260617_1301/03_question_index/question_candidates.csv,"{""target"": ""B4_CULTURE"", ""target_score"": 20, ""boundary"": ""XB3_EXCLUDED"", ""boundary_score"": 6, ""matches"": {""B4_CULTURE"": ""文化,中华优秀传统文化,优秀传统文化,传统文化,博物馆,boost:中华优秀传统文化,boost:优秀传统文化,boost:传统文化,boost:博物馆"", ""B4_PHILOSOPHY_EXCLUDED"": ""认识"", ""XB3_EXCLUDED"": ""发散思维,关系判断,周延,boost:发散思维,boost:关系判断,boost:周延""}}",future_baodian_intake,main_matrix_original
2026_顺义_一模,2026,顺义,一模,6,,question,XB3_EXCLUDED,objective,/Users/wanglifei/Desktop/2026模拟题/2026各区一模/2026顺义一模/试卷/试卷.pdf,paper,module-boundary-excluded,/Users/wanglifei/Desktop/北京高考政治/reports/必修二三与必修四文化_题源分类准备_20260617_1301/03_question_index/question_candidates.csv,"{""target"": ""B2_ECONOMICS"", ""target_score"": 0, ""boundary"": ""B4_PHILOSOPHY_EXCLUDED"", ""boundary_score"": 3, ""matches"": {""B4_PHILOSOPHY_EXCLUDED"": ""认识"", ""XB3_EXCLUDED"": ""迁移,boost:迁移""}, ""explicit_boundary_modules"": {""XB3_EXCLUDED"": [""迁移""]}, ""override"": ""explicit_boundary_term""}",exclude_from_three_target_lines,main_matrix_original
2026_顺义_一模,2026,顺义,一模,7,,question,B4_PHILOSOPHY_EXCLUDED,objective,/Users/wanglifei/Desktop/2026模拟题/2026各区一模/2026顺义一模/试卷/试卷.pdf,paper,module-boundary-excluded,/Users/wanglifei/Desktop/北京高考政治/reports/必修二三与必修四文化_题源分类准备_20260617_1301/03_question_index/question_candidates.csv,"{""target"": ""B2_ECONOMICS"", ""target_score"": 0, ""boundary"": ""B4_PHILOSOPHY_EXCLUDED"", ""boundary_score"": 6, ""matches"": {""B4_PHILOSOPHY_EXCLUDED"": ""矛盾,价值判断,价值选择,boost:矛盾,boost:价值判断,boost:价值选择"", ""XB2_EXCLUDED"": ""调解,boost:调解""}, ""explicit_boundary_modules"": {""B4_PHILOSOPHY_EXCLUDED"": [""价值判断"", ""价值选择""]}, ""override"": ""explicit_boundary_term""}",exclude_from_three_target_lines,main_matrix_original
2026_顺义_一模,2026,顺义,一模,8,,question,B3_POLITICS_RULE_OF_LAW,objective,/Users/wanglifei/Desktop/2026模拟题/2026各区一模/2026顺义一模/试卷/试卷.pdf,paper,included,/Users/wanglifei/Desktop/北京高考政治/reports/必修二三与必修四文化_题源分类准备_20260617_1301/03_question_index/question_candidates.csv,"{""target"": ""B3_POLITICS_RULE_OF_LAW"", ""target_score"": 4, ""boundary"": ""B4_PHILOSOPHY_EXCLUDED"", ""boundary_score"": 0, ""matches"": {""B2_ECONOMICS"": ""基础设施"", ""B3_POLITICS_RULE_OF_LAW"": ""中国共产党,民族区域自治,boost:中国共产党,boost:民族区域自治""}}",future_baodian_intake,main_matrix_original
2026_顺义_一模,2026,顺义,一模,9,,question,XB3_EXCLUDED,objective,/Users/wanglifei/Desktop/2026模拟题/2026各区一模/2026顺义一模/试卷/试卷.pdf,paper,module-boundary-excluded,/Users/wanglifei/Desktop/北京高考政治/reports/必修二三与必修四文化_题源分类准备_20260617_1301/03_question_index/question_candidates.csv,"{""target"": ""B3_POLITICS_RULE_OF_LAW"", ""target_score"": 2, ""boundary"": ""XB3_EXCLUDED"", ""boundary_score"": 2, ""matches"": {""B3_POLITICS_RULE_OF_LAW"": ""政府"", ""XB3_EXCLUDED"": ""迁移,boost:迁移""}, ""explicit_boundary_modules"": {""XB3_EXCLUDED"": [""迁移""]}, ""override"": ""explicit_boundary_term""}",exclude_from_three_target_lines,main_matrix_original
2026_顺义_二模,2026,顺义,二模,1,,question,B1_EXCLUDED,objective,/Users/wanglifei/GaokaoPolitics/beijing-politics-sync/选必三双宝典_哲学宝典完全对齐返工_2026-05-25/12_reasoning_exercise_compilation_20260531/ocr_cache/d421a3c0899e/merged.ocr.txt,ocr-cache,module-boundary-excluded,05_reports/prompt_resolution_audit.csv,"{""override"": ""strict_prompt_resolution"", ""rule_id"": ""B1_SOCIALISM_PROMPT"", ""matched_terms"": ""中国特色社会主义"", ""prompt_source"": ""ocr-cache"", ""prompt"": ""新征程是充满光荣和梦想的远征。从“中国路”看中国式现代化道路,更能读懂“走好我 们这一代的长征路”的中国密码。 通达之路越走越畅。 陕西延安、广西凭祥等一 批革命老区的首个高铁 春运圆满落慕。逾5万 公里中国高铁网,提高效 率、提速发展,路畅心 也畅。 创新之路越走越宽。 珠江口,世界最高双层悬 索桥——狮子洋大桥,逾 百吨的预制钢壳节段,平 均7天吊装一节,对接精 度达毫米级。 共赢之路越走越广。 中企承建的非洲首条沙 漠重载铁路—阿尔及 利亚西部铁路矿业线项 目全线通车,成沩“沙漠 地区开展大型基础设施 项目的典范”。 对此,下列认识正确的是 1 通达之路形成的高铁网标志着我国已经基本实现了社会主义现代化强国 2 基础设施建设领域的创新能力和领先地位使中国成为国际事务的主导者 3 开放合作、互利共赢的正义之路有利于推动实现共同繁荣的世界现代化 4 中国特色社会主义道路是当代中国赶上时代"", ""previous_decision"": ""{\""target\"": \""B2_ECONOMICS\"", \""target_score\"": 2, \""boundary\"": \""B1_EXCLUDED\"", \""boundary_score\"": 2, \""matches\"": {\""B2_ECONOMICS\"": \""基础设施\"", \""B4_PHILOSOPHY_EXCLUDED\"": \""认识\"", \""B1_EXCLUDED\"": \""中国特色社会主义,社会主义现代化强国\""}}""}",exclude_from_three_target_lines,prompt_resolved_from_main_matrix_original
2026_顺义_二模,2026,顺义,二模,10,,question,XB2_EXCLUDED,objective,/Users/wanglifei/GaokaoPolitics/beijing-politics-sync/选必三双宝典_哲学宝典完全对齐返工_2026-05-25/12_reasoning_exercise_compilation_20260531/ocr_cache/d421a3c0899e/merged.ocr.txt,ocr-cache,module-boundary-excluded,/Users/wanglifei/Desktop/北京高考政治/reports/必修二三与必修四文化_题源分类准备_20260617_1301/02_text_cache/ocr_absorbed/2026_顺义_二模.txt,"{""target"": ""B2_ECONOMICS"", ""target_score"": 2, ""boundary"": ""XB2_EXCLUDED"", ""boundary_score"": 5, ""matches"": {""B2_ECONOMICS"": ""消费"", ""B4_PHILOSOPHY_EXCLUDED"": ""认识"", ""XB2_EXCLUDED"": ""侵权,仲裁,boost:侵权,boost:仲裁""}, ""explicit_boundary_modules"": {""XB2_EXCLUDED"": [""侵权""]}, ""override"": ""explicit_boundary_term""}",exclude_from_three_target_lines,main_matrix_original
2026_顺义_二模,2026,顺义,二模,11,,question,XB2_EXCLUDED,objective,/Users/wanglifei/GaokaoPolitics/beijing-politics-sync/选必三双宝典_哲学宝典完全对齐返工_2026-05-25/12_reasoning_exercise_compilation_20260531/ocr_cache/d421a3c0899e/merged.ocr.txt,ocr-cache,module-boundary-excluded,/Users/wanglifei/Desktop/北京高考政治/reports/必修二三与必修四文化_题源分类准备_20260617_1301/02_text_cache/ocr_absorbed/2026_顺义_二模.txt,"{""target"": ""B2_ECONOMICS"", ""target_score"": 0, ""boundary"": ""XB2_EXCLUDED"", ""boundary_score"": 12, ""matches"": {""B4_PHILOSOPHY_EXCLUDED"": ""认识"", ""XB2_EXCLUDED"": ""民法典,合同,诉讼,所有权,boost:民法典,boost:合同,boost:诉讼,boost:所有权""}, ""explicit_boundary_modules"": {""XB2_EXCLUDED"": [""民法典"", ""合同"", ""诉讼"", ""所有权""]}, ""override"": ""explicit_boundary_term""}",exclude_from_three_target_lines,main_matrix_original
2026_顺义_二模,2026,顺义,二模,12,,question,B2_ECONOMICS,objective,/Users/wanglifei/GaokaoPolitics/beijing-politics-sync/选必三双宝典_哲学宝典完全对齐返工_2026-05-25/12_reasoning_exercise_compilation_20260531/ocr_cache/d421a3c0899e/merged.ocr.txt,ocr-cache,included,/Users/wanglifei/Desktop/北京高考政治/reports/必修二三与必修四文化_题源分类准备_20260617_1301/02_text_cache/ocr_absorbed/2026_顺义_二模.txt,"{""target"": ""B2_ECONOMICS"", ""target_score"": 4, ""boundary"": ""B4_PHILOSOPHY_EXCLUDED"", ""boundary_score"": 0, ""matches"": {""B2_ECONOMICS"": ""市场经济,新质生产力,boost:市场经济,boost:新质生产力""}}",future_baodian_intake,main_matrix_original
2026_顺义_二模,2026,顺义,二模,13,,question,B2_ECONOMICS,objective,/Users/wanglifei/GaokaoPolitics/beijing-politics-sync/选必三双宝典_哲学宝典完全对齐返工_2026-05-25/12_reasoning_exercise_compilation_20260531/ocr_cache/d421a3c0899e/merged.ocr.txt,ocr-cache,included,/Users/wanglifei/Desktop/北京高考政治/reports/必修二三与必修四文化_题源分类准备_20260617_1301/02_text_cache/ocr_absorbed/2026_顺义_二模.txt,"{""target"": ""B2_ECONOMICS"", ""target_score"": 10, ""boundary"": ""B4_PHILOSOPHY_EXCLUDED"", ""boundary_score"": 0, ""matches"": {""B2_ECONOMICS"": ""消费"", ""B3_POLITICS_RULE_OF_LAW"": ""政府"", ""B4_CULTURE"": ""文化""}}",future_baodian_intake,main_matrix_original
2026_顺义_二模,2026,顺义,二模,14,,question,XB1_EXCLUDED,objective,/Users/wanglifei/GaokaoPolitics/beijing-politics-sync/选必三双宝典_哲学宝典完全对齐返工_2026-05-25/12_reasoning_exercise_compilation_20260531/ocr_cache/d421a3c0899e/merged.ocr.txt,ocr-cache,module-boundary-excluded,/Users/wanglifei/Desktop/北京高考政治/reports/必修二三与必修四文化_题源分类准备_20260617_1301/02_text_cache/ocr_absorbed/2026_顺义_二模.txt,"{""target"": ""B2_ECONOMICS"", ""target_score"": 4, ""boundary"": ""XB1_EXCLUDED"", ""boundary_score"": 4, ""matches"": {""B2_ECONOMICS"": ""产业链,boost:产业链"", ""XB1_EXCLUDED"": ""经济全球化,贸易强国,boost:经济全球化,boost:贸易强国""}, ""explicit_boundary_modules"": {""XB1_EXCLUDED"": [""经济全球化""]}, ""override"": ""explicit_boundary_term""}",exclude_from_three_target_lines,main_matrix_original
2026_顺义_二模,2026,顺义,二模,15,,question,XB1_EXCLUDED,objective,/Users/wanglifei/GaokaoPolitics/beijing-politics-sync/选必三双宝典_哲学宝典完全对齐返工_2026-05-25/12_reasoning_exercise_compilation_20260531/ocr_cache/d421a3c0899e/merged.ocr.txt,ocr-cache,module-boundary-excluded,/Users/wanglifei/Desktop/北京高考政治/reports/必修二三与必修四文化_题源分类准备_20260617_1301/02_text_cache/ocr_absorbed/2026_顺义_二模.txt,"{""target"": ""B2_ECONOMICS"", ""target_score"": 3, ""boundary"": ""XB1_EXCLUDED"", ""boundary_score"": 5, ""matches"": {""B2_ECONOMICS"": ""数字经济,boost:数字经济"", ""B3_POLITICS_RULE_OF_LAW"": ""政府"", ""XB1_EXCLUDED"": ""人类命运共同体,国际组织,boost:人类命运共同体,boost:国际组织""}, ""explicit_boundary_modules"": {""XB1_EXCLUDED"": [""人类命运共同体"", ""国际组织""]}, ""override"": ""explicit_boundary_term""}",exclude_from_three_target_lines,main_matrix_original
2026_顺义_二模,2026,顺义,二模,16,,question,B4_CULTURE,subjective,/Users/wanglifei/GaokaoPolitics/beijing-politics-sync/选必三双宝典_哲学宝典完全对齐返工_2026-05-25/12_reasoning_exercise_compilation_20260531/ocr_cache/d421a3c0899e/merged.ocr.txt,ocr-cache,included,/Users/wanglifei/Desktop/北京高考政治/reports/必修二三与必修四文化_题源分类准备_20260617_1301/02_text_cache/ocr_absorbed/2026_顺义_二模.txt,"{""target"": ""B4_CULTURE"", ""target_score"": 13, ""boundary"": ""B4_PHILOSOPHY_EXCLUDED"", ""boundary_score"": 0, ""matches"": {""B2_ECONOMICS"": ""乡村振兴,boost:乡村振兴"", ""B4_CULTURE"": ""文化,非遗,文艺,boost:非遗""}}",future_baodian_intake,main_matrix_original
2026_顺义_二模,2026,顺义,二模,17,,question,B3_POLITICS_RULE_OF_LAW,subjective,/Users/wanglifei/GaokaoPolitics/beijing-politics-sync/选必三双宝典_哲学宝典完全对齐返工_2026-05-25/12_reasoning_exercise_compilation_20260531/ocr_cache/d421a3c0899e/merged.ocr.txt,ocr-cache,included,/Users/wanglifei/Desktop/北京高考政治/reports/必修二三与必修四文化_题源分类准备_20260617_1301/02_text_cache/ocr_absorbed/2026_顺义_二模.txt,"{""target"": ""B3_POLITICS_RULE_OF_LAW"", ""target_score"": 9, ""boundary"": ""B4_PHILOSOPHY_EXCLUDED"", ""boundary_score"": 7, ""matches"": {""B3_POLITICS_RULE_OF_LAW"": ""政治与法治,国家治理,基层治理,社区治理,社会治理,boost:政治与法治,boost:国家治理,boost:基层治理"", ""B4_PHILOSOPHY_EXCLUDED"": ""矛盾,boost:矛盾"", ""XB2_EXCLUDED"": ""调解,boost:调解""}}",future_baodian_intake,main_matrix_original
2026_顺义_二模,2026,顺义,二模,18,,question,B4_PHILOSOPHY_EXCLUDED,subjective,/Users/wanglifei/GaokaoPolitics/beijing-politics-sync/选必三双宝典_哲学宝典完全对齐返工_2026-05-25/12_reasoning_exercise_compilation_20260531/ocr_cache/d421a3c0899e/merged.ocr.txt,ocr-cache,module-boundary-excluded,/Users/wanglifei/Desktop/北京高考政治/reports/必修二三与必修四文化_题源分类准备_20260617_1301/02_text_cache/ocr_absorbed/2026_顺义_二模.txt,"{""target"": ""B2_ECONOMICS"", ""target_score"": 0, ""boundary"": ""B4_PHILOSOPHY_EXCLUDED"", ""boundary_score"": 2, ""matches"": {""B4_PHILOSOPHY_EXCLUDED"": ""矛盾,boost:矛盾""}}",exclude_from_three_target_lines,main_matrix_original
2026_顺义_二模,2026,顺义,二模,19,,question,B2_ECONOMICS,subjective,/Users/wanglifei/GaokaoPolitics/beijing-politics-sync/选必三双宝典_哲学宝典完全对齐返工_2026-05-25/12_reasoning_exercise_compilation_20260531/ocr_cache/d421a3c0899e/merged.ocr.txt,ocr-cache,included,/Users/wanglifei/Desktop/北京高考政治/reports/必修二三与必修四文化_题源分类准备_20260617_1301/02_text_cache/ocr_absorbed/2026_顺义_二模.txt,"{""target"": ""B2_ECONOMICS"", ""target_score"": 5, ""boundary"": ""B4_PHILOSOPHY_EXCLUDED"", ""boundary_score"": 0, ""matches"": {""B2_ECONOMICS"": ""经济与社会,高质量发展,boost:经济与社会,boost:高质量发展""}}",future_baodian_intake,main_matrix_original
2026_顺义_二模,2026,顺义,二模,2,,question,XB2_EXCLUDED,objective,/Users/wanglifei/GaokaoPolitics/beijing-politics-sync/选必三双宝典_哲学宝典完全对齐返工_2026-05-25/12_reasoning_exercise_compilation_20260531/ocr_cache/d421a3c0899e/merged.ocr.txt,ocr-cache,module-boundary-excluded,/Users/wanglifei/Desktop/北京高考政治/reports/必修二三与必修四文化_题源分类准备_20260617_1301/02_text_cache/ocr_absorbed/2026_顺义_二模.txt,"{""target"": ""B4_CULTURE"", ""target_score"": 14, ""boundary"": ""XB2_EXCLUDED"", ""boundary_score"": 2, ""matches"": {""B4_CULTURE"": ""文化,中华优秀传统文化,优秀传统文化,传统文化,boost:中华优秀传统文化,boost:优秀传统文化,boost:传统文化"", ""XB2_EXCLUDED"": ""民事,boost:民事"", ""XB3_EXCLUDED"": ""逻辑与思维,boost:逻辑与思维""}, ""explicit_boundary_modules"": {""XB2_EXCLUDED"": [""民事""], ""XB3_EXCLUDED"": [""逻辑与思维""]}, ""override"": ""explicit_boundary_term""}",exclude_from_three_target_lines,main_matrix_original
2026_顺义_二模,2026,顺义,二模,20,,question,XB1_EXCLUDED,subjective,/Users/wanglifei/GaokaoPolitics/beijing-politics-sync/选必三双宝典_哲学宝典完全对齐返工_2026-05-25/12_reasoning_exercise_compilation_20260531/ocr_cache/d421a3c0899e/merged.ocr.txt,ocr-cache,module-boundary-excluded,/Users/wanglifei/Desktop/北京高考政治/reports/必修二三与必修四文化_题源分类准备_20260617_1301/02_text_cache/ocr_absorbed/2026_顺义_二模.txt,"{""target"": ""B2_ECONOMICS"", ""target_score"": 2, ""boundary"": ""XB1_EXCLUDED"", ""boundary_score"": 2, ""matches"": {""B2_ECONOMICS"": ""经济增长,boost:经济增长"", ""XB1_EXCLUDED"": ""当代国际政治与经济,boost:当代国际政治与经济""}, ""explicit_boundary_modules"": {""XB1_EXCLUDED"": [""当代国际政治与经济""]}, ""override"": ""explicit_boundary_term""}",exclude_from_three_target_lines,main_matrix_original
2026_顺义_二模,2026,顺义,二模,21,,question,B1_EXCLUDED,subjective,/Users/wanglifei/GaokaoPolitics/beijing-politics-sync/选必三双宝典_哲学宝典完全对齐返工_2026-05-25/12_reasoning_exercise_compilation_20260531/ocr_cache/d421a3c0899e/merged.ocr.txt,ocr-cache,module-boundary-excluded,05_reports/prompt_resolution_audit.csv,"{""override"": ""strict_prompt_resolution"", ""rule_id"": ""B1_SOCIALISM_PROMPT"", ""matched_terms"": ""中国特色社会主义,改革开放"", ""prompt_source"": ""ocr-cache"", ""prompt"": ""(10分) “先见”与“远虑”的理政智慧,在中华文明应变图强的历程中赓续千年,更在中国共 产党百年奋斗里实现传承创新、淬炼升华。 凡事预则立,不预则废。——《礼记•中庸》 人无远虑,必有近忧。——《论语•卫灵公》 锐始者必图其终,成功者先计于始。——张居正 新民主主义革命时期,党以深远洞察突破教条束缚,确立农村包围城市的正确战略, 筑牢革命胜利根基。 社会主义革命和建设时期,党和国家精准研判发展短板,依托首个五年计划擘画工 业化蓝图,搭建国民经济主干框架,在社会主义建设的探索实践中,建立起独立的、比较 完整的工业体系和国民经济体系。 改革开放和社会主义现代化建设新时期,从“六五”到“十五”深耕改革、扩大开放、 惠及民生,稳步实现总体小康;“十一五”完成“计划”向“规划”转型,遵循市场规律强化 顶层谋划;“十二五”聚焦创新驱动,推动发展转向提质增效、转型升级。 中国特色社会主义进入新时代,从"", ""previous_decision"": ""{\""target\"": \""B2_ECONOMICS\"", \""target_score\"": 2, \""boundary\"": \""B4_PHILOSOPHY_EXCLUDED\"", \""boundary_score\"": 3, \""matches\"": {\""B2_ECONOMICS\"": \""高质量发展,boost:高质量发展\"", \""B4_CULTURE\"": \""中华文明,boost:中华文明\"", \""B4_PHILOSOPHY_EXCLUDED\"": \""实践\"", \""B1_EXCLUDED\"": \""中国特色社会主义,改革开放\""}}""}",exclude_from_three_target_lines,prompt_resolved_from_main_matrix_original
2026_顺义_二模,2026,顺义,二模,3,,question,B4_PHILOSOPHY_EXCLUDED,objective,/Users/wanglifei/GaokaoPolitics/beijing-politics-sync/选必三双宝典_哲学宝典完全对齐返工_2026-05-25/12_reasoning_exercise_compilation_20260531/ocr_cache/d421a3c0899e/merged.ocr.txt,ocr-cache,module-boundary-excluded,/Users/wanglifei/Desktop/北京高考政治/reports/必修二三与必修四文化_题源分类准备_20260617_1301/02_text_cache/ocr_absorbed/2026_顺义_二模.txt,"{""target"": ""B2_ECONOMICS"", ""target_score"": 0, ""boundary"": ""B4_PHILOSOPHY_EXCLUDED"", ""boundary_score"": 7, ""matches"": {""B4_PHILOSOPHY_EXCLUDED"": ""实践,认识,真理,boost:真理""}}",exclude_from_three_target_lines,main_matrix_original
2026_顺义_二模,2026,顺义,二模,4,,question,XB2_EXCLUDED,objective,/Users/wanglifei/GaokaoPolitics/beijing-politics-sync/选必三双宝典_哲学宝典完全对齐返工_2026-05-25/12_reasoning_exercise_compilation_20260531/ocr_cache/d421a3c0899e/merged.ocr.txt,ocr-cache,module-boundary-excluded,/Users/wanglifei/Desktop/北京高考政治/reports/必修二三与必修四文化_题源分类准备_20260617_1301/02_text_cache/ocr_absorbed/2026_顺义_二模.txt,"{""target"": ""B2_ECONOMICS"", ""target_score"": 2, ""boundary"": ""B4_PHILOSOPHY_EXCLUDED"", ""boundary_score"": 2, ""matches"": {""B2_ECONOMICS"": ""收入分配,boost:收入分配"", ""B4_PHILOSOPHY_EXCLUDED"": ""矛盾,boost:矛盾"", ""XB2_EXCLUDED"": ""专利,boost:专利""}, ""explicit_boundary_modules"": {""XB2_EXCLUDED"": [""专利""]}, ""override"": ""explicit_boundary_term""}",exclude_from_three_target_lines,main_matrix_original
2026_顺义_二模,2026,顺义,二模,5,,question,XB3_EXCLUDED,objective,/Users/wanglifei/GaokaoPolitics/beijing-politics-sync/选必三双宝典_哲学宝典完全对齐返工_2026-05-25/12_reasoning_exercise_compilation_20260531/ocr_cache/d421a3c0899e/merged.ocr.txt,ocr-cache,module-boundary-excluded,05_reports/strong_blocker_resolution_audit.csv,"{""rule_id"": ""STRONG_BLOCKER_XB3_DISJUNCTIVE_JUDGMENT"", ""matched_terms"": ""相容选言判断,如果,必然推出"", ""source"": ""strong_blocker_resolution_review.csv"", ""evidence_source_type"": ""ocr-cache"", ""prior_status"": ""blocked"", ""prior_next_action"": ""manual_review_needed""}",exclude_from_three_target_lines,strong_blocker_resolution
2026_顺义_二模,2026,顺义,二模,6,,question,B4_PHILOSOPHY_EXCLUDED,objective,/Users/wanglifei/GaokaoPolitics/beijing-politics-sync/选必三双宝典_哲学宝典完全对齐返工_2026-05-25/12_reasoning_exercise_compilation_20260531/ocr_cache/d421a3c0899e/merged.ocr.txt,ocr-cache,module-boundary-excluded,/Users/wanglifei/Desktop/北京高考政治/reports/必修二三与必修四文化_题源分类准备_20260617_1301/02_text_cache/ocr_absorbed/2026_顺义_二模.txt,"{""target"": ""B2_ECONOMICS"", ""target_score"": 3, ""boundary"": ""B4_PHILOSOPHY_EXCLUDED"", ""boundary_score"": 2, ""matches"": {""B2_ECONOMICS"": ""消费"", ""B4_PHILOSOPHY_EXCLUDED"": ""系统优化,boost:系统优化""}, ""explicit_boundary_modules"": {""B4_PHILOSOPHY_EXCLUDED"": [""系统优化""]}, ""override"": ""explicit_boundary_term""}",exclude_from_three_target_lines,main_matrix_original
2026_顺义_二模,2026,顺义,二模,7,,question,B3_POLITICS_RULE_OF_LAW,objective,/Users/wanglifei/GaokaoPolitics/beijing-politics-sync/选必三双宝典_哲学宝典完全对齐返工_2026-05-25/12_reasoning_exercise_compilation_20260531/ocr_cache/d421a3c0899e/merged.ocr.txt,ocr-cache,included,/Users/wanglifei/Desktop/北京高考政治/reports/必修二三与必修四文化_题源分类准备_20260617_1301/02_text_cache/ocr_absorbed/2026_顺义_二模.txt,"{""target"": ""B3_POLITICS_RULE_OF_LAW"", ""target_score"": 5, ""boundary"": ""B4_PHILOSOPHY_EXCLUDED"", ""boundary_score"": 2, ""matches"": {""B3_POLITICS_RULE_OF_LAW"": ""人大代表,全国人大,社区治理,boost:人大代表,boost:全国人大"", ""B4_PHILOSOPHY_EXCLUDED"": ""矛盾,boost:矛盾""}}",future_baodian_intake,main_matrix_original
2026_顺义_二模,2026,顺义,二模,8,,question,B1_EXCLUDED,objective,/Users/wanglifei/GaokaoPolitics/beijing-politics-sync/选必三双宝典_哲学宝典完全对齐返工_2026-05-25/12_reasoning_exercise_compilation_20260531/ocr_cache/d421a3c0899e/merged.ocr.txt,ocr-cache,module-boundary-excluded,05_reports/prompt_resolution_audit.csv,"{""override"": ""strict_prompt_resolution"", ""rule_id"": ""B1_SOCIALISM_PROMPT"", ""matched_terms"": ""中国特色社会主义"", ""prompt_source"": ""ocr-cache"", ""prompt"": ""《中华人民共和国生态环境法典》是具有中国特色、体现时代特点、反映人民意愿、系统规 范协调的法典。 今 系统整合现有立法资源,废止10部重复法律,吸收保留20多部法律的核心要则; 令 填补光污染、新污染物管控、废旧动力电池处置等立法空白,对气候变化等新课 题作出前瞻性规定; 个 将绿色低碳发展独立成编,纳入“双碳”目标,构建污染防治、生态保护、绿色发 展、责任追究于一体的法治体系。 编纂生态环境法典 1 是坚持以人民为中心的发展思想,增进民生福社的必然要求 2 贯彻落实了习近平法治思想和生态文明思想,推进人与自然和谐共生 3 系统整合现有法律资源并填补空白,明确国家机关的权利与责任 4 推动中国特色社会主义法律体系建成,为中华民族永续发展筑牢法治根基 A. 12 B. 14 C. 23 D. 34"", ""previous_decision"": ""{\""target\"": \""B2_ECONOMICS\"", \""target_score\"": 0, \""boundary\"": \""B1_EXCLUDED\"", \""boundary_score\"": 1, \""matches\"": {\""B1_EXCLUDED\"": \""中国特色社会主义\""}}""}",exclude_from_three_target_lines,prompt_resolved_from_main_matrix_original
2026_顺义_二模,2026,顺义,二模,9,,question,B4_CULTURE,objective,/Users/wanglifei/GaokaoPolitics/beijing-politics-sync/选必三双宝典_哲学宝典完全对齐返工_2026-05-25/12_reasoning_exercise_compilation_20260531/ocr_cache/d421a3c0899e/merged.ocr.txt,ocr-cache,included,/Users/wanglifei/Desktop/北京高考政治/reports/必修二三与必修四文化_题源分类准备_20260617_1301/02_text_cache/ocr_absorbed/2026_顺义_二模.txt,"{""target"": ""B4_CULTURE"", ""target_score"": 6, ""boundary"": ""B4_PHILOSOPHY_EXCLUDED"", ""boundary_score"": 2, ""matches"": {""B2_ECONOMICS"": ""共同富裕,boost:共同富裕"", ""B3_POLITICS_RULE_OF_LAW"": ""全过程人民民主,政府,boost:全过程人民民主"", ""B4_CULTURE"": ""文化,传统文化,文化遗产,boost:传统文化,boost:文化遗产"", ""B4_PHILOSOPHY_EXCLUDED"": ""人民群众,boost:人民群众"", ""XB1_EXCLUDED"": ""外交,boost:外交""}}",future_baodian_intake,main_matrix_original
2024_东城_一模,2024,东城,一模,4,,question,B3_POLITICS_RULE_OF_LAW,objective,/Users/wanglifei/Desktop/北京高考政治/reports/必修二三与必修四文化_题源分类准备_20260617_1301/02_text_cache/ocr_absorbed/2024_东城_一模.txt,ocr-cache;gap-repair,included,05_reports/gap_high_confidence_repair_audit.csv,"{""rule_id"": ""GAP_B3_POLITICS_HIGH_CONFIDENCE"", ""matched_terms"": ""人大代表,交通勤务"", ""source"": ""question_gap_repair_candidates.csv"", ""repair_confidence"": ""high""}",future_baodian_intake,gap_high_confidence_repair
2026_丰台_期末,2026,丰台,期末,10,,question,XB2_EXCLUDED,objective,/Users/wanglifei/Desktop/北京高考政治/reports/必修二三与必修四文化_题源分类准备_20260617_1301/02_text_cache/ocr_absorbed/2026_丰台_期末.txt,ocr-cache;gap-repair,module-boundary-excluded,05_reports/gap_high_confidence_repair_audit.csv,"{""rule_id"": ""GAP_XB2_LAW_HIGH_CONFIDENCE"", ""matched_terms"": ""诉讼,侵权,调解,欠条,货款"", ""source"": ""question_gap_repair_candidates.csv"", ""repair_confidence"": ""high""}",exclude_from_three_target_lines,gap_high_confidence_repair
2024_西城_二模,2024,西城,二模,1,,question,B4_PHILOSOPHY_EXCLUDED,objective,/Users/wanglifei/Desktop/北京高考政治/reports/必修二三与必修四文化_题源分类准备_20260617_1301/02_text_cache/texts/0dbd7271f7bf108d.txt,original_docx_text;raw-marker-review,module-boundary-excluded,05_reports/raw_marker_review_repair_audit.csv,"{""rule_id"": ""RAW_MARKER_REVIEW_B4_PHILOSOPHY"", ""matched_terms"": ""马克思主义唯物史观,发展的观点"", ""source"": ""raw_marker_visual_review.csv"", ""evidence_type"": ""original_docx_text""}",exclude_from_three_target_lines,raw_marker_review_repair
2024_西城_二模,2024,西城,二模,4,,question,B2_ECONOMICS,objective,/Users/wanglifei/Desktop/北京高考政治/reports/必修二三与必修四文化_题源分类准备_20260617_1301/02_text_cache/texts/0dbd7271f7bf108d.txt,original_docx_text;raw-marker-review,included,05_reports/raw_marker_review_repair_audit.csv,"{""rule_id"": ""RAW_MARKER_REVIEW_B2_MARKET_REGULATION"", ""matched_terms"": ""市场调查,消费者,监管,抽检,评价标准"", ""source"": ""raw_marker_visual_review.csv"", ""evidence_type"": ""original_docx_text""}",future_baodian_intake,raw_marker_review_repair
2026_丰台_一模,2026,丰台,一模,14,,question,XB1_EXCLUDED,objective,/Users/wanglifei/Desktop/北京高考政治/reports/必修二三与必修四文化_题源分类准备_20260617_1301/02_text_cache/ocr_absorbed/2026_丰台_一模.txt,ocr_page_context;raw-marker-review,module-boundary-excluded,05_reports/raw_marker_review_repair_audit.csv,"{""rule_id"": ""RAW_MARKER_REVIEW_XB1_INTERNATIONAL"", ""matched_terms"": ""中非关系,外交关系,零关税,文明互鉴"", ""source"": ""raw_marker_visual_review.csv"", ""evidence_type"": ""ocr_page_context""}",exclude_from_three_target_lines,raw_marker_review_repair
2026_房山_一模,2026,房山,一模,1,,question,B4_CULTURE,objective,/Users/wanglifei/Desktop/北京高考政治/reports/必修二三与必修四文化_题源分类准备_20260617_1301/02_text_cache/ocr_absorbed/2026_房山_一模.txt,ocr_page_context;raw-marker-review,included,05_reports/raw_marker_review_repair_audit.csv,"{""rule_id"": ""RAW_MARKER_REVIEW_B4_CULTURE_SPIRIT"", ""matched_terms"": ""伟大建党精神,精神谱系,红色精神"", ""source"": ""raw_marker_visual_review.csv"", ""evidence_type"": ""ocr_page_context""}",future_baodian_intake,raw_marker_review_repair
2026_西城_期末,2026,西城,期末,15,,question,XB1_EXCLUDED,objective,/Users/wanglifei/Desktop/北京高考政治/reports/必修二三与必修四文化_题源分类准备_20260617_1301/02_text_cache/ocr_absorbed/2026_西城_期末.txt,ocr_page_context;raw-marker-review,module-boundary-excluded,05_reports/raw_marker_review_repair_audit.csv,"{""rule_id"": ""RAW_MARKER_REVIEW_XB1_GLOBAL_GOVERNANCE"", ""matched_terms"": ""国际调解院,国际争端,全球治理"", ""source"": ""raw_marker_visual_review.csv"", ""evidence_type"": ""ocr_page_context""}",exclude_from_three_target_lines,raw_marker_review_repair
2024_顺义_二模,2024,顺义,二模,6,,question,XB3_EXCLUDED,objective,/Users/wanglifei/Desktop/2024模拟题/顺义思政二模/试卷/试卷.docx,original_docx_text;auxiliary-clue-review,module-boundary-excluded,05_reports/auxiliary_clue_repair_audit.csv,"{""rule_id"": ""AUX_REVIEW_XB3_FORMAL_LOGIC"", ""matched_terms"": ""形式逻辑,逻辑思维能力,复合判断,排中律"", ""source"": ""auxiliary_clue_source_review.csv"", ""evidence_type"": ""original_docx_text"", ""parent_missing_question"": ""6""}",exclude_from_three_target_lines,auxiliary_clue_review_repair
2024_顺义_二模,2024,顺义,二模,20,,question,B1_EXCLUDED,subjective,/Users/wanglifei/Desktop/2024模拟题/顺义思政二模/试卷/试卷.docx,original_docx_text;auxiliary-clue-review,module-boundary-excluded,05_reports/auxiliary_clue_repair_audit.csv,"{""rule_id"": ""AUX_REVIEW_B1_PARTY_THEORY_MIXED"", ""matched_terms"": ""科学理论的政党,中华民族伟大复兴,马克思主义中国化时代化,中国共产党的领导"", ""source"": ""auxiliary_clue_source_review.csv"", ""evidence_type"": ""original_docx_text"", ""parent_missing_question"": ""20""}",exclude_from_three_target_lines,auxiliary_clue_review_repair
2026_丰台_一模,2026,丰台,一模,7,,question,XB3_EXCLUDED,objective,/Users/wanglifei/Desktop/北京高考政治/reports/必修二三与必修四文化_题源分类准备_20260617_1301/02_text_cache/ocr_absorbed/2026_丰台_一模.txt,ocr_page_context;auxiliary-clue-review,module-boundary-excluded,05_reports/auxiliary_clue_repair_audit.csv,"{""rule_id"": ""AUX_REVIEW_XB3_SCIENTIFIC_THINKING"", ""matched_terms"": ""四诊法,科学的思维方法"", ""source"": ""auxiliary_clue_source_review.csv"", ""evidence_type"": ""ocr_page_context"", ""parent_missing_question"": ""7""}",exclude_from_three_target_lines,auxiliary_clue_review_repair
2026_丰台_期末,2026,丰台,期末,9,,question,B3_POLITICS_RULE_OF_LAW,objective,/Users/wanglifei/Desktop/北京高考政治/reports/必修二三与必修四文化_题源分类准备_20260617_1301/02_text_cache/ocr_absorbed/2026_丰台_期末.txt,ocr_page_context;auxiliary-clue-review,included,05_reports/auxiliary_clue_repair_audit.csv,"{""rule_id"": ""AUX_REVIEW_B3_CPPCC"", ""matched_terms"": ""人民政协,政协委员,科学讲堂"", ""source"": ""auxiliary_clue_source_review.csv"", ""evidence_type"": ""ocr_page_context"", ""parent_missing_question"": ""9""}",future_baodian_intake,auxiliary_clue_review_repair
2026_房山_一模,2026,房山,一模,17(1),17,subquestion,XB2_EXCLUDED,subjective,/Users/wanglifei/Desktop/北京高考政治/reports/必修二三与必修四文化_题源分类准备_20260617_1301/02_text_cache/ocr_absorbed/2026_房山_一模.txt,ocr_page_context;auxiliary-clue-review,module-boundary-excluded,05_reports/auxiliary_clue_repair_audit.csv,"{""rule_id"": ""AUX_REVIEW_XB2_CIVIL_LEGAL_RELATIONSHIP"", ""matched_terms"": ""民事法律关系,AI幻觉,民事主体资格"", ""source"": ""auxiliary_clue_source_review.csv"", ""evidence_type"": ""ocr_page_context"", ""parent_missing_question"": ""17""}",exclude_from_three_target_lines,auxiliary_clue_review_repair
2026_房山_一模,2026,房山,一模,17(2),17,subquestion,B3_POLITICS_RULE_OF_LAW,subjective,/Users/wanglifei/Desktop/北京高考政治/reports/必修二三与必修四文化_题源分类准备_20260617_1301/02_text_cache/ocr_absorbed/2026_房山_一模.txt,ocr_page_context;auxiliary-clue-review,included,05_reports/auxiliary_clue_repair_audit.csv,"{""rule_id"": ""AUX_REVIEW_B3_SUPREME_COURT_RULE_OF_LAW"", ""matched_terms"": ""法治知识,最高人民法院工作报告,案例写入报告"", ""source"": ""auxiliary_clue_source_review.csv"", ""evidence_type"": ""ocr_page_context"", ""parent_missing_question"": ""17""}",future_baodian_intake,auxiliary_clue_review_repair
2024_西城_一模,2024,西城,一模,5,,question,B3_POLITICS_RULE_OF_LAW,objective,/Users/wanglifei/Desktop/2024模拟题/西城一模/试卷/试卷.docx,original_docx_text;raw-source-inspection,included,05_reports/raw_source_inspection_repair_audit.csv,"{""rule_id"": ""RAW_SOURCE_REVIEW_B3_JUDICIAL_ORGANS"", ""matched_terms"": ""司法机关,以事实为根据,以法律为准绳,定分止争,司法救助"", ""source"": ""raw_source_inspection_review.csv"", ""evidence_type"": ""original_docx_text"", ""parent_missing_question"": ""5""}",future_baodian_intake,raw_source_inspection_repair
2024_西城_二模,2024,西城,二模,15,,question,XB3_EXCLUDED,objective,/Users/wanglifei/Desktop/2024模拟题/西城二模/试卷/试卷.docx,original_docx_text;raw-source-inspection,module-boundary-excluded,05_reports/raw_source_inspection_repair_audit.csv,"{""rule_id"": ""RAW_SOURCE_REVIEW_XB3_ABSTRACTION_ASSOCIATION"", ""matched_terms"": ""表象,联想,类推,思维抽象"", ""source"": ""raw_source_inspection_review.csv"", ""evidence_type"": ""original_docx_text"", ""parent_missing_question"": ""15""}",exclude_from_three_target_lines,raw_source_inspection_repair
2024_顺义_二模,2024,顺义,二模,14,,question,XB1_EXCLUDED,objective,/Users/wanglifei/Desktop/2024模拟题/顺义思政二模/试卷/试卷.docx,original_docx_text;raw-source-inspection,module-boundary-excluded,05_reports/raw_source_inspection_repair_audit.csv,"{""rule_id"": ""RAW_SOURCE_REVIEW_XB1_BRICS_GLOBAL_GOVERNANCE"", ""matched_terms"": ""金砖国家,国家利益,全球治理,国际组织"", ""source"": ""raw_source_inspection_review.csv"", ""evidence_type"": ""original_docx_text"", ""parent_missing_question"": ""14""}",exclude_from_three_target_lines,raw_source_inspection_repair
2024_顺义_二模,2024,顺义,二模,9,,question,B3_POLITICS_RULE_OF_LAW,objective,/Users/wanglifei/Desktop/2024模拟题/顺义思政二模/试卷/试卷.docx,original_docx_text;raw-source-inspection,included,05_reports/raw_source_inspection_repair_audit.csv,"{""rule_id"": ""RAW_SOURCE_REVIEW_B3_STATE_SECRETS_LAW"", ""matched_terms"": ""保守国家秘密法,党的领导,总体国家安全观,法律保障"", ""source"": ""raw_source_inspection_review.csv"", ""evidence_type"": ""original_docx_text"", ""parent_missing_question"": ""9""}",future_baodian_intake,raw_source_inspection_repair
2026_丰台_一模,2026,丰台,一模,5,,question,B4_PHILOSOPHY_EXCLUDED,objective,/Users/wanglifei/Desktop/北京高考政治/reports/必修二三与必修四文化_题源分类准备_20260617_1301/02_text_cache/ocr_absorbed/2026_丰台_一模.txt,ocr_page_context;raw-source-inspection,module-boundary-excluded,05_reports/raw_source_inspection_repair_audit.csv,"{""rule_id"": ""RAW_SOURCE_REVIEW_B4_PHILOSOPHY_QUANTUM_COMMUNICATION"", ""matched_terms"": ""具体联系,认识,实践,意识具有直接现实性"", ""source"": ""raw_source_inspection_review.csv"", ""evidence_type"": ""ocr_page_context"", ""parent_missing_question"": ""5""}",exclude_from_three_target_lines,raw_source_inspection_repair
2026_丰台_一模,2026,丰台,一模,9,,question,XB3_EXCLUDED,objective,/Users/wanglifei/Desktop/北京高考政治/reports/必修二三与必修四文化_题源分类准备_20260617_1301/02_text_cache/ocr_absorbed/2026_丰台_一模.txt,ocr_page_context;raw-source-inspection,module-boundary-excluded,05_reports/raw_source_inspection_repair_audit.csv,"{""rule_id"": ""RAW_SOURCE_REVIEW_XB3_EXTENSION_RELATION"", ""matched_terms"": ""外延,属种关系,联言判断"", ""source"": ""raw_source_inspection_review.csv"", ""evidence_type"": ""ocr_page_context"", ""parent_missing_question"": ""9""}",exclude_from_three_target_lines,raw_source_inspection_repair
2026_丰台_二模,2026,丰台,二模,15,,question,XB1_EXCLUDED,objective,/Users/wanglifei/Desktop/北京高考政治/reports/必修二三与必修四文化_题源分类准备_20260617_1301/02_text_cache/ocr_absorbed/2026_丰台_二模.txt,ocr_page_context;raw-source-inspection,module-boundary-excluded,05_reports/raw_source_inspection_repair_audit.csv,"{""rule_id"": ""RAW_SOURCE_REVIEW_XB1_GLOBAL_TRADE"", ""matched_terms"": ""全球货物贸易,国际竞争,绿色产品,贸易强国"", ""source"": ""raw_source_inspection_review.csv"", ""evidence_type"": ""ocr_page_context"", ""parent_missing_question"": ""15""}",exclude_from_three_target_lines,raw_source_inspection_repair
2026_丰台_期末,2026,丰台,期末,12,,question,B2_ECONOMICS,objective,/Users/wanglifei/Desktop/北京高考政治/reports/必修二三与必修四文化_题源分类准备_20260617_1301/02_text_cache/ocr_absorbed/2026_丰台_期末.txt,ocr_page_context;raw-source-inspection,included,05_reports/raw_source_inspection_repair_audit.csv,"{""rule_id"": ""RAW_SOURCE_REVIEW_B2_JJJ_INDUSTRIAL_CHAIN"", ""matched_terms"": ""京津冀产业协同,产业链供应链,区域产业布局,科技创新"", ""source"": ""raw_source_inspection_review.csv"", ""evidence_type"": ""ocr_page_context"", ""parent_missing_question"": ""12""}",future_baodian_intake,raw_source_inspection_repair
2026_丰台_期末,2026,丰台,期末,2,,question,B4_PHILOSOPHY_EXCLUDED,objective,/Users/wanglifei/Desktop/北京高考政治/reports/必修二三与必修四文化_题源分类准备_20260617_1301/02_text_cache/ocr_absorbed/2026_丰台_期末.txt | /Users/wanglifei/Desktop/北京高考政治/选必二重做_2026-04-30/preprocess_v2_2026-05-03/supplemental_answer_sources/2026北京丰台高三（上）期末政治_有答案_vision.txt | /Users/wanglifei/Desktop/北京高考政治/reports/必修二三与必修四文化_题源分类准备_20260617_1301/05_reports/rendered_evidence/2026_fengtai_final_answer_page-10.png,paper+answer_key+rendered_answer_page,module-boundary-excluded,05_reports/final_answer_key_closure_audit.csv,"{""rule_id"": ""FINAL_KEY_FENGTAI_QIMO_Q2_ANSWER_C_PARENT_REMAINDER"", ""matched_terms"": ""答案C,群众观点,孝亲敬老,传统美德"", ""basis"": ""渲染答案页显示第2题答案为 C，即②③。③“弘扬孝亲敬老的传统美德”已作为 B4_CULTURE 组件入账；②“坚持群众观点”属于哲学余项，父题余项按 B4_PHILOSOPHY_EXCLUDED 关闭。"", ""source"": ""final_answer_key_closure_audit.csv"", ""prior_book_module"": ""UNKNOWN_OR_MIXED"", ""prior_status"": ""blocked""}",exclude_from_three_target_lines,final_answer_key_closure
2026_丰台_期末,2026,丰台,期末,6,,question,XB3_EXCLUDED,objective,/Users/wanglifei/Desktop/北京高考政治/reports/必修二三与必修四文化_题源分类准备_20260617_1301/02_text_cache/ocr_absorbed/2026_丰台_期末.txt | /Users/wanglifei/Desktop/北京高考政治/选必二重做_2026-04-30/preprocess_v2_2026-05-03/supplemental_answer_sources/2026北京丰台高三（上）期末政治_有答案_vision.txt | /Users/wanglifei/Desktop/北京高考政治/reports/必修二三与必修四文化_题源分类准备_20260617_1301/05_reports/rendered_evidence/2026_fengtai_final_answer_page-10.png,paper+answer_key+rendered_answer_page,module-boundary-excluded,05_reports/final_answer_key_closure_audit.csv,"{""rule_id"": ""FINAL_KEY_FENGTAI_QIMO_Q6_ANSWER_A_PARENT_REMAINDER"", ""matched_terms"": ""答案A,中国结,中华优秀传统文化,形象思维"", ""basis"": ""渲染答案页显示第6题答案为 A，即①③。①“中国结传承中华优秀传统文化、承载精神追求”已作为 B4_CULTURE 组件入账；③“运用形象思维”属于选必三余项，父题余项按 XB3_EXCLUDED 关闭。"", ""source"": ""final_answer_key_closure_audit.csv"", ""prior_book_module"": ""UNKNOWN_OR_MIXED"", ""prior_status"": ""blocked""}",exclude_from_three_target_lines,final_answer_key_closure
2026_丰台_期末,2026,丰台,期末,7,,question,B3_POLITICS_RULE_OF_LAW,objective,/Users/wanglifei/Desktop/北京高考政治/reports/必修二三与必修四文化_题源分类准备_20260617_1301/02_text_cache/ocr_absorbed/2026_丰台_期末.txt,ocr_page_context;raw-source-inspection,included,05_reports/raw_source_inspection_repair_audit.csv,"{""rule_id"": ""RAW_SOURCE_REVIEW_B3_LOCAL_LEGISLATION"", ""matched_terms"": ""森林法,北京市人大常委会,地方立法权,法治化"", ""source"": ""raw_source_inspection_review.csv"", ""evidence_type"": ""ocr_page_context"", ""parent_missing_question"": ""7""}",future_baodian_intake,raw_source_inspection_repair
2026_房山_一模,2026,房山,一模,5,,question,XB3_EXCLUDED,objective,/Users/wanglifei/Desktop/北京高考政治/reports/必修二三与必修四文化_题源分类准备_20260617_1301/02_text_cache/ocr_absorbed/2026_房山_一模.txt,ocr_page_context;raw-source-inspection,module-boundary-excluded,05_reports/raw_source_inspection_repair_audit.csv,"{""rule_id"": ""RAW_SOURCE_REVIEW_XB3_FORMAL_LOGIC_ALL_GAMES"", ""matched_terms"": ""思维运行方式,三段论,矛盾关系,矛盾律"", ""source"": ""raw_source_inspection_review.csv"", ""evidence_type"": ""ocr_page_context"", ""parent_missing_question"": ""5""}",exclude_from_three_target_lines,raw_source_inspection_repair
2026_房山_一模,2026,房山,一模,8,,question,B3_POLITICS_RULE_OF_LAW,objective,/Users/wanglifei/Desktop/北京高考政治/reports/必修二三与必修四文化_题源分类准备_20260617_1301/02_text_cache/ocr_absorbed/2026_房山_一模.txt,ocr_page_context;raw-source-inspection,included,05_reports/raw_source_inspection_repair_audit.csv,"{""rule_id"": ""RAW_SOURCE_REVIEW_B3_PARTY_ROOT_PURPOSE"", ""matched_terms"": ""党员干部,根本宗旨,为民造福,依法执政"", ""source"": ""raw_source_inspection_review.csv"", ""evidence_type"": ""ocr_page_context"", ""parent_missing_question"": ""8""}",future_baodian_intake,raw_source_inspection_repair
2026_西城_一模,2026,西城,一模,12,,question,B2_ECONOMICS,objective,/Users/wanglifei/Desktop/2026模拟题/2026各区一模/2026西城一模/试卷/试卷.docx,original_docx_text;raw-source-inspection,included,05_reports/raw_source_inspection_repair_audit.csv,"{""rule_id"": ""RAW_SOURCE_REVIEW_B2_DEMAND_GDP_GROWTH"", ""matched_terms"": ""GDP增长,消费,投资,出口,三大需求"", ""source"": ""raw_source_inspection_review.csv"", ""evidence_type"": ""original_docx_text"", ""parent_missing_question"": ""12""}",future_baodian_intake,raw_source_inspection_repair
2026_西城_一模,2026,西城,一模,14,,question,XB3_EXCLUDED,objective,/Users/wanglifei/Desktop/2026模拟题/2026各区一模/2026西城一模/试卷/试卷.docx,original_docx_text;raw-source-inspection,module-boundary-excluded,05_reports/raw_source_inspection_repair_audit.csv,"{""rule_id"": ""RAW_SOURCE_REVIEW_XB3_QUANTIFIER_JUDGMENT"", ""matched_terms"": ""判断必然为真,有些,所有,逻辑判断"", ""source"": ""raw_source_inspection_review.csv"", ""evidence_type"": ""original_docx_text"", ""parent_missing_question"": ""14""}",exclude_from_three_target_lines,raw_source_inspection_repair
2026_西城_期末,2026,西城,期末,9,,question,XB3_EXCLUDED,objective,/Users/wanglifei/Desktop/北京高考政治/reports/必修二三与必修四文化_题源分类准备_20260617_1301/02_text_cache/ocr_absorbed/2026_西城_期末.txt,ocr_page_context;raw-source-inspection,module-boundary-excluded,05_reports/raw_source_inspection_repair_audit.csv,"{""rule_id"": ""RAW_SOURCE_REVIEW_XB3_SYLLOGISM"", ""matched_terms"": ""判断,三段论推理,大前提,小前提,结论"", ""source"": ""raw_source_inspection_review.csv"", ""evidence_type"": ""ocr_page_context"", ""parent_missing_question"": ""9""}",exclude_from_three_target_lines,raw_source_inspection_repair
2024_丰台_二模,2024,丰台,二模,21#B4_CULTURE_COMPONENT,21,culture_component,B4_CULTURE,subjective,/Users/wanglifei/Desktop/北京高考政治/reports/必修二三与必修四文化_题源分类准备_20260617_1301/02_text_cache/ocr_cache/2024_丰台_二模/试卷.ocr.txt,ocr-cache,included,05_reports/culture_component_extraction_audit.csv,"{""rule_id"": ""CULTURE_COMPONENT_NATIONAL_SPIRIT_STEPS_OF_CHINA"", ""matched_terms"": ""弘扬民族精神,理想信念,个人与国家"", ""basis"": ""细则拓展答案明确把“弘扬民族精神”列入认知层面；民族精神属于文化。"", ""source"": ""culture_component_extraction_review.csv"", ""parent_prior_book_module"": ""UNKNOWN_OR_MIXED"", ""parent_prior_status"": ""blocked"", ""user_rule"": ""哲学文化混合题需抽离文化采分点；民族精神属于文化。""}",future_baodian_intake_culture_component,culture_component_extraction
2024_海淀_一模,2024,海淀,一模,16#B4_CULTURE_COMPONENT,16,culture_component,B4_CULTURE,subjective,/Users/wanglifei/Desktop/北京高考政治/reports/必修二三与必修四文化_题源分类准备_20260617_1301/02_text_cache/texts/b692254ceb1b8174.txt,paper,included,05_reports/culture_component_extraction_audit.csv,"{""rule_id"": ""CULTURE_COMPONENT_NATIONAL_SPIRIT_DREAM_BOAT"", ""matched_terms"": ""民族精神,梦舟,揽月,航天梦,诗词意象"", ""basis"": ""评分细则明确“可从……民族精神等角度作答”；民族精神属于文化。"", ""source"": ""culture_component_extraction_review.csv"", ""parent_prior_book_module"": ""UNKNOWN_OR_MIXED"", ""parent_prior_status"": ""blocked"", ""user_rule"": ""哲学文化混合题需抽离文化采分点；民族精神属于文化。""}",future_baodian_intake_culture_component,culture_component_extraction
2024_海淀_期中,2024,海淀,期中,16#B4_CULTURE_COMPONENT,16,culture_component,B4_CULTURE,subjective,/Users/wanglifei/Desktop/北京高考政治/reports/必修二三与必修四文化_题源分类准备_20260617_1301/02_text_cache/ocr_absorbed/2024_海淀_期中.txt,ocr-cache,included,05_reports/culture_component_extraction_audit.csv,"{""rule_id"": ""CULTURE_COMPONENT_CULTURAL_CONFIDENCE_DREAM_BOAT_PARALLEL"", ""matched_terms"": ""梦舟,揽月,毛泽东诗词,航天梦,文化自信"", ""basis"": ""题面与 2024 海淀一模同源，属于《哲学与文化》混合题；文化命名、诗词意象和航天梦部分进入文化组件。"", ""source"": ""culture_component_extraction_review.csv"", ""parent_prior_book_module"": ""UNKNOWN_OR_MIXED"", ""parent_prior_status"": ""blocked"", ""user_rule"": ""哲学文化混合题需抽离文化采分点；民族精神属于文化。""}",future_baodian_intake_culture_component,culture_component_extraction
2024_朝阳_二模,2024,朝阳,二模,19#B4_CULTURE_COMPONENT,19,culture_component,B4_CULTURE,subjective,/Users/wanglifei/Desktop/北京高考政治/reports/必修二三与必修四文化_题源分类准备_20260617_1301/02_text_cache/texts/9223488a4b5e6f80.txt,paper,included,05_reports/culture_component_extraction_audit.csv,"{""rule_id"": ""CULTURE_COMPONENT_TRADITIONAL_CULTURE_MODERNIZATION"", ""matched_terms"": ""中华优秀传统文化,中国式现代化,深厚底蕴"", ""basis"": ""细则中第 19 题文化小问要求理解“中华优秀传统文化的特质赋予中国式现代化以深厚底蕴”。"", ""source"": ""culture_component_extraction_review.csv"", ""parent_prior_book_module"": ""XB3_EXCLUDED"", ""parent_prior_status"": ""module-boundary-excluded"", ""user_rule"": ""哲学文化混合题需抽离文化采分点；民族精神属于文化。""}",future_baodian_intake_culture_component,culture_component_extraction
2024_石景山_一模,2024,石景山,一模,3#B4_CULTURE_COMPONENT,3,culture_component,B4_CULTURE,objective,/Users/wanglifei/Desktop/北京高考政治/reports/必修二三与必修四文化_题源分类准备_20260617_1301/02_text_cache/texts/f581620be44a4c2c.txt,paper,included,05_reports/culture_component_extraction_audit.csv,"{""rule_id"": ""CULTURE_COMPONENT_CITY_SPIRIT"", ""matched_terms"": ""城市精神,爱国精神,历史文化,价值追求"", ""basis"": ""题面围绕北京市民精神、城市精神和历史孕育的价值追求，文化成分不能被社会意识/哲学边界吞掉。"", ""source"": ""culture_component_extraction_review.csv"", ""parent_prior_book_module"": ""B4_PHILOSOPHY_EXCLUDED"", ""parent_prior_status"": ""module-boundary-excluded"", ""user_rule"": ""哲学文化混合题需抽离文化采分点；民族精神属于文化。""}",future_baodian_intake_culture_component,culture_component_extraction
2025_东城_期末,2025,东城,期末,21#B4_CULTURE_COMPONENT,21,culture_component,B4_CULTURE,subjective,/Users/wanglifei/Desktop/北京高考政治/reports/必修二三与必修四文化_题源分类准备_20260617_1301/02_text_cache/texts/8eda36bd87dba194.txt,paper,included,05_reports/culture_component_extraction_audit.csv,"{""rule_id"": ""CULTURE_COMPONENT_TRADITIONAL_CULTURE_MUSEUM"", ""matched_terms"": ""中华优秀传统文化,博物馆,传统文化"", ""basis"": ""整题虽含哲学角度，但文化材料和文化采分点明确，应抽取文化组件。"", ""source"": ""culture_component_extraction_review.csv"", ""parent_prior_book_module"": ""B4_PHILOSOPHY_EXCLUDED"", ""parent_prior_status"": ""module-boundary-excluded"", ""user_rule"": ""哲学文化混合题需抽离文化采分点；民族精神属于文化。""}",future_baodian_intake_culture_component,culture_component_extraction
2025_房山_一模,2025,房山,一模,16#B4_CULTURE_COMPONENT,16,culture_component,B4_CULTURE,subjective,/Users/wanglifei/Desktop/北京高考政治/reports/必修二三与必修四文化_题源分类准备_20260617_1301/02_text_cache/texts/17cdecfbd774ee79.txt,paper,included,05_reports/culture_component_extraction_audit.csv,"{""rule_id"": ""CULTURE_COMPONENT_MUSEUM_HEAT_RUBRIC"", ""matched_terms"": ""优秀文化的传承,创造性转化,创新性发展,文化自信,文化功能"", ""basis"": ""细则明确文化 4 分、哲学 3 分；文化 4 分必须独立进入文化宝典准备账本。"", ""source"": ""culture_component_extraction_review.csv"", ""parent_prior_book_module"": ""B4_PHILOSOPHY_EXCLUDED"", ""parent_prior_status"": ""module-boundary-excluded"", ""user_rule"": ""哲学文化混合题需抽离文化采分点；民族精神属于文化。""}",future_baodian_intake_culture_component,culture_component_extraction
2025_朝阳_一模,2025,朝阳,一模,16#B4_CULTURE_COMPONENT,16,culture_component,B4_CULTURE,subjective,/Users/wanglifei/Desktop/北京高考政治/reports/必修二三与必修四文化_题源分类准备_20260617_1301/02_text_cache/texts/e051761a7fc68fef.txt,paper,included,05_reports/culture_component_extraction_audit.csv,"{""rule_id"": ""CULTURE_COMPONENT_TRADITIONAL_CULTURE_INHERITANCE"", ""matched_terms"": ""中华优秀传统文化,文化传承,中华文明"", ""basis"": ""题面/答案含中华优秀传统文化与文化传承，原哲学边界只能排除非文化余项，不能抹掉文化采分点。"", ""source"": ""culture_component_extraction_review.csv"", ""parent_prior_book_module"": ""B4_PHILOSOPHY_EXCLUDED"", ""parent_prior_status"": ""module-boundary-excluded"", ""user_rule"": ""哲学文化混合题需抽离文化采分点；民族精神属于文化。""}",future_baodian_intake_culture_component,culture_component_extraction
2025_门头沟_一模,2025,门头沟,一模,16#B4_CULTURE_COMPONENT,16,culture_component,B4_CULTURE,subjective,/Users/wanglifei/Desktop/北京高考政治/reports/必修二三与必修四文化_题源分类准备_20260617_1301/02_text_cache/texts/1d8a23fe11f59810.txt,paper,included,05_reports/culture_component_extraction_audit.csv,"{""rule_id"": ""CULTURE_COMPONENT_TRADITIONAL_CULTURE_DOUBLE_CREATION"", ""matched_terms"": ""中华优秀传统文化,创造性转化,创新性发展,文化自信"", ""basis"": ""题面/细则具有传统文化双创与文化自信成分，应抽入文化组件。"", ""source"": ""culture_component_extraction_review.csv"", ""parent_prior_book_module"": ""B4_PHILOSOPHY_EXCLUDED"", ""parent_prior_status"": ""module-boundary-excluded"", ""user_rule"": ""哲学文化混合题需抽离文化采分点；民族精神属于文化。""}",future_baodian_intake_culture_component,culture_component_extraction
2025_顺义_一模,2025,顺义,一模,16#B4_CULTURE_COMPONENT,16,culture_component,B4_CULTURE,subjective,/Users/wanglifei/Desktop/北京高考政治/reports/必修二三与必修四文化_题源分类准备_20260617_1301/02_text_cache/texts/bef8332e23ce30ac.txt,paper,included,05_reports/culture_component_extraction_audit.csv,"{""rule_id"": ""CULTURE_COMPONENT_TRADITIONAL_CULTURE_CONFIDENCE"", ""matched_terms"": ""中华优秀传统文化,创造性转化,创新性发展,文化自信"", ""basis"": ""题面/细则具有传统文化双创与文化自信成分，应抽入文化组件。"", ""source"": ""culture_component_extraction_review.csv"", ""parent_prior_book_module"": ""B4_PHILOSOPHY_EXCLUDED"", ""parent_prior_status"": ""module-boundary-excluded"", ""user_rule"": ""哲学文化混合题需抽离文化采分点；民族精神属于文化。""}",future_baodian_intake_culture_component,culture_component_extraction
2026_延庆_一模,2026,延庆,一模,16#B4_CULTURE_COMPONENT,16,culture_component,B4_CULTURE,subjective,/Users/wanglifei/Desktop/北京高考政治/reports/必修二三与必修四文化_题源分类准备_20260617_1301/02_text_cache/texts/cc91930411716013.txt,paper,included,05_reports/culture_component_extraction_audit.csv,"{""rule_id"": ""CULTURE_COMPONENT_INTANGIBLE_HERITAGE_CREATIVE_PRODUCT"", ""matched_terms"": ""非遗,文创,文化创新"", ""basis"": ""非遗和文创属于文化成分；哲学方法论余项不应吞掉文化材料。"", ""source"": ""culture_component_extraction_review.csv"", ""parent_prior_book_module"": ""B4_PHILOSOPHY_EXCLUDED"", ""parent_prior_status"": ""module-boundary-excluded"", ""user_rule"": ""哲学文化混合题需抽离文化采分点；民族精神属于文化。""}",future_baodian_intake_culture_component,culture_component_extraction
2026_延庆_一模,2026,延庆,一模,4#B4_CULTURE_COMPONENT,4,culture_component,B4_CULTURE,objective,/Users/wanglifei/Desktop/北京高考政治/reports/必修二三与必修四文化_题源分类准备_20260617_1301/02_text_cache/texts/cc91930411716013.txt,paper,included,05_reports/culture_component_extraction_audit.csv,"{""rule_id"": ""CULTURE_COMPONENT_CULTURE_CARRIER_DOUBLE_CREATION"", ""matched_terms"": ""文化载体,创造性转化"", ""basis"": ""客观题判断点出现文化载体和创造性转化，应抽为文化组件。"", ""source"": ""culture_component_extraction_review.csv"", ""parent_prior_book_module"": ""B4_PHILOSOPHY_EXCLUDED"", ""parent_prior_status"": ""module-boundary-excluded"", ""user_rule"": ""哲学文化混合题需抽离文化采分点；民族精神属于文化。""}",future_baodian_intake_culture_component,culture_component_extraction
2026_朝阳_一模,2026,朝阳,一模,3#B4_CULTURE_COMPONENT,3,culture_component,B4_CULTURE,objective,/Users/wanglifei/Desktop/北京高考政治/reports/必修二三与必修四文化_题源分类准备_20260617_1301/02_text_cache/texts/585b15124610aff7.txt,paper,included,05_reports/culture_component_extraction_audit.csv,"{""rule_id"": ""CULTURE_COMPONENT_SCIENCE_CULTURE_INTANGIBLE_HERITAGE"", ""matched_terms"": ""传统文化,文化自信,非遗,科技赋能"", ""basis"": ""客观题同时有文化与哲学判断点；文化自信、非遗、传统文化部分单独抽入文化组件。"", ""source"": ""culture_component_extraction_review.csv"", ""parent_prior_book_module"": ""UNKNOWN_OR_MIXED"", ""parent_prior_status"": ""blocked"", ""user_rule"": ""哲学文化混合题需抽离文化采分点；民族精神属于文化。""}",future_baodian_intake_culture_component,culture_component_extraction
2026_朝阳_一模,2026,朝阳,一模,16#B4_CULTURE_COMPONENT,16,culture_component,B4_CULTURE,subjective,/Users/wanglifei/Desktop/北京高考政治/reports/必修二三与必修四文化_题源分类准备_20260617_1301/02_text_cache/texts/585b15124610aff7.txt,paper,included,05_reports/culture_component_extraction_audit.csv,"{""rule_id"": ""CULTURE_COMPONENT_TRADITIONAL_CULTURE_CONFIDENCE"", ""matched_terms"": ""中华优秀传统文化,文化自信"", ""basis"": ""原判为哲学边界，但文化自信和中华优秀传统文化是明确文化采分点。"", ""source"": ""culture_component_extraction_review.csv"", ""parent_prior_book_module"": ""B4_PHILOSOPHY_EXCLUDED"", ""parent_prior_status"": ""module-boundary-excluded"", ""user_rule"": ""哲学文化混合题需抽离文化采分点；民族精神属于文化。""}",future_baodian_intake_culture_component,culture_component_extraction
2026_海淀_二模,2026,海淀,二模,2#B4_CULTURE_COMPONENT,2,culture_component,B4_CULTURE,objective,/Users/wanglifei/Desktop/北京高考政治/reports/必修二三与必修四文化_题源分类准备_20260617_1301/02_text_cache/texts/e7b70a05645843b6.txt,paper,included,05_reports/culture_component_extraction_audit.csv,"{""rule_id"": ""CULTURE_COMPONENT_MUSEUM_CULTURE_SERVICE"", ""matched_terms"": ""博物馆,文化事业,文物"", ""basis"": ""客观题文化事业、博物馆和文物判断点应进入文化组件。"", ""source"": ""culture_component_extraction_review.csv"", ""parent_prior_book_module"": ""B4_PHILOSOPHY_EXCLUDED"", ""parent_prior_status"": ""module-boundary-excluded"", ""user_rule"": ""哲学文化混合题需抽离文化采分点；民族精神属于文化。""}",future_baodian_intake_culture_component,culture_component_extraction
2026_石景山_二模,2026,石景山,二模,2#B4_CULTURE_COMPONENT,2,culture_component,B4_CULTURE,objective,/Users/wanglifei/Desktop/北京高考政治/reports/必修二三与必修四文化_题源分类准备_20260617_1301/02_text_cache/texts/00b61bbb2c75b4be.txt,paper,included,05_reports/culture_component_extraction_audit.csv,"{""rule_id"": ""CULTURE_COMPONENT_INTANGIBLE_HERITAGE_NATIONAL_SPIRIT"", ""matched_terms"": ""非遗,爱国主义,民族精神"", ""basis"": ""题面和选项明确非遗作品承载爱国主义为核心的民族精神；民族精神属于文化。"", ""source"": ""culture_component_extraction_review.csv"", ""parent_prior_book_module"": ""B4_PHILOSOPHY_EXCLUDED"", ""parent_prior_status"": ""module-boundary-excluded"", ""user_rule"": ""哲学文化混合题需抽离文化采分点；民族精神属于文化。""}",future_baodian_intake_culture_component,culture_component_extraction
2026_西城_期末,2026,西城,期末,16#B4_CULTURE_COMPONENT,16,culture_component,B4_CULTURE,subjective,/Users/wanglifei/Desktop/北京高考政治/reports/必修二三与必修四文化_题源分类准备_20260617_1301/02_text_cache/texts/efbc5507a38dbd4f.txt,ocr-cache,included,05_reports/culture_component_extraction_audit.csv,"{""rule_id"": ""CULTURE_COMPONENT_DOCUMENTARY_CULTURAL_CONFIDENCE"", ""matched_terms"": ""文化自信,中华优秀传统文化,文化创新"", ""basis"": ""第 16 题第 (1) 问参考答案为文化自信完整采分链，需独立进入文化组件。"", ""source"": ""culture_component_extraction_review.csv"", ""parent_prior_book_module"": ""B4_PHILOSOPHY_EXCLUDED"", ""parent_prior_status"": ""module-boundary-excluded"", ""user_rule"": ""哲学文化混合题需抽离文化采分点；民族精神属于文化。""}",future_baodian_intake_culture_component,culture_component_extraction
2026_通州_一模,2026,通州,一模,18#B4_CULTURE_COMPONENT,18,culture_component,B4_CULTURE,subjective,/Users/wanglifei/Desktop/北京高考政治/reports/必修二三与必修四文化_题源分类准备_20260617_1301/02_text_cache/ocr_absorbed/2026_通州_一模.txt,ocr-cache,included,05_reports/culture_component_extraction_audit.csv,"{""rule_id"": ""CULTURE_COMPONENT_LONGFU_TEMPLE_TRADITION_INNOVATION"", ""matched_terms"": ""中华优秀传统文化,创新性发展,非遗,历史文脉"", ""basis"": ""隆福寺题答案同时含哲学和文化；其中传统文化双创、非遗、历史文脉为文化组件。"", ""source"": ""culture_component_extraction_review.csv"", ""parent_prior_book_module"": ""B4_PHILOSOPHY_EXCLUDED"", ""parent_prior_status"": ""module-boundary-excluded"", ""user_rule"": ""哲学文化混合题需抽离文化采分点；民族精神属于文化。""}",future_baodian_intake_culture_component,culture_component_extraction
2026_丰台_期末,2026,丰台,期末,6#B4_CULTURE_COMPONENT,6,culture_component,B4_CULTURE,objective,/Users/wanglifei/Desktop/北京高考政治/reports/必修二三与必修四文化_题源分类准备_20260617_1301/02_text_cache/ocr_absorbed/2026_丰台_期末.txt,ocr_page_context;raw-source-inspection,included,05_reports/culture_component_extraction_audit.csv,"{""rule_id"": ""CULTURE_COMPONENT_CHINESE_KNOT_TRADITIONAL_CULTURE"", ""matched_terms"": ""中国结,中华优秀传统文化,精神追求"", ""basis"": ""raw source 已确认该选择题同时涉及中华优秀传统文化与逻辑思维；文化部分需抽离。"", ""source"": ""culture_component_extraction_review.csv"", ""parent_prior_book_module"": ""UNKNOWN_OR_MIXED"", ""parent_prior_status"": ""blocked"", ""user_rule"": ""哲学文化混合题需抽离文化采分点；民族精神属于文化。""}",future_baodian_intake_culture_component,culture_component_extraction
2026_丰台_期末,2026,丰台,期末,2#B4_CULTURE_COMPONENT,2,culture_component,B4_CULTURE,objective,/Users/wanglifei/Desktop/北京高考政治/reports/必修二三与必修四文化_题源分类准备_20260617_1301/02_text_cache/ocr_absorbed/2026_丰台_期末.txt,ocr_page_context;raw-source-inspection,included,05_reports/culture_component_extraction_audit.csv,"{""rule_id"": ""CULTURE_COMPONENT_TRADITIONAL_VIRTUE_ELDERLY_SERVICES"", ""matched_terms"": ""孝亲敬老,传统美德"", ""basis"": ""raw source 已确认该选择题同时涉及基本公共服务、群众观点、孝亲敬老传统美德和社会治理；传统美德部分需抽离。"", ""source"": ""culture_component_extraction_review.csv"", ""parent_prior_book_module"": ""UNKNOWN_OR_MIXED"", ""parent_prior_status"": ""blocked"", ""user_rule"": ""哲学文化混合题需抽离文化采分点；民族精神属于文化。""}",future_baodian_intake_culture_component,culture_component_extraction
2024_东城_二模,2024,东城,二模,17#B2_COMPONENT,17,target_component,B2_ECONOMICS,subjective,/Users/wanglifei/Desktop/北京高考政治/reports/必修二三与必修四文化_题源分类准备_20260617_1301/02_text_cache/ocr_absorbed/2024_东城_二模.txt,ocr-cache,included,05_reports/remaining_target_component_audit.csv,"{""rule_id"": ""REMAINING_B2_COMPONENT_SALINE_LAND_ECONOMY"", ""matched_terms"": ""运用《经济与社会》知识,土地资源优化配置,企业参与规模化经营,特色农业,旅游业"", ""basis"": ""第 17 题(1)明确限定《经济与社会》；第 17 题(2)为推理，作为非目标余项处理。"", ""source"": ""remaining_target_component_audit.csv"", ""parent_prior_book_module"": ""UNKNOWN_OR_MIXED"", ""parent_prior_status"": ""blocked""}",future_baodian_intake_target_component,remaining_target_component_extraction
2024_顺义_二模,2024,顺义,二模,17#B2_COMPONENT,17,target_component,B2_ECONOMICS,subjective,/Users/wanglifei/Desktop/北京高考政治/reports/必修二三与必修四文化_题源分类准备_20260617_1301/02_text_cache/texts/33010f3bed39e275.txt,paper,included,05_reports/remaining_target_component_audit.csv,"{""rule_id"": ""REMAINING_B2_COMPONENT_PROPERTY_SYSTEM_ECONOMIC_DEVELOPMENT"", ""matched_terms"": ""财产制度,经济社会发展,市场主体预期,创新创业动力,高质量发展"", ""basis"": ""题目虽有财产权法律基础，但细则落到市场主体预期、创新创业动力和经济高质量发展，抽入 B2 组件。"", ""source"": ""remaining_target_component_audit.csv"", ""parent_prior_book_module"": ""UNKNOWN_OR_MIXED"", ""parent_prior_status"": ""blocked""}",future_baodian_intake_target_component,remaining_target_component_extraction
2025_东城_二模,2025,东城,二模,3#B4_COMPONENT,3,target_component,B4_CULTURE,objective,/Users/wanglifei/Desktop/北京高考政治/reports/必修二三与必修四文化_题源分类准备_20260617_1301/02_text_cache/texts/9b287871f660f23d.txt,paper,included,05_reports/remaining_target_component_audit.csv,"{""rule_id"": ""REMAINING_B4C_COMPONENT_ART_WITH_ERA_AND_PEOPLE"", ""matched_terms"": ""优秀艺术作品,时代同频,为人民发声,艺术创作"", ""basis"": ""客观题同时含实践认识与艺术文化判断点；文化判断点单独抽入 B4_CULTURE。"", ""source"": ""remaining_target_component_audit.csv"", ""parent_prior_book_module"": ""UNKNOWN_OR_MIXED"", ""parent_prior_status"": ""blocked""}",future_baodian_intake_target_component,remaining_target_component_extraction
2025_延庆_一模,2025,延庆,一模,8#B4_COMPONENT,8,target_component,B4_CULTURE,objective,/Users/wanglifei/Desktop/北京高考政治/reports/必修二三与必修四文化_题源分类准备_20260617_1301/02_text_cache/texts/94785525e6452e6f.txt,paper,included,05_reports/remaining_target_component_audit.csv,"{""rule_id"": ""REMAINING_B4C_COMPONENT_LONG_MARCH_SPIRIT"", ""matched_terms"": ""长征精神,革命理想,伟大斗争"", ""basis"": ""长征精神/革命精神属于文化成分；哲学或中特余项不吞掉文化组件。"", ""source"": ""remaining_target_component_audit.csv"", ""parent_prior_book_module"": ""UNKNOWN_OR_MIXED"", ""parent_prior_status"": ""blocked""}",future_baodian_intake_target_component,remaining_target_component_extraction
2025_西城_二模,2025,西城,二模,3#B2_COMPONENT,3,target_component,B2_ECONOMICS,objective,/Users/wanglifei/Desktop/北京高考政治/reports/必修二三与必修四文化_题源分类准备_20260617_1301/02_text_cache/texts/06c08602a2f5c20b.txt,paper,included,05_reports/remaining_target_component_audit.csv,"{""rule_id"": ""REMAINING_B2_COMPONENT_GREEN_DEVELOPMENT_HIGH_QUALITY"", ""matched_terms"": ""高质量发展,绿色动能,全民义务植树尽责形式"", ""basis"": ""客观题含生态实践哲学项，但高质量发展和绿色发展动能为 B2 经济组件。"", ""source"": ""remaining_target_component_audit.csv"", ""parent_prior_book_module"": ""UNKNOWN_OR_MIXED"", ""parent_prior_status"": ""blocked""}",future_baodian_intake_target_component,remaining_target_component_extraction
2025_西城_二模,2025,西城,二模,5#B2_COMPONENT,5,target_component,B2_ECONOMICS,objective,/Users/wanglifei/Desktop/北京高考政治/reports/必修二三与必修四文化_题源分类准备_20260617_1301/02_text_cache/texts/06c08602a2f5c20b.txt,paper,included,05_reports/remaining_target_component_audit.csv,"{""rule_id"": ""REMAINING_B2_COMPONENT_NEW_FARMERS_RURAL_REVITALIZATION"", ""matched_terms"": ""新农人,农创客,家庭农场,优质农产品,研学课程,乡村全面振兴"", ""basis"": ""客观题含人生价值判断，但乡村振兴和返乡创业经济成分明确，抽入 B2 组件。"", ""source"": ""remaining_target_component_audit.csv"", ""parent_prior_book_module"": ""UNKNOWN_OR_MIXED"", ""parent_prior_status"": ""blocked""}",future_baodian_intake_target_component,remaining_target_component_extraction
2025_东城_期末,2025,东城,期末,19(3)#B3_COMPONENT,19(3),target_component,B3_POLITICS_RULE_OF_LAW,subjective,/Users/wanglifei/Desktop/北京高考政治/reports/必修二三与必修四文化_题源分类准备_20260617_1301/02_text_cache/texts/8eda36bd87dba194.txt,paper,included,05_reports/remaining_target_component_audit.csv,"{""rule_id"": ""REMAINING_B3_COMPONENT_COMMUNITY_CONSENSUS_AUTONOMY"", ""matched_terms"": ""居民会议,居委会,民主协商,民主决策,达成共识"", ""basis"": ""第 19(3) 参考答案同时含法律相邻关系和基层群众自治；其中协商民主/基层自治部分抽入 B3。"", ""source"": ""remaining_target_component_audit.csv"", ""parent_prior_book_module"": ""UNKNOWN_OR_MIXED"", ""parent_prior_status"": ""blocked""}",future_baodian_intake_target_component,remaining_target_component_extraction
2026_东城_一模,2026,东城,一模,9#B3_COMPONENT,9,target_component,B3_POLITICS_RULE_OF_LAW,objective,/Users/wanglifei/Desktop/北京高考政治/reports/必修二三与必修四文化_题源分类准备_20260617_1301/02_text_cache/texts/0dafc181e82eb031.txt,paper,included,05_reports/remaining_target_component_audit.csv,"{""rule_id"": ""REMAINING_B3_COMPONENT_HEALTH_SCHOOL_GOVERNANCE"", ""matched_terms"": ""教育部,制度文件,学校依法履行管理职责,健康学校建设"", ""basis"": ""客观题含健康理念和学校治理，选项中的依法履责/制度治理部分抽入 B3。"", ""source"": ""remaining_target_component_audit.csv"", ""parent_prior_book_module"": ""UNKNOWN_OR_MIXED"", ""parent_prior_status"": ""blocked""}",future_baodian_intake_target_component,remaining_target_component_extraction
2024_海淀_二模,2024,海淀,二模,18#B3_COMPONENT,18,target_component,B3_POLITICS_RULE_OF_LAW,subjective,/Users/wanglifei/Desktop/北京高考政治/reports/必修二三与必修四文化_题源分类准备_20260617_1301/02_text_cache/texts/5355283f436e3229.txt,paper,included,05_reports/source_explicit_target_component_audit.csv,"{""rule_id"": ""SOURCE_EXPLICIT_B3_COMPONENT_CHINESE_DEMOCRACY_PRACTICE"", ""matched_terms"": ""运用《政治与法治》知识,中国民主独特实践,人大代表,政协委员,全过程人民民主"", ""basis"": ""第18题(2)明确限定《政治与法治》；第18题(1)为《当代国际政治与经济》余项。"", ""source"": ""source_explicit_target_component_audit.csv"", ""parent_prior_book_module"": ""UNKNOWN_OR_MIXED"", ""parent_prior_status"": ""blocked""}",future_baodian_intake_target_component,source_explicit_target_component_extraction
2025_丰台_一模,2025,丰台,一模,20#B2_COMPONENT,20,target_component,B2_ECONOMICS,subjective,/Users/wanglifei/Desktop/北京高考政治/reports/必修二三与必修四文化_题源分类准备_20260617_1301/02_text_cache/texts/e8823e6dc1a71cac.txt,paper,included,05_reports/source_explicit_target_component_audit.csv,"{""rule_id"": ""SOURCE_EXPLICIT_B2_COMPONENT_TWO_ZONES_OPEN_ECONOMY"", ""matched_terms"": ""运用《经济与社会》《当代国际政治与经济》知识,两区建设,开放型经济,营商环境"", ""basis"": ""设问同时限定《经济与社会》和《当代国际政治与经济》；其中开放型经济的经济制度、营商环境和高质量发展部分抽入 B2。"", ""source"": ""source_explicit_target_component_audit.csv"", ""parent_prior_book_module"": ""UNKNOWN_OR_MIXED"", ""parent_prior_status"": ""blocked""}",future_baodian_intake_target_component,source_explicit_target_component_extraction
2025_石景山_一模,2025,石景山,一模,17#B3_COMPONENT,17,target_component,B3_POLITICS_RULE_OF_LAW,subjective,/Users/wanglifei/Desktop/北京高考政治/reports/必修二三与必修四文化_题源分类准备_20260617_1301/02_text_cache/texts/fb8717be46dabe77.txt,paper,included,05_reports/source_explicit_target_component_audit.csv,"{""rule_id"": ""SOURCE_EXPLICIT_B3_COMPONENT_COMPLAINT_HANDLING_GOVERNANCE"", ""matched_terms"": ""运用《政治与法治》知识,接诉即办,党建引领,人大常委会,全过程人民民主"", ""basis"": ""第17题材料一明确要求用《政治与法治》说明接诉即办改革；材料二为《当代国际政治与经济》余项。"", ""source"": ""source_explicit_target_component_audit.csv"", ""parent_prior_book_module"": ""UNKNOWN_OR_MIXED"", ""parent_prior_status"": ""blocked""}",future_baodian_intake_target_component,source_explicit_target_component_extraction
2026_房山_一模,2026,房山,一模,18#B3_COMPONENT,18,target_component,B3_POLITICS_RULE_OF_LAW,subjective,/Users/wanglifei/Desktop/北京高考政治/reports/必修二三与必修四文化_题源分类准备_20260617_1301/02_text_cache/ocr_absorbed/2026_房山_一模.txt,ocr-cache,included,05_reports/source_explicit_target_component_audit.csv,"{""rule_id"": ""SOURCE_EXPLICIT_B3_COMPONENT_ECOLOGICAL_CODE_LEGISLATION"", ""matched_terms"": ""运用《政治与法治》知识,生态环境法典,科学立法,全国人大,人民检察院"", ""basis"": ""第18题(2)明确限定《政治与法治》；第18题(1)为辩证思维方法余项。"", ""source"": ""source_explicit_target_component_audit.csv"", ""parent_prior_book_module"": ""UNKNOWN_OR_MIXED"", ""parent_prior_status"": ""blocked""}",future_baodian_intake_target_component,source_explicit_target_component_extraction
2026_朝阳_一模,2026,朝阳,一模,17#B3_COMPONENT,17,target_component,B3_POLITICS_RULE_OF_LAW,subjective,/Users/wanglifei/Desktop/北京高考政治/reports/必修二三与必修四文化_题源分类准备_20260617_1301/02_text_cache/texts/3a11db4bade216d1.txt,paper,included,05_reports/source_explicit_target_component_audit.csv,"{""rule_id"": ""SOURCE_EXPLICIT_B3_COMPONENT_MUSEUM_CITY_GOVERNANCE"", ""matched_terms"": ""运用《政治与法治》知识,博物馆事业,政府,公共文化服务,多元共治"", ""basis"": ""第17题(2)明确限定《政治与法治》；第17题(1)为《逻辑与思维》余项。"", ""source"": ""source_explicit_target_component_audit.csv"", ""parent_prior_book_module"": ""UNKNOWN_OR_MIXED"", ""parent_prior_status"": ""blocked""}",future_baodian_intake_target_component,source_explicit_target_component_extraction
2026_海淀_一模,2026,海淀,一模,18#B2_COMPONENT,18,target_component,B2_ECONOMICS,subjective,/Users/wanglifei/Desktop/北京高考政治/reports/必修二三与必修四文化_题源分类准备_20260617_1301/02_text_cache/ocr_absorbed/2026_海淀_一模.txt,ocr-cache,included,05_reports/source_explicit_target_component_audit.csv,"{""rule_id"": ""SOURCE_EXPLICIT_B2_COMPONENT_SERVICE_CONSUMPTION"", ""matched_terms"": ""运用《经济与社会》知识,服务消费,经济高质量发展,扩大内需,产业结构优化"", ""basis"": ""第18题(2)明确限定《经济与社会》；第18题(3)为《法律与生活》余项。"", ""source"": ""source_explicit_target_component_audit.csv"", ""parent_prior_book_module"": ""UNKNOWN_OR_MIXED"", ""parent_prior_status"": ""blocked""}",future_baodian_intake_target_component,source_explicit_target_component_extraction
2025_海淀_期中,2025,海淀,期中,1,,question,B2_ECONOMICS,objective,/Users/wanglifei/Desktop/2025模拟题/2025各区期末/2025海淀期中/试卷/试卷.pdf | /Users/wanglifei/Desktop/2025模拟题/2025各区期末/2025海淀期中/细则/细则.docx,paper|rubric,included,05_reports/suite_identity_culture_repair_audit.csv,"{""rule_id"": ""MIDTERM_Q1_B2_ANSWER_C"", ""matched_terms"": ""国有企业,民营企业,产业链,商业航天"", ""basis"": ""答案 C 对应民营企业与产业链协同，知识归入《经济与社会》。"", ""source"": ""05_reports/suite_identity_culture_repair_audit.csv""}",future_baodian_intake,suite_identity_culture_repair
2025_海淀_期中,2025,海淀,期中,2,,question,B2_ECONOMICS,objective,/Users/wanglifei/Desktop/2025模拟题/2025各区期末/2025海淀期中/试卷/试卷.pdf | /Users/wanglifei/Desktop/2025模拟题/2025各区期末/2025海淀期中/细则/细则.docx,paper|rubric,included,05_reports/suite_identity_culture_repair_audit.csv,"{""rule_id"": ""MIDTERM_Q2_B2_ANSWER_A"", ""matched_terms"": ""消费,市场需求,差异化产品"", ""basis"": ""答案 A 对应消费需求与企业经营，归入《经济与社会》。"", ""source"": ""05_reports/suite_identity_culture_repair_audit.csv""}",future_baodian_intake,suite_identity_culture_repair
2025_海淀_期中,2025,海淀,期中,3,,question,B2_ECONOMICS,objective,/Users/wanglifei/Desktop/2025模拟题/2025各区期末/2025海淀期中/试卷/试卷.pdf | /Users/wanglifei/Desktop/2025模拟题/2025各区期末/2025海淀期中/细则/细则.docx,paper|rubric,included,05_reports/suite_identity_culture_repair_audit.csv,"{""rule_id"": ""MIDTERM_Q3_B2_ANSWER_C"", ""matched_terms"": ""二次元经济,消费市场,地区经济增长点"", ""basis"": ""答案 C 对应消费新空间和地区经济发展，归入《经济与社会》。"", ""source"": ""05_reports/suite_identity_culture_repair_audit.csv""}",future_baodian_intake,suite_identity_culture_repair
2025_海淀_期中,2025,海淀,期中,4,,question,B2_ECONOMICS,objective,/Users/wanglifei/Desktop/2025模拟题/2025各区期末/2025海淀期中/试卷/试卷.pdf | /Users/wanglifei/Desktop/2025模拟题/2025各区期末/2025海淀期中/细则/细则.docx,paper|rubric,included,05_reports/suite_identity_culture_repair_audit.csv,"{""rule_id"": ""MIDTERM_Q4_B2_SERVICE_MARKET_ACCESS"", ""matched_terms"": ""市场准入,服务业,非公有制经济"", ""basis"": ""题干围绕服务业市场准入和非公经济活力，归入《经济与社会》。"", ""source"": ""05_reports/suite_identity_culture_repair_audit.csv""}",future_baodian_intake,suite_identity_culture_repair
2025_海淀_期中,2025,海淀,期中,5,,question,B2_ECONOMICS,objective,/Users/wanglifei/Desktop/2025模拟题/2025各区期末/2025海淀期中/试卷/试卷.pdf | /Users/wanglifei/Desktop/2025模拟题/2025各区期末/2025海淀期中/细则/细则.docx,paper|rubric,included,05_reports/suite_identity_culture_repair_audit.csv,"{""rule_id"": ""MIDTERM_Q5_B2_MEDICAL_INSURANCE"", ""matched_terms"": ""医保,社会保障,共济账户"", ""basis"": ""题干围绕医保个人账户与社会保障服务，归入《经济与社会》。"", ""source"": ""05_reports/suite_identity_culture_repair_audit.csv""}",future_baodian_intake,suite_identity_culture_repair
2025_海淀_期中,2025,海淀,期中,6,,question,B2_ECONOMICS,objective,/Users/wanglifei/Desktop/2025模拟题/2025各区期末/2025海淀期中/试卷/试卷.pdf | /Users/wanglifei/Desktop/2025模拟题/2025各区期末/2025海淀期中/细则/细则.docx,paper|rubric,included,05_reports/suite_identity_culture_repair_audit.csv,"{""rule_id"": ""MIDTERM_Q6_B2_ELDERLY_SERVICE_SUPPLY"", ""matched_terms"": ""养老服务,民营企业,养老供给"", ""basis"": ""题干围绕养老服务供给和民营企业参与，归入《经济与社会》。"", ""source"": ""05_reports/suite_identity_culture_repair_audit.csv""}",future_baodian_intake,suite_identity_culture_repair
2025_海淀_期中,2025,海淀,期中,7,,question,B3_POLITICS_RULE_OF_LAW,objective,/Users/wanglifei/Desktop/2025模拟题/2025各区期末/2025海淀期中/试卷/试卷.pdf | /Users/wanglifei/Desktop/2025模拟题/2025各区期末/2025海淀期中/细则/细则.docx,paper|rubric,included,05_reports/suite_identity_culture_repair_audit.csv,"{""rule_id"": ""MIDTERM_Q7_B3_PARTY_BUILDING_GOVERNANCE"", ""matched_terms"": ""流动党支部,党员先锋,首都治理"", ""basis"": ""题干主干是党建引领基层治理，归入《政治与法治》。"", ""source"": ""05_reports/suite_identity_culture_repair_audit.csv""}",future_baodian_intake,suite_identity_culture_repair
2025_海淀_期中,2025,海淀,期中,8,,question,B3_POLITICS_RULE_OF_LAW,objective,/Users/wanglifei/Desktop/2025模拟题/2025各区期末/2025海淀期中/试卷/试卷.pdf | /Users/wanglifei/Desktop/2025模拟题/2025各区期末/2025海淀期中/细则/细则.docx,paper|rubric,included,05_reports/suite_identity_culture_repair_audit.csv,"{""rule_id"": ""MIDTERM_Q8_B3_NPC_SUPERVISION"", ""matched_terms"": ""全国人大常委会,执法检查,法律贯彻"", ""basis"": ""题干主干是人大监督和法治实施，归入《政治与法治》。"", ""source"": ""05_reports/suite_identity_culture_repair_audit.csv""}",future_baodian_intake,suite_identity_culture_repair
2025_海淀_期中,2025,海淀,期中,9,,question,B3_POLITICS_RULE_OF_LAW,objective,/Users/wanglifei/Desktop/2025模拟题/2025各区期末/2025海淀期中/试卷/试卷.pdf | /Users/wanglifei/Desktop/2025模拟题/2025各区期末/2025海淀期中/细则/细则.docx,paper|rubric,included,05_reports/suite_identity_culture_repair_audit.csv,"{""rule_id"": ""MIDTERM_Q9_B3_ETHNIC_UNITY"", ""matched_terms"": ""民族团结,铸牢中华民族共同体意识,对口支援"", ""basis"": ""答案 D 对应民族团结和民族政策相关内容，归入《政治与法治》。"", ""source"": ""05_reports/suite_identity_culture_repair_audit.csv""}",future_baodian_intake,suite_identity_culture_repair
2025_海淀_期中,2025,海淀,期中,10,,question,B3_POLITICS_RULE_OF_LAW,objective,/Users/wanglifei/Desktop/2025模拟题/2025各区期末/2025海淀期中/试卷/试卷.pdf | /Users/wanglifei/Desktop/2025模拟题/2025各区期末/2025海淀期中/细则/细则.docx,paper|rubric,included,05_reports/suite_identity_culture_repair_audit.csv,"{""rule_id"": ""MIDTERM_Q10_B3_NETWORK_VIOLENCE_GOVERNANCE"", ""matched_terms"": ""网络暴力治理,法规,政府,社会公平正义"", ""basis"": ""题干围绕网络暴力信息治理规定和多主体法治治理，归入《政治与法治》。"", ""source"": ""05_reports/suite_identity_culture_repair_audit.csv""}",future_baodian_intake,suite_identity_culture_repair
2025_海淀_期中,2025,海淀,期中,11,,question,B3_POLITICS_RULE_OF_LAW,objective,/Users/wanglifei/Desktop/2025模拟题/2025各区期末/2025海淀期中/试卷/试卷.pdf | /Users/wanglifei/Desktop/2025模拟题/2025各区期末/2025海淀期中/细则/细则.docx,paper|rubric,included,05_reports/suite_identity_culture_repair_audit.csv,"{""rule_id"": ""MIDTERM_Q11_B3_GRASSROOTS_RULE_OF_LAW"", ""matched_terms"": ""法律指引,基层治理法治化,协商民主"", ""basis"": ""题干围绕基层治理法治化与协商民主，归入《政治与法治》。"", ""source"": ""05_reports/suite_identity_culture_repair_audit.csv""}",future_baodian_intake,suite_identity_culture_repair
2025_海淀_期中,2025,海淀,期中,12,,question,B1_EXCLUDED,objective,/Users/wanglifei/Desktop/2025模拟题/2025各区期末/2025海淀期中/试卷/试卷.pdf | /Users/wanglifei/Desktop/2025模拟题/2025各区期末/2025海淀期中/细则/细则.docx,paper|rubric,module-boundary-excluded,05_reports/suite_identity_culture_repair_audit.csv,"{""rule_id"": ""MIDTERM_Q12_B1_NATIONAL_SECURITY"", ""matched_terms"": ""中国梦,国家安全,民族复兴"", ""basis"": ""题干主干为国家安全与中国梦，非本次三条目标线。"", ""source"": ""05_reports/suite_identity_culture_repair_audit.csv""}",exclude_from_three_target_lines,suite_identity_culture_repair
2025_海淀_期中,2025,海淀,期中,13,,question,XB1_EXCLUDED,objective,/Users/wanglifei/Desktop/2025模拟题/2025各区期末/2025海淀期中/试卷/试卷.pdf | /Users/wanglifei/Desktop/2025模拟题/2025各区期末/2025海淀期中/细则/细则.docx,paper|rubric,module-boundary-excluded,05_reports/suite_identity_culture_repair_audit.csv,"{""rule_id"": ""MIDTERM_Q13_XB1_PARENT_PUBLIC_DIPLOMACY"", ""matched_terms"": ""公共外交,外国游客,东方大国形象"", ""basis"": ""第 13 题整题含入境游经济与公共外交，先将外交余项排除，并另抽 B2 组件。"", ""source"": ""05_reports/suite_identity_culture_repair_audit.csv""}",exclude_from_three_target_lines,suite_identity_culture_repair
2025_海淀_期中,2025,海淀,期中,14,,question,XB1_EXCLUDED,objective,/Users/wanglifei/Desktop/2025模拟题/2025各区期末/2025海淀期中/试卷/试卷.pdf | /Users/wanglifei/Desktop/2025模拟题/2025各区期末/2025海淀期中/细则/细则.docx,paper|rubric,module-boundary-excluded,05_reports/suite_identity_culture_repair_audit.csv,"{""rule_id"": ""MIDTERM_Q14_XB1_HEAD_OF_STATE_DIPLOMACY"", ""matched_terms"": ""元首外交,人类命运共同体,上合组织"", ""basis"": ""题干主干为中国特色大国外交，非本次三条目标线。"", ""source"": ""05_reports/suite_identity_culture_repair_audit.csv""}",exclude_from_three_target_lines,suite_identity_culture_repair
2025_海淀_期中,2025,海淀,期中,15,,question,XB1_EXCLUDED,objective,/Users/wanglifei/Desktop/2025模拟题/2025各区期末/2025海淀期中/试卷/试卷.pdf | /Users/wanglifei/Desktop/2025模拟题/2025各区期末/2025海淀期中/细则/细则.docx,paper|rubric,module-boundary-excluded,05_reports/suite_identity_culture_repair_audit.csv,"{""rule_id"": ""MIDTERM_Q15_XB1_APEC_ENERGY"", ""matched_terms"": ""APEC,国际能源合作"", ""basis"": ""题干主干为国际组织与国际合作，非本次三条目标线。"", ""source"": ""05_reports/suite_identity_culture_repair_audit.csv""}",exclude_from_three_target_lines,suite_identity_culture_repair
2025_海淀_期中,2025,海淀,期中,16(1),16,subquestion,B2_ECONOMICS,subjective,/Users/wanglifei/Desktop/2025模拟题/2025各区期末/2025海淀期中/试卷/试卷.pdf | /Users/wanglifei/Desktop/2025模拟题/2025各区期末/2025海淀期中/细则/细则.docx,paper|rubric,included,05_reports/suite_identity_culture_repair_audit.csv,"{""rule_id"": ""MIDTERM_Q16_1_B2_COFFEE_MARKET"", ""matched_terms"": ""经济与社会,市场前景,消费偏好,产品创新"", ""basis"": ""第 16 题第 (1) 问明确要求运用《经济与社会》知识。"", ""source"": ""05_reports/suite_identity_culture_repair_audit.csv""}",future_baodian_intake,suite_identity_culture_repair
2025_海淀_期中,2025,海淀,期中,16(2),16,subquestion,B2_ECONOMICS,subjective,/Users/wanglifei/Desktop/2025模拟题/2025各区期末/2025海淀期中/试卷/试卷.pdf | /Users/wanglifei/Desktop/2025模拟题/2025各区期末/2025海淀期中/细则/细则.docx,paper|rubric,included,05_reports/suite_identity_culture_repair_audit.csv,"{""rule_id"": ""MIDTERM_Q16_2_B2_COFFEE_EXPORT"", ""matched_terms"": ""经济角度,企业经营,供应链,国际国内两个市场"", ""basis"": ""第 16 题第 (2) 问要求从经济角度提出企业出海建议，抽入 B2。"", ""source"": ""05_reports/suite_identity_culture_repair_audit.csv""}",future_baodian_intake,suite_identity_culture_repair
2025_海淀_期中,2025,海淀,期中,17,,question,B2_ECONOMICS,subjective,/Users/wanglifei/Desktop/2025模拟题/2025各区期末/2025海淀期中/试卷/试卷.pdf | /Users/wanglifei/Desktop/2025模拟题/2025各区期末/2025海淀期中/细则/细则.docx,paper|rubric,included,05_reports/suite_identity_culture_repair_audit.csv,"{""rule_id"": ""MIDTERM_Q17_B2_GAZELLE_ENTERPRISE"", ""matched_terms"": ""经济与社会,财政补贴,税收优惠,融资支持"", ""basis"": ""第 17 题明确要求运用《经济与社会》知识说明政策促进企业发展。"", ""source"": ""05_reports/suite_identity_culture_repair_audit.csv""}",future_baodian_intake,suite_identity_culture_repair
2025_海淀_期中,2025,海淀,期中,18,,question,B3_POLITICS_RULE_OF_LAW,subjective,/Users/wanglifei/Desktop/2025模拟题/2025各区期末/2025海淀期中/试卷/试卷.pdf | /Users/wanglifei/Desktop/2025模拟题/2025各区期末/2025海淀期中/细则/细则.docx,paper|rubric,included,05_reports/suite_identity_culture_repair_audit.csv,"{""rule_id"": ""MIDTERM_Q18_B3_GRASSROOTS_DEMOCRACY"", ""matched_terms"": ""基层民主,居民自治,党的领导,民主协商"", ""basis"": ""第 18 题材料与答案均指向基层民主和社区治理，归入《政治与法治》。"", ""source"": ""05_reports/suite_identity_culture_repair_audit.csv""}",future_baodian_intake,suite_identity_culture_repair
2025_海淀_期中,2025,海淀,期中,19,,question,B3_POLITICS_RULE_OF_LAW,subjective,/Users/wanglifei/Desktop/2025模拟题/2025各区期末/2025海淀期中/试卷/试卷.pdf | /Users/wanglifei/Desktop/2025模拟题/2025各区期末/2025海淀期中/细则/细则.docx,paper|rubric,included,05_reports/suite_identity_culture_repair_audit.csv,"{""rule_id"": ""MIDTERM_Q19_B3_PARTY_DISCIPLINE"", ""matched_terms"": ""政治与法治,中国共产党,全面从严治党,全面依法治国"", ""basis"": ""第 19 题明确要求运用《政治与法治》知识分析党纪处分条例修订。"", ""source"": ""05_reports/suite_identity_culture_repair_audit.csv""}",future_baodian_intake,suite_identity_culture_repair
2025_海淀_期中,2025,海淀,期中,20,,question,B2_ECONOMICS,subjective,/Users/wanglifei/Desktop/2025模拟题/2025各区期末/2025海淀期中/试卷/试卷.pdf | /Users/wanglifei/Desktop/2025模拟题/2025各区期末/2025海淀期中/细则/细则.docx,paper|rubric,included,05_reports/suite_identity_culture_repair_audit.csv,"{""rule_id"": ""MIDTERM_Q20_B2_GRAIN_COMPENSATION"", ""matched_terms"": ""经济与社会,共同富裕,区域协调,乡村振兴"", ""basis"": ""第 20 题明确要求运用《经济与社会》知识说明横向利益补偿机制意义。"", ""source"": ""05_reports/suite_identity_culture_repair_audit.csv""}",future_baodian_intake,suite_identity_culture_repair
2025_海淀_期中,2025,海淀,期中,21(1),21,subquestion,XB2_EXCLUDED,subjective,/Users/wanglifei/Desktop/2025模拟题/2025各区期末/2025海淀期中/试卷/试卷.pdf | /Users/wanglifei/Desktop/2025模拟题/2025各区期末/2025海淀期中/细则/细则.docx,paper|rubric,module-boundary-excluded,05_reports/suite_identity_culture_repair_audit.csv,"{""rule_id"": ""MIDTERM_Q21_1_XB2_MARRIAGE_LAW"", ""matched_terms"": ""法治知识,民法典,婚姻家庭"", ""basis"": ""第 21 题第 (1) 问为法律知识余项，非目标线。"", ""source"": ""05_reports/suite_identity_culture_repair_audit.csv""}",exclude_from_three_target_lines,suite_identity_culture_repair
2025_海淀_期中,2025,海淀,期中,21(2),21,subquestion,XB1_EXCLUDED,subjective,/Users/wanglifei/Desktop/2025模拟题/2025各区期末/2025海淀期中/试卷/试卷.pdf | /Users/wanglifei/Desktop/2025模拟题/2025各区期末/2025海淀期中/细则/细则.docx,paper|rubric,module-boundary-excluded,05_reports/suite_identity_culture_repair_audit.csv,"{""rule_id"": ""MIDTERM_Q21_2_XB1_CHINA_DIPLOMACY"", ""matched_terms"": ""中国外交,和平与发展,独立自主"", ""basis"": ""第 21 题第 (2) 问为《当代国际政治与经济》余项，非目标线。"", ""source"": ""05_reports/suite_identity_culture_repair_audit.csv""}",exclude_from_three_target_lines,suite_identity_culture_repair
2025_海淀_期末,2025,海淀,期末,1,,question,B4_CULTURE,objective,/Users/wanglifei/Desktop/2025模拟题/2025各区期末/2025海淀期末/试卷/试卷.docx | /Users/wanglifei/Desktop/2025模拟题/2025各区期末/2025海淀期末/细则/细则.pptx,paper|rubric,included,05_reports/suite_identity_culture_repair_audit.csv,"{""rule_id"": ""FINAL_Q1_B4_CULTURE_CENTRAL_AXIS"", ""matched_terms"": ""历史文化,中华文明,民族精神,中轴线"", ""basis"": ""答案 A 对应历史文化承载与中华文明连续性；民族精神按文化处理。"", ""source"": ""05_reports/suite_identity_culture_repair_audit.csv""}",future_baodian_intake,suite_identity_culture_repair
2025_海淀_期末,2025,海淀,期末,2,,question,XB3_EXCLUDED,objective,/Users/wanglifei/Desktop/2025模拟题/2025各区期末/2025海淀期末/试卷/试卷.docx | /Users/wanglifei/Desktop/2025模拟题/2025各区期末/2025海淀期末/细则/细则.pptx,paper|rubric,module-boundary-excluded,05_reports/suite_identity_culture_repair_audit.csv,"{""rule_id"": ""FINAL_Q2_XB3_SCENE_MIGRATION"", ""matched_terms"": ""场景迁移,辩证思维整体性"", ""basis"": ""答案 C 对应迁移和辩证思维整体性，文化材料不等于文化采分点。"", ""source"": ""05_reports/suite_identity_culture_repair_audit.csv""}",exclude_from_three_target_lines,suite_identity_culture_repair
2025_海淀_期末,2025,海淀,期末,3,,question,B4_CULTURE,objective,/Users/wanglifei/Desktop/2025模拟题/2025各区期末/2025海淀期末/试卷/试卷.docx | /Users/wanglifei/Desktop/2025模拟题/2025各区期末/2025海淀期末/细则/细则.pptx,paper|rubric,included,05_reports/suite_identity_culture_repair_audit.csv,"{""rule_id"": ""FINAL_Q3_B4_GAME_TRADITIONAL_CULTURE"", ""matched_terms"": ""非遗文化,传统文化,中国故事,中国文化独特魅力"", ""basis"": ""答案 B 对应讲好中国故事和展现传统文化独特魅力，归入文化。"", ""source"": ""05_reports/suite_identity_culture_repair_audit.csv""}",future_baodian_intake,suite_identity_culture_repair
2025_海淀_期末,2025,海淀,期末,4,,question,B4_PHILOSOPHY_EXCLUDED,objective,/Users/wanglifei/Desktop/2025模拟题/2025各区期末/2025海淀期末/试卷/试卷.docx | /Users/wanglifei/Desktop/2025模拟题/2025各区期末/2025海淀期末/细则/细则.pptx,paper|rubric,module-boundary-excluded,05_reports/suite_identity_culture_repair_audit.csv,"{""rule_id"": ""FINAL_Q4_B4P_AI_CULTURE_HARMONY"", ""matched_terms"": ""主观能动性,科技与文化的和鸣"", ""basis"": ""答案 C 的知识落点是主观能动性；题面文化场景不单独形成文化采分点。"", ""source"": ""05_reports/suite_identity_culture_repair_audit.csv""}",exclude_from_three_target_lines,suite_identity_culture_repair
2025_海淀_期末,2025,海淀,期末,5,,question,B4_PHILOSOPHY_EXCLUDED,objective,/Users/wanglifei/Desktop/2025模拟题/2025各区期末/2025海淀期末/试卷/试卷.docx | /Users/wanglifei/Desktop/2025模拟题/2025各区期末/2025海淀期末/细则/细则.pptx,paper|rubric,module-boundary-excluded,05_reports/suite_identity_culture_repair_audit.csv,"{""rule_id"": ""FINAL_Q5_B4P_DESERT_CONTROL"", ""matched_terms"": ""主观能动性,量变质变,革命热情与科学态度"", ""basis"": ""答案 D 的知识落点为哲学方法论，非文化目标线。"", ""source"": ""05_reports/suite_identity_culture_repair_audit.csv""}",exclude_from_three_target_lines,suite_identity_culture_repair
2025_海淀_期末,2025,海淀,期末,6,,question,B4_PHILOSOPHY_EXCLUDED,objective,/Users/wanglifei/Desktop/2025模拟题/2025各区期末/2025海淀期末/试卷/试卷.docx | /Users/wanglifei/Desktop/2025模拟题/2025各区期末/2025海淀期末/细则/细则.pptx,paper|rubric,module-boundary-excluded,05_reports/suite_identity_culture_repair_audit.csv,"{""rule_id"": ""FINAL_Q6_B4P_HOOKES_LAW"", ""matched_terms"": ""真理,矛盾,实践与认识"", ""basis"": ""答案 B 的知识落点为认识论和矛盾观，非文化目标线。"", ""source"": ""05_reports/suite_identity_culture_repair_audit.csv""}",exclude_from_three_target_lines,suite_identity_culture_repair
2025_海淀_期末,2025,海淀,期末,7,,question,B4_PHILOSOPHY_EXCLUDED,objective,/Users/wanglifei/Desktop/2025模拟题/2025各区期末/2025海淀期末/试卷/试卷.docx | /Users/wanglifei/Desktop/2025模拟题/2025各区期末/2025海淀期末/细则/细则.pptx,paper|rubric,module-boundary-excluded,05_reports/suite_identity_culture_repair_audit.csv,"{""rule_id"": ""FINAL_Q7_B4P_PEOPLE_VALUE"", ""matched_terms"": ""价值标准,群众路线"", ""basis"": ""答案 A 的知识落点为价值观和群众路线，非文化目标线。"", ""source"": ""05_reports/suite_identity_culture_repair_audit.csv""}",exclude_from_three_target_lines,suite_identity_culture_repair
2025_海淀_期末,2025,海淀,期末,8,,question,XB3_EXCLUDED,objective,/Users/wanglifei/Desktop/2025模拟题/2025各区期末/2025海淀期末/试卷/试卷.docx | /Users/wanglifei/Desktop/2025模拟题/2025各区期末/2025海淀期末/细则/细则.pptx,paper|rubric,module-boundary-excluded,05_reports/suite_identity_culture_repair_audit.csv,"{""rule_id"": ""FINAL_Q8_XB3_LOGIC_REASONING"", ""matched_terms"": ""逻辑与思维,推理,概念关系"", ""basis"": ""题干为《逻辑与思维》客观题，非目标线。"", ""source"": ""05_reports/suite_identity_culture_repair_audit.csv""}",exclude_from_three_target_lines,suite_identity_culture_repair
2025_海淀_期末,2025,海淀,期末,9,,question,XB2_EXCLUDED,objective,/Users/wanglifei/Desktop/2025模拟题/2025各区期末/2025海淀期末/试卷/试卷.docx | /Users/wanglifei/Desktop/2025模拟题/2025各区期末/2025海淀期末/细则/细则.pptx,paper|rubric,module-boundary-excluded,05_reports/suite_identity_culture_repair_audit.csv,"{""rule_id"": ""FINAL_Q9_XB2_NATURAL_FRUITS"", ""matched_terms"": ""民法典,天然孳息,所有权,用益物权"", ""basis"": ""题干为法律与生活物权题，非目标线。"", ""source"": ""05_reports/suite_identity_culture_repair_audit.csv""}",exclude_from_three_target_lines,suite_identity_culture_repair
2025_海淀_期末,2025,海淀,期末,10,,question,XB2_EXCLUDED,objective,/Users/wanglifei/Desktop/2025模拟题/2025各区期末/2025海淀期末/试卷/试卷.docx | /Users/wanglifei/Desktop/2025模拟题/2025各区期末/2025海淀期末/细则/细则.pptx,paper|rubric,module-boundary-excluded,05_reports/suite_identity_culture_repair_audit.csv,"{""rule_id"": ""FINAL_Q10_XB2_CONTRACT"", ""matched_terms"": ""民法典,买卖合同,保证金"", ""basis"": ""题干为法律与生活合同题，非目标线。"", ""source"": ""05_reports/suite_identity_culture_repair_audit.csv""}",exclude_from_three_target_lines,suite_identity_culture_repair
2025_海淀_期末,2025,海淀,期末,11,,question,XB2_EXCLUDED,objective,/Users/wanglifei/Desktop/2025模拟题/2025各区期末/2025海淀期末/试卷/试卷.docx | /Users/wanglifei/Desktop/2025模拟题/2025各区期末/2025海淀期末/细则/细则.pptx,paper|rubric,module-boundary-excluded,05_reports/suite_identity_culture_repair_audit.csv,"{""rule_id"": ""FINAL_Q11_XB2_LITIGATION_PASSENGER"", ""matched_terms"": ""民法典,诉讼,上诉,赔偿责任"", ""basis"": ""题干为法律与生活诉讼和侵权责任题，非目标线。"", ""source"": ""05_reports/suite_identity_culture_repair_audit.csv""}",exclude_from_three_target_lines,suite_identity_culture_repair
2025_海淀_期末,2025,海淀,期末,12,,question,XB2_EXCLUDED,objective,/Users/wanglifei/Desktop/2025模拟题/2025各区期末/2025海淀期末/试卷/试卷.docx | /Users/wanglifei/Desktop/2025模拟题/2025各区期末/2025海淀期末/细则/细则.pptx,paper|rubric,module-boundary-excluded,05_reports/suite_identity_culture_repair_audit.csv,"{""rule_id"": ""FINAL_Q12_XB2_INHERITANCE"", ""matched_terms"": ""继承,遗产,法定继承,仲裁"", ""basis"": ""题干为法律与生活继承题，非目标线。"", ""source"": ""05_reports/suite_identity_culture_repair_audit.csv""}",exclude_from_three_target_lines,suite_identity_culture_repair
2025_海淀_期末,2025,海淀,期末,13,,question,XB2_EXCLUDED,objective,/Users/wanglifei/Desktop/2025模拟题/2025各区期末/2025海淀期末/试卷/试卷.docx | /Users/wanglifei/Desktop/2025模拟题/2025各区期末/2025海淀期末/细则/细则.pptx,paper|rubric,module-boundary-excluded,05_reports/suite_identity_culture_repair_audit.csv,"{""rule_id"": ""FINAL_Q13_XB2_LABOR_DISPUTE"", ""matched_terms"": ""劳动者,劳动法,法院,劳动权益保护"", ""basis"": ""题干主干为劳动争议法律问题，非目标线。"", ""source"": ""05_reports/suite_identity_culture_repair_audit.csv""}",exclude_from_three_target_lines,suite_identity_culture_repair
2025_海淀_期末,2025,海淀,期末,14,,question,XB2_EXCLUDED,objective,/Users/wanglifei/Desktop/2025模拟题/2025各区期末/2025海淀期末/试卷/试卷.docx | /Users/wanglifei/Desktop/2025模拟题/2025各区期末/2025海淀期末/细则/细则.pptx,paper|rubric,module-boundary-excluded,05_reports/suite_identity_culture_repair_audit.csv,"{""rule_id"": ""FINAL_Q14_XB2_COPYRIGHT"", ""matched_terms"": ""著作权,传统蜡染图案,举证,调解"", ""basis"": ""答案落点为著作权和诉讼程序，传统纹样只是案情材料。"", ""source"": ""05_reports/suite_identity_culture_repair_audit.csv""}",exclude_from_three_target_lines,suite_identity_culture_repair
2025_海淀_期末,2025,海淀,期末,15,,question,B3_POLITICS_RULE_OF_LAW,objective,/Users/wanglifei/Desktop/2025模拟题/2025各区期末/2025海淀期末/试卷/试卷.docx | /Users/wanglifei/Desktop/2025模拟题/2025各区期末/2025海淀期末/细则/细则.pptx,paper|rubric,included,05_reports/suite_identity_culture_repair_audit.csv,"{""rule_id"": ""FINAL_Q15_B3_SOCIAL_GOVERNANCE_SHORT_VIDEO"", ""matched_terms"": ""行业内容管理公约,社会治理法治化"", ""basis"": ""答案 D 指向平台行业公约和社会治理法治化，抽入《政治与法治》。"", ""source"": ""05_reports/suite_identity_culture_repair_audit.csv""}",future_baodian_intake,suite_identity_culture_repair
2025_海淀_期末,2025,海淀,期末,16,,question,B4_PHILOSOPHY_EXCLUDED,subjective,/Users/wanglifei/Desktop/2025模拟题/2025各区期末/2025海淀期末/试卷/试卷.docx | /Users/wanglifei/Desktop/2025模拟题/2025各区期末/2025海淀期末/细则/细则.pptx,paper|rubric,module-boundary-excluded,05_reports/suite_identity_culture_repair_audit.csv,"{""rule_id"": ""FINAL_Q16_PARENT_B4P_REMAINDER"", ""matched_terms"": ""联系观点,发展观点,哲学与文化混合"", ""basis"": ""第 16 题哲学与文化混合；文化组件另行抽出，父项余项按哲学边界排除。"", ""source"": ""05_reports/suite_identity_culture_repair_audit.csv""}",exclude_from_three_target_lines,suite_identity_culture_repair
2025_海淀_期末,2025,海淀,期末,17(1),17,subquestion,XB3_EXCLUDED,subjective,/Users/wanglifei/Desktop/2025模拟题/2025各区期末/2025海淀期末/试卷/试卷.docx | /Users/wanglifei/Desktop/2025模拟题/2025各区期末/2025海淀期末/细则/细则.pptx,paper|rubric,module-boundary-excluded,05_reports/suite_identity_culture_repair_audit.csv,"{""rule_id"": ""FINAL_Q17_1_XB3_SCIENTIFIC_THINKING"", ""matched_terms"": ""科学思维,客观性"", ""basis"": ""第 17 题第 (1) 问明确要求科学思维知识，非目标线。"", ""source"": ""05_reports/suite_identity_culture_repair_audit.csv""}",exclude_from_three_target_lines,suite_identity_culture_repair
2025_海淀_期末,2025,海淀,期末,17(2),17,subquestion,B4_PHILOSOPHY_EXCLUDED,subjective,/Users/wanglifei/Desktop/2025模拟题/2025各区期末/2025海淀期末/试卷/试卷.docx | /Users/wanglifei/Desktop/2025模拟题/2025各区期末/2025海淀期末/细则/细则.pptx,paper|rubric,module-boundary-excluded,05_reports/suite_identity_culture_repair_audit.csv,"{""rule_id"": ""FINAL_Q17_2_B4P_PERPETUAL_MOTION"", ""matched_terms"": ""发展观点,对立统一,追求真理"", ""basis"": ""第 17 题第 (2) 问为哲学角度，非文化目标线。"", ""source"": ""05_reports/suite_identity_culture_repair_audit.csv""}",exclude_from_three_target_lines,suite_identity_culture_repair
2025_海淀_期末,2025,海淀,期末,18,,question,XB3_EXCLUDED,subjective,/Users/wanglifei/Desktop/2025模拟题/2025各区期末/2025海淀期末/试卷/试卷.docx | /Users/wanglifei/Desktop/2025模拟题/2025各区期末/2025海淀期末/细则/细则.pptx,paper|rubric,module-boundary-excluded,05_reports/suite_identity_culture_repair_audit.csv,"{""rule_id"": ""FINAL_Q18_XB3_INNOVATIVE_THINKING_LIBRARY"", ""matched_terms"": ""创新思维,逆向思维,联想思维"", ""basis"": ""第 18 题设问和细则均要求创新思维，公共文化空间为材料场景，不单独形成文化采分点。"", ""source"": ""05_reports/suite_identity_culture_repair_audit.csv""}",exclude_from_three_target_lines,suite_identity_culture_repair
2025_海淀_期末,2025,海淀,期末,19,,question,XB2_EXCLUDED,subjective,/Users/wanglifei/Desktop/2025模拟题/2025各区期末/2025海淀期末/试卷/试卷.docx | /Users/wanglifei/Desktop/2025模拟题/2025各区期末/2025海淀期末/细则/细则.pptx,paper|rubric,module-boundary-excluded,05_reports/suite_identity_culture_repair_audit.csv,"{""rule_id"": ""FINAL_Q19_PARENT_XB2_LAND_RIGHTS"", ""matched_terms"": ""法治知识,财产权,用益物权,不动产登记"", ""basis"": ""第 19 题设问为法治知识；经济意义组件另抽入 B2。"", ""source"": ""05_reports/suite_identity_culture_repair_audit.csv""}",exclude_from_three_target_lines,suite_identity_culture_repair
2025_海淀_期末,2025,海淀,期末,20,,question,XB2_EXCLUDED,subjective,/Users/wanglifei/Desktop/2025模拟题/2025各区期末/2025海淀期末/试卷/试卷.docx | /Users/wanglifei/Desktop/2025模拟题/2025各区期末/2025海淀期末/细则/细则.pptx,paper|rubric,module-boundary-excluded,05_reports/suite_identity_culture_repair_audit.csv,"{""rule_id"": ""FINAL_Q20_XB2_TORT_LIABILITY"", ""matched_terms"": ""民法典,侵权责任,产品责任,危险动物"", ""basis"": ""第 20 题为法律与生活侵权责任题，非目标线。"", ""source"": ""05_reports/suite_identity_culture_repair_audit.csv""}",exclude_from_three_target_lines,suite_identity_culture_repair
2025_海淀_期末,2025,海淀,期末,21,,question,XB2_EXCLUDED,subjective,/Users/wanglifei/Desktop/2025模拟题/2025各区期末/2025海淀期末/试卷/试卷.docx | /Users/wanglifei/Desktop/2025模拟题/2025各区期末/2025海淀期末/细则/细则.pptx,paper|rubric,module-boundary-excluded,05_reports/suite_identity_culture_repair_audit.csv,"{""rule_id"": ""FINAL_Q21_PARENT_XB2_NONCOMPETE"", ""matched_terms"": ""法律与生活,竞业限制,劳动合同,知识产权"", ""basis"": ""第 21 题设问为《法律与生活》；经济效果组件另抽入 B2。"", ""source"": ""05_reports/suite_identity_culture_repair_audit.csv""}",exclude_from_three_target_lines,suite_identity_culture_repair
2025_海淀_期末,2025,海淀,期末,22,,question,B4_PHILOSOPHY_EXCLUDED,subjective,/Users/wanglifei/Desktop/2025模拟题/2025各区期末/2025海淀期末/试卷/试卷.docx | /Users/wanglifei/Desktop/2025模拟题/2025各区期末/2025海淀期末/细则/细则.pptx,paper|rubric,module-boundary-excluded,05_reports/suite_identity_culture_repair_audit.csv,"{""rule_id"": ""FINAL_Q22_PARENT_INTEGRATED_REMAINDER"", ""matched_terms"": ""质量互变规律,价值观,中国梦,人类命运共同体"", ""basis"": ""第 22 题为综合短文题；B3 与文化目标组件另抽，余项不并入目标线。"", ""source"": ""05_reports/suite_identity_culture_repair_audit.csv""}",exclude_from_three_target_lines,suite_identity_culture_repair
2025_海淀_期中,2025,海淀,期中,13#B2_COMPONENT,13,target_component,B2_ECONOMICS,objective,/Users/wanglifei/Desktop/2025模拟题/2025各区期末/2025海淀期中/试卷/试卷.pdf | /Users/wanglifei/Desktop/2025模拟题/2025各区期末/2025海淀期中/细则/细则.docx,paper|rubric,included,05_reports/suite_identity_culture_repair_audit.csv,"{""rule_id"": ""MIDTERM_Q13_B2_COMPONENT_INBOUND_TOURISM"", ""matched_terms"": ""入境游,经济动能,旅游消费"", ""basis"": ""第 13 题答案 A 同时含入境游经济动能与公共外交；经济动能部分抽入 B2。"", ""source"": ""05_reports/suite_identity_culture_repair_audit.csv""}",future_baodian_intake_target_component,suite_identity_culture_repair
2025_海淀_期末,2025,海淀,期末,16#B4_CULTURE_COMPONENT,16,target_component,B4_CULTURE,subjective,/Users/wanglifei/Desktop/2025模拟题/2025各区期末/2025海淀期末/试卷/试卷.docx | /Users/wanglifei/Desktop/2025模拟题/2025各区期末/2025海淀期末/细则/细则.pptx,paper|rubric,included,05_reports/suite_identity_culture_repair_audit.csv,"{""rule_id"": ""FINAL_Q16_B4_CULTURE_COMPONENT_TCM_FASHION"", ""matched_terms"": ""中华优秀传统文化,创造性转化,创新性发展,文化创新"", ""basis"": ""第 16 题题干与细则明确中医药文化和传统文化双创，应抽入文化组件。"", ""source"": ""05_reports/suite_identity_culture_repair_audit.csv""}",future_baodian_intake_target_component,suite_identity_culture_repair
2025_海淀_期末,2025,海淀,期末,19#B2_COMPONENT,19,target_component,B2_ECONOMICS,subjective,/Users/wanglifei/Desktop/2025模拟题/2025各区期末/2025海淀期末/试卷/试卷.docx | /Users/wanglifei/Desktop/2025模拟题/2025各区期末/2025海淀期末/细则/细则.pptx,paper|rubric,included,05_reports/suite_identity_culture_repair_audit.csv,"{""rule_id"": ""FINAL_Q19_B2_COMPONENT_LAND_RIGHTS_ECONOMIC_EFFECT"", ""matched_terms"": ""优化资源配置,增加农民收入,乡村振兴,共同富裕"", ""basis"": ""第 19 题虽为法治知识题，但答案/细则明确给出资源配置、农民收入、乡村振兴和共同富裕等 B2 效果。"", ""source"": ""05_reports/suite_identity_culture_repair_audit.csv""}",future_baodian_intake_target_component,suite_identity_culture_repair
2025_海淀_期末,2025,海淀,期末,21#B2_COMPONENT,21,target_component,B2_ECONOMICS,subjective,/Users/wanglifei/Desktop/2025模拟题/2025各区期末/2025海淀期末/试卷/试卷.docx | /Users/wanglifei/Desktop/2025模拟题/2025各区期末/2025海淀期末/细则/细则.pptx,paper|rubric,included,05_reports/suite_identity_culture_repair_audit.csv,"{""rule_id"": ""FINAL_Q21_B2_COMPONENT_MARKET_FAIRNESS"", ""matched_terms"": ""市场公平竞争,推动社会创新,人才资源合理配置,公平公正市场环境"", ""basis"": ""第 21 题虽为法律与生活题，但答案明确给出维护市场公平竞争和优化人才资源配置等经济效果。"", ""source"": ""05_reports/suite_identity_culture_repair_audit.csv""}",future_baodian_intake_target_component,suite_identity_culture_repair
2025_海淀_期末,2025,海淀,期末,22#B4_CULTURE_COMPONENT,22,target_component,B4_CULTURE,subjective,/Users/wanglifei/Desktop/2025模拟题/2025各区期末/2025海淀期末/试卷/试卷.docx | /Users/wanglifei/Desktop/2025模拟题/2025各区期末/2025海淀期末/细则/细则.pptx,paper|rubric,included,05_reports/suite_identity_culture_repair_audit.csv,"{""rule_id"": ""FINAL_Q22_B4_CULTURE_COMPONENT_YUGONG_SPIRIT"", ""matched_terms"": ""中华优秀传统文化,中华民族精神,愚公精神"", ""basis"": ""第 22 题细则明列中华优秀传统文化、中华民族精神；民族精神属于文化，必须抽入文化组件。"", ""source"": ""05_reports/suite_identity_culture_repair_audit.csv""}",future_baodian_intake_target_component,suite_identity_culture_repair
2025_海淀_期末,2025,海淀,期末,22#B3_COMPONENT,22,target_component,B3_POLITICS_RULE_OF_LAW,subjective,/Users/wanglifei/Desktop/2025模拟题/2025各区期末/2025海淀期末/试卷/试卷.docx | /Users/wanglifei/Desktop/2025模拟题/2025各区期末/2025海淀期末/细则/细则.pptx,paper|rubric,included,05_reports/suite_identity_culture_repair_audit.csv,"{""rule_id"": ""FINAL_Q22_B3_COMPONENT_PARTY_PEOPLE"", ""matched_terms"": ""中国共产党的领导,坚持党的领导,坚持以人民为中心"", ""basis"": ""第 22 题细则可选知识包含党的领导和以人民为中心，抽入必修三组件。"", ""source"": ""05_reports/suite_identity_culture_repair_audit.csv""}",future_baodian_intake_target_component,suite_identity_culture_repair
2024_顺义_二模,2024,顺义,二模,19(2)#B3_COMPONENT,19(2),target_component,B3_POLITICS_RULE_OF_LAW,subjective,/Users/wanglifei/Desktop/北京高考政治/reports/必修二三与必修四文化_题源分类准备_20260617_1301/02_text_cache/texts/33010f3bed39e275.txt,paper,included,05_reports/culture_hint_final_component_audit.csv,"{""rule_id"": ""CULTURE_HINT_B3_COMPONENT_NEW_QUALITY_PRODUCTIVE_FORCES_GOVERNMENT"", ""matched_terms"": ""政治与法治,政府职责,以人民为中心,人民美好生活需要"", ""basis"": ""第19(2)问明确含《政治与法治》，细则写到“谋划发展新质生产力是政府的职责所在”“以人民为中心的发展理念”等 B3 采分点。"", ""source"": ""culture_hint_final_component_audit.csv"", ""user_rule"": ""题目和细则中的文化部分必须抽离；民族精神属于文化。""}",future_baodian_intake_target_component,culture_hint_final_component_extraction
2025_西城_一模,2025,西城,一模,4#B2_COMPONENT,4,target_component,B2_ECONOMICS,objective,/Users/wanglifei/Desktop/北京高考政治/reports/必修二三与必修四文化_题源分类准备_20260617_1301/02_text_cache/texts/2542f29bb04e2ae0.txt | /Users/wanglifei/Desktop/北京高考政治/reports/必修二三与必修四文化_题源分类准备_20260617_1301/02_text_cache/texts/2542f29bb04e2ae0.txt,paper+answer_key,included,05_reports/culture_hint_final_component_audit.csv,"{""rule_id"": ""CULTURE_HINT_B2_COMPONENT_INVEST_IN_PEOPLE_AND_THINGS"", ""matched_terms"": ""投资于人,投资于物,经济发展与民生改善,良性循环"", ""basis"": ""答案 D 的正确项 4 明确要求将投资于物和投资于人结合，形成经济发展与民生改善良性循环，抽入 B2 组件。"", ""source"": ""culture_hint_final_component_audit.csv"", ""user_rule"": ""题目和细则中的文化部分必须抽离；民族精神属于文化。""}",future_baodian_intake_target_component,culture_hint_final_component_extraction
2025_海淀_二模,2025,海淀,二模,16#B4_CULTURE_COMPONENT,16,culture_component,B4_CULTURE,subjective,/Users/wanglifei/Desktop/北京高考政治/reports/必修二三与必修四文化_题源分类准备_20260617_1301/02_text_cache/texts/086cafc0d843cdfd.txt,verified_text_cache,included,05_reports/culture_hint_final_component_audit.csv,"{""rule_id"": ""CULTURE_HINT_B4C_COMPONENT_MEMORY_CULTURE_FUNCTION"", ""matched_terms"": ""文化的功能,创造性转化,创新性发展,唐宋八大家"", ""basis"": ""第16题评标实录明确给出“文化的功能/创造性转化创新性发展（1分）”；题面“唐宋八大家”亦是文化记忆材料。"", ""source"": ""culture_hint_final_component_audit.csv"", ""user_rule"": ""题目和细则中的文化部分必须抽离；民族精神属于文化。""}",future_baodian_intake_culture_component,culture_hint_final_component_extraction
2026_丰台_一模,2026,丰台,一模,21#B2_COMPONENT,21,target_component,B2_ECONOMICS,subjective,/Users/wanglifei/Desktop/北京高考政治/reports/必修二三与必修四文化_题源分类准备_20260617_1301/02_text_cache/ocr_absorbed/2026_丰台_一模.txt,verified_text_cache,included,05_reports/culture_hint_final_component_audit.csv,"{""rule_id"": ""CULTURE_HINT_B2_COMPONENT_IDENTIFY_RESPOND_CHANGE_ECONOMY"", ""matched_terms"": ""高质量发展,统一大市场,未来产业,产业链"", ""basis"": ""第21题材料与讲评含高质量发展、统一大市场、未来产业等经济内容，抽入 B2 组件。"", ""source"": ""culture_hint_final_component_audit.csv"", ""user_rule"": ""题目和细则中的文化部分必须抽离；民族精神属于文化。""}",future_baodian_intake_target_component,culture_hint_final_component_extraction
2026_丰台_一模,2026,丰台,一模,21#B3_COMPONENT,21,target_component,B3_POLITICS_RULE_OF_LAW,subjective,/Users/wanglifei/Desktop/北京高考政治/reports/必修二三与必修四文化_题源分类准备_20260617_1301/02_text_cache/texts/26649804f1de31f5.txt,verified_text_cache,included,05_reports/culture_hint_final_component_audit.csv,"{""rule_id"": ""CULTURE_HINT_B3_COMPONENT_IDENTIFY_RESPOND_CHANGE_PARTY_LEADERSHIP"", ""matched_terms"": ""中国共产党领导,党的全面领导,以人民为中心,集中力量办大事"", ""basis"": ""第21题答案/讲评明确“中国共产党领导是中国特色社会主义的本质特征”等政治与法治采分点，抽入 B3 组件。"", ""source"": ""culture_hint_final_component_audit.csv"", ""user_rule"": ""题目和细则中的文化部分必须抽离；民族精神属于文化。""}",future_baodian_intake_target_component,culture_hint_final_component_extraction
2026_丰台_一模,2026,丰台,一模,21#B4_CULTURE_COMPONENT,21,culture_component,B4_CULTURE,subjective,/Users/wanglifei/Desktop/北京高考政治/reports/必修二三与必修四文化_题源分类准备_20260617_1301/02_text_cache/texts/26649804f1de31f5.txt,verified_text_cache,included,05_reports/culture_hint_final_component_audit.csv,"{""rule_id"": ""CULTURE_HINT_B4C_COMPONENT_TRADITIONAL_CULTURE_WISDOM"", ""matched_terms"": ""中华优秀传统文化,哲学智慧,历史主动精神"", ""basis"": ""第21题讲评写到“深深根植于中华优秀传统文化的哲学智慧”；按用户提示，综合题中明确文化采分点需单独抽入文化组件。"", ""source"": ""culture_hint_final_component_audit.csv"", ""user_rule"": ""题目和细则中的文化部分必须抽离；民族精神属于文化。""}",future_baodian_intake_culture_component,culture_hint_final_component_extraction
2026_丰台_期末,2026,丰台,期末,16#B4_CULTURE_COMPONENT,16,culture_component,B4_CULTURE,subjective,/Users/wanglifei/Desktop/北京高考政治/reports/必修二三与必修四文化_题源分类准备_20260617_1301/02_text_cache/texts/dbc93cbfd3a93eff.txt,verified_text_cache,included,05_reports/culture_hint_final_component_audit.csv,"{""rule_id"": ""CULTURE_HINT_B4C_COMPONENT_LIUBAI_CHINESE_AESTHETIC_WISDOM"", ""matched_terms"": ""留白,中华优秀传统文化,美学智慧,审美特质,中华文化"", ""basis"": ""第16题细则专列文化角度：留白是中华优秀传统文化的美学智慧与审美特质，彰显中华文化独特魅力与精神价值。"", ""source"": ""culture_hint_final_component_audit.csv"", ""user_rule"": ""题目和细则中的文化部分必须抽离；民族精神属于文化。""}",future_baodian_intake_culture_component,culture_hint_final_component_extraction
2026_丰台_一模,2026,丰台,一模,1#B3_COMPONENT,1,target_component,B3_POLITICS_RULE_OF_LAW,objective,/Users/wanglifei/Desktop/北京高考政治/reports/必修二三与必修四文化_题源分类准备_20260617_1301/02_text_cache/ocr_absorbed/2026_丰台_一模.txt | /Users/wanglifei/Desktop/北京高考政治/选必三逻辑与思维_四线从0重跑_2026-05-04/02_extraction/supplemental_answer_sources/2026北京丰台高三一模政治试题有答案_北京高考在线.txt | /Users/wanglifei/Desktop/北京高考政治/reports/必修二三与必修四文化_题源分类准备_20260617_1301/05_reports/rendered_evidence/2026_fengtai_firstmock_answer_page-09.png,paper+answer_key+rendered_answer_page,included,05_reports/final_answer_key_component_audit.csv,"{""rule_id"": ""FINAL_KEY_B3_COMPONENT_PARTY_LEADERSHIP_Q1"", ""matched_terms"": ""党的全面领导,中国式现代化,行稳致远"", ""basis"": ""第1题答案 B 的正确项①明确“坚持党的全面领导确保中国式现代化行稳致远”，属于必修三党的领导采分点；该组件供后续 B3 宝典接手。"", ""source"": ""final_answer_key_component_audit.csv"", ""user_rule"": ""客观题有可靠答案键后，正确项中的目标模块必须抽成组件；题目和细则中的文化部分仍单独抽离。""}",future_baodian_intake_target_component,final_answer_key_component_extraction
2026_海淀_期中,2026,海淀,期中,1,,question,B1_EXCLUDED,objective,/Users/wanglifei/Desktop/2026模拟题/2026各区期末和期中/2026海淀期中/试卷/试卷.docx,paper,module-boundary-excluded,05_reports/prompt_resolution_audit.csv,"{""rule_id"": ""HAIDIAN_2026_MIDTERM_SPLIT_FROM_CONTAMINATED_SUITE"", ""basis"": ""原 2026_海淀_期末 行混入海淀期中文件；本补丁将期中文件行拆回 2026_海淀_期中，保留原目标/边界判定作为期中接手账本。"", ""prior_suite_id"": ""2026_海淀_期末"", ""prior_decision_reason"": ""{\""override\"": \""strict_prompt_resolution\"", \""rule_id\"": \""B1_SOCIALISM_PROMPT\"", \""matched_terms\"": \""中国特色社会主义\"", \""prompt_source\"": \""paper\"", \""prompt\"": \""大国重器,砥定乾坤。2025年9月3日,北京天安门广场举行盛大阅兵仪式,所有受阅装备都是国产现役主战装备,其中无人智能、水下作战等新域新质力量首次大规模集结,展现了我国强大的科技实力和创新能力,受阅武器装备实现历史性跨越。这一历史性跨越 1离不开社会主义革命和建设时期奠定的工业基础 2意味着我国的基本国情与国际地位发生了深刻改变 3表明自主创新是坚持和发展中国特色社会主义的必由之路 4彰显了中国人民捍卫国家主权、安全和发展利益的决心 A.13 B.14 C.23 D.24\"", \""previous_decision\"": \""{\\\""target\\\"": \\\""B2_ECONOMICS\\\"", \\\""target_score\\\"": 0, \\\""boundary\\\"": \\\""B1_EXCLUDED\\\"", \\\""boundary_score\\\"": 1, \\\""matches\\\"": {\\\""B1_EXCLUDED\\\"": \\\""中国特色社会主义\\\""}}\""}""}",exclude_from_three_target_lines,haidian_2026_identity_ocr_culture_patch_midterm_split
2026_海淀_期中,2026,海淀,期中,10,,question,B3_POLITICS_RULE_OF_LAW,objective,/Users/wanglifei/Desktop/2026模拟题/2026各区期末和期中/2026海淀期中/试卷/试卷.docx,paper,included,/Users/wanglifei/Desktop/北京高考政治/reports/必修二三与必修四文化_题源分类准备_20260617_1301/03_question_index/question_candidates.csv,"{""rule_id"": ""HAIDIAN_2026_MIDTERM_SPLIT_FROM_CONTAMINATED_SUITE"", ""basis"": ""原 2026_海淀_期末 行混入海淀期中文件；本补丁将期中文件行拆回 2026_海淀_期中，保留原目标/边界判定作为期中接手账本。"", ""prior_suite_id"": ""2026_海淀_期末"", ""prior_decision_reason"": ""{\""target\"": \""B3_POLITICS_RULE_OF_LAW\"", \""target_score\"": 5, \""boundary\"": \""B4_PHILOSOPHY_EXCLUDED\"", \""boundary_score\"": 0, \""matches\"": {\""B3_POLITICS_RULE_OF_LAW\"": \""民族区域自治,人大常委会,boost:民族区域自治,boost:人大常委会\""}}""}",future_baodian_intake,haidian_2026_identity_ocr_culture_patch_midterm_split
2026_海淀_期中,2026,海淀,期中,11,,question,B4_PHILOSOPHY_EXCLUDED,objective,/Users/wanglifei/Desktop/2026模拟题/2026各区期末和期中/2026海淀期中/试卷/试卷.docx,paper,module-boundary-excluded,/Users/wanglifei/Desktop/北京高考政治/reports/必修二三与必修四文化_题源分类准备_20260617_1301/03_question_index/question_candidates.csv,"{""rule_id"": ""HAIDIAN_2026_MIDTERM_SPLIT_FROM_CONTAMINATED_SUITE"", ""basis"": ""原 2026_海淀_期末 行混入海淀期中文件；本补丁将期中文件行拆回 2026_海淀_期中，保留原目标/边界判定作为期中接手账本。"", ""prior_suite_id"": ""2026_海淀_期末"", ""prior_decision_reason"": ""{\""target\"": \""B2_ECONOMICS\"", \""target_score\"": 0, \""boundary\"": \""B4_PHILOSOPHY_EXCLUDED\"", \""boundary_score\"": 4, \""matches\"": {\""B4_PHILOSOPHY_EXCLUDED\"": \""矛盾,人民群众,boost:矛盾,boost:人民群众\""}}""}",exclude_from_three_target_lines,haidian_2026_identity_ocr_culture_patch_midterm_split
2026_海淀_期中,2026,海淀,期中,12,,question,XB1_EXCLUDED,objective,/Users/wanglifei/Desktop/2026模拟题/2026各区期末和期中/2026海淀期中/试卷/试卷.docx,paper,module-boundary-excluded,05_reports/remaining_strong_cleanup_audit.csv,"{""rule_id"": ""HAIDIAN_2026_MIDTERM_SPLIT_FROM_CONTAMINATED_SUITE"", ""basis"": ""原 2026_海淀_期末 行混入海淀期中文件；本补丁将期中文件行拆回 2026_海淀_期中，保留原目标/边界判定作为期中接手账本。"", ""prior_suite_id"": ""2026_海淀_期末"", ""prior_decision_reason"": ""{\""rule_id\"": \""REMAINING_XB1_GREEN_SILK_ROAD_GLOBAL_GOVERNANCE\"", \""matched_terms\"": \""绿色丝绸之路,全球生态治理,国际共识\"", \""source\"": \""remaining_strong_cleanup_audit.csv\"", \""prior_book_module\"": \""UNKNOWN_OR_MIXED\"", \""prior_status\"": \""blocked\""}""}",exclude_from_three_target_lines,haidian_2026_identity_ocr_culture_patch_midterm_split
2026_海淀_期中,2026,海淀,期中,13,,question,B2_ECONOMICS,objective,/Users/wanglifei/Desktop/2026模拟题/2026各区期末和期中/2026海淀期中/试卷/试卷.docx,paper,included,/Users/wanglifei/Desktop/北京高考政治/reports/必修二三与必修四文化_题源分类准备_20260617_1301/03_question_index/question_candidates.csv,"{""rule_id"": ""HAIDIAN_2026_MIDTERM_SPLIT_FROM_CONTAMINATED_SUITE"", ""basis"": ""原 2026_海淀_期末 行混入海淀期中文件；本补丁将期中文件行拆回 2026_海淀_期中，保留原目标/边界判定作为期中接手账本。"", ""prior_suite_id"": ""2026_海淀_期末"", ""prior_decision_reason"": ""{\""target\"": \""B2_ECONOMICS\"", \""target_score\"": 2, \""boundary\"": \""B4_PHILOSOPHY_EXCLUDED\"", \""boundary_score\"": 0, \""matches\"": {\""B2_ECONOMICS\"": \""高质量发展,boost:高质量发展\""}}""}",future_baodian_intake,haidian_2026_identity_ocr_culture_patch_midterm_split
2026_海淀_期中,2026,海淀,期中,14,,question,XB1_EXCLUDED,objective,/Users/wanglifei/Desktop/2026模拟题/2026各区期末和期中/2026海淀期中/试卷/试卷.docx,paper,module-boundary-excluded,05_reports/prompt_resolution_audit.csv,"{""rule_id"": ""HAIDIAN_2026_MIDTERM_SPLIT_FROM_CONTAMINATED_SUITE"", ""basis"": ""原 2026_海淀_期末 行混入海淀期中文件；本补丁将期中文件行拆回 2026_海淀_期中，保留原目标/边界判定作为期中接手账本。"", ""prior_suite_id"": ""2026_海淀_期末"", ""prior_decision_reason"": ""{\""override\"": \""strict_prompt_resolution\"", \""rule_id\"": \""XB1_INTERNATIONAL_PROMPT\"", \""matched_terms\"": \""贸易自由化\"", \""prompt_source\"": \""paper\"", \""prompt\"": \""海南自贸港全岛封关将于2025年12月18日正式启动。封关是一个海关术语,是指在特定区域实行“‘一线’放开、‘二线’管住、岛内自由”政策。海南自贸港全岛封关 1激发国际市场投资需求,增强国际金融安全 2提高贸易自由化便利化水平,吸引全球优质资源要素 3简化通关流程,弱化岛内监管,释放更多惠企惠民的开放红利 4提高对外开放水平,助力构建面向全球的高标准自由贸易区网络 A.12 B.13 C.24 D34\"", \""previous_decision\"": \""{\\\""target\\\"": \\\""B2_ECONOMICS\\\"", \\\""target_score\\\"": 0, \\\""boundary\\\"": \\\""XB1_EXCLUDED\\\"", \\\""boundary_score\\\"": 1, \\\""matches\\\"": {\\\""XB1_EXCLUDED\\\"": \\\""对外开放\\\""}}\""}""}",exclude_from_three_target_lines,haidian_2026_identity_ocr_culture_patch_midterm_split
2026_海淀_期中,2026,海淀,期中,15,,question,XB1_EXCLUDED,objective,/Users/wanglifei/Desktop/2026模拟题/2026各区期末和期中/2026海淀期中/试卷/试卷.docx,paper,module-boundary-excluded,05_reports/prompt_resolution_audit.csv,"{""rule_id"": ""HAIDIAN_2026_MIDTERM_SPLIT_FROM_CONTAMINATED_SUITE"", ""basis"": ""原 2026_海淀_期末 行混入海淀期中文件；本补丁将期中文件行拆回 2026_海淀_期中，保留原目标/边界判定作为期中接手账本。"", ""prior_suite_id"": ""2026_海淀_期末"", ""prior_decision_reason"": ""{\""override\"": \""strict_prompt_resolution\"", \""rule_id\"": \""XB1_INTERNATIONAL_PROMPT\"", \""matched_terms\"": \""国际社会\"", \""prompt_source\"": \""paper\"", \""prompt\"": \""2025年是中国和欧盟建交50周年中国与欧盟在经济、贸易、科技、文化等诸多领域都有着广泛且深入的合作中欧都是国际社会中的“大个子”。着眼未来,中欧应 1加强全方位对话合作,避免造成分歧差异 2扩大利益汇合点,致力于推进合作、寻求共赢 3坚持亲诚惠容理念,增进双方理解互信 4积极承担全球责任,做变革世界中的建设性力量 A.12 B.13 C.24 D.34 第二部分 本部分共7题,共55分。\"", \""previous_decision\"": \""{\\\""target\\\"": \\\""B4_CULTURE\\\"", \\\""target_score\\\"": 1, \\\""boundary\\\"": \\\""B4_PHILOSOPHY_EXCLUDED\\\"", \\\""boundary_score\\\"": 0, \\\""matches\\\"": {\\\""B4_CULTURE\\\"": \\\""文化\\\""}}\""}""}",exclude_from_three_target_lines,haidian_2026_identity_ocr_culture_patch_midterm_split
2026_海淀_期中,2026,海淀,期中,16,,question,B2_ECONOMICS,subjective,/Users/wanglifei/Desktop/2026模拟题/2026各区期末和期中/2026海淀期中/试卷/试卷.docx,paper,included,/Users/wanglifei/Desktop/北京高考政治/reports/必修二三与必修四文化_题源分类准备_20260617_1301/03_question_index/question_candidates.csv,"{""rule_id"": ""HAIDIAN_2026_MIDTERM_SPLIT_FROM_CONTAMINATED_SUITE"", ""basis"": ""原 2026_海淀_期末 行混入海淀期中文件；本补丁将期中文件行拆回 2026_海淀_期中，保留原目标/边界判定作为期中接手账本。"", ""prior_suite_id"": ""2026_海淀_期末"", ""prior_decision_reason"": ""{\""target\"": \""B2_ECONOMICS\"", \""target_score\"": 6, \""boundary\"": \""B4_PHILOSOPHY_EXCLUDED\"", \""boundary_score\"": 5, \""matches\"": {\""B2_ECONOMICS\"": \""经济与社会,有效市场,有为政府,新发展理念,boost:经济与社会,boost:新发展理念\"", \""B3_POLITICS_RULE_OF_LAW\"": \""政府\"", \""B4_PHILOSOPHY_EXCLUDED\"": \""实践,矛盾,意识的能动作用,boost:矛盾,boost:意识的能动作用\""}}""}",future_baodian_intake,haidian_2026_identity_ocr_culture_patch_midterm_split
2026_海淀_期中,2026,海淀,期中,17,,question,B2_ECONOMICS,subjective,/Users/wanglifei/Desktop/2026模拟题/2026各区期末和期中/2026海淀期中/试卷/试卷.docx,paper,included,/Users/wanglifei/Desktop/北京高考政治/reports/必修二三与必修四文化_题源分类准备_20260617_1301/03_question_index/question_candidates.csv,"{""rule_id"": ""HAIDIAN_2026_MIDTERM_SPLIT_FROM_CONTAMINATED_SUITE"", ""basis"": ""原 2026_海淀_期末 行混入海淀期中文件；本补丁将期中文件行拆回 2026_海淀_期中，保留原目标/边界判定作为期中接手账本。"", ""prior_suite_id"": ""2026_海淀_期末"", ""prior_decision_reason"": ""{\""target\"": \""B2_ECONOMICS\"", \""target_score\"": 6, \""boundary\"": \""B4_PHILOSOPHY_EXCLUDED\"", \""boundary_score\"": 2, \""matches\"": {\""B2_ECONOMICS\"": \""经济与社会,公有制,乡村振兴,boost:经济与社会,boost:公有制,boost:乡村振兴\"", \""B4_CULTURE\"": \""文化,民族精神,boost:民族精神\"", \""B4_PHILOSOPHY_EXCLUDED\"": \""联系的观点,boost:联系的观点\"", \""B1_EXCLUDED\"": \""中国特色社会主义\""}}""}",future_baodian_intake,haidian_2026_identity_ocr_culture_patch_midterm_split
2026_海淀_期中,2026,海淀,期中,18,,question,B3_POLITICS_RULE_OF_LAW,subjective,/Users/wanglifei/Desktop/2026模拟题/2026各区期末和期中/2026海淀期中/试卷/试卷.docx,paper,included,05_reports/source_explicit_cleanup_audit.csv,"{""rule_id"": ""HAIDIAN_2026_MIDTERM_SPLIT_FROM_CONTAMINATED_SUITE"", ""basis"": ""原 2026_海淀_期末 行混入海淀期中文件；本补丁将期中文件行拆回 2026_海淀_期中，保留原目标/边界判定作为期中接手账本。"", ""prior_suite_id"": ""2026_海淀_期末"", ""prior_decision_reason"": ""{\""rule_id\"": \""SOURCE_EXPLICIT_B3_PEOPLE_CITY_GOVERNANCE_PROMPT\"", \""matched_terms\"": \""运用《政治与法治》知识,人民城市,党建引领,人大代表,政府治理\"", \""source\"": \""source_explicit_cleanup_audit.csv\"", \""prior_book_module\"": \""UNKNOWN_OR_MIXED\"", \""prior_status\"": \""blocked\""}""}",future_baodian_intake,haidian_2026_identity_ocr_culture_patch_midterm_split
2026_海淀_期中,2026,海淀,期中,19,,question,B3_POLITICS_RULE_OF_LAW,subjective,/Users/wanglifei/Desktop/2026模拟题/2026各区期末和期中/2026海淀期中/试卷/试卷.docx,paper,included,05_reports/source_explicit_cleanup_audit.csv,"{""rule_id"": ""HAIDIAN_2026_MIDTERM_SPLIT_FROM_CONTAMINATED_SUITE"", ""basis"": ""原 2026_海淀_期末 行混入海淀期中文件；本补丁将期中文件行拆回 2026_海淀_期中，保留原目标/边界判定作为期中接手账本。"", ""prior_suite_id"": ""2026_海淀_期末"", ""prior_decision_reason"": ""{\""rule_id\"": \""SOURCE_EXPLICIT_B3_TWO_COMMITTEES_LAW_PROMPT\"", \""matched_terms\"": \""运用《政治与法治》知识,村民委员会组织法,居民委员会组织法,基层群众自治\"", \""source\"": \""source_explicit_cleanup_audit.csv\"", \""prior_book_module\"": \""UNKNOWN_OR_MIXED\"", \""prior_status\"": \""blocked\""}""}",future_baodian_intake,haidian_2026_identity_ocr_culture_patch_midterm_split
2026_海淀_期中,2026,海淀,期中,2,,question,B2_ECONOMICS,objective,/Users/wanglifei/Desktop/2026模拟题/2026各区期末和期中/2026海淀期中/试卷/试卷.docx,paper,included,/Users/wanglifei/Desktop/北京高考政治/reports/必修二三与必修四文化_题源分类准备_20260617_1301/03_question_index/question_candidates.csv,"{""rule_id"": ""HAIDIAN_2026_MIDTERM_SPLIT_FROM_CONTAMINATED_SUITE"", ""basis"": ""原 2026_海淀_期末 行混入海淀期中文件；本补丁将期中文件行拆回 2026_海淀_期中，保留原目标/边界判定作为期中接手账本。"", ""prior_suite_id"": ""2026_海淀_期末"", ""prior_decision_reason"": ""{\""target\"": \""B2_ECONOMICS\"", \""target_score\"": 7, \""boundary\"": \""B4_PHILOSOPHY_EXCLUDED\"", \""boundary_score\"": 0, \""matches\"": {\""B2_ECONOMICS\"": \""民营经济,民营企业,boost:民营经济\"", \""B3_POLITICS_RULE_OF_LAW\"": \""法院\""}}""}",future_baodian_intake,haidian_2026_identity_ocr_culture_patch_midterm_split
2026_海淀_期中,2026,海淀,期中,20,,question,B3_POLITICS_RULE_OF_LAW,subjective,/Users/wanglifei/Desktop/2026模拟题/2026各区期末和期中/2026海淀期中/试卷/试卷.docx,paper,included,05_reports/source_explicit_cleanup_audit.csv,"{""rule_id"": ""HAIDIAN_2026_MIDTERM_SPLIT_FROM_CONTAMINATED_SUITE"", ""basis"": ""原 2026_海淀_期末 行混入海淀期中文件；本补丁将期中文件行拆回 2026_海淀_期中，保留原目标/边界判定作为期中接手账本。"", ""prior_suite_id"": ""2026_海淀_期末"", ""prior_decision_reason"": ""{\""rule_id\"": \""SOURCE_EXPLICIT_B3_RED_RESOURCE_PROCURATORATE_PROMPT\"", \""matched_terms\"": \""运用《政治与法治》知识,检察公益诉讼,行政机关依法履职,文物保护\"", \""source\"": \""source_explicit_cleanup_audit.csv\"", \""prior_book_module\"": \""UNKNOWN_OR_MIXED\"", \""prior_status\"": \""blocked\""}""}",future_baodian_intake,haidian_2026_identity_ocr_culture_patch_midterm_split
2026_海淀_期中,2026,海淀,期中,21,,question,XB1_EXCLUDED,subjective,/Users/wanglifei/Desktop/2026模拟题/2026各区期末和期中/2026海淀期中/试卷/试卷.docx,paper,module-boundary-excluded,/Users/wanglifei/Desktop/北京高考政治/reports/必修二三与必修四文化_题源分类准备_20260617_1301/03_question_index/question_candidates.csv,"{""rule_id"": ""HAIDIAN_2026_MIDTERM_SPLIT_FROM_CONTAMINATED_SUITE"", ""basis"": ""原 2026_海淀_期末 行混入海淀期中文件；本补丁将期中文件行拆回 2026_海淀_期中，保留原目标/边界判定作为期中接手账本。"", ""prior_suite_id"": ""2026_海淀_期末"", ""prior_decision_reason"": ""{\""target\"": \""B2_ECONOMICS\"", \""target_score\"": 14, \""boundary\"": \""XB1_EXCLUDED\"", \""boundary_score\"": 29, \""matches\"": {\""B2_ECONOMICS\"": \""经济职能,消费,产业发展,boost:经济职能\"", \""B3_POLITICS_RULE_OF_LAW\"": \""党的领导,政府,boost:党的领导\"", \""B4_PHILOSOPHY_EXCLUDED\"": \""矛盾,boost:矛盾\"", \""XB1_EXCLUDED\"": \""当代国际政治与经济,联合国,全球治理,和平与发展,人类命运共同体,国际组织,boost:当代国际政治与经济,boost:联合国,boost:全球治理,boost:和平与发展,boost:人类命运共同体,boost:国际组织\""}, \""explicit_boundary_modules\"": {\""XB1_EXCLUDED\"": [\""当代国际政治与经济\"", \""联合国\"", \""全球治理\"", \""人类命运共同体\"", \""国际组织\""]}, \""override\"": \""explicit_boundary_term\""}""}",exclude_from_three_target_lines,haidian_2026_identity_ocr_culture_patch_midterm_split
2026_海淀_期中,2026,海淀,期中,3,,question,B3_POLITICS_RULE_OF_LAW,objective,/Users/wanglifei/Desktop/2026模拟题/2026各区期末和期中/2026海淀期中/试卷/试卷.docx,paper,included,/Users/wanglifei/Desktop/北京高考政治/reports/必修二三与必修四文化_题源分类准备_20260617_1301/03_question_index/question_candidates.csv,"{""rule_id"": ""HAIDIAN_2026_MIDTERM_SPLIT_FROM_CONTAMINATED_SUITE"", ""basis"": ""原 2026_海淀_期末 行混入海淀期中文件；本补丁将期中文件行拆回 2026_海淀_期中，保留原目标/边界判定作为期中接手账本。"", ""prior_suite_id"": ""2026_海淀_期末"", ""prior_decision_reason"": ""{\""target\"": \""B3_POLITICS_RULE_OF_LAW\"", \""target_score\"": 2, \""boundary\"": \""B4_PHILOSOPHY_EXCLUDED\"", \""boundary_score\"": 0, \""matches\"": {\""B3_POLITICS_RULE_OF_LAW\"": \""政府\""}}""}",future_baodian_intake,haidian_2026_identity_ocr_culture_patch_midterm_split
2026_海淀_期中,2026,海淀,期中,4,,question,B2_ECONOMICS,objective,/Users/wanglifei/Desktop/2026模拟题/2026各区期末和期中/2026海淀期中/试卷/试卷.docx,paper,included,/Users/wanglifei/Desktop/北京高考政治/reports/必修二三与必修四文化_题源分类准备_20260617_1301/03_question_index/question_candidates.csv,"{""rule_id"": ""HAIDIAN_2026_MIDTERM_SPLIT_FROM_CONTAMINATED_SUITE"", ""basis"": ""原 2026_海淀_期末 行混入海淀期中文件；本补丁将期中文件行拆回 2026_海淀_期中，保留原目标/边界判定作为期中接手账本。"", ""prior_suite_id"": ""2026_海淀_期末"", ""prior_decision_reason"": ""{\""target\"": \""B2_ECONOMICS\"", \""target_score\"": 13, \""boundary\"": \""B4_PHILOSOPHY_EXCLUDED\"", \""boundary_score\"": 0, \""matches\"": {\""B2_ECONOMICS\"": \""社会保障,就业,劳动者,人力资源,boost:社会保障,boost:就业\""}}""}",future_baodian_intake,haidian_2026_identity_ocr_culture_patch_midterm_split
2026_海淀_期中,2026,海淀,期中,5,,question,XB2_EXCLUDED,objective,/Users/wanglifei/Desktop/2026模拟题/2026各区期末和期中/2026海淀期中/试卷/试卷.docx,paper,module-boundary-excluded,/Users/wanglifei/Desktop/北京高考政治/reports/必修二三与必修四文化_题源分类准备_20260617_1301/03_question_index/question_candidates.csv,"{""rule_id"": ""HAIDIAN_2026_MIDTERM_SPLIT_FROM_CONTAMINATED_SUITE"", ""basis"": ""原 2026_海淀_期末 行混入海淀期中文件；本补丁将期中文件行拆回 2026_海淀_期中，保留原目标/边界判定作为期中接手账本。"", ""prior_suite_id"": ""2026_海淀_期末"", ""prior_decision_reason"": ""{\""target\"": \""B4_CULTURE\"", \""target_score\"": 3, \""boundary\"": \""XB2_EXCLUDED\"", \""boundary_score\"": 2, \""matches\"": {\""B4_CULTURE\"": \""文化\"", \""XB2_EXCLUDED\"": \""知识产权,boost:知识产权\""}, \""explicit_boundary_modules\"": {\""XB2_EXCLUDED\"": [\""知识产权\""]}, \""override\"": \""explicit_boundary_term\""}""}",exclude_from_three_target_lines,haidian_2026_identity_ocr_culture_patch_midterm_split
2026_海淀_期中,2026,海淀,期中,6,,question,B2_ECONOMICS,objective,/Users/wanglifei/Desktop/2026模拟题/2026各区期末和期中/2026海淀期中/试卷/试卷.docx,paper,included,/Users/wanglifei/Desktop/北京高考政治/reports/必修二三与必修四文化_题源分类准备_20260617_1301/03_question_index/question_candidates.csv,"{""rule_id"": ""HAIDIAN_2026_MIDTERM_SPLIT_FROM_CONTAMINATED_SUITE"", ""basis"": ""原 2026_海淀_期末 行混入海淀期中文件；本补丁将期中文件行拆回 2026_海淀_期中，保留原目标/边界判定作为期中接手账本。"", ""prior_suite_id"": ""2026_海淀_期末"", ""prior_decision_reason"": ""{\""target\"": \""B2_ECONOMICS\"", \""target_score\"": 7, \""boundary\"": \""B4_PHILOSOPHY_EXCLUDED\"", \""boundary_score\"": 1, \""matches\"": {\""B2_ECONOMICS\"": \""收入分配,就业,boost:收入分配,boost:就业\"", \""B3_POLITICS_RULE_OF_LAW\"": \""政府\"", \""B4_PHILOSOPHY_EXCLUDED\"": \""认识\""}}""}",future_baodian_intake,haidian_2026_identity_ocr_culture_patch_midterm_split
2026_海淀_期中,2026,海淀,期中,7,,question,B3_POLITICS_RULE_OF_LAW,objective,/Users/wanglifei/Desktop/2026模拟题/2026各区期末和期中/2026海淀期中/试卷/试卷.docx,paper,included,05_reports/strong_blocker_resolution_audit.csv,"{""rule_id"": ""HAIDIAN_2026_MIDTERM_SPLIT_FROM_CONTAMINATED_SUITE"", ""basis"": ""原 2026_海淀_期末 行混入海淀期中文件；本补丁将期中文件行拆回 2026_海淀_期中，保留原目标/边界判定作为期中接手账本。"", ""prior_suite_id"": ""2026_海淀_期末"", ""prior_decision_reason"": ""{\""rule_id\"": \""STRONG_BLOCKER_B3_PARTY_STYLE_GOVERNANCE\"", \""matched_terms\"": \""中国共产党,延安作风,全面从严治党\"", \""source\"": \""strong_blocker_resolution_review.csv\"", \""evidence_source_type\"": \""paper\"", \""prior_status\"": \""blocked\"", \""prior_next_action\"": \""manual_review_needed\""}""}",future_baodian_intake,haidian_2026_identity_ocr_culture_patch_midterm_split
2026_海淀_期中,2026,海淀,期中,8,,question,B3_POLITICS_RULE_OF_LAW,objective,/Users/wanglifei/Desktop/2026模拟题/2026各区期末和期中/2026海淀期中/试卷/试卷.docx,paper,included,/Users/wanglifei/Desktop/北京高考政治/reports/必修二三与必修四文化_题源分类准备_20260617_1301/03_question_index/question_candidates.csv,"{""rule_id"": ""HAIDIAN_2026_MIDTERM_SPLIT_FROM_CONTAMINATED_SUITE"", ""basis"": ""原 2026_海淀_期末 行混入海淀期中文件；本补丁将期中文件行拆回 2026_海淀_期中，保留原目标/边界判定作为期中接手账本。"", ""prior_suite_id"": ""2026_海淀_期末"", ""prior_decision_reason"": ""{\""target\"": \""B3_POLITICS_RULE_OF_LAW\"", \""target_score\"": 21, \""boundary\"": \""B4_PHILOSOPHY_EXCLUDED\"", \""boundary_score\"": 0, \""matches\"": {\""B2_ECONOMICS\"": \""高质量发展,财政,就业,劳动者,boost:高质量发展,boost:财政,boost:就业\"", \""B3_POLITICS_RULE_OF_LAW\"": \""人大代表,政协,协商民主,法治国家,全国人大,全国人大常委会,人大常委会,boost:人大代表,boost:政协,boost:协商民主,boost:法治国家,boost:全国人大\""}}""}",future_baodian_intake,haidian_2026_identity_ocr_culture_patch_midterm_split
2026_海淀_期中,2026,海淀,期中,9,,question,B3_POLITICS_RULE_OF_LAW,objective,/Users/wanglifei/Desktop/2026模拟题/2026各区期末和期中/2026海淀期中/试卷/试卷.docx,paper,included,/Users/wanglifei/Desktop/北京高考政治/reports/必修二三与必修四文化_题源分类准备_20260617_1301/03_question_index/question_candidates.csv,"{""rule_id"": ""HAIDIAN_2026_MIDTERM_SPLIT_FROM_CONTAMINATED_SUITE"", ""basis"": ""原 2026_海淀_期末 行混入海淀期中文件；本补丁将期中文件行拆回 2026_海淀_期中，保留原目标/边界判定作为期中接手账本。"", ""prior_suite_id"": ""2026_海淀_期末"", ""prior_decision_reason"": ""{\""target\"": \""B3_POLITICS_RULE_OF_LAW\"", \""target_score\"": 4, \""boundary\"": \""B4_PHILOSOPHY_EXCLUDED\"", \""boundary_score\"": 3, \""matches\"": {\""B3_POLITICS_RULE_OF_LAW\"": \""协商民主,全过程人民民主,boost:协商民主,boost:全过程人民民主\"", \""B4_PHILOSOPHY_EXCLUDED\"": \""实践,人民群众,boost:人民群众\""}}""}",future_baodian_intake,haidian_2026_identity_ocr_culture_patch_midterm_split
2026_海淀_期末,2026,海淀,期末,1,,question,B4_PHILOSOPHY_EXCLUDED,objective,/Users/wanglifei/Desktop/北京高考政治/reports/必修二三与必修四文化_题源分类准备_20260617_1301/02_text_cache/ocr_cache/2026_海淀_期末_试卷/试卷.ocr.txt,paper_ocr|rubric|answer_key,module-boundary-excluded,05_reports/haidian_2026_identity_ocr_culture_patch_audit.csv,"{""rule_id"": ""HAIDIAN_2026_FINAL_Q1_B4P_GNOMON_TIME"", ""matched_terms"": ""答案B,圭表,测量智慧,社会实践"", ""basis"": ""正确项①④分别指向古代测量智慧与社会实践/历史条件，主知识落点为哲学与实践，不单列文化组件。"", ""source"": ""05_reports/haidian_2026_identity_ocr_culture_patch_audit.csv""}",exclude_from_three_target_lines,haidian_2026_identity_ocr_culture_patch
2026_海淀_期末,2026,海淀,期末,2,,question,B4_PHILOSOPHY_EXCLUDED,objective,/Users/wanglifei/Desktop/北京高考政治/reports/必修二三与必修四文化_题源分类准备_20260617_1301/02_text_cache/ocr_cache/2026_海淀_期末_试卷/试卷.ocr.txt,paper_ocr|rubric|answer_key,module-boundary-excluded,05_reports/haidian_2026_identity_ocr_culture_patch_audit.csv,"{""rule_id"": ""HAIDIAN_2026_FINAL_Q2_PARENT_AFTER_B3"", ""matched_terms"": ""答案A,全面观点,为人民服务政治本色"", ""basis"": ""正确项①为全面观点，③为党员干部政治本色；B3 目标点另抽组件，父题余项按哲学边界关闭。"", ""source"": ""05_reports/haidian_2026_identity_ocr_culture_patch_audit.csv""}",exclude_from_three_target_lines,haidian_2026_identity_ocr_culture_patch
2026_海淀_期末,2026,海淀,期末,3,,question,B4_PHILOSOPHY_EXCLUDED,objective,/Users/wanglifei/Desktop/北京高考政治/reports/必修二三与必修四文化_题源分类准备_20260617_1301/02_text_cache/ocr_cache/2026_海淀_期末_试卷/试卷.ocr.txt,paper_ocr|rubric|answer_key,module-boundary-excluded,05_reports/haidian_2026_identity_ocr_culture_patch_audit.csv,"{""rule_id"": ""HAIDIAN_2026_FINAL_Q3_AI_TOOL_RECOGNITION"", ""matched_terms"": ""答案A,研究工具,表演规律认识"", ""basis"": ""正确项强调人工智能作为研究工具深化认识，归入哲学/认识论边界。"", ""source"": ""05_reports/haidian_2026_identity_ocr_culture_patch_audit.csv""}",exclude_from_three_target_lines,haidian_2026_identity_ocr_culture_patch
2026_海淀_期末,2026,海淀,期末,4,,question,B2_ECONOMICS,objective,/Users/wanglifei/Desktop/北京高考政治/reports/必修二三与必修四文化_题源分类准备_20260617_1301/02_text_cache/ocr_cache/2026_海淀_期末_试卷/试卷.ocr.txt,paper_ocr|rubric|answer_key,included,05_reports/haidian_2026_identity_ocr_culture_patch_audit.csv,"{""rule_id"": ""HAIDIAN_2026_FINAL_Q4_HUMANISTIC_ECONOMICS"", ""matched_terms"": ""答案C,人民福祉,文化繁荣与经济发展"", ""basis"": ""新时代人文经济学正确项含以人民福祉为出发点、文化繁荣与经济发展统一；主链抽入 B2，文化点另抽组件。"", ""source"": ""05_reports/haidian_2026_identity_ocr_culture_patch_audit.csv""}",future_baodian_intake,haidian_2026_identity_ocr_culture_patch
2026_海淀_期末,2026,海淀,期末,5,,question,B4_CULTURE,objective,/Users/wanglifei/Desktop/北京高考政治/reports/必修二三与必修四文化_题源分类准备_20260617_1301/02_text_cache/ocr_cache/2026_海淀_期末_试卷/试卷.ocr.txt,paper_ocr|rubric|answer_key,included,05_reports/haidian_2026_identity_ocr_culture_patch_audit.csv,"{""rule_id"": ""HAIDIAN_2026_FINAL_Q5_CULTURE_FAIR"", ""matched_terms"": ""答案D,文化交流互鉴,中华文明传播力影响力,文化自信"", ""basis"": ""文化产业博览交易会正确项③④明确文化交流互鉴、中华文明传播和文化自信，整题进入 B4_CULTURE。"", ""source"": ""05_reports/haidian_2026_identity_ocr_culture_patch_audit.csv""}",future_baodian_intake,haidian_2026_identity_ocr_culture_patch
2026_海淀_期末,2026,海淀,期末,6,,question,XB2_EXCLUDED,objective,/Users/wanglifei/Desktop/北京高考政治/reports/必修二三与必修四文化_题源分类准备_20260617_1301/02_text_cache/ocr_cache/2026_海淀_期末_试卷/试卷.ocr.txt,paper_ocr|rubric|answer_key,module-boundary-excluded,05_reports/haidian_2026_identity_ocr_culture_patch_audit.csv,"{""rule_id"": ""HAIDIAN_2026_FINAL_Q6_TRADE_SECRET"", ""matched_terms"": ""答案C,商业秘密,侵权责任"", ""basis"": ""商业秘密侵权题，属于《法律与生活》。"", ""source"": ""05_reports/haidian_2026_identity_ocr_culture_patch_audit.csv""}",exclude_from_three_target_lines,haidian_2026_identity_ocr_culture_patch
2026_海淀_期末,2026,海淀,期末,7,,question,XB2_EXCLUDED,objective,/Users/wanglifei/Desktop/北京高考政治/reports/必修二三与必修四文化_题源分类准备_20260617_1301/02_text_cache/ocr_cache/2026_海淀_期末_试卷/试卷.ocr.txt,paper_ocr|rubric|answer_key,module-boundary-excluded,05_reports/haidian_2026_identity_ocr_culture_patch_audit.csv,"{""rule_id"": ""HAIDIAN_2026_FINAL_Q7_TORT_TRAFFIC"", ""matched_terms"": ""答案D,注意义务,赔礼道歉,赔偿损失"", ""basis"": ""交通侵权责任题，属于《法律与生活》。"", ""source"": ""05_reports/haidian_2026_identity_ocr_culture_patch_audit.csv""}",exclude_from_three_target_lines,haidian_2026_identity_ocr_culture_patch
2026_海淀_期末,2026,海淀,期末,8,,question,XB2_EXCLUDED,objective,/Users/wanglifei/Desktop/北京高考政治/reports/必修二三与必修四文化_题源分类准备_20260617_1301/02_text_cache/ocr_cache/2026_海淀_期末_试卷/试卷.ocr.txt,paper_ocr|rubric|answer_key,module-boundary-excluded,05_reports/haidian_2026_identity_ocr_culture_patch_audit.csv,"{""rule_id"": ""HAIDIAN_2026_FINAL_Q8_MARRIAGE_REGISTRATION"", ""matched_terms"": ""答案A,婚姻登记条例,个人信息"", ""basis"": ""婚姻登记条例与婚姻家庭服务题，属于《法律与生活》。"", ""source"": ""05_reports/haidian_2026_identity_ocr_culture_patch_audit.csv""}",exclude_from_three_target_lines,haidian_2026_identity_ocr_culture_patch
2026_海淀_期末,2026,海淀,期末,9,,question,XB2_EXCLUDED,objective,/Users/wanglifei/Desktop/北京高考政治/reports/必修二三与必修四文化_题源分类准备_20260617_1301/02_text_cache/ocr_cache/2026_海淀_期末_试卷/试卷.ocr.txt,paper_ocr|rubric|answer_key,module-boundary-excluded,05_reports/haidian_2026_identity_ocr_culture_patch_audit.csv,"{""rule_id"": ""HAIDIAN_2026_FINAL_Q9_LABOR_RELATION"", ""matched_terms"": ""答案D,劳动合同,劳动争议"", ""basis"": ""劳动关系与劳动争议题，属于《法律与生活》。"", ""source"": ""05_reports/haidian_2026_identity_ocr_culture_patch_audit.csv""}",exclude_from_three_target_lines,haidian_2026_identity_ocr_culture_patch
2026_海淀_期末,2026,海淀,期末,10,,question,XB2_EXCLUDED,objective,/Users/wanglifei/Desktop/北京高考政治/reports/必修二三与必修四文化_题源分类准备_20260617_1301/02_text_cache/ocr_cache/2026_海淀_期末_试卷/试卷.ocr.txt,paper_ocr|rubric|answer_key,module-boundary-excluded,05_reports/haidian_2026_identity_ocr_culture_patch_audit.csv,"{""rule_id"": ""HAIDIAN_2026_FINAL_Q10_RETURN_POLICY"", ""matched_terms"": ""答案B,诚信原则,消费者权益"", ""basis"": ""消费者权益与市场规则题，属于《法律与生活》。"", ""source"": ""05_reports/haidian_2026_identity_ocr_culture_patch_audit.csv""}",exclude_from_three_target_lines,haidian_2026_identity_ocr_culture_patch
2026_海淀_期末,2026,海淀,期末,11,,question,XB3_EXCLUDED,objective,/Users/wanglifei/Desktop/北京高考政治/reports/必修二三与必修四文化_题源分类准备_20260617_1301/02_text_cache/ocr_cache/2026_海淀_期末_试卷/试卷.ocr.txt,paper_ocr|rubric|answer_key,module-boundary-excluded,05_reports/haidian_2026_identity_ocr_culture_patch_audit.csv,"{""rule_id"": ""HAIDIAN_2026_FINAL_Q11_LOGIC_ATTENTION"", ""matched_terms"": ""答案B,谓项周延,类比推理"", ""basis"": ""概念、判断、推理题，属于《逻辑与思维》。"", ""source"": ""05_reports/haidian_2026_identity_ocr_culture_patch_audit.csv""}",exclude_from_three_target_lines,haidian_2026_identity_ocr_culture_patch
2026_海淀_期末,2026,海淀,期末,12,,question,XB3_EXCLUDED,objective,/Users/wanglifei/Desktop/北京高考政治/reports/必修二三与必修四文化_题源分类准备_20260617_1301/02_text_cache/ocr_cache/2026_海淀_期末_试卷/试卷.ocr.txt,paper_ocr|rubric|answer_key,module-boundary-excluded,05_reports/haidian_2026_identity_ocr_culture_patch_audit.csv,"{""rule_id"": ""HAIDIAN_2026_FINAL_Q12_SYLLOGISM"", ""matched_terms"": ""答案C,三段论"", ""basis"": ""三段论推理题，属于《逻辑与思维》。"", ""source"": ""05_reports/haidian_2026_identity_ocr_culture_patch_audit.csv""}",exclude_from_three_target_lines,haidian_2026_identity_ocr_culture_patch
2026_海淀_期末,2026,海淀,期末,13,,question,XB3_EXCLUDED,objective,/Users/wanglifei/Desktop/北京高考政治/reports/必修二三与必修四文化_题源分类准备_20260617_1301/02_text_cache/ocr_cache/2026_海淀_期末_试卷/试卷.ocr.txt,paper_ocr|rubric|answer_key,module-boundary-excluded,05_reports/haidian_2026_identity_ocr_culture_patch_audit.csv,"{""rule_id"": ""HAIDIAN_2026_FINAL_Q13_INDUCTION_METHOD"", ""matched_terms"": ""答案C,求异法,调查对象"", ""basis"": ""归纳推理与探究方案题，属于《逻辑与思维》。"", ""source"": ""05_reports/haidian_2026_identity_ocr_culture_patch_audit.csv""}",exclude_from_three_target_lines,haidian_2026_identity_ocr_culture_patch
2026_海淀_期末,2026,海淀,期末,14,,question,XB3_EXCLUDED,objective,/Users/wanglifei/Desktop/北京高考政治/reports/必修二三与必修四文化_题源分类准备_20260617_1301/02_text_cache/ocr_cache/2026_海淀_期末_试卷/试卷.ocr.txt,paper_ocr|rubric|answer_key,module-boundary-excluded,05_reports/haidian_2026_identity_ocr_culture_patch_audit.csv,"{""rule_id"": ""HAIDIAN_2026_FINAL_Q14_RESEARCH_CONCLUSION"", ""matched_terms"": ""答案B,研究结论条件性"", ""basis"": ""科学思维/归纳结论可靠性题，属于《逻辑与思维》。"", ""source"": ""05_reports/haidian_2026_identity_ocr_culture_patch_audit.csv""}",exclude_from_three_target_lines,haidian_2026_identity_ocr_culture_patch
2026_海淀_期末,2026,海淀,期末,15,,question,XB3_EXCLUDED,objective,/Users/wanglifei/Desktop/北京高考政治/reports/必修二三与必修四文化_题源分类准备_20260617_1301/02_text_cache/ocr_cache/2026_海淀_期末_试卷/试卷.ocr.txt,paper_ocr|rubric|answer_key,module-boundary-excluded,05_reports/haidian_2026_identity_ocr_culture_patch_audit.csv,"{""rule_id"": ""HAIDIAN_2026_FINAL_Q15_TRAVEL_PLATFORM"", ""matched_terms"": ""答案D,公共服务供给,综合思维"", ""basis"": ""统一旅游预约平台正确项含公共服务与综合思维，XB3 余项为主；B3 不单列，避免把公共服务背景强行当采分点。"", ""source"": ""05_reports/haidian_2026_identity_ocr_culture_patch_audit.csv""}",exclude_from_three_target_lines,haidian_2026_identity_ocr_culture_patch
2026_海淀_期末,2026,海淀,期末,16,,question,B4_PHILOSOPHY_EXCLUDED,subjective,/Users/wanglifei/Desktop/北京高考政治/reports/必修二三与必修四文化_题源分类准备_20260617_1301/02_text_cache/ocr_cache/2026_海淀_期末_试卷/试卷.ocr.txt,paper_ocr|rubric|answer_key,module-boundary-excluded,05_reports/haidian_2026_identity_ocr_culture_patch_audit.csv,"{""rule_id"": ""HAIDIAN_2026_FINAL_Q16_DIGITAL_NATIVES"", ""matched_terms"": ""矛盾观点,意识能动作用,实践观点"", ""basis"": ""设问明确从哲学角度作答，细则为哲学知识，非文化目标线。"", ""source"": ""05_reports/haidian_2026_identity_ocr_culture_patch_audit.csv""}",exclude_from_three_target_lines,haidian_2026_identity_ocr_culture_patch
2026_海淀_期末,2026,海淀,期末,17,,question,B4_PHILOSOPHY_EXCLUDED,subjective,/Users/wanglifei/Desktop/北京高考政治/reports/必修二三与必修四文化_题源分类准备_20260617_1301/02_text_cache/ocr_cache/2026_海淀_期末_试卷/试卷.ocr.txt,paper_ocr|rubric|answer_key,module-boundary-excluded,05_reports/haidian_2026_identity_ocr_culture_patch_audit.csv,"{""rule_id"": ""HAIDIAN_2026_FINAL_Q17_PARENT_AFTER_CULTURE"", ""matched_terms"": ""联系观点,价值观,红色文化,民族精神"", ""basis"": ""第17题《哲学与文化》混合；红色文化、民族精神和中国特色社会主义文化另抽 B4_CULTURE 组件，父题余项按哲学边界关闭。"", ""source"": ""05_reports/haidian_2026_identity_ocr_culture_patch_audit.csv""}",exclude_from_three_target_lines,haidian_2026_identity_ocr_culture_patch
2026_海淀_期末,2026,海淀,期末,18,,question,XB2_EXCLUDED,subjective,/Users/wanglifei/Desktop/北京高考政治/reports/必修二三与必修四文化_题源分类准备_20260617_1301/02_text_cache/ocr_cache/2026_海淀_期末_试卷/试卷.ocr.txt,paper_ocr|rubric|answer_key,module-boundary-excluded,05_reports/haidian_2026_identity_ocr_culture_patch_audit.csv,"{""rule_id"": ""HAIDIAN_2026_FINAL_Q18_PARENT_XB2_AFTER_COMPONENTS"", ""matched_terms"": ""法律与生活,住房租赁条例,社会主义核心价值观,政府依法履职"", ""basis"": ""第18题主体为合同/行政法规法治题；B3 与文化价值点另抽组件，父题余项按法律边界关闭。"", ""source"": ""05_reports/haidian_2026_identity_ocr_culture_patch_audit.csv""}",exclude_from_three_target_lines,haidian_2026_identity_ocr_culture_patch
2026_海淀_期末,2026,海淀,期末,19,,question,XB2_EXCLUDED,subjective,/Users/wanglifei/Desktop/北京高考政治/reports/必修二三与必修四文化_题源分类准备_20260617_1301/02_text_cache/ocr_cache/2026_海淀_期末_试卷/试卷.ocr.txt,paper_ocr|rubric|answer_key,module-boundary-excluded,05_reports/haidian_2026_identity_ocr_culture_patch_audit.csv,"{""rule_id"": ""HAIDIAN_2026_FINAL_Q19_PARENT_XB2_AFTER_CULTURE"", ""matched_terms"": ""反不正当竞争法,社会主义核心价值观"", ""basis"": ""第19题主体为不正当竞争与侵权责任；社会主义核心价值观另抽文化组件，父题余项按法律边界关闭。"", ""source"": ""05_reports/haidian_2026_identity_ocr_culture_patch_audit.csv""}",exclude_from_three_target_lines,haidian_2026_identity_ocr_culture_patch
2026_海淀_期末,2026,海淀,期末,20,,question,XB3_EXCLUDED,subjective,/Users/wanglifei/Desktop/北京高考政治/reports/必修二三与必修四文化_题源分类准备_20260617_1301/02_text_cache/ocr_cache/2026_海淀_期末_试卷/试卷.ocr.txt,paper_ocr|rubric|answer_key,module-boundary-excluded,05_reports/haidian_2026_identity_ocr_culture_patch_audit.csv,"{""rule_id"": ""HAIDIAN_2026_FINAL_Q20_LOGIC_AND_ADVANCE"", ""matched_terms"": ""充分条件假言推理,超前思维"", ""basis"": ""第20题为逻辑推理与超前思维，属于《逻辑与思维》。"", ""source"": ""05_reports/haidian_2026_identity_ocr_culture_patch_audit.csv""}",exclude_from_three_target_lines,haidian_2026_identity_ocr_culture_patch
2026_海淀_期末,2026,海淀,期末,21,,question,B4_PHILOSOPHY_EXCLUDED,subjective,/Users/wanglifei/Desktop/北京高考政治/reports/必修二三与必修四文化_题源分类准备_20260617_1301/02_text_cache/ocr_cache/2026_海淀_期末_试卷/试卷.ocr.txt,paper_ocr|rubric|answer_key,module-boundary-excluded,05_reports/haidian_2026_identity_ocr_culture_patch_audit.csv,"{""rule_id"": ""HAIDIAN_2026_FINAL_Q21_PARENT_AFTER_B3"", ""matched_terms"": ""党的领导,以人民为中心,矛盾观点,制度优势"", ""basis"": ""第21题为综合论述；党的领导和以人民为中心另抽 B3 组件，父题余项按哲学/综合边界关闭。"", ""source"": ""05_reports/haidian_2026_identity_ocr_culture_patch_audit.csv""}",exclude_from_three_target_lines,haidian_2026_identity_ocr_culture_patch
2026_海淀_期末,2026,海淀,期末,2#B3_COMPONENT,2,target_component,B3_POLITICS_RULE_OF_LAW,objective,/Users/wanglifei/Desktop/北京高考政治/reports/必修二三与必修四文化_题源分类准备_20260617_1301/02_text_cache/ocr_cache/2026_海淀_期末_试卷/试卷.ocr.txt,paper_ocr|rubric|answer_key,included,05_reports/haidian_2026_identity_ocr_culture_patch_audit.csv,"{""rule_id"": ""HAIDIAN_2026_FINAL_Q2_B3_COMPONENT_PARTY_CADRE"", ""matched_terms"": ""党员干部,为人民服务,政治本色"", ""basis"": ""第2题答案A的正确项③明确党员干部坚守为人民服务政治本色，抽入 B3。"", ""source"": ""05_reports/haidian_2026_identity_ocr_culture_patch_audit.csv"", ""user_rule"": ""题目和细则中的文化部分必须抽离；民族精神、社会主义核心价值观属于文化。""}",future_baodian_intake_target_component,haidian_2026_identity_ocr_culture_patch
2026_海淀_期末,2026,海淀,期末,4#B4_CULTURE_COMPONENT,4,culture_component,B4_CULTURE,objective,/Users/wanglifei/Desktop/北京高考政治/reports/必修二三与必修四文化_题源分类准备_20260617_1301/02_text_cache/ocr_cache/2026_海淀_期末_试卷/试卷.ocr.txt,paper_ocr|rubric|answer_key,included,05_reports/haidian_2026_identity_ocr_culture_patch_audit.csv,"{""rule_id"": ""HAIDIAN_2026_FINAL_Q4_B4C_COMPONENT_CULTURE_ECONOMY"", ""matched_terms"": ""文化繁荣,文化与经济融合,中国式现代化"", ""basis"": ""第4题正确项③明确文化繁荣与经济发展统一，抽入文化组件。"", ""source"": ""05_reports/haidian_2026_identity_ocr_culture_patch_audit.csv"", ""user_rule"": ""题目和细则中的文化部分必须抽离；民族精神、社会主义核心价值观属于文化。""}",future_baodian_intake_culture_component,haidian_2026_identity_ocr_culture_patch
2026_海淀_期末,2026,海淀,期末,17#B4_CULTURE_COMPONENT,17,culture_component,B4_CULTURE,subjective,/Users/wanglifei/Desktop/北京高考政治/reports/必修二三与必修四文化_题源分类准备_20260617_1301/02_text_cache/ocr_cache/2026_海淀_期末_试卷/试卷.ocr.txt,paper_ocr|rubric|answer_key,included,05_reports/haidian_2026_identity_ocr_culture_patch_audit.csv,"{""rule_id"": ""HAIDIAN_2026_FINAL_Q17_B4C_COMPONENT_RED_CULTURE"", ""matched_terms"": ""红色文化,民族精神,发展中国特色社会主义文化,延安精神"", ""basis"": ""题面写红色文化圈粉年轻人，细则明列弘扬民族精神、发展中国特色社会主义文化；民族精神按文化入账。"", ""source"": ""05_reports/haidian_2026_identity_ocr_culture_patch_audit.csv"", ""user_rule"": ""题目和细则中的文化部分必须抽离；民族精神、社会主义核心价值观属于文化。""}",future_baodian_intake_culture_component,haidian_2026_identity_ocr_culture_patch
2026_海淀_期末,2026,海淀,期末,18#B3_COMPONENT,18,target_component,B3_POLITICS_RULE_OF_LAW,subjective,/Users/wanglifei/Desktop/北京高考政治/reports/必修二三与必修四文化_题源分类准备_20260617_1301/02_text_cache/ocr_cache/2026_海淀_期末_试卷/试卷.ocr.txt,paper_ocr|rubric|answer_key,included,05_reports/haidian_2026_identity_ocr_culture_patch_audit.csv,"{""rule_id"": ""HAIDIAN_2026_FINAL_Q18_B3_COMPONENT_GOVERNMENT_RULE_OF_LAW"", ""matched_terms"": ""政府法定职责,依法履职,严格执法,良法善治"", ""basis"": ""第18(2)问细则明确政府依法履职、严格执法、良法善治，抽入 B3。"", ""source"": ""05_reports/haidian_2026_identity_ocr_culture_patch_audit.csv"", ""user_rule"": ""题目和细则中的文化部分必须抽离；民族精神、社会主义核心价值观属于文化。""}",future_baodian_intake_target_component,haidian_2026_identity_ocr_culture_patch
2026_海淀_期末,2026,海淀,期末,18#B4_CULTURE_COMPONENT,18,culture_component,B4_CULTURE,subjective,/Users/wanglifei/Desktop/北京高考政治/reports/必修二三与必修四文化_题源分类准备_20260617_1301/02_text_cache/ocr_cache/2026_海淀_期末_试卷/试卷.ocr.txt,paper_ocr|rubric|answer_key,included,05_reports/haidian_2026_identity_ocr_culture_patch_audit.csv,"{""rule_id"": ""HAIDIAN_2026_FINAL_Q18_B4C_COMPONENT_CORE_VALUES"", ""matched_terms"": ""社会主义核心价值观,诚信"", ""basis"": ""第18(2)问细则写到弘扬诚信的社会主义价值观；社会主义核心价值观属于文化成分。"", ""source"": ""05_reports/haidian_2026_identity_ocr_culture_patch_audit.csv"", ""user_rule"": ""题目和细则中的文化部分必须抽离；民族精神、社会主义核心价值观属于文化。""}",future_baodian_intake_culture_component,haidian_2026_identity_ocr_culture_patch
2026_海淀_期末,2026,海淀,期末,19#B4_CULTURE_COMPONENT,19,culture_component,B4_CULTURE,subjective,/Users/wanglifei/Desktop/北京高考政治/reports/必修二三与必修四文化_题源分类准备_20260617_1301/02_text_cache/ocr_cache/2026_海淀_期末_试卷/试卷.ocr.txt,paper_ocr|rubric|answer_key,included,05_reports/haidian_2026_identity_ocr_culture_patch_audit.csv,"{""rule_id"": ""HAIDIAN_2026_FINAL_Q19_B4C_COMPONENT_CORE_VALUES"", ""matched_terms"": ""社会主义核心价值观"", ""basis"": ""第19题细则把不符合社会主义核心价值观作为评价点，抽入文化组件。"", ""source"": ""05_reports/haidian_2026_identity_ocr_culture_patch_audit.csv"", ""user_rule"": ""题目和细则中的文化部分必须抽离；民族精神、社会主义核心价值观属于文化。""}",future_baodian_intake_culture_component,haidian_2026_identity_ocr_culture_patch
2026_海淀_期末,2026,海淀,期末,21#B3_COMPONENT,21,target_component,B3_POLITICS_RULE_OF_LAW,subjective,/Users/wanglifei/Desktop/北京高考政治/reports/必修二三与必修四文化_题源分类准备_20260617_1301/02_text_cache/ocr_cache/2026_海淀_期末_试卷/试卷.ocr.txt,paper_ocr|rubric|answer_key,included,05_reports/haidian_2026_identity_ocr_culture_patch_audit.csv,"{""rule_id"": ""HAIDIAN_2026_FINAL_Q21_B3_COMPONENT_PARTY_PEOPLE"", ""matched_terms"": ""党的领导,以人民为中心"", ""basis"": ""第21题细则明列党的领导、以人民为中心，抽入 B3 组件。"", ""source"": ""05_reports/haidian_2026_identity_ocr_culture_patch_audit.csv"", ""user_rule"": ""题目和细则中的文化部分必须抽离；民族精神、社会主义核心价值观属于文化。""}",future_baodian_intake_target_component,haidian_2026_identity_ocr_culture_patch
