suite_id,year,district,stage,question,parent_question,row_granularity,book_module,question_type,evidence_source,source_types,status,artifact_location,decision_reason,next_action,integration_status
2024_unknown_district_unknown_stage,2024,,,SUITE_BLOCKER,,suite,REFERENCE_HELPER_ONLY,unknown,/Users/wanglifei/Desktop/2024模拟题/北京2024各区《经济与社会》考题-wlfwlf.docx | /Users/wanglifei/Desktop/2024模拟题/北京及2024各区《经济与社会》考题-wlf.pdf,paper,reference-only,/Users/wanglifei/Desktop/北京高考政治/reports/必修二三与必修四文化_题源分类准备_20260617_1301/01_source_inventory/source_inventory.csv,"{""reason"": ""no stable district/stage identity; helper compilation only"", ""source_types"": [""paper""]}",use_as_helper_not_coverage_evidence,main_matrix_original
2024_unknown_district_一模,2024,,一模,SUITE_BLOCKER,,suite,REFERENCE_HELPER_ONLY,unknown,/Users/wanglifei/Desktop/2024模拟题/202404各区一模试题分类（按模块）/2024届各区一模试题分类汇编必修1.docx | /Users/wanglifei/Desktop/2024模拟题/202404各区一模试题分类（按模块）/2024届各区一模试题分类汇编必修2 .docx | /Users/wanglifei/Desktop/2024模拟题/202404各区一模试题分类（按模块）/2024届各区一模试题分类汇编必修3.docx | /Users/wanglifei/Desktop/2024模拟题/202404各区一模试题分类（按模块）/2024届各区一模试题分类汇编必修4.docx,module-classification,reference-only,/Users/wanglifei/Desktop/北京高考政治/reports/必修二三与必修四文化_题源分类准备_20260617_1301/01_source_inventory/source_inventory.csv,"{""reason"": ""no stable district/stage identity; helper compilation only"", ""source_types"": [""module-classification""]}",use_as_helper_not_coverage_evidence,main_matrix_original
2024_东城_一模,2024,东城,一模,1,,question,B3_POLITICS_RULE_OF_LAW,objective,/Users/wanglifei/Desktop/北京高考政治/reports/必修二三与必修四文化_题源分类准备_20260617_1301/02_text_cache/ocr_cache/2024_东城_一模/试卷.ocr.txt,ocr-cache,included,/Users/wanglifei/Desktop/北京高考政治/reports/必修二三与必修四文化_题源分类准备_20260617_1301/02_text_cache/ocr_absorbed/2024_东城_一模.txt,"{""target"": ""B3_POLITICS_RULE_OF_LAW"", ""target_score"": 2, ""boundary"": ""B1_EXCLUDED"", ""boundary_score"": 1, ""matches"": {""B3_POLITICS_RULE_OF_LAW"": ""中国共产党,boost:中国共产党"", ""B1_EXCLUDED"": ""中国梦""}}",future_baodian_intake,main_matrix_original
2024_东城_一模,2024,东城,一模,10,,question,XB2_EXCLUDED,objective,/Users/wanglifei/Desktop/北京高考政治/reports/必修二三与必修四文化_题源分类准备_20260617_1301/02_text_cache/ocr_cache/2024_东城_一模/试卷.ocr.txt,ocr-cache,module-boundary-excluded,/Users/wanglifei/Desktop/北京高考政治/reports/必修二三与必修四文化_题源分类准备_20260617_1301/02_text_cache/ocr_absorbed/2024_东城_一模.txt,"{""target"": ""B2_ECONOMICS"", ""target_score"": 0, ""boundary"": ""XB2_EXCLUDED"", ""boundary_score"": 13, ""matches"": {""XB2_EXCLUDED"": ""继承,诉讼,boost:继承,boost:诉讼""}, ""explicit_boundary_modules"": {""XB2_EXCLUDED"": [""诉讼""]}, ""override"": ""explicit_boundary_term""}",exclude_from_three_target_lines,main_matrix_original
2024_东城_一模,2024,东城,一模,11,,question,XB2_EXCLUDED,objective,/Users/wanglifei/Desktop/北京高考政治/reports/必修二三与必修四文化_题源分类准备_20260617_1301/02_text_cache/ocr_cache/2024_东城_一模/试卷.ocr.txt,ocr-cache,module-boundary-excluded,/Users/wanglifei/Desktop/北京高考政治/reports/必修二三与必修四文化_题源分类准备_20260617_1301/02_text_cache/ocr_absorbed/2024_东城_一模.txt,"{""target"": ""B3_POLITICS_RULE_OF_LAW"", ""target_score"": 7, ""boundary"": ""XB2_EXCLUDED"", ""boundary_score"": 4, ""matches"": {""B3_POLITICS_RULE_OF_LAW"": ""政府,检察,法院"", ""XB2_EXCLUDED"": ""诉讼,民事,boost:诉讼,boost:民事""}, ""explicit_boundary_modules"": {""XB2_EXCLUDED"": [""诉讼"", ""民事""]}, ""override"": ""explicit_boundary_term""}",exclude_from_three_target_lines,main_matrix_original
2024_东城_一模,2024,东城,一模,12,,question,B2_ECONOMICS,objective,/Users/wanglifei/Desktop/北京高考政治/reports/必修二三与必修四文化_题源分类准备_20260617_1301/02_text_cache/ocr_cache/2024_东城_一模/试卷.ocr.txt,ocr-cache,included,/Users/wanglifei/Desktop/北京高考政治/reports/必修二三与必修四文化_题源分类准备_20260617_1301/02_text_cache/ocr_absorbed/2024_东城_一模.txt,"{""target"": ""B2_ECONOMICS"", ""target_score"": 15, ""boundary"": ""B4_PHILOSOPHY_EXCLUDED"", ""boundary_score"": 0, ""matches"": {""B2_ECONOMICS"": ""民营经济,民营企业,高质量发展,boost:民营经济,boost:高质量发展""}}",future_baodian_intake,main_matrix_original
2024_东城_一模,2024,东城,一模,13,,question,B2_ECONOMICS,objective,/Users/wanglifei/Desktop/北京高考政治/reports/必修二三与必修四文化_题源分类准备_20260617_1301/02_text_cache/ocr_cache/2024_东城_一模/试卷.ocr.txt,ocr-cache,included,/Users/wanglifei/Desktop/北京高考政治/reports/必修二三与必修四文化_题源分类准备_20260617_1301/02_text_cache/ocr_absorbed/2024_东城_一模.txt,"{""target"": ""B2_ECONOMICS"", ""target_score"": 5, ""boundary"": ""B4_PHILOSOPHY_EXCLUDED"", ""boundary_score"": 0, ""matches"": {""B2_ECONOMICS"": ""就业,劳动者,居民收入,boost:就业""}}",future_baodian_intake,main_matrix_original
2024_东城_一模,2024,东城,一模,14,,question,UNKNOWN_OR_MIXED,objective,/Users/wanglifei/Desktop/北京高考政治/reports/必修二三与必修四文化_题源分类准备_20260617_1301/02_text_cache/ocr_cache/2024_东城_一模/试卷.ocr.txt,ocr-cache,blocked,/Users/wanglifei/Desktop/北京高考政治/reports/必修二三与必修四文化_题源分类准备_20260617_1301/02_text_cache/ocr_absorbed/2024_东城_一模.txt,"{""target"": ""B3_POLITICS_RULE_OF_LAW"", ""target_score"": 1, ""boundary"": ""B4_PHILOSOPHY_EXCLUDED"", ""boundary_score"": 0, ""matches"": {""B3_POLITICS_RULE_OF_LAW"": ""政府""}}",manual_review_needed,main_matrix_original
2024_东城_一模,2024,东城,一模,15,,question,XB1_EXCLUDED,objective,/Users/wanglifei/Desktop/北京高考政治/reports/必修二三与必修四文化_题源分类准备_20260617_1301/02_text_cache/ocr_cache/2024_东城_一模/试卷.ocr.txt,ocr-cache,module-boundary-excluded,/Users/wanglifei/Desktop/北京高考政治/reports/必修二三与必修四文化_题源分类准备_20260617_1301/02_text_cache/ocr_absorbed/2024_东城_一模.txt,"{""target"": ""B2_ECONOMICS"", ""target_score"": 0, ""boundary"": ""XB1_EXCLUDED"", ""boundary_score"": 2, ""matches"": {""XB1_EXCLUDED"": ""人类命运共同体,boost:人类命运共同体""}, ""explicit_boundary_modules"": {""XB1_EXCLUDED"": [""人类命运共同体""]}, ""override"": ""explicit_boundary_term""}",exclude_from_three_target_lines,main_matrix_original
2024_东城_一模,2024,东城,一模,16,,question,XB1_EXCLUDED,subjective,/Users/wanglifei/Desktop/北京高考政治/reports/必修二三与必修四文化_题源分类准备_20260617_1301/02_text_cache/ocr_cache/2024_东城_一模/试卷.ocr.txt,ocr-cache,module-boundary-excluded,/Users/wanglifei/Desktop/北京高考政治/reports/必修二三与必修四文化_题源分类准备_20260617_1301/02_text_cache/ocr_absorbed/2024_东城_一模.txt,"{""target"": ""B4_CULTURE"", ""target_score"": 6, ""boundary"": ""XB1_EXCLUDED"", ""boundary_score"": 2, ""matches"": {""B3_POLITICS_RULE_OF_LAW"": ""中国共产党,boost:中国共产党"", ""B4_CULTURE"": ""文化,文明交流互鉴,中华文明,boost:文明交流互鉴,boost:中华文明"", ""B4_PHILOSOPHY_EXCLUDED"": ""认识"", ""XB1_EXCLUDED"": ""人类命运共同体,boost:人类命运共同体""}, ""explicit_boundary_modules"": {""XB1_EXCLUDED"": [""人类命运共同体""]}, ""override"": ""explicit_boundary_term""}",exclude_from_three_target_lines,main_matrix_original
2024_东城_一模,2024,东城,一模,17,,question,B2_ECONOMICS,subjective,/Users/wanglifei/Desktop/北京高考政治/reports/必修二三与必修四文化_题源分类准备_20260617_1301/02_text_cache/ocr_cache/2024_东城_一模/试卷.ocr.txt,ocr-cache,included,/Users/wanglifei/Desktop/北京高考政治/reports/必修二三与必修四文化_题源分类准备_20260617_1301/02_text_cache/ocr_absorbed/2024_东城_一模.txt,"{""target"": ""B2_ECONOMICS"", ""target_score"": 3, ""boundary"": ""B4_PHILOSOPHY_EXCLUDED"", ""boundary_score"": 0, ""matches"": {""B2_ECONOMICS"": ""营商环境,市场主体,boost:营商环境"", ""B3_POLITICS_RULE_OF_LAW"": ""行政机关,政府""}}",future_baodian_intake,main_matrix_original
2024_东城_一模,2024,东城,一模,18(1),18,subquestion,B2_ECONOMICS,subjective,/Users/wanglifei/Desktop/北京高考政治/reports/必修二三与必修四文化_题源分类准备_20260617_1301/02_text_cache/ocr_cache/2024_东城_一模/试卷.ocr.txt,ocr-cache,included,04_module_classification/subquestion_split_matrix.csv,"{""target"": ""B2_ECONOMICS"", ""target_score"": 5, ""boundary"": ""B4_PHILOSOPHY_EXCLUDED"", ""boundary_score"": 0, ""matches"": {""B2_ECONOMICS"": ""经济与社会,新质生产力,boost:经济与社会,boost:新质生产力""}}",future_baodian_intake,subquestion_integrated_target
2024_东城_一模,2024,东城,一模,18(2),18,subquestion,B3_POLITICS_RULE_OF_LAW,subjective,/Users/wanglifei/Desktop/北京高考政治/reports/必修二三与必修四文化_题源分类准备_20260617_1301/02_text_cache/ocr_cache/2024_东城_一模/试卷.ocr.txt,ocr-cache,included,04_module_classification/subquestion_split_matrix.csv,"{""override"": ""prompt_router"", ""prompt_terms"": [""政协""], ""classification_text"": ""(2)结合材料,分析政协在推动新质生产力发展中所发挥的作用。(6分)"", ""base_decision"": ""{\""target\"": \""B2_ECONOMICS\"", \""target_score\"": 2, \""boundary\"": \""B4_PHILOSOPHY_EXCLUDED\"", \""boundary_score\"": 0, \""matches\"": {\""B2_ECONOMICS\"": \""新质生产力,boost:新质生产力\"", \""B3_POLITICS_RULE_OF_LAW\"": \""政协,boost:政协\""}}""}",future_baodian_intake,subquestion_integrated_target
2024_东城_一模,2024,东城,一模,18(3),18,subquestion,XB3_EXCLUDED,subjective,/Users/wanglifei/Desktop/北京高考政治/reports/必修二三与必修四文化_题源分类准备_20260617_1301/02_text_cache/ocr_cache/2024_东城_一模/试卷.ocr.txt,ocr-cache,module-boundary-excluded,04_module_classification/subquestion_split_matrix.csv,"{""target"": ""B2_ECONOMICS"", ""target_score"": 2, ""boundary"": ""XB3_EXCLUDED"", ""boundary_score"": 2, ""matches"": {""B2_ECONOMICS"": ""新质生产力,boost:新质生产力"", ""B4_PHILOSOPHY_EXCLUDED"": ""认识"", ""XB3_EXCLUDED"": ""逻辑与思维,boost:逻辑与思维""}, ""explicit_boundary_modules"": {""XB3_EXCLUDED"": [""逻辑与思维""]}, ""override"": ""explicit_boundary_term""}",exclude_from_three_target_lines,subquestion_integrated_boundary
2024_东城_一模,2024,东城,一模,19,,question,XB2_EXCLUDED,subjective,/Users/wanglifei/Desktop/北京高考政治/reports/必修二三与必修四文化_题源分类准备_20260617_1301/02_text_cache/ocr_cache/2024_东城_一模/试卷.ocr.txt,ocr-cache,module-boundary-excluded,/Users/wanglifei/Desktop/北京高考政治/reports/必修二三与必修四文化_题源分类准备_20260617_1301/02_text_cache/ocr_absorbed/2024_东城_一模.txt,"{""target"": ""B3_POLITICS_RULE_OF_LAW"", ""target_score"": 1, ""boundary"": ""XB2_EXCLUDED"", ""boundary_score"": 10, ""matches"": {""B3_POLITICS_RULE_OF_LAW"": ""法院"", ""XB2_EXCLUDED"": ""法律与生活,民法典,诉讼,boost:法律与生活,boost:民法典,boost:诉讼""}, ""explicit_boundary_modules"": {""XB2_EXCLUDED"": [""法律与生活"", ""民法典"", ""诉讼""]}, ""override"": ""explicit_boundary_term""}",exclude_from_three_target_lines,main_matrix_original
2024_东城_一模,2024,东城,一模,2,,question,B4_CULTURE,objective,/Users/wanglifei/Desktop/北京高考政治/reports/必修二三与必修四文化_题源分类准备_20260617_1301/02_text_cache/ocr_cache/2024_东城_一模/试卷.ocr.txt,ocr-cache,included,/Users/wanglifei/Desktop/北京高考政治/reports/必修二三与必修四文化_题源分类准备_20260617_1301/02_text_cache/ocr_absorbed/2024_东城_一模.txt,"{""target"": ""B4_CULTURE"", ""target_score"": 7, ""boundary"": ""B4_PHILOSOPHY_EXCLUDED"", ""boundary_score"": 0, ""matches"": {""B2_ECONOMICS"": ""产业发展"", ""B4_CULTURE"": ""文化,文旅,boost:文旅""}}",future_baodian_intake,main_matrix_original
2024_东城_一模,2024,东城,一模,20,,question,B2_ECONOMICS,subjective,/Users/wanglifei/Desktop/北京高考政治/reports/必修二三与必修四文化_题源分类准备_20260617_1301/02_text_cache/ocr_cache/2024_东城_一模/试卷.ocr.txt,ocr-cache,included,/Users/wanglifei/Desktop/北京高考政治/reports/必修二三与必修四文化_题源分类准备_20260617_1301/02_text_cache/ocr_absorbed/2024_东城_一模.txt,"{""target"": ""B2_ECONOMICS"", ""target_score"": 4, ""boundary"": ""B4_PHILOSOPHY_EXCLUDED"", ""boundary_score"": 0, ""matches"": {""B2_ECONOMICS"": ""高质量发展,消费,boost:高质量发展""}}",future_baodian_intake,main_matrix_original
2024_东城_一模,2024,东城,一模,21,,question,B2_ECONOMICS,subjective,/Users/wanglifei/Desktop/北京高考政治/reports/必修二三与必修四文化_题源分类准备_20260617_1301/02_text_cache/ocr_cache/2024_东城_一模/试卷.ocr.txt,ocr-cache,included,/Users/wanglifei/Desktop/北京高考政治/reports/必修二三与必修四文化_题源分类准备_20260617_1301/02_text_cache/ocr_absorbed/2024_东城_一模.txt,"{""target"": ""B2_ECONOMICS"", ""target_score"": 2, ""boundary"": ""B4_PHILOSOPHY_EXCLUDED"", ""boundary_score"": 0, ""matches"": {""B2_ECONOMICS"": ""产业链,boost:产业链""}}",future_baodian_intake,main_matrix_original
2024_东城_一模,2024,东城,一模,3,,question,XB3_EXCLUDED,objective,/Users/wanglifei/Desktop/北京高考政治/reports/必修二三与必修四文化_题源分类准备_20260617_1301/02_text_cache/ocr_cache/2024_东城_一模/试卷.ocr.txt,ocr-cache,module-boundary-excluded,/Users/wanglifei/Desktop/北京高考政治/reports/必修二三与必修四文化_题源分类准备_20260617_1301/02_text_cache/ocr_absorbed/2024_东城_一模.txt,"{""target"": ""B4_CULTURE"", ""target_score"": 13, ""boundary"": ""XB3_EXCLUDED"", ""boundary_score"": 2, ""matches"": {""B2_ECONOMICS"": ""基础设施"", ""B3_POLITICS_RULE_OF_LAW"": ""人大代表,boost:人大代表"", ""B4_CULTURE"": ""文化,中华优秀传统文化,优秀传统文化,传统文化,传统色,boost:中华优秀传统文化,boost:优秀传统文化,boost:传统文化,boost:传统色"", ""XB3_EXCLUDED"": ""想象,boost:想象""}, ""explicit_boundary_modules"": {""XB3_EXCLUDED"": [""想象""]}, ""override"": ""explicit_boundary_term""}",exclude_from_three_target_lines,main_matrix_original
2024_东城_一模,2024,东城,一模,5,,question,UNKNOWN_OR_MIXED,objective,/Users/wanglifei/Desktop/北京高考政治/reports/必修二三与必修四文化_题源分类准备_20260617_1301/02_text_cache/ocr_cache/2024_东城_一模/试卷.ocr.txt,ocr-cache,blocked,/Users/wanglifei/Desktop/北京高考政治/reports/必修二三与必修四文化_题源分类准备_20260617_1301/02_text_cache/ocr_absorbed/2024_东城_一模.txt,"{""target"": ""B2_ECONOMICS"", ""target_score"": 0, ""boundary"": ""B4_PHILOSOPHY_EXCLUDED"", ""boundary_score"": 0, ""matches"": {}}",manual_review_needed,main_matrix_original
2024_东城_一模,2024,东城,一模,6,,question,XB3_EXCLUDED,objective,/Users/wanglifei/Desktop/北京高考政治/reports/必修二三与必修四文化_题源分类准备_20260617_1301/02_text_cache/ocr_cache/2024_东城_一模/试卷.ocr.txt,ocr-cache,module-boundary-excluded,/Users/wanglifei/Desktop/北京高考政治/reports/必修二三与必修四文化_题源分类准备_20260617_1301/02_text_cache/ocr_absorbed/2024_东城_一模.txt,"{""target"": ""B2_ECONOMICS"", ""target_score"": 0, ""boundary"": ""XB3_EXCLUDED"", ""boundary_score"": 4, ""matches"": {""B4_PHILOSOPHY_EXCLUDED"": ""认识,矛盾,boost:矛盾"", ""XB3_EXCLUDED"": ""科学思维,逻辑规则,boost:科学思维,boost:逻辑规则""}, ""explicit_boundary_modules"": {""XB3_EXCLUDED"": [""科学思维""]}, ""override"": ""explicit_boundary_term""}",exclude_from_three_target_lines,main_matrix_original
2024_东城_一模,2024,东城,一模,7,,question,XB3_EXCLUDED,objective,/Users/wanglifei/Desktop/北京高考政治/reports/必修二三与必修四文化_题源分类准备_20260617_1301/02_text_cache/ocr_cache/2024_东城_一模/试卷.ocr.txt,ocr-cache,module-boundary-excluded,/Users/wanglifei/Desktop/北京高考政治/reports/必修二三与必修四文化_题源分类准备_20260617_1301/02_text_cache/ocr_absorbed/2024_东城_一模.txt,"{""target"": ""B2_ECONOMICS"", ""target_score"": 0, ""boundary"": ""XB3_EXCLUDED"", ""boundary_score"": 12, ""matches"": {""XB3_EXCLUDED"": ""推理,三段论,boost:推理,boost:三段论""}, ""explicit_boundary_modules"": {""XB3_EXCLUDED"": [""三段论"", ""推理""]}, ""override"": ""explicit_boundary_term""}",exclude_from_three_target_lines,main_matrix_original
2024_东城_一模,2024,东城,一模,8,,question,UNKNOWN_OR_MIXED,objective,/Users/wanglifei/Desktop/北京高考政治/reports/必修二三与必修四文化_题源分类准备_20260617_1301/02_text_cache/ocr_cache/2024_东城_一模/试卷.ocr.txt,ocr-cache,blocked,/Users/wanglifei/Desktop/北京高考政治/reports/必修二三与必修四文化_题源分类准备_20260617_1301/02_text_cache/ocr_absorbed/2024_东城_一模.txt,"{""target"": ""B2_ECONOMICS"", ""target_score"": 0, ""boundary"": ""B4_PHILOSOPHY_EXCLUDED"", ""boundary_score"": 0, ""matches"": {}}",manual_review_needed,main_matrix_original
2024_东城_一模,2024,东城,一模,9,,question,XB2_EXCLUDED,objective,/Users/wanglifei/Desktop/北京高考政治/reports/必修二三与必修四文化_题源分类准备_20260617_1301/02_text_cache/ocr_cache/2024_东城_一模/试卷.ocr.txt,ocr-cache,module-boundary-excluded,/Users/wanglifei/Desktop/北京高考政治/reports/必修二三与必修四文化_题源分类准备_20260617_1301/02_text_cache/ocr_absorbed/2024_东城_一模.txt,"{""target"": ""B3_POLITICS_RULE_OF_LAW"", ""target_score"": 2, ""boundary"": ""XB2_EXCLUDED"", ""boundary_score"": 5, ""matches"": {""B3_POLITICS_RULE_OF_LAW"": ""法院"", ""XB2_EXCLUDED"": ""物权,boost:物权""}, ""explicit_boundary_modules"": {""XB2_EXCLUDED"": [""物权""]}, ""override"": ""explicit_boundary_term""}",exclude_from_three_target_lines,main_matrix_original
2024_东城_二模,2024,东城,二模,1,,question,UNKNOWN_OR_MIXED,objective,/Users/wanglifei/Desktop/北京高考政治/reports/必修二三与必修四文化_题源分类准备_20260617_1301/02_text_cache/ocr_cache/2024_东城_二模/试卷.ocr.txt,ocr-cache,blocked,/Users/wanglifei/Desktop/北京高考政治/reports/必修二三与必修四文化_题源分类准备_20260617_1301/02_text_cache/ocr_absorbed/2024_东城_二模.txt,"{""target"": ""B4_CULTURE"", ""target_score"": 5, ""boundary"": ""B4_PHILOSOPHY_EXCLUDED"", ""boundary_score"": 6, ""matches"": {""B4_CULTURE"": ""文化,博物馆,boost:博物馆"", ""B4_PHILOSOPHY_EXCLUDED"": ""实践""}}",manual_review_needed,main_matrix_original
2024_东城_二模,2024,东城,二模,10,,question,B4_PHILOSOPHY_EXCLUDED,objective,/Users/wanglifei/Desktop/北京高考政治/reports/必修二三与必修四文化_题源分类准备_20260617_1301/02_text_cache/ocr_cache/2024_东城_二模/试卷.ocr.txt,ocr-cache,module-boundary-excluded,/Users/wanglifei/Desktop/北京高考政治/reports/必修二三与必修四文化_题源分类准备_20260617_1301/02_text_cache/ocr_absorbed/2024_东城_二模.txt,"{""target"": ""B2_ECONOMICS"", ""target_score"": 0, ""boundary"": ""B4_PHILOSOPHY_EXCLUDED"", ""boundary_score"": 4, ""matches"": {""B4_PHILOSOPHY_EXCLUDED"": ""实践,认识,主观能动性""}}",exclude_from_three_target_lines,main_matrix_original
2024_东城_二模,2024,东城,二模,11,,question,B4_PHILOSOPHY_EXCLUDED,objective,/Users/wanglifei/Desktop/北京高考政治/reports/必修二三与必修四文化_题源分类准备_20260617_1301/02_text_cache/ocr_cache/2024_东城_二模/试卷.ocr.txt,ocr-cache,module-boundary-excluded,/Users/wanglifei/Desktop/北京高考政治/reports/必修二三与必修四文化_题源分类准备_20260617_1301/02_text_cache/ocr_absorbed/2024_东城_二模.txt,"{""target"": ""B2_ECONOMICS"", ""target_score"": 0, ""boundary"": ""B4_PHILOSOPHY_EXCLUDED"", ""boundary_score"": 2, ""matches"": {""B4_PHILOSOPHY_EXCLUDED"": ""适度原则,boost:适度原则"", ""XB3_EXCLUDED"": ""属种关系,boost:属种关系""}}",exclude_from_three_target_lines,main_matrix_original
2024_东城_二模,2024,东城,二模,12,,question,B2_ECONOMICS,objective,/Users/wanglifei/Desktop/北京高考政治/reports/必修二三与必修四文化_题源分类准备_20260617_1301/02_text_cache/ocr_cache/2024_东城_二模/试卷.ocr.txt,ocr-cache,included,/Users/wanglifei/Desktop/北京高考政治/reports/必修二三与必修四文化_题源分类准备_20260617_1301/02_text_cache/ocr_absorbed/2024_东城_二模.txt,"{""target"": ""B2_ECONOMICS"", ""target_score"": 3, ""boundary"": ""B4_PHILOSOPHY_EXCLUDED"", ""boundary_score"": 0, ""matches"": {""B2_ECONOMICS"": ""产业链,boost:产业链"", ""B3_POLITICS_RULE_OF_LAW"": ""政府""}}",future_baodian_intake,main_matrix_original
2024_东城_二模,2024,东城,二模,13,,question,UNKNOWN_OR_MIXED,objective,/Users/wanglifei/Desktop/北京高考政治/reports/必修二三与必修四文化_题源分类准备_20260617_1301/02_text_cache/ocr_cache/2024_东城_二模/试卷.ocr.txt,ocr-cache,blocked,/Users/wanglifei/Desktop/北京高考政治/reports/必修二三与必修四文化_题源分类准备_20260617_1301/02_text_cache/ocr_absorbed/2024_东城_二模.txt,"{""target"": ""B3_POLITICS_RULE_OF_LAW"", ""target_score"": 1, ""boundary"": ""B4_PHILOSOPHY_EXCLUDED"", ""boundary_score"": 0, ""matches"": {""B3_POLITICS_RULE_OF_LAW"": ""公共服务""}}",manual_review_needed,main_matrix_original
2024_东城_二模,2024,东城,二模,14,,question,XB1_EXCLUDED,objective,/Users/wanglifei/Desktop/北京高考政治/reports/必修二三与必修四文化_题源分类准备_20260617_1301/02_text_cache/ocr_cache/2024_东城_二模/试卷.ocr.txt,ocr-cache,module-boundary-excluded,/Users/wanglifei/Desktop/北京高考政治/reports/必修二三与必修四文化_题源分类准备_20260617_1301/02_text_cache/ocr_absorbed/2024_东城_二模.txt,"{""target"": ""B2_ECONOMICS"", ""target_score"": 0, ""boundary"": ""XB1_EXCLUDED"", ""boundary_score"": 3, ""matches"": {""XB1_EXCLUDED"": ""对外开放,国际贸易,boost:国际贸易""}}",exclude_from_three_target_lines,main_matrix_original
2024_东城_二模,2024,东城,二模,15,,question,B2_ECONOMICS,objective,/Users/wanglifei/Desktop/北京高考政治/reports/必修二三与必修四文化_题源分类准备_20260617_1301/02_text_cache/ocr_cache/2024_东城_二模/试卷.ocr.txt,ocr-cache,included,/Users/wanglifei/Desktop/北京高考政治/reports/必修二三与必修四文化_题源分类准备_20260617_1301/02_text_cache/ocr_absorbed/2024_东城_二模.txt,"{""target"": ""B2_ECONOMICS"", ""target_score"": 4, ""boundary"": ""B4_PHILOSOPHY_EXCLUDED"", ""boundary_score"": 0, ""matches"": {""B2_ECONOMICS"": ""高质量发展,供应链,boost:高质量发展,boost:供应链""}}",future_baodian_intake,main_matrix_original
2024_东城_二模,2024,东城,二模,16,,question,B4_CULTURE,subjective,/Users/wanglifei/Desktop/北京高考政治/reports/必修二三与必修四文化_题源分类准备_20260617_1301/02_text_cache/ocr_cache/2024_东城_二模/试卷.ocr.txt,ocr-cache,included,/Users/wanglifei/Desktop/北京高考政治/reports/必修二三与必修四文化_题源分类准备_20260617_1301/02_text_cache/ocr_absorbed/2024_东城_二模.txt,"{""target"": ""B4_CULTURE"", ""target_score"": 6, ""boundary"": ""B4_PHILOSOPHY_EXCLUDED"", ""boundary_score"": 0, ""matches"": {""B2_ECONOMICS"": ""乡村振兴,boost:乡村振兴"", ""B4_CULTURE"": ""文化""}}",future_baodian_intake,main_matrix_original
2024_东城_二模,2024,东城,二模,17,,question,UNKNOWN_OR_MIXED,subjective,/Users/wanglifei/Desktop/北京高考政治/reports/必修二三与必修四文化_题源分类准备_20260617_1301/02_text_cache/ocr_cache/2024_东城_二模/试卷.ocr.txt,ocr-cache,blocked,/Users/wanglifei/Desktop/北京高考政治/reports/必修二三与必修四文化_题源分类准备_20260617_1301/02_text_cache/ocr_absorbed/2024_东城_二模.txt,"{""target"": ""B2_ECONOMICS"", ""target_score"": 0, ""boundary"": ""B4_PHILOSOPHY_EXCLUDED"", ""boundary_score"": 0, ""matches"": {}}",manual_review_needed,main_matrix_original
2024_东城_二模,2024,东城,二模,18,,question,B2_ECONOMICS,subjective,/Users/wanglifei/Desktop/北京高考政治/reports/必修二三与必修四文化_题源分类准备_20260617_1301/02_text_cache/ocr_cache/2024_东城_二模/试卷.ocr.txt,ocr-cache,included,/Users/wanglifei/Desktop/北京高考政治/reports/必修二三与必修四文化_题源分类准备_20260617_1301/02_text_cache/ocr_absorbed/2024_东城_二模.txt,"{""target"": ""B2_ECONOMICS"", ""target_score"": 9, ""boundary"": ""XB2_EXCLUDED"", ""boundary_score"": 8, ""matches"": {""B2_ECONOMICS"": ""高质量发展,医保,就业,劳动者,人力资源,boost:高质量发展,boost:医保,boost:就业"", ""B3_POLITICS_RULE_OF_LAW"": ""政治与法治,政府,boost:政治与法治"", ""B4_PHILOSOPHY_EXCLUDED"": ""矛盾,boost:矛盾"", ""XB2_EXCLUDED"": ""劳动关系,boost:劳动关系""}}",future_baodian_intake,main_matrix_original
2024_东城_二模,2024,东城,二模,19,,question,XB2_EXCLUDED,subjective,/Users/wanglifei/Desktop/北京高考政治/reports/必修二三与必修四文化_题源分类准备_20260617_1301/02_text_cache/ocr_cache/2024_东城_二模/试卷.ocr.txt,ocr-cache,module-boundary-excluded,/Users/wanglifei/Desktop/北京高考政治/reports/必修二三与必修四文化_题源分类准备_20260617_1301/02_text_cache/ocr_absorbed/2024_东城_二模.txt,"{""target"": ""B3_POLITICS_RULE_OF_LAW"", ""target_score"": 1, ""boundary"": ""XB2_EXCLUDED"", ""boundary_score"": 5, ""matches"": {""B3_POLITICS_RULE_OF_LAW"": ""法院"", ""XB2_EXCLUDED"": ""诉讼,民事,boost:诉讼,boost:民事""}, ""explicit_boundary_modules"": {""XB2_EXCLUDED"": [""诉讼"", ""民事""]}, ""override"": ""explicit_boundary_term""}",exclude_from_three_target_lines,main_matrix_original
2024_东城_二模,2024,东城,二模,2,,question,B4_CULTURE,objective,/Users/wanglifei/Desktop/北京高考政治/reports/必修二三与必修四文化_题源分类准备_20260617_1301/02_text_cache/ocr_cache/2024_东城_二模/试卷.ocr.txt,ocr-cache,included,/Users/wanglifei/Desktop/北京高考政治/reports/必修二三与必修四文化_题源分类准备_20260617_1301/02_text_cache/ocr_absorbed/2024_东城_二模.txt,"{""target"": ""B4_CULTURE"", ""target_score"": 7, ""boundary"": ""B4_PHILOSOPHY_EXCLUDED"", ""boundary_score"": 0, ""matches"": {""B2_ECONOMICS"": ""产业发展"", ""B4_CULTURE"": ""文化,文化产业""}}",future_baodian_intake,main_matrix_original
2024_东城_二模,2024,东城,二模,20,,question,XB1_EXCLUDED,subjective,/Users/wanglifei/Desktop/北京高考政治/reports/必修二三与必修四文化_题源分类准备_20260617_1301/02_text_cache/ocr_cache/2024_东城_二模/试卷.ocr.txt,ocr-cache,module-boundary-excluded,/Users/wanglifei/Desktop/北京高考政治/reports/必修二三与必修四文化_题源分类准备_20260617_1301/02_text_cache/ocr_absorbed/2024_东城_二模.txt,"{""target"": ""B3_POLITICS_RULE_OF_LAW"", ""target_score"": 2, ""boundary"": ""XB1_EXCLUDED"", ""boundary_score"": 12, ""matches"": {""B3_POLITICS_RULE_OF_LAW"": ""中国共产党,boost:中国共产党"", ""B4_CULTURE"": ""文化"", ""XB1_EXCLUDED"": ""当代国际政治与经济,联合国,世界多极化,国际组织,外交,boost:当代国际政治与经济,boost:联合国,boost:世界多极化,boost:国际组织,boost:外交""}, ""explicit_boundary_modules"": {""XB1_EXCLUDED"": [""当代国际政治与经济"", ""世界多极化"", ""联合国"", ""国际组织""]}, ""override"": ""explicit_boundary_term""}",exclude_from_three_target_lines,main_matrix_original
2024_东城_二模,2024,东城,二模,21,,question,B3_POLITICS_RULE_OF_LAW,subjective,/Users/wanglifei/Desktop/北京高考政治/reports/必修二三与必修四文化_题源分类准备_20260617_1301/02_text_cache/ocr_cache/2024_东城_二模/试卷.ocr.txt,ocr-cache,included,/Users/wanglifei/Desktop/北京高考政治/reports/必修二三与必修四文化_题源分类准备_20260617_1301/02_text_cache/ocr_absorbed/2024_东城_二模.txt,"{""target"": ""B3_POLITICS_RULE_OF_LAW"", ""target_score"": 3, ""boundary"": ""B1_EXCLUDED"", ""boundary_score"": 2, ""matches"": {""B3_POLITICS_RULE_OF_LAW"": ""中国共产党,boost:中国共产党"", ""B4_PHILOSOPHY_EXCLUDED"": ""实践"", ""B1_EXCLUDED"": ""中国特色社会主义,改革开放""}}",future_baodian_intake,main_matrix_original
2024_东城_二模,2024,东城,二模,3,,question,UNKNOWN_OR_MIXED,objective,/Users/wanglifei/Desktop/北京高考政治/reports/必修二三与必修四文化_题源分类准备_20260617_1301/02_text_cache/ocr_cache/2024_东城_二模/试卷.ocr.txt,ocr-cache,blocked,/Users/wanglifei/Desktop/北京高考政治/reports/必修二三与必修四文化_题源分类准备_20260617_1301/02_text_cache/ocr_absorbed/2024_东城_二模.txt,"{""target"": ""B2_ECONOMICS"", ""target_score"": 2, ""boundary"": ""B4_PHILOSOPHY_EXCLUDED"", ""boundary_score"": 3, ""matches"": {""B2_ECONOMICS"": ""经济与社会,boost:经济与社会"", ""B3_POLITICS_RULE_OF_LAW"": ""政府"", ""B4_PHILOSOPHY_EXCLUDED"": ""实践,矛盾,boost:矛盾"", ""XB3_EXCLUDED"": ""推理,boost:推理""}, ""explicit_target_modules"": {""B2_ECONOMICS"": [""经济与社会""]}, ""explicit_boundary_modules"": {""XB3_EXCLUDED"": [""推理""]}, ""override"": ""manual_subquestion_split_needed""}",manual_subquestion_split_needed,main_matrix_original
2024_东城_二模,2024,东城,二模,4,,question,B3_POLITICS_RULE_OF_LAW,objective,/Users/wanglifei/Desktop/北京高考政治/reports/必修二三与必修四文化_题源分类准备_20260617_1301/02_text_cache/ocr_cache/2024_东城_二模/试卷.ocr.txt,ocr-cache,included,/Users/wanglifei/Desktop/北京高考政治/reports/必修二三与必修四文化_题源分类准备_20260617_1301/02_text_cache/ocr_absorbed/2024_东城_二模.txt,"{""target"": ""B3_POLITICS_RULE_OF_LAW"", ""target_score"": 3, ""boundary"": ""B4_PHILOSOPHY_EXCLUDED"", ""boundary_score"": 0, ""matches"": {""B3_POLITICS_RULE_OF_LAW"": ""中国共产党,全面从严治党,boost:中国共产党""}}",future_baodian_intake,main_matrix_original
2024_东城_二模,2024,东城,二模,5,,question,UNKNOWN_OR_MIXED,objective,/Users/wanglifei/Desktop/北京高考政治/reports/必修二三与必修四文化_题源分类准备_20260617_1301/02_text_cache/ocr_cache/2024_东城_二模/试卷.ocr.txt,ocr-cache,blocked,/Users/wanglifei/Desktop/北京高考政治/reports/必修二三与必修四文化_题源分类准备_20260617_1301/02_text_cache/ocr_absorbed/2024_东城_二模.txt,"{""target"": ""B3_POLITICS_RULE_OF_LAW"", ""target_score"": 1, ""boundary"": ""B4_PHILOSOPHY_EXCLUDED"", ""boundary_score"": 0, ""matches"": {""B3_POLITICS_RULE_OF_LAW"": ""政府""}}",manual_review_needed,main_matrix_original
2024_东城_二模,2024,东城,二模,6,,question,XB3_EXCLUDED,objective,/Users/wanglifei/Desktop/北京高考政治/reports/必修二三与必修四文化_题源分类准备_20260617_1301/02_text_cache/ocr_cache/2024_东城_二模/试卷.ocr.txt,ocr-cache,module-boundary-excluded,/Users/wanglifei/Desktop/北京高考政治/reports/必修二三与必修四文化_题源分类准备_20260617_1301/02_text_cache/ocr_absorbed/2024_东城_二模.txt,"{""target"": ""B3_POLITICS_RULE_OF_LAW"", ""target_score"": 2, ""boundary"": ""XB3_EXCLUDED"", ""boundary_score"": 2, ""matches"": {""B3_POLITICS_RULE_OF_LAW"": ""法院"", ""XB3_EXCLUDED"": ""创新思维,boost:创新思维""}, ""explicit_boundary_modules"": {""XB3_EXCLUDED"": [""创新思维""]}, ""override"": ""explicit_boundary_term""}",exclude_from_three_target_lines,main_matrix_original
2024_东城_二模,2024,东城,二模,7,,question,XB2_EXCLUDED,objective,/Users/wanglifei/Desktop/北京高考政治/reports/必修二三与必修四文化_题源分类准备_20260617_1301/02_text_cache/ocr_cache/2024_东城_二模/试卷.ocr.txt,ocr-cache,module-boundary-excluded,/Users/wanglifei/Desktop/北京高考政治/reports/必修二三与必修四文化_题源分类准备_20260617_1301/02_text_cache/ocr_absorbed/2024_东城_二模.txt,"{""target"": ""B2_ECONOMICS"", ""target_score"": 2, ""boundary"": ""XB2_EXCLUDED"", ""boundary_score"": 5, ""matches"": {""B2_ECONOMICS"": ""消费"", ""XB2_EXCLUDED"": ""侵权,诉讼,boost:侵权,boost:诉讼""}, ""explicit_boundary_modules"": {""XB2_EXCLUDED"": [""侵权"", ""诉讼""]}, ""override"": ""explicit_boundary_term""}",exclude_from_three_target_lines,main_matrix_original
2024_东城_二模,2024,东城,二模,8,,question,XB2_EXCLUDED,objective,/Users/wanglifei/Desktop/北京高考政治/reports/必修二三与必修四文化_题源分类准备_20260617_1301/02_text_cache/ocr_cache/2024_东城_二模/试卷.ocr.txt,ocr-cache,module-boundary-excluded,/Users/wanglifei/Desktop/北京高考政治/reports/必修二三与必修四文化_题源分类准备_20260617_1301/02_text_cache/ocr_absorbed/2024_东城_二模.txt,"{""target"": ""B3_POLITICS_RULE_OF_LAW"", ""target_score"": 2, ""boundary"": ""XB2_EXCLUDED"", ""boundary_score"": 7, ""matches"": {""B3_POLITICS_RULE_OF_LAW"": ""检察,法院"", ""XB2_EXCLUDED"": ""诉讼,民事,上诉,boost:诉讼,boost:民事,boost:上诉""}, ""explicit_boundary_modules"": {""XB2_EXCLUDED"": [""诉讼"", ""民事""]}, ""override"": ""explicit_boundary_term""}",exclude_from_three_target_lines,main_matrix_original
2024_东城_二模,2024,东城,二模,9,,question,UNKNOWN_OR_MIXED,objective,/Users/wanglifei/Desktop/北京高考政治/reports/必修二三与必修四文化_题源分类准备_20260617_1301/02_text_cache/ocr_cache/2024_东城_二模/试卷.ocr.txt,ocr-cache,blocked,/Users/wanglifei/Desktop/北京高考政治/reports/必修二三与必修四文化_题源分类准备_20260617_1301/02_text_cache/ocr_absorbed/2024_东城_二模.txt,"{""target"": ""B2_ECONOMICS"", ""target_score"": 0, ""boundary"": ""B4_PHILOSOPHY_EXCLUDED"", ""boundary_score"": 0, ""matches"": {}}",manual_review_needed,main_matrix_original
2024_丰台_一模,2024,丰台,一模,1,,question,B4_CULTURE,objective,/Users/wanglifei/Desktop/2024模拟题/丰台一模/试卷/试卷.pdf | /Users/wanglifei/Desktop/2024模拟题/丰台一模/试卷/补充材料/2024北京丰台高三一模政治试题及答案.pdf,"paper,reference-answer",included,/Users/wanglifei/Desktop/北京高考政治/reports/必修二三与必修四文化_题源分类准备_20260617_1301/03_question_index/question_candidates.csv,"{""target"": ""B4_CULTURE"", ""target_score"": 5, ""boundary"": ""B4_PHILOSOPHY_EXCLUDED"", ""boundary_score"": 0, ""matches"": {""B3_POLITICS_RULE_OF_LAW"": ""中国共产党,boost:中国共产党"", ""B4_CULTURE"": ""文化,革命文化,长征精神,boost:革命文化,boost:长征精神""}}",future_baodian_intake,main_matrix_original
2024_丰台_一模,2024,丰台,一模,10,,question,XB3_EXCLUDED,objective,/Users/wanglifei/Desktop/2024模拟题/丰台一模/试卷/补充材料/2024北京丰台高三一模政治试题及答案.pdf,reference-answer,module-boundary-excluded,/Users/wanglifei/Desktop/北京高考政治/reports/必修二三与必修四文化_题源分类准备_20260617_1301/03_question_index/question_candidates.csv,"{""target"": ""B2_ECONOMICS"", ""target_score"": 0, ""boundary"": ""XB3_EXCLUDED"", ""boundary_score"": 4, ""matches"": {""XB3_EXCLUDED"": ""科学思维,创新思维,boost:科学思维,boost:创新思维""}, ""explicit_boundary_modules"": {""XB3_EXCLUDED"": [""科学思维"", ""创新思维""]}, ""override"": ""explicit_boundary_term""}",exclude_from_three_target_lines,main_matrix_original
2024_丰台_一模,2024,丰台,一模,11,,question,XB3_EXCLUDED,objective,/Users/wanglifei/Desktop/2024模拟题/丰台一模/试卷/补充材料/2024北京丰台高三一模政治试题及答案.pdf,reference-answer,module-boundary-excluded,/Users/wanglifei/Desktop/北京高考政治/reports/必修二三与必修四文化_题源分类准备_20260617_1301/03_question_index/question_candidates.csv,"{""target"": ""B2_ECONOMICS"", ""target_score"": 0, ""boundary"": ""XB3_EXCLUDED"", ""boundary_score"": 8, ""matches"": {""XB3_EXCLUDED"": ""关系判断,推论,非对称性关系判断,必要条件,boost:关系判断,boost:推论,boost:非对称性关系判断,boost:必要条件""}, ""explicit_boundary_modules"": {""XB3_EXCLUDED"": [""必要条件""]}, ""override"": ""explicit_boundary_term""}",exclude_from_three_target_lines,main_matrix_original
2024_丰台_一模,2024,丰台,一模,12,,question,XB2_EXCLUDED,objective,/Users/wanglifei/Desktop/2024模拟题/丰台一模/试卷/补充材料/2024北京丰台高三一模政治试题及答案.pdf,reference-answer,module-boundary-excluded,/Users/wanglifei/Desktop/北京高考政治/reports/必修二三与必修四文化_题源分类准备_20260617_1301/03_question_index/question_candidates.csv,"{""target"": ""B2_ECONOMICS"", ""target_score"": 9, ""boundary"": ""XB2_EXCLUDED"", ""boundary_score"": 7, ""matches"": {""B2_ECONOMICS"": ""民营经济,民营企业,高质量发展,boost:民营经济,boost:高质量发展"", ""B3_POLITICS_RULE_OF_LAW"": ""政府"", ""XB2_EXCLUDED"": ""侵权,知识产权,赔偿,专利,boost:侵权,boost:知识产权,boost:专利""}, ""explicit_boundary_modules"": {""XB2_EXCLUDED"": [""侵权"", ""知识产权"", ""专利""]}, ""override"": ""explicit_boundary_term""}",exclude_from_three_target_lines,main_matrix_original
2024_丰台_一模,2024,丰台,一模,13,,question,B2_ECONOMICS,objective,/Users/wanglifei/Desktop/2024模拟题/丰台一模/试卷/补充材料/2024北京丰台高三一模政治试题及答案.pdf,reference-answer,reference-only,/Users/wanglifei/Desktop/北京高考政治/reports/必修二三与必修四文化_题源分类准备_20260617_1301/03_question_index/question_candidates.csv,"{""target"": ""B2_ECONOMICS"", ""target_score"": 7, ""boundary"": ""B4_PHILOSOPHY_EXCLUDED"", ""boundary_score"": 0, ""matches"": {""B2_ECONOMICS"": ""社会保障,医保,居民收入,民生服务,boost:社会保障,boost:医保"", ""B3_POLITICS_RULE_OF_LAW"": ""公共服务"", ""B4_CULTURE"": ""文化""}}",locate_paper_for_confirmation,main_matrix_original
2024_丰台_一模,2024,丰台,一模,14,,question,UNKNOWN_OR_MIXED,objective,/Users/wanglifei/Desktop/2024模拟题/丰台一模/试卷/补充材料/2024北京丰台高三一模政治试题及答案.pdf,reference-answer,blocked,/Users/wanglifei/Desktop/北京高考政治/reports/必修二三与必修四文化_题源分类准备_20260617_1301/03_question_index/question_candidates.csv,"{""target"": ""B2_ECONOMICS"", ""target_score"": 1, ""boundary"": ""B4_PHILOSOPHY_EXCLUDED"", ""boundary_score"": 0, ""matches"": {""B2_ECONOMICS"": ""基础设施""}}",manual_review_needed,main_matrix_original
2024_丰台_一模,2024,丰台,一模,15,,question,XB1_EXCLUDED,objective,/Users/wanglifei/Desktop/2024模拟题/丰台一模/试卷/补充材料/2024北京丰台高三一模政治试题及答案.pdf,reference-answer,module-boundary-excluded,/Users/wanglifei/Desktop/北京高考政治/reports/必修二三与必修四文化_题源分类准备_20260617_1301/03_question_index/question_candidates.csv,"{""target"": ""B2_ECONOMICS"", ""target_score"": 0, ""boundary"": ""XB1_EXCLUDED"", ""boundary_score"": 8, ""matches"": {""XB1_EXCLUDED"": ""中国外交,外交,元首外交,boost:中国外交,boost:外交,boost:元首外交""}}",exclude_from_three_target_lines,main_matrix_original
2024_丰台_一模,2024,丰台,一模,16,,question,B3_POLITICS_RULE_OF_LAW,subjective,/Users/wanglifei/Desktop/2024模拟题/丰台一模/试卷/补充材料/2024北京丰台高三一模政治试题及答案.pdf,reference-answer,reference-only,/Users/wanglifei/Desktop/北京高考政治/reports/必修二三与必修四文化_题源分类准备_20260617_1301/03_question_index/question_candidates.csv,"{""target"": ""B3_POLITICS_RULE_OF_LAW"", ""target_score"": 4, ""boundary"": ""B4_PHILOSOPHY_EXCLUDED"", ""boundary_score"": 2, ""matches"": {""B3_POLITICS_RULE_OF_LAW"": ""政治与法治,中国共产党,boost:政治与法治,boost:中国共产党"", ""B4_PHILOSOPHY_EXCLUDED"": ""矛盾,boost:矛盾"", ""B1_EXCLUDED"": ""中国特色社会主义""}}",locate_paper_for_confirmation,main_matrix_original
2024_丰台_一模,2024,丰台,一模,17,,question,XB2_EXCLUDED,subjective,/Users/wanglifei/Desktop/2024模拟题/丰台一模/试卷/补充材料/2024北京丰台高三一模政治试题及答案.pdf,reference-answer,module-boundary-excluded,/Users/wanglifei/Desktop/北京高考政治/reports/必修二三与必修四文化_题源分类准备_20260617_1301/03_question_index/question_candidates.csv,"{""target"": ""B3_POLITICS_RULE_OF_LAW"", ""target_score"": 5, ""boundary"": ""XB2_EXCLUDED"", ""boundary_score"": 14, ""matches"": {""B3_POLITICS_RULE_OF_LAW"": ""法院"", ""B4_CULTURE"": ""社会主义核心价值观,boost:社会主义核心价值观"", ""XB2_EXCLUDED"": ""法律与生活,民法典,民事,赔偿,健康权,boost:法律与生活,boost:民法典,boost:民事,boost:健康权""}, ""explicit_boundary_modules"": {""XB2_EXCLUDED"": [""法律与生活"", ""民法典"", ""民事""]}, ""override"": ""explicit_boundary_term""}",exclude_from_three_target_lines,main_matrix_original
2024_丰台_一模,2024,丰台,一模,18,,question,B2_ECONOMICS,subjective,/Users/wanglifei/Desktop/2024模拟题/丰台一模/试卷/补充材料/2024北京丰台高三一模政治试题及答案.pdf,reference-answer,reference-only,/Users/wanglifei/Desktop/北京高考政治/reports/必修二三与必修四文化_题源分类准备_20260617_1301/03_question_index/question_candidates.csv,"{""target"": ""B2_ECONOMICS"", ""target_score"": 24, ""boundary"": ""B4_PHILOSOPHY_EXCLUDED"", ""boundary_score"": 3, ""matches"": {""B2_ECONOMICS"": ""经济与社会,高质量发展,新质生产力,产业链,劳动者,生产要素,经济增长,boost:经济与社会,boost:高质量发展,boost:新质生产力,boost:产业链,boost:生产要素"", ""B3_POLITICS_RULE_OF_LAW"": ""政府"", ""B4_PHILOSOPHY_EXCLUDED"": ""认识,矛盾,boost:矛盾"", ""XB1_EXCLUDED"": ""对外开放""}}",locate_paper_for_confirmation,main_matrix_original
2024_丰台_一模,2024,丰台,一模,19,,question,XB3_EXCLUDED,subjective,/Users/wanglifei/Desktop/2024模拟题/丰台一模/试卷/补充材料/2024北京丰台高三一模政治试题及答案.pdf,reference-answer,module-boundary-excluded,/Users/wanglifei/Desktop/北京高考政治/reports/必修二三与必修四文化_题源分类准备_20260617_1301/03_question_index/question_candidates.csv,"{""target"": ""B3_POLITICS_RULE_OF_LAW"", ""target_score"": 6, ""boundary"": ""XB3_EXCLUDED"", ""boundary_score"": 5, ""matches"": {""B3_POLITICS_RULE_OF_LAW"": ""政协,模拟政协,boost:政协,boost:模拟政协"", ""B4_PHILOSOPHY_EXCLUDED"": ""认识"", ""XB3_EXCLUDED"": ""科学思维,逻辑规则,boost:科学思维,boost:逻辑规则""}, ""explicit_boundary_modules"": {""XB3_EXCLUDED"": [""科学思维""]}, ""override"": ""explicit_boundary_term""}",exclude_from_three_target_lines,main_matrix_original
2024_丰台_一模,2024,丰台,一模,2,,question,B4_CULTURE,objective,/Users/wanglifei/Desktop/2024模拟题/丰台一模/试卷/试卷.pdf | /Users/wanglifei/Desktop/2024模拟题/丰台一模/试卷/补充材料/2024北京丰台高三一模政治试题及答案.pdf,"paper,reference-answer",included,/Users/wanglifei/Desktop/北京高考政治/reports/必修二三与必修四文化_题源分类准备_20260617_1301/03_question_index/question_candidates.csv,"{""target"": ""B4_CULTURE"", ""target_score"": 9, ""boundary"": ""B4_PHILOSOPHY_EXCLUDED"", ""boundary_score"": 0, ""matches"": {""B4_CULTURE"": ""文化,传统文化,纹样,中华文明,boost:传统文化,boost:纹样,boost:中华文明""}}",future_baodian_intake,main_matrix_original
2024_丰台_一模,2024,丰台,一模,20,,question,XB1_EXCLUDED,subjective,/Users/wanglifei/Desktop/2024模拟题/丰台一模/试卷/补充材料/2024北京丰台高三一模政治试题及答案.pdf,reference-answer,module-boundary-excluded,/Users/wanglifei/Desktop/北京高考政治/reports/必修二三与必修四文化_题源分类准备_20260617_1301/03_question_index/question_candidates.csv,"{""target"": ""B2_ECONOMICS"", ""target_score"": 17, ""boundary"": ""XB1_EXCLUDED"", ""boundary_score"": 5, ""matches"": {""B2_ECONOMICS"": ""产业链,供应链,生产要素,基础设施,boost:产业链,boost:供应链,boost:生产要素"", ""B4_PHILOSOPHY_EXCLUDED"": ""实践"", ""XB1_EXCLUDED"": ""当代国际政治与经济,经济全球化,对外开放,boost:当代国际政治与经济,boost:经济全球化""}, ""explicit_boundary_modules"": {""XB1_EXCLUDED"": [""当代国际政治与经济"", ""经济全球化""]}, ""override"": ""explicit_boundary_term""}",exclude_from_three_target_lines,main_matrix_original
2024_丰台_一模,2024,丰台,一模,21,,question,XB1_EXCLUDED,subjective,/Users/wanglifei/Desktop/2024模拟题/丰台一模/试卷/补充材料/2024北京丰台高三一模政治试题及答案.pdf,reference-answer,module-boundary-excluded,/Users/wanglifei/Desktop/北京高考政治/reports/必修二三与必修四文化_题源分类准备_20260617_1301/03_question_index/question_candidates.csv,"{""target"": ""B3_POLITICS_RULE_OF_LAW"", ""target_score"": 2, ""boundary"": ""XB1_EXCLUDED"", ""boundary_score"": 7, ""matches"": {""B3_POLITICS_RULE_OF_LAW"": ""中国共产党,boost:中国共产党"", ""XB1_EXCLUDED"": ""联合国,和平与发展,人类命运共同体,boost:联合国,boost:和平与发展,boost:人类命运共同体""}, ""explicit_boundary_modules"": {""XB1_EXCLUDED"": [""联合国"", ""人类命运共同体""]}, ""override"": ""explicit_boundary_term""}",exclude_from_three_target_lines,main_matrix_original
2024_丰台_一模,2024,丰台,一模,3,,question,B4_CULTURE,objective,/Users/wanglifei/Desktop/2024模拟题/丰台一模/试卷/试卷.pdf | /Users/wanglifei/Desktop/2024模拟题/丰台一模/试卷/补充材料/2024北京丰台高三一模政治试题及答案.pdf,"paper,reference-answer",included,/Users/wanglifei/Desktop/北京高考政治/reports/必修二三与必修四文化_题源分类准备_20260617_1301/03_question_index/question_candidates.csv,"{""target"": ""B4_CULTURE"", ""target_score"": 7, ""boundary"": ""B4_PHILOSOPHY_EXCLUDED"", ""boundary_score"": 0, ""matches"": {""B4_CULTURE"": ""文化,文旅,boost:文旅""}}",future_baodian_intake,main_matrix_original
2024_丰台_一模,2024,丰台,一模,4,,question,B3_POLITICS_RULE_OF_LAW,objective,/Users/wanglifei/Desktop/2024模拟题/丰台一模/试卷/补充材料/2024北京丰台高三一模政治试题及答案.pdf,reference-answer,reference-only,/Users/wanglifei/Desktop/北京高考政治/reports/必修二三与必修四文化_题源分类准备_20260617_1301/03_question_index/question_candidates.csv,"{""target"": ""B3_POLITICS_RULE_OF_LAW"", ""target_score"": 10, ""boundary"": ""B4_PHILOSOPHY_EXCLUDED"", ""boundary_score"": 0, ""matches"": {""B3_POLITICS_RULE_OF_LAW"": ""人民代表大会,全国人大,全国人大常委会,人大常委会,立法权,科学立法,boost:人民代表大会,boost:全国人大,boost:人大常委会,boost:科学立法""}}",locate_paper_for_confirmation,main_matrix_original
2024_丰台_一模,2024,丰台,一模,5,,question,XB2_EXCLUDED,objective,/Users/wanglifei/Desktop/2024模拟题/丰台一模/试卷/补充材料/2024北京丰台高三一模政治试题及答案.pdf,reference-answer,module-boundary-excluded,/Users/wanglifei/Desktop/北京高考政治/reports/必修二三与必修四文化_题源分类准备_20260617_1301/03_question_index/question_candidates.csv,"{""target"": ""B3_POLITICS_RULE_OF_LAW"", ""target_score"": 4, ""boundary"": ""XB2_EXCLUDED"", ""boundary_score"": 2, ""matches"": {""B3_POLITICS_RULE_OF_LAW"": ""法院"", ""XB2_EXCLUDED"": ""诉讼,boost:诉讼""}, ""explicit_boundary_modules"": {""XB2_EXCLUDED"": [""诉讼""]}, ""override"": ""explicit_boundary_term""}",exclude_from_three_target_lines,main_matrix_original
2024_丰台_一模,2024,丰台,一模,6,,question,XB2_EXCLUDED,objective,/Users/wanglifei/Desktop/2024模拟题/丰台一模/试卷/补充材料/2024北京丰台高三一模政治试题及答案.pdf,reference-answer,module-boundary-excluded,/Users/wanglifei/Desktop/北京高考政治/reports/必修二三与必修四文化_题源分类准备_20260617_1301/03_question_index/question_candidates.csv,"{""target"": ""B3_POLITICS_RULE_OF_LAW"", ""target_score"": 1, ""boundary"": ""XB2_EXCLUDED"", ""boundary_score"": 13, ""matches"": {""B3_POLITICS_RULE_OF_LAW"": ""法院"", ""XB2_EXCLUDED"": ""侵权,民事,民事行为能力,赔偿,监护人,法定监护人,boost:侵权,boost:民事,boost:民事行为能力,boost:监护人,boost:法定监护人""}, ""explicit_boundary_modules"": {""XB2_EXCLUDED"": [""侵权"", ""民事""]}, ""override"": ""explicit_boundary_term""}",exclude_from_three_target_lines,main_matrix_original
2024_丰台_一模,2024,丰台,一模,7,,question,XB3_EXCLUDED,objective,/Users/wanglifei/Desktop/2024模拟题/丰台一模/试卷/补充材料/2024北京丰台高三一模政治试题及答案.pdf,reference-answer,module-boundary-excluded,/Users/wanglifei/Desktop/北京高考政治/reports/必修二三与必修四文化_题源分类准备_20260617_1301/03_question_index/question_candidates.csv,"{""target"": ""B2_ECONOMICS"", ""target_score"": 0, ""boundary"": ""XB3_EXCLUDED"", ""boundary_score"": 6, ""matches"": {""XB3_EXCLUDED"": ""假言判断,周延,属种关系,boost:假言判断,boost:周延,boost:属种关系""}, ""explicit_boundary_modules"": {""XB3_EXCLUDED"": [""假言""]}, ""override"": ""explicit_boundary_term""}",exclude_from_three_target_lines,main_matrix_original
2024_丰台_一模,2024,丰台,一模,8,,question,B4_PHILOSOPHY_EXCLUDED,objective,/Users/wanglifei/Desktop/2024模拟题/丰台一模/试卷/补充材料/2024北京丰台高三一模政治试题及答案.pdf,reference-answer,module-boundary-excluded,/Users/wanglifei/Desktop/北京高考政治/reports/必修二三与必修四文化_题源分类准备_20260617_1301/03_question_index/question_candidates.csv,"{""target"": ""B2_ECONOMICS"", ""target_score"": 2, ""boundary"": ""B4_PHILOSOPHY_EXCLUDED"", ""boundary_score"": 5, ""matches"": {""B2_ECONOMICS"": ""高质量发展,boost:高质量发展"", ""B4_PHILOSOPHY_EXCLUDED"": ""认识,量的渐进性,质的连续性,boost:量的渐进性,boost:质的连续性""}}",exclude_from_three_target_lines,main_matrix_original
2024_丰台_一模,2024,丰台,一模,9,,question,B4_PHILOSOPHY_EXCLUDED,objective,/Users/wanglifei/Desktop/2024模拟题/丰台一模/试卷/补充材料/2024北京丰台高三一模政治试题及答案.pdf,reference-answer,module-boundary-excluded,/Users/wanglifei/Desktop/北京高考政治/reports/必修二三与必修四文化_题源分类准备_20260617_1301/03_question_index/question_candidates.csv,"{""target"": ""B2_ECONOMICS"", ""target_score"": 0, ""boundary"": ""B4_PHILOSOPHY_EXCLUDED"", ""boundary_score"": 13, ""matches"": {""B4_PHILOSOPHY_EXCLUDED"": ""实践,认识,真理,价值判断,价值选择,主观能动性,boost:真理,boost:价值判断,boost:价值选择""}, ""explicit_boundary_modules"": {""B4_PHILOSOPHY_EXCLUDED"": [""价值判断"", ""价值选择""]}, ""override"": ""explicit_boundary_term""}",exclude_from_three_target_lines,main_matrix_original
2024_丰台_二模,2024,丰台,二模,1,,question,B3_POLITICS_RULE_OF_LAW,objective,/Users/wanglifei/Desktop/北京高考政治/reports/必修二三与必修四文化_题源分类准备_20260617_1301/02_text_cache/ocr_cache/2024_丰台_二模/试卷.ocr.txt,ocr-cache,included,/Users/wanglifei/Desktop/北京高考政治/reports/必修二三与必修四文化_题源分类准备_20260617_1301/02_text_cache/ocr_absorbed/2024_丰台_二模.txt,"{""target"": ""B3_POLITICS_RULE_OF_LAW"", ""target_score"": 4, ""boundary"": ""B4_PHILOSOPHY_EXCLUDED"", ""boundary_score"": 2, ""matches"": {""B3_POLITICS_RULE_OF_LAW"": ""中国共产党,党的领导,boost:中国共产党,boost:党的领导"", ""B4_PHILOSOPHY_EXCLUDED"": ""真理,boost:真理""}}",future_baodian_intake,main_matrix_original
2024_丰台_二模,2024,丰台,二模,10,,question,XB3_EXCLUDED,objective,/Users/wanglifei/Desktop/北京高考政治/reports/必修二三与必修四文化_题源分类准备_20260617_1301/02_text_cache/ocr_cache/2024_丰台_二模/试卷.ocr.txt,ocr-cache,module-boundary-excluded,/Users/wanglifei/Desktop/北京高考政治/reports/必修二三与必修四文化_题源分类准备_20260617_1301/02_text_cache/ocr_absorbed/2024_丰台_二模.txt,"{""target"": ""B2_ECONOMICS"", ""target_score"": 0, ""boundary"": ""XB3_EXCLUDED"", ""boundary_score"": 10, ""matches"": {""B4_PHILOSOPHY_EXCLUDED"": ""实践,认识"", ""XB3_EXCLUDED"": ""推理,类比推理,演绎推理,归纳推理,boost:推理,boost:类比推理,boost:演绎推理,boost:归纳推理""}, ""explicit_boundary_modules"": {""XB3_EXCLUDED"": [""推理""]}, ""override"": ""explicit_boundary_term""}",exclude_from_three_target_lines,main_matrix_original
2024_丰台_二模,2024,丰台,二模,11,,question,B4_CULTURE,objective,/Users/wanglifei/Desktop/北京高考政治/reports/必修二三与必修四文化_题源分类准备_20260617_1301/02_text_cache/ocr_cache/2024_丰台_二模/试卷.ocr.txt,ocr-cache,included,/Users/wanglifei/Desktop/北京高考政治/reports/必修二三与必修四文化_题源分类准备_20260617_1301/02_text_cache/ocr_absorbed/2024_丰台_二模.txt,"{""target"": ""B4_CULTURE"", ""target_score"": 17, ""boundary"": ""B4_PHILOSOPHY_EXCLUDED"", ""boundary_score"": 0, ""matches"": {""B4_CULTURE"": ""文化,博物馆,文物,boost:博物馆,boost:文物""}}",future_baodian_intake,main_matrix_original
2024_丰台_二模,2024,丰台,二模,12,,question,XB2_EXCLUDED,objective,/Users/wanglifei/Desktop/北京高考政治/reports/必修二三与必修四文化_题源分类准备_20260617_1301/02_text_cache/ocr_cache/2024_丰台_二模/试卷.ocr.txt,ocr-cache,module-boundary-excluded,/Users/wanglifei/Desktop/北京高考政治/reports/必修二三与必修四文化_题源分类准备_20260617_1301/02_text_cache/ocr_absorbed/2024_丰台_二模.txt,"{""target"": ""B2_ECONOMICS"", ""target_score"": 0, ""boundary"": ""B4_PHILOSOPHY_EXCLUDED"", ""boundary_score"": 3, ""matches"": {""B4_PHILOSOPHY_EXCLUDED"": ""认识,主观能动性"", ""XB2_EXCLUDED"": ""知识产权,boost:知识产权"", ""XB3_EXCLUDED"": ""充分条件,boost:充分条件""}, ""explicit_boundary_modules"": {""XB2_EXCLUDED"": [""知识产权""], ""XB3_EXCLUDED"": [""充分条件""]}, ""override"": ""explicit_boundary_term""}",exclude_from_three_target_lines,main_matrix_original
2024_丰台_二模,2024,丰台,二模,13,,question,B4_PHILOSOPHY_EXCLUDED,objective,/Users/wanglifei/Desktop/北京高考政治/reports/必修二三与必修四文化_题源分类准备_20260617_1301/02_text_cache/ocr_cache/2024_丰台_二模/试卷.ocr.txt,ocr-cache,module-boundary-excluded,/Users/wanglifei/Desktop/北京高考政治/reports/必修二三与必修四文化_题源分类准备_20260617_1301/02_text_cache/ocr_absorbed/2024_丰台_二模.txt,"{""target"": ""B2_ECONOMICS"", ""target_score"": 0, ""boundary"": ""B4_PHILOSOPHY_EXCLUDED"", ""boundary_score"": 2, ""matches"": {""B4_PHILOSOPHY_EXCLUDED"": ""适度原则,boost:适度原则"", ""XB3_EXCLUDED"": ""逆向思维,boost:逆向思维""}}",exclude_from_three_target_lines,main_matrix_original
2024_丰台_二模,2024,丰台,二模,14,,question,UNKNOWN_OR_MIXED,objective,/Users/wanglifei/Desktop/北京高考政治/reports/必修二三与必修四文化_题源分类准备_20260617_1301/02_text_cache/ocr_cache/2024_丰台_二模/试卷.ocr.txt,ocr-cache,blocked,/Users/wanglifei/Desktop/北京高考政治/reports/必修二三与必修四文化_题源分类准备_20260617_1301/02_text_cache/ocr_absorbed/2024_丰台_二模.txt,"{""target"": ""B2_ECONOMICS"", ""target_score"": 1, ""boundary"": ""XB1_EXCLUDED"", ""boundary_score"": 2, ""matches"": {""B2_ECONOMICS"": ""基础设施"", ""XB1_EXCLUDED"": ""国际贸易,boost:国际贸易""}}",manual_review_needed,main_matrix_original
2024_丰台_二模,2024,丰台,二模,15,,question,XB1_EXCLUDED,objective,/Users/wanglifei/Desktop/北京高考政治/reports/必修二三与必修四文化_题源分类准备_20260617_1301/02_text_cache/ocr_cache/2024_丰台_二模/试卷.ocr.txt,ocr-cache,module-boundary-excluded,/Users/wanglifei/Desktop/北京高考政治/reports/必修二三与必修四文化_题源分类准备_20260617_1301/02_text_cache/ocr_absorbed/2024_丰台_二模.txt,"{""target"": ""B2_ECONOMICS"", ""target_score"": 2, ""boundary"": ""XB1_EXCLUDED"", ""boundary_score"": 4, ""matches"": {""B2_ECONOMICS"": ""经济增长,boost:经济增长"", ""XB1_EXCLUDED"": ""国际关系,经济全球化,boost:国际关系,boost:经济全球化""}, ""explicit_boundary_modules"": {""XB1_EXCLUDED"": [""经济全球化"", ""国际关系""]}, ""override"": ""explicit_boundary_term""}",exclude_from_three_target_lines,main_matrix_original
2024_丰台_二模,2024,丰台,二模,16,,question,B3_POLITICS_RULE_OF_LAW,subjective,/Users/wanglifei/Desktop/北京高考政治/reports/必修二三与必修四文化_题源分类准备_20260617_1301/02_text_cache/ocr_cache/2024_丰台_二模/试卷.ocr.txt,ocr-cache,included,/Users/wanglifei/Desktop/北京高考政治/reports/必修二三与必修四文化_题源分类准备_20260617_1301/02_text_cache/ocr_absorbed/2024_丰台_二模.txt,"{""target"": ""B3_POLITICS_RULE_OF_LAW"", ""target_score"": 6, ""boundary"": ""B4_PHILOSOPHY_EXCLUDED"", ""boundary_score"": 0, ""matches"": {""B3_POLITICS_RULE_OF_LAW"": ""政治与法治,党组织,社区治理,boost:政治与法治,boost:党组织""}}",future_baodian_intake,main_matrix_original
2024_丰台_二模,2024,丰台,二模,17,,question,XB2_EXCLUDED,subjective,/Users/wanglifei/Desktop/北京高考政治/reports/必修二三与必修四文化_题源分类准备_20260617_1301/02_text_cache/ocr_cache/2024_丰台_二模/试卷.ocr.txt,ocr-cache,module-boundary-excluded,/Users/wanglifei/Desktop/北京高考政治/reports/必修二三与必修四文化_题源分类准备_20260617_1301/02_text_cache/ocr_absorbed/2024_丰台_二模.txt,"{""target"": ""B3_POLITICS_RULE_OF_LAW"", ""target_score"": 1, ""boundary"": ""XB2_EXCLUDED"", ""boundary_score"": 29, ""matches"": {""B3_POLITICS_RULE_OF_LAW"": ""法院"", ""XB2_EXCLUDED"": ""法律与生活,民法典,侵权,知识产权,诉讼,民事,民事主体,侵权责任,赔偿,专利,boost:法律与生活,boost:民法典""}, ""explicit_boundary_modules"": {""XB2_EXCLUDED"": [""法律与生活"", ""民法典"", ""侵权"", ""知识产权"", ""诉讼"", ""民事"", ""专利""]}, ""override"": ""explicit_boundary_term""}",exclude_from_three_target_lines,main_matrix_original
2024_丰台_二模,2024,丰台,二模,18(1),18,subquestion,XB3_EXCLUDED,subjective,/Users/wanglifei/Desktop/北京高考政治/reports/必修二三与必修四文化_题源分类准备_20260617_1301/02_text_cache/ocr_cache/2024_丰台_二模/试卷.ocr.txt,ocr-cache,module-boundary-excluded,04_module_classification/subquestion_split_matrix.csv,"{""target"": ""B2_ECONOMICS"", ""target_score"": 0, ""boundary"": ""XB3_EXCLUDED"", ""boundary_score"": 4, ""matches"": {""XB3_EXCLUDED"": ""三段论,逻辑规则,boost:三段论,boost:逻辑规则""}, ""explicit_boundary_modules"": {""XB3_EXCLUDED"": [""三段论""]}, ""override"": ""explicit_boundary_term""}",exclude_from_three_target_lines,subquestion_integrated_boundary
2024_丰台_二模,2024,丰台,二模,18(2),18,subquestion,XB3_EXCLUDED,subjective,/Users/wanglifei/Desktop/北京高考政治/reports/必修二三与必修四文化_题源分类准备_20260617_1301/02_text_cache/ocr_cache/2024_丰台_二模/试卷.ocr.txt,ocr-cache,module-boundary-excluded,04_module_classification/subquestion_split_matrix.csv,"{""target"": ""B2_ECONOMICS"", ""target_score"": 0, ""boundary"": ""XB3_EXCLUDED"", ""boundary_score"": 2, ""matches"": {""XB3_EXCLUDED"": ""科学思维,boost:科学思维""}, ""explicit_boundary_modules"": {""XB3_EXCLUDED"": [""科学思维""]}, ""override"": ""explicit_boundary_term""}",exclude_from_three_target_lines,subquestion_integrated_boundary
2024_丰台_二模,2024,丰台,二模,18(3),18,subquestion,B2_ECONOMICS,subjective,/Users/wanglifei/Desktop/北京高考政治/reports/必修二三与必修四文化_题源分类准备_20260617_1301/02_text_cache/ocr_cache/2024_丰台_二模/试卷.ocr.txt,ocr-cache,included,04_module_classification/subquestion_split_matrix.csv,"{""target"": ""B2_ECONOMICS"", ""target_score"": 2, ""boundary"": ""B4_PHILOSOPHY_EXCLUDED"", ""boundary_score"": 0, ""matches"": {""B2_ECONOMICS"": ""经济与社会,boost:经济与社会""}}",future_baodian_intake,subquestion_integrated_target
2024_丰台_二模,2024,丰台,二模,19,,question,XB1_EXCLUDED,subjective,/Users/wanglifei/Desktop/北京高考政治/reports/必修二三与必修四文化_题源分类准备_20260617_1301/02_text_cache/ocr_cache/2024_丰台_二模/试卷.ocr.txt,ocr-cache,module-boundary-excluded,/Users/wanglifei/Desktop/北京高考政治/reports/必修二三与必修四文化_题源分类准备_20260617_1301/02_text_cache/ocr_absorbed/2024_丰台_二模.txt,"{""target"": ""B2_ECONOMICS"", ""target_score"": 1, ""boundary"": ""XB1_EXCLUDED"", ""boundary_score"": 6, ""matches"": {""B2_ECONOMICS"": ""消费"", ""XB1_EXCLUDED"": ""当代国际政治与经济,联合国,南南合作,boost:当代国际政治与经济,boost:联合国,boost:南南合作""}, ""explicit_boundary_modules"": {""XB1_EXCLUDED"": [""当代国际政治与经济"", ""联合国""]}, ""override"": ""explicit_boundary_term""}",exclude_from_three_target_lines,main_matrix_original
2024_丰台_二模,2024,丰台,二模,2,,question,UNKNOWN_OR_MIXED,objective,/Users/wanglifei/Desktop/北京高考政治/reports/必修二三与必修四文化_题源分类准备_20260617_1301/02_text_cache/ocr_cache/2024_丰台_二模/试卷.ocr.txt,ocr-cache,blocked,/Users/wanglifei/Desktop/北京高考政治/reports/必修二三与必修四文化_题源分类准备_20260617_1301/02_text_cache/ocr_absorbed/2024_丰台_二模.txt,"{""target"": ""B2_ECONOMICS"", ""target_score"": 0, ""boundary"": ""B4_PHILOSOPHY_EXCLUDED"", ""boundary_score"": 1, ""matches"": {""B4_PHILOSOPHY_EXCLUDED"": ""实践""}}",manual_review_needed,main_matrix_original
2024_丰台_二模,2024,丰台,二模,20,,question,B1_EXCLUDED,subjective,/Users/wanglifei/Desktop/北京高考政治/reports/必修二三与必修四文化_题源分类准备_20260617_1301/02_text_cache/ocr_cache/2024_丰台_二模/试卷.ocr.txt,ocr-cache,module-boundary-excluded,/Users/wanglifei/Desktop/北京高考政治/reports/必修二三与必修四文化_题源分类准备_20260617_1301/02_text_cache/ocr_absorbed/2024_丰台_二模.txt,"{""target"": ""B2_ECONOMICS"", ""target_score"": 0, ""boundary"": ""B1_EXCLUDED"", ""boundary_score"": 4, ""matches"": {""B4_PHILOSOPHY_EXCLUDED"": ""认识"", ""B1_EXCLUDED"": ""中国特色社会主义,改革开放""}}",exclude_from_three_target_lines,main_matrix_original
2024_丰台_二模,2024,丰台,二模,21,,question,UNKNOWN_OR_MIXED,subjective,/Users/wanglifei/Desktop/北京高考政治/reports/必修二三与必修四文化_题源分类准备_20260617_1301/02_text_cache/ocr_cache/2024_丰台_二模/试卷.ocr.txt,ocr-cache,blocked,/Users/wanglifei/Desktop/北京高考政治/reports/必修二三与必修四文化_题源分类准备_20260617_1301/02_text_cache/ocr_absorbed/2024_丰台_二模.txt,"{""target"": ""B2_ECONOMICS"", ""target_score"": 0, ""boundary"": ""B4_PHILOSOPHY_EXCLUDED"", ""boundary_score"": 0, ""matches"": {}}",manual_review_needed,main_matrix_original
2024_丰台_二模,2024,丰台,二模,3,,question,B2_ECONOMICS,objective,/Users/wanglifei/Desktop/北京高考政治/reports/必修二三与必修四文化_题源分类准备_20260617_1301/02_text_cache/ocr_cache/2024_丰台_二模/试卷.ocr.txt,ocr-cache,included,/Users/wanglifei/Desktop/北京高考政治/reports/必修二三与必修四文化_题源分类准备_20260617_1301/02_text_cache/ocr_absorbed/2024_丰台_二模.txt,"{""target"": ""B2_ECONOMICS"", ""target_score"": 7, ""boundary"": ""B4_PHILOSOPHY_EXCLUDED"", ""boundary_score"": 0, ""matches"": {""B2_ECONOMICS"": ""新质生产力,产业链,人力资源,经济增长,boost:新质生产力,boost:产业链,boost:经济增长""}}",future_baodian_intake,main_matrix_original
2024_丰台_二模,2024,丰台,二模,4,,question,B4_PHILOSOPHY_EXCLUDED,objective,/Users/wanglifei/Desktop/北京高考政治/reports/必修二三与必修四文化_题源分类准备_20260617_1301/02_text_cache/ocr_cache/2024_丰台_二模/试卷.ocr.txt,ocr-cache,module-boundary-excluded,/Users/wanglifei/Desktop/北京高考政治/reports/必修二三与必修四文化_题源分类准备_20260617_1301/02_text_cache/ocr_absorbed/2024_丰台_二模.txt,"{""target"": ""B2_ECONOMICS"", ""target_score"": 0, ""boundary"": ""B4_PHILOSOPHY_EXCLUDED"", ""boundary_score"": 2, ""matches"": {""B4_PHILOSOPHY_EXCLUDED"": ""矛盾,boost:矛盾""}}",exclude_from_three_target_lines,main_matrix_original
2024_丰台_二模,2024,丰台,二模,5,,question,B2_ECONOMICS,objective,/Users/wanglifei/Desktop/北京高考政治/reports/必修二三与必修四文化_题源分类准备_20260617_1301/02_text_cache/ocr_cache/2024_丰台_二模/试卷.ocr.txt,ocr-cache,included,/Users/wanglifei/Desktop/北京高考政治/reports/必修二三与必修四文化_题源分类准备_20260617_1301/02_text_cache/ocr_absorbed/2024_丰台_二模.txt,"{""target"": ""B2_ECONOMICS"", ""target_score"": 15, ""boundary"": ""XB2_EXCLUDED"", ""boundary_score"": 6, ""matches"": {""B2_ECONOMICS"": ""消费"", ""B3_POLITICS_RULE_OF_LAW"": ""政府"", ""XB2_EXCLUDED"": ""消费者权益,boost:消费者权益""}}",future_baodian_intake,main_matrix_original
2024_丰台_二模,2024,丰台,二模,6,,question,B3_POLITICS_RULE_OF_LAW,objective,/Users/wanglifei/Desktop/北京高考政治/reports/必修二三与必修四文化_题源分类准备_20260617_1301/02_text_cache/ocr_cache/2024_丰台_二模/试卷.ocr.txt,ocr-cache,included,/Users/wanglifei/Desktop/北京高考政治/reports/必修二三与必修四文化_题源分类准备_20260617_1301/02_text_cache/ocr_absorbed/2024_丰台_二模.txt,"{""target"": ""B3_POLITICS_RULE_OF_LAW"", ""target_score"": 3, ""boundary"": ""XB2_EXCLUDED"", ""boundary_score"": 2, ""matches"": {""B2_ECONOMICS"": ""劳动者"", ""B3_POLITICS_RULE_OF_LAW"": ""检察"", ""XB2_EXCLUDED"": ""劳动关系,boost:劳动关系""}}",future_baodian_intake,main_matrix_original
2024_丰台_二模,2024,丰台,二模,7,,question,XB3_EXCLUDED,objective,/Users/wanglifei/Desktop/北京高考政治/reports/必修二三与必修四文化_题源分类准备_20260617_1301/02_text_cache/ocr_cache/2024_丰台_二模/试卷.ocr.txt,ocr-cache,module-boundary-excluded,/Users/wanglifei/Desktop/北京高考政治/reports/必修二三与必修四文化_题源分类准备_20260617_1301/02_text_cache/ocr_absorbed/2024_丰台_二模.txt,"{""target"": ""B2_ECONOMICS"", ""target_score"": 2, ""boundary"": ""XB3_EXCLUDED"", ""boundary_score"": 2, ""matches"": {""B2_ECONOMICS"": ""高质量发展,boost:高质量发展"", ""XB3_EXCLUDED"": ""分析与综合,boost:分析与综合""}, ""explicit_boundary_modules"": {""XB3_EXCLUDED"": [""分析与综合""]}, ""override"": ""explicit_boundary_term""}",exclude_from_three_target_lines,main_matrix_original
2024_丰台_二模,2024,丰台,二模,8,,question,B3_POLITICS_RULE_OF_LAW,objective,/Users/wanglifei/Desktop/北京高考政治/reports/必修二三与必修四文化_题源分类准备_20260617_1301/02_text_cache/ocr_cache/2024_丰台_二模/试卷.ocr.txt,ocr-cache,included,/Users/wanglifei/Desktop/北京高考政治/reports/必修二三与必修四文化_题源分类准备_20260617_1301/02_text_cache/ocr_absorbed/2024_丰台_二模.txt,"{""target"": ""B3_POLITICS_RULE_OF_LAW"", ""target_score"": 3, ""boundary"": ""B4_PHILOSOPHY_EXCLUDED"", ""boundary_score"": 0, ""matches"": {""B3_POLITICS_RULE_OF_LAW"": ""政协,boost:政协"", ""B4_CULTURE"": ""文化""}}",future_baodian_intake,main_matrix_original
2024_丰台_二模,2024,丰台,二模,9,,question,UNKNOWN_OR_MIXED,objective,/Users/wanglifei/Desktop/北京高考政治/reports/必修二三与必修四文化_题源分类准备_20260617_1301/02_text_cache/ocr_cache/2024_丰台_二模/试卷.ocr.txt,ocr-cache,blocked,/Users/wanglifei/Desktop/北京高考政治/reports/必修二三与必修四文化_题源分类准备_20260617_1301/02_text_cache/ocr_absorbed/2024_丰台_二模.txt,"{""target"": ""B2_ECONOMICS"", ""target_score"": 0, ""boundary"": ""B4_PHILOSOPHY_EXCLUDED"", ""boundary_score"": 0, ""matches"": {}}",manual_review_needed,main_matrix_original
2024_朝阳_一模,2024,朝阳,一模,1,,question,B4_CULTURE,objective,/Users/wanglifei/Desktop/2024模拟题/2024朝阳一模/试卷/试卷.pdf,paper,included,/Users/wanglifei/Desktop/北京高考政治/reports/必修二三与必修四文化_题源分类准备_20260617_1301/03_question_index/question_candidates.csv,"{""target"": ""B4_CULTURE"", ""target_score"": 4, ""boundary"": ""B1_EXCLUDED"", ""boundary_score"": 2, ""matches"": {""B3_POLITICS_RULE_OF_LAW"": ""中国共产党,boost:中国共产党"", ""B4_CULTURE"": ""文化,中华文明,boost:中华文明"", ""B1_EXCLUDED"": ""中国特色社会主义""}}",future_baodian_intake,main_matrix_original
2024_朝阳_一模,2024,朝阳,一模,10,,question,XB2_EXCLUDED,objective,/Users/wanglifei/Desktop/2024模拟题/2024朝阳一模/试卷/试卷.pdf,paper,module-boundary-excluded,/Users/wanglifei/Desktop/北京高考政治/reports/必修二三与必修四文化_题源分类准备_20260617_1301/03_question_index/question_candidates.csv,"{""target"": ""B3_POLITICS_RULE_OF_LAW"", ""target_score"": 2, ""boundary"": ""XB2_EXCLUDED"", ""boundary_score"": 13, ""matches"": {""B3_POLITICS_RULE_OF_LAW"": ""法院"", ""XB2_EXCLUDED"": ""侵权,民事,民事行为能力,侵权责任,健康权,boost:侵权,boost:民事,boost:民事行为能力,boost:侵权责任,boost:健康权""}, ""explicit_boundary_modules"": {""XB2_EXCLUDED"": [""侵权"", ""民事""]}, ""override"": ""explicit_boundary_term""}",exclude_from_three_target_lines,main_matrix_original
2024_朝阳_一模,2024,朝阳,一模,11,,question,XB2_EXCLUDED,objective,/Users/wanglifei/Desktop/2024模拟题/2024朝阳一模/试卷/试卷.pdf,paper,module-boundary-excluded,/Users/wanglifei/Desktop/北京高考政治/reports/必修二三与必修四文化_题源分类准备_20260617_1301/03_question_index/question_candidates.csv,"{""target"": ""B2_ECONOMICS"", ""target_score"": 0, ""boundary"": ""XB2_EXCLUDED"", ""boundary_score"": 3, ""matches"": {""XB2_EXCLUDED"": ""所有权,boost:所有权""}, ""explicit_boundary_modules"": {""XB2_EXCLUDED"": [""所有权""]}, ""override"": ""explicit_boundary_term""}",exclude_from_three_target_lines,main_matrix_original
2024_朝阳_一模,2024,朝阳,一模,12,,question,XB2_EXCLUDED,objective,/Users/wanglifei/Desktop/2024模拟题/2024朝阳一模/试卷/试卷.pdf,paper,module-boundary-excluded,/Users/wanglifei/Desktop/北京高考政治/reports/必修二三与必修四文化_题源分类准备_20260617_1301/03_question_index/question_candidates.csv,"{""target"": ""B2_ECONOMICS"", ""target_score"": 0, ""boundary"": ""XB2_EXCLUDED"", ""boundary_score"": 9, ""matches"": {""XB2_EXCLUDED"": ""知识产权,专利,专利法,boost:知识产权,boost:专利,boost:专利法""}, ""explicit_boundary_modules"": {""XB2_EXCLUDED"": [""知识产权"", ""专利""]}, ""override"": ""explicit_boundary_term""}",exclude_from_three_target_lines,main_matrix_original
2024_朝阳_一模,2024,朝阳,一模,13,,question,B2_ECONOMICS,objective,/Users/wanglifei/Desktop/2024模拟题/2024朝阳一模/试卷/试卷.pdf,paper,included,/Users/wanglifei/Desktop/北京高考政治/reports/必修二三与必修四文化_题源分类准备_20260617_1301/03_question_index/question_candidates.csv,"{""target"": ""B2_ECONOMICS"", ""target_score"": 9, ""boundary"": ""B4_PHILOSOPHY_EXCLUDED"", ""boundary_score"": 0, ""matches"": {""B2_ECONOMICS"": ""高质量发展,财政,消费,区域协调,经济增长,boost:高质量发展,boost:财政,boost:经济增长"", ""B3_POLITICS_RULE_OF_LAW"": ""政府,公共服务""}}",future_baodian_intake,main_matrix_original
2024_朝阳_一模,2024,朝阳,一模,14,,question,XB1_EXCLUDED,objective,/Users/wanglifei/Desktop/2024模拟题/2024朝阳一模/试卷/试卷.pdf,paper,module-boundary-excluded,/Users/wanglifei/Desktop/北京高考政治/reports/必修二三与必修四文化_题源分类准备_20260617_1301/03_question_index/question_candidates.csv,"{""target"": ""B2_ECONOMICS"", ""target_score"": 2, ""boundary"": ""XB1_EXCLUDED"", ""boundary_score"": 5, ""matches"": {""B2_ECONOMICS"": ""营商环境,boost:营商环境"", ""XB1_EXCLUDED"": ""对外开放,国际贸易,boost:国际贸易""}}",exclude_from_three_target_lines,main_matrix_original
2024_朝阳_一模,2024,朝阳,一模,15,,question,XB1_EXCLUDED,objective,/Users/wanglifei/Desktop/2024模拟题/2024朝阳一模/试卷/试卷.pdf,paper,module-boundary-excluded,/Users/wanglifei/Desktop/北京高考政治/reports/必修二三与必修四文化_题源分类准备_20260617_1301/03_question_index/question_candidates.csv,"{""target"": ""B2_ECONOMICS"", ""target_score"": 0, ""boundary"": ""XB1_EXCLUDED"", ""boundary_score"": 18, ""matches"": {""B4_PHILOSOPHY_EXCLUDED"": ""实践"", ""XB1_EXCLUDED"": ""全球治理,外交,多边外交,APEC,G20,金砖,上合组织,boost:全球治理,boost:外交,boost:多边外交,boost:APEC,boost:G20""}, ""explicit_boundary_modules"": {""XB1_EXCLUDED"": [""全球治理""]}, ""override"": ""explicit_boundary_term""}",exclude_from_three_target_lines,main_matrix_original
2024_朝阳_一模,2024,朝阳,一模,16,,question,B3_POLITICS_RULE_OF_LAW,subjective,/Users/wanglifei/Desktop/2024模拟题/2024朝阳一模/试卷/试卷.pdf,paper,included,/Users/wanglifei/Desktop/北京高考政治/reports/必修二三与必修四文化_题源分类准备_20260617_1301/03_question_index/question_candidates.csv,"{""target"": ""B3_POLITICS_RULE_OF_LAW"", ""target_score"": 3, ""boundary"": ""B4_PHILOSOPHY_EXCLUDED"", ""boundary_score"": 1, ""matches"": {""B3_POLITICS_RULE_OF_LAW"": ""中国共产党,全面从严治党,boost:中国共产党"", ""B4_PHILOSOPHY_EXCLUDED"": ""认识""}}",future_baodian_intake,main_matrix_original
2024_朝阳_一模,2024,朝阳,一模,17,,question,B2_ECONOMICS,subjective,/Users/wanglifei/Desktop/2024模拟题/2024朝阳一模/试卷/试卷.pdf,paper,included,/Users/wanglifei/Desktop/北京高考政治/reports/必修二三与必修四文化_题源分类准备_20260617_1301/03_question_index/question_candidates.csv,"{""target"": ""B2_ECONOMICS"", ""target_score"": 9, ""boundary"": ""B4_PHILOSOPHY_EXCLUDED"", ""boundary_score"": 0, ""matches"": {""B2_ECONOMICS"": ""经济与社会,银发经济,GDP,boost:经济与社会,boost:银发经济,boost:GDP""}}",future_baodian_intake,main_matrix_original
2024_朝阳_一模,2024,朝阳,一模,18,,question,B3_POLITICS_RULE_OF_LAW,subjective,/Users/wanglifei/Desktop/2024模拟题/2024朝阳一模/试卷/试卷.pdf,paper,included,/Users/wanglifei/Desktop/北京高考政治/reports/必修二三与必修四文化_题源分类准备_20260617_1301/03_question_index/question_candidates.csv,"{""target"": ""B3_POLITICS_RULE_OF_LAW"", ""target_score"": 5, ""boundary"": ""B4_PHILOSOPHY_EXCLUDED"", ""boundary_score"": 1, ""matches"": {""B2_ECONOMICS"": ""高质量发展,boost:高质量发展"", ""B3_POLITICS_RULE_OF_LAW"": ""政治与法治,人民代表大会,政府,boost:政治与法治,boost:人民代表大会"", ""B4_CULTURE"": ""文化"", ""B4_PHILOSOPHY_EXCLUDED"": ""认识""}}",future_baodian_intake,main_matrix_original
2024_朝阳_一模,2024,朝阳,一模,19,,question,XB2_EXCLUDED,subjective,/Users/wanglifei/Desktop/2024模拟题/2024朝阳一模/试卷/试卷.pdf,paper,module-boundary-excluded,/Users/wanglifei/Desktop/北京高考政治/reports/必修二三与必修四文化_题源分类准备_20260617_1301/03_question_index/question_candidates.csv,"{""target"": ""B2_ECONOMICS"", ""target_score"": 4, ""boundary"": ""XB2_EXCLUDED"", ""boundary_score"": 14, ""matches"": {""B2_ECONOMICS"": ""市场经济,消费,boost:市场经济"", ""B3_POLITICS_RULE_OF_LAW"": ""法院,行政许可,行政处罚"", ""XB2_EXCLUDED"": ""法律与生活,民法典,合同,民事,民事主体,违约,boost:法律与生活,boost:民法典,boost:合同,boost:民事,boost:民事主体,boost:违约""}, ""explicit_boundary_modules"": {""XB2_EXCLUDED"": [""法律与生活"", ""民法典"", ""合同"", ""民事""]}, ""override"": ""explicit_boundary_term""}",exclude_from_three_target_lines,main_matrix_original
2024_朝阳_一模,2024,朝阳,一模,2,,question,B4_CULTURE,objective,/Users/wanglifei/Desktop/2024模拟题/2024朝阳一模/试卷/试卷.pdf,paper,included,/Users/wanglifei/Desktop/北京高考政治/reports/必修二三与必修四文化_题源分类准备_20260617_1301/03_question_index/question_candidates.csv,"{""target"": ""B4_CULTURE"", ""target_score"": 7, ""boundary"": ""B4_PHILOSOPHY_EXCLUDED"", ""boundary_score"": 0, ""matches"": {""B2_ECONOMICS"": ""新质生产力,boost:新质生产力"", ""B4_CULTURE"": ""文化,中华优秀传统文化,优秀传统文化,传统文化,boost:中华优秀传统文化,boost:优秀传统文化,boost:传统文化""}}",future_baodian_intake,main_matrix_original
2024_朝阳_一模,2024,朝阳,一模,20,,question,XB3_EXCLUDED,subjective,/Users/wanglifei/Desktop/2024模拟题/2024朝阳一模/试卷/试卷.pdf,paper,module-boundary-excluded,/Users/wanglifei/Desktop/北京高考政治/reports/必修二三与必修四文化_题源分类准备_20260617_1301/03_question_index/question_candidates.csv,"{""target"": ""B2_ECONOMICS"", ""target_score"": 0, ""boundary"": ""XB3_EXCLUDED"", ""boundary_score"": 11, ""matches"": {""XB3_EXCLUDED"": ""推理,演绎推理,boost:推理,boost:演绎推理""}, ""explicit_boundary_modules"": {""XB3_EXCLUDED"": [""推理""]}, ""override"": ""explicit_boundary_term""}",exclude_from_three_target_lines,main_matrix_original
2024_朝阳_一模,2024,朝阳,一模,21,,question,XB1_EXCLUDED,subjective,/Users/wanglifei/Desktop/2024模拟题/2024朝阳一模/试卷/试卷.pdf,paper,module-boundary-excluded,/Users/wanglifei/Desktop/北京高考政治/reports/必修二三与必修四文化_题源分类准备_20260617_1301/03_question_index/question_candidates.csv,"{""target"": ""B2_ECONOMICS"", ""target_score"": 0, ""boundary"": ""XB1_EXCLUDED"", ""boundary_score"": 2, ""matches"": {""B4_PHILOSOPHY_EXCLUDED"": ""认识"", ""XB1_EXCLUDED"": ""当代国际政治与经济,boost:当代国际政治与经济""}, ""explicit_boundary_modules"": {""XB1_EXCLUDED"": [""当代国际政治与经济""]}, ""override"": ""explicit_boundary_term""}",exclude_from_three_target_lines,main_matrix_original
2024_朝阳_一模,2024,朝阳,一模,3,,question,B4_PHILOSOPHY_EXCLUDED,objective,/Users/wanglifei/Desktop/2024模拟题/2024朝阳一模/试卷/试卷.pdf,paper,module-boundary-excluded,/Users/wanglifei/Desktop/北京高考政治/reports/必修二三与必修四文化_题源分类准备_20260617_1301/03_question_index/question_candidates.csv,"{""target"": ""B2_ECONOMICS"", ""target_score"": 0, ""boundary"": ""B4_PHILOSOPHY_EXCLUDED"", ""boundary_score"": 3, ""matches"": {""B4_PHILOSOPHY_EXCLUDED"": ""实践,人生价值,boost:人生价值""}}",exclude_from_three_target_lines,main_matrix_original
2024_朝阳_一模,2024,朝阳,一模,4,,question,B4_PHILOSOPHY_EXCLUDED,objective,/Users/wanglifei/Desktop/2024模拟题/2024朝阳一模/试卷/试卷.pdf,paper,module-boundary-excluded,/Users/wanglifei/Desktop/北京高考政治/reports/必修二三与必修四文化_题源分类准备_20260617_1301/03_question_index/question_candidates.csv,"{""target"": ""B2_ECONOMICS"", ""target_score"": 0, ""boundary"": ""B4_PHILOSOPHY_EXCLUDED"", ""boundary_score"": 3, ""matches"": {""B4_PHILOSOPHY_EXCLUDED"": ""实践,适度原则,boost:适度原则""}}",exclude_from_three_target_lines,main_matrix_original
2024_朝阳_一模,2024,朝阳,一模,5,,question,B4_CULTURE,objective,/Users/wanglifei/Desktop/2024模拟题/2024朝阳一模/试卷/试卷.pdf,paper,included,/Users/wanglifei/Desktop/北京高考政治/reports/必修二三与必修四文化_题源分类准备_20260617_1301/03_question_index/question_candidates.csv,"{""target"": ""B4_CULTURE"", ""target_score"": 15, ""boundary"": ""B4_PHILOSOPHY_EXCLUDED"", ""boundary_score"": 1, ""matches"": {""B4_CULTURE"": ""文化,传统文化,博物馆,大运河,boost:传统文化,boost:博物馆,boost:大运河"", ""B4_PHILOSOPHY_EXCLUDED"": ""实践""}}",future_baodian_intake,main_matrix_original
2024_朝阳_一模,2024,朝阳,一模,6,,question,XB2_EXCLUDED,objective,/Users/wanglifei/Desktop/2024模拟题/2024朝阳一模/试卷/试卷.pdf,paper,module-boundary-excluded,/Users/wanglifei/Desktop/北京高考政治/reports/必修二三与必修四文化_题源分类准备_20260617_1301/03_question_index/question_candidates.csv,"{""target"": ""B2_ECONOMICS"", ""target_score"": 0, ""boundary"": ""XB2_EXCLUDED"", ""boundary_score"": 4, ""matches"": {""XB2_EXCLUDED"": ""知识产权,物权,boost:知识产权,boost:物权"", ""XB3_EXCLUDED"": ""逻辑规则,boost:逻辑规则""}, ""explicit_boundary_modules"": {""XB2_EXCLUDED"": [""知识产权"", ""物权""]}, ""override"": ""explicit_boundary_term""}",exclude_from_three_target_lines,main_matrix_original
2024_朝阳_一模,2024,朝阳,一模,7,,question,XB3_EXCLUDED,objective,/Users/wanglifei/Desktop/2024模拟题/2024朝阳一模/试卷/试卷.pdf,paper,module-boundary-excluded,/Users/wanglifei/Desktop/北京高考政治/reports/必修二三与必修四文化_题源分类准备_20260617_1301/03_question_index/question_candidates.csv,"{""target"": ""B2_ECONOMICS"", ""target_score"": 0, ""boundary"": ""XB3_EXCLUDED"", ""boundary_score"": 13, ""matches"": {""XB2_EXCLUDED"": ""继承,boost:继承"", ""XB3_EXCLUDED"": ""创新思维,超前思维,发散思维,聚合思维,迁移,想象,boost:创新思维,boost:超前思维,boost:发散思维,boost:聚合思维,boost:迁移,boost:想象""}, ""explicit_boundary_modules"": {""XB3_EXCLUDED"": [""创新思维"", ""超前思维"", ""迁移"", ""想象""]}, ""override"": ""explicit_boundary_term""}",exclude_from_three_target_lines,main_matrix_original
2024_朝阳_一模,2024,朝阳,一模,8,,question,B3_POLITICS_RULE_OF_LAW,objective,/Users/wanglifei/Desktop/2024模拟题/2024朝阳一模/试卷/试卷.pdf,paper,included,/Users/wanglifei/Desktop/北京高考政治/reports/必修二三与必修四文化_题源分类准备_20260617_1301/03_question_index/question_candidates.csv,"{""target"": ""B3_POLITICS_RULE_OF_LAW"", ""target_score"": 3, ""boundary"": ""B4_PHILOSOPHY_EXCLUDED"", ""boundary_score"": 0, ""matches"": {""B3_POLITICS_RULE_OF_LAW"": ""法治社会,政府,boost:法治社会"", ""B4_CULTURE"": ""文化""}}",future_baodian_intake,main_matrix_original
2024_朝阳_一模,2024,朝阳,一模,9,,question,B3_POLITICS_RULE_OF_LAW,objective,/Users/wanglifei/Desktop/2024模拟题/2024朝阳一模/试卷/试卷.pdf,paper,included,/Users/wanglifei/Desktop/北京高考政治/reports/必修二三与必修四文化_题源分类准备_20260617_1301/03_question_index/question_candidates.csv,"{""target"": ""B3_POLITICS_RULE_OF_LAW"", ""target_score"": 5, ""boundary"": ""B1_EXCLUDED"", ""boundary_score"": 1, ""matches"": {""B3_POLITICS_RULE_OF_LAW"": ""政协,社会治理,boost:政协"", ""B1_EXCLUDED"": ""中国特色社会主义""}}",future_baodian_intake,main_matrix_original
2024_朝阳_二模,2024,朝阳,二模,1,,question,B4_PHILOSOPHY_EXCLUDED,objective,/Users/wanglifei/Desktop/2024模拟题/2024朝阳二模/试卷/试卷.pdf,paper,module-boundary-excluded,/Users/wanglifei/Desktop/北京高考政治/reports/必修二三与必修四文化_题源分类准备_20260617_1301/03_question_index/question_candidates.csv,"{""target"": ""B2_ECONOMICS"", ""target_score"": 0, ""boundary"": ""B4_PHILOSOPHY_EXCLUDED"", ""boundary_score"": 5, ""matches"": {""B4_PHILOSOPHY_EXCLUDED"": ""认识,社会存在,人民群众,boost:社会存在,boost:人民群众""}, ""explicit_boundary_modules"": {""B4_PHILOSOPHY_EXCLUDED"": [""社会存在""]}, ""override"": ""explicit_boundary_term""}",exclude_from_three_target_lines,main_matrix_original
2024_朝阳_二模,2024,朝阳,二模,10,,question,B3_POLITICS_RULE_OF_LAW,objective,/Users/wanglifei/Desktop/2024模拟题/2024朝阳二模/试卷/试卷.pdf,paper,included,/Users/wanglifei/Desktop/北京高考政治/reports/必修二三与必修四文化_题源分类准备_20260617_1301/03_question_index/question_candidates.csv,"{""target"": ""B3_POLITICS_RULE_OF_LAW"", ""target_score"": 3, ""boundary"": ""B4_PHILOSOPHY_EXCLUDED"", ""boundary_score"": 0, ""matches"": {""B3_POLITICS_RULE_OF_LAW"": ""政府""}}",future_baodian_intake,main_matrix_original
2024_朝阳_二模,2024,朝阳,二模,11,,question,XB2_EXCLUDED,objective,/Users/wanglifei/Desktop/2024模拟题/2024朝阳二模/试卷/试卷.pdf,paper,module-boundary-excluded,/Users/wanglifei/Desktop/北京高考政治/reports/必修二三与必修四文化_题源分类准备_20260617_1301/03_question_index/question_candidates.csv,"{""target"": ""B2_ECONOMICS"", ""target_score"": 0, ""boundary"": ""XB2_EXCLUDED"", ""boundary_score"": 7, ""matches"": {""XB2_EXCLUDED"": ""继承,boost:继承""}}",exclude_from_three_target_lines,main_matrix_original
2024_朝阳_二模,2024,朝阳,二模,12,,question,XB2_EXCLUDED,objective,/Users/wanglifei/Desktop/2024模拟题/2024朝阳二模/试卷/试卷.pdf,paper,module-boundary-excluded,/Users/wanglifei/Desktop/北京高考政治/reports/必修二三与必修四文化_题源分类准备_20260617_1301/03_question_index/question_candidates.csv,"{""target"": ""B3_POLITICS_RULE_OF_LAW"", ""target_score"": 5, ""boundary"": ""XB2_EXCLUDED"", ""boundary_score"": 17, ""matches"": {""B3_POLITICS_RULE_OF_LAW"": ""法院"", ""XB2_EXCLUDED"": ""诉讼,民事,民事诉讼,赔偿,辩护人,上诉,boost:诉讼,boost:民事,boost:民事诉讼,boost:辩护人,boost:上诉""}, ""explicit_boundary_modules"": {""XB2_EXCLUDED"": [""诉讼"", ""民事""]}, ""override"": ""explicit_boundary_term""}",exclude_from_three_target_lines,main_matrix_original
2024_朝阳_二模,2024,朝阳,二模,13,,question,B3_POLITICS_RULE_OF_LAW,objective,/Users/wanglifei/Desktop/2024模拟题/2024朝阳二模/试卷/试卷.pdf,paper,included,/Users/wanglifei/Desktop/北京高考政治/reports/必修二三与必修四文化_题源分类准备_20260617_1301/03_question_index/question_candidates.csv,"{""target"": ""B3_POLITICS_RULE_OF_LAW"", ""target_score"": 3, ""boundary"": ""B4_PHILOSOPHY_EXCLUDED"", ""boundary_score"": 0, ""matches"": {""B2_ECONOMICS"": ""高质量发展,boost:高质量发展"", ""B3_POLITICS_RULE_OF_LAW"": ""人民代表大会,政府,boost:人民代表大会""}}",future_baodian_intake,main_matrix_original
2024_朝阳_二模,2024,朝阳,二模,14,,question,XB1_EXCLUDED,objective,/Users/wanglifei/Desktop/2024模拟题/2024朝阳二模/试卷/试卷.pdf,paper,module-boundary-excluded,/Users/wanglifei/Desktop/北京高考政治/reports/必修二三与必修四文化_题源分类准备_20260617_1301/03_question_index/question_candidates.csv,"{""target"": ""B3_POLITICS_RULE_OF_LAW"", ""target_score"": 2, ""boundary"": ""XB1_EXCLUDED"", ""boundary_score"": 13, ""matches"": {""B3_POLITICS_RULE_OF_LAW"": ""政府"", ""XB1_EXCLUDED"": ""国际组织,外交,元首外交,金砖,boost:国际组织,boost:外交,boost:元首外交,boost:金砖""}, ""explicit_boundary_modules"": {""XB1_EXCLUDED"": [""国际组织""]}, ""override"": ""explicit_boundary_term""}",exclude_from_three_target_lines,main_matrix_original
2024_朝阳_二模,2024,朝阳,二模,15,,question,B2_ECONOMICS,objective,/Users/wanglifei/Desktop/2024模拟题/2024朝阳二模/试卷/试卷.pdf,paper,included,/Users/wanglifei/Desktop/北京高考政治/reports/必修二三与必修四文化_题源分类准备_20260617_1301/03_question_index/question_candidates.csv,"{""target"": ""B2_ECONOMICS"", ""target_score"": 3, ""boundary"": ""B4_PHILOSOPHY_EXCLUDED"", ""boundary_score"": 0, ""matches"": {""B2_ECONOMICS"": ""人力资源,生产要素,boost:生产要素"", ""B3_POLITICS_RULE_OF_LAW"": ""政府""}}",future_baodian_intake,main_matrix_original
2024_朝阳_二模,2024,朝阳,二模,16,,question,B2_ECONOMICS,subjective,/Users/wanglifei/Desktop/2024模拟题/2024朝阳二模/试卷/试卷.pdf,paper,included,/Users/wanglifei/Desktop/北京高考政治/reports/必修二三与必修四文化_题源分类准备_20260617_1301/03_question_index/question_candidates.csv,"{""target"": ""B2_ECONOMICS"", ""target_score"": 9, ""boundary"": ""B4_PHILOSOPHY_EXCLUDED"", ""boundary_score"": 1, ""matches"": {""B2_ECONOMICS"": ""经济与社会,数字经济,产业发展,基础设施,boost:经济与社会,boost:数字经济"", ""B4_PHILOSOPHY_EXCLUDED"": ""认识""}}",future_baodian_intake,main_matrix_original
2024_朝阳_二模,2024,朝阳,二模,17,,question,XB2_EXCLUDED,subjective,/Users/wanglifei/Desktop/2024模拟题/2024朝阳二模/试卷/试卷.pdf,paper,module-boundary-excluded,/Users/wanglifei/Desktop/北京高考政治/reports/必修二三与必修四文化_题源分类准备_20260617_1301/03_question_index/question_candidates.csv,"{""target"": ""B2_ECONOMICS"", ""target_score"": 11, ""boundary"": ""XB2_EXCLUDED"", ""boundary_score"": 17, ""matches"": {""B2_ECONOMICS"": ""社会保障,就业,劳动者,人力资源,boost:社会保障,boost:就业"", ""B3_POLITICS_RULE_OF_LAW"": ""法院"", ""XB2_EXCLUDED"": ""合同,劳动合同,劳动关系,仲裁,boost:合同,boost:劳动合同,boost:劳动关系,boost:仲裁""}, ""explicit_boundary_modules"": {""XB2_EXCLUDED"": [""合同"", ""劳动合同""]}, ""override"": ""explicit_boundary_term""}",exclude_from_three_target_lines,main_matrix_original
2024_朝阳_二模,2024,朝阳,二模,18,,question,B3_POLITICS_RULE_OF_LAW,subjective,/Users/wanglifei/Desktop/2024模拟题/2024朝阳二模/试卷/试卷.pdf,paper,included,/Users/wanglifei/Desktop/北京高考政治/reports/必修二三与必修四文化_题源分类准备_20260617_1301/03_question_index/question_candidates.csv,"{""target"": ""B3_POLITICS_RULE_OF_LAW"", ""target_score"": 15, ""boundary"": ""B4_PHILOSOPHY_EXCLUDED"", ""boundary_score"": 0, ""matches"": {""B3_POLITICS_RULE_OF_LAW"": ""政治与法治,人民代表大会,政协,全过程人民民主,政府,全国人大,boost:政治与法治,boost:人民代表大会,boost:政协,boost:全过程人民民主,boost:全国人大""}}",future_baodian_intake,main_matrix_original
2024_朝阳_二模,2024,朝阳,二模,19,,question,XB3_EXCLUDED,subjective,/Users/wanglifei/Desktop/2024模拟题/2024朝阳二模/试卷/试卷.pdf,paper,module-boundary-excluded,/Users/wanglifei/Desktop/北京高考政治/reports/必修二三与必修四文化_题源分类准备_20260617_1301/03_question_index/question_candidates.csv,"{""target"": ""B4_CULTURE"", ""target_score"": 16, ""boundary"": ""XB3_EXCLUDED"", ""boundary_score"": 5, ""matches"": {""B4_CULTURE"": ""文化,中华优秀传统文化,优秀传统文化,传统文化,中华文明,boost:中华优秀传统文化,boost:优秀传统文化,boost:传统文化,boost:中华文明"", ""XB3_EXCLUDED"": ""辩证思维,推理,boost:辩证思维,boost:推理""}, ""explicit_boundary_modules"": {""XB3_EXCLUDED"": [""辩证思维"", ""推理""]}, ""override"": ""explicit_boundary_term""}",exclude_from_three_target_lines,main_matrix_original
2024_朝阳_二模,2024,朝阳,二模,2,,question,B2_ECONOMICS,objective,/Users/wanglifei/Desktop/2024模拟题/2024朝阳二模/试卷/试卷.pdf,paper,included,/Users/wanglifei/Desktop/北京高考政治/reports/必修二三与必修四文化_题源分类准备_20260617_1301/03_question_index/question_candidates.csv,"{""target"": ""B2_ECONOMICS"", ""target_score"": 6, ""boundary"": ""B4_PHILOSOPHY_EXCLUDED"", ""boundary_score"": 1, ""matches"": {""B2_ECONOMICS"": ""产业链,产业发展,boost:产业链"", ""B4_PHILOSOPHY_EXCLUDED"": ""实践""}}",future_baodian_intake,main_matrix_original
2024_朝阳_二模,2024,朝阳,二模,20,,question,XB1_EXCLUDED,subjective,/Users/wanglifei/Desktop/2024模拟题/2024朝阳二模/试卷/试卷.pdf,paper,module-boundary-excluded,/Users/wanglifei/Desktop/北京高考政治/reports/必修二三与必修四文化_题源分类准备_20260617_1301/03_question_index/question_candidates.csv,"{""target"": ""B2_ECONOMICS"", ""target_score"": 1, ""boundary"": ""XB1_EXCLUDED"", ""boundary_score"": 6, ""matches"": {""B2_ECONOMICS"": ""基础设施"", ""B3_POLITICS_RULE_OF_LAW"": ""政府"", ""XB1_EXCLUDED"": ""当代国际政治与经济,联合国,国际组织,boost:当代国际政治与经济,boost:联合国,boost:国际组织""}, ""explicit_boundary_modules"": {""XB1_EXCLUDED"": [""当代国际政治与经济"", ""联合国"", ""国际组织""]}, ""override"": ""explicit_boundary_term""}",exclude_from_three_target_lines,main_matrix_original
2024_朝阳_二模,2024,朝阳,二模,3,,question,B2_ECONOMICS,objective,/Users/wanglifei/Desktop/2024模拟题/2024朝阳二模/试卷/试卷.pdf,paper,included,/Users/wanglifei/Desktop/北京高考政治/reports/必修二三与必修四文化_题源分类准备_20260617_1301/03_question_index/question_candidates.csv,"{""target"": ""B2_ECONOMICS"", ""target_score"": 4, ""boundary"": ""B4_PHILOSOPHY_EXCLUDED"", ""boundary_score"": 0, ""matches"": {""B2_ECONOMICS"": ""高质量发展,就业,boost:高质量发展,boost:就业""}}",future_baodian_intake,main_matrix_original
2024_朝阳_二模,2024,朝阳,二模,4,,question,B4_CULTURE,objective,/Users/wanglifei/Desktop/2024模拟题/2024朝阳二模/试卷/试卷.pdf,paper,included,/Users/wanglifei/Desktop/北京高考政治/reports/必修二三与必修四文化_题源分类准备_20260617_1301/03_question_index/question_candidates.csv,"{""target"": ""B4_CULTURE"", ""target_score"": 8, ""boundary"": ""B4_PHILOSOPHY_EXCLUDED"", ""boundary_score"": 0, ""matches"": {""B4_CULTURE"": ""文化,文物,boost:文物""}}",future_baodian_intake,main_matrix_original
2024_朝阳_二模,2024,朝阳,二模,5,,question,B2_ECONOMICS,objective,/Users/wanglifei/Desktop/2024模拟题/2024朝阳二模/试卷/试卷.pdf,paper,included,/Users/wanglifei/Desktop/北京高考政治/reports/必修二三与必修四文化_题源分类准备_20260617_1301/03_question_index/question_candidates.csv,"{""target"": ""B2_ECONOMICS"", ""target_score"": 7, ""boundary"": ""B4_PHILOSOPHY_EXCLUDED"", ""boundary_score"": 0, ""matches"": {""B2_ECONOMICS"": ""收入分配,社会保障,居民收入,boost:收入分配,boost:社会保障""}}",future_baodian_intake,main_matrix_original
2024_朝阳_二模,2024,朝阳,二模,6,,question,XB3_EXCLUDED,objective,/Users/wanglifei/Desktop/2024模拟题/2024朝阳二模/试卷/试卷.pdf,paper,module-boundary-excluded,/Users/wanglifei/Desktop/北京高考政治/reports/必修二三与必修四文化_题源分类准备_20260617_1301/03_question_index/question_candidates.csv,"{""target"": ""B2_ECONOMICS"", ""target_score"": 0, ""boundary"": ""XB3_EXCLUDED"", ""boundary_score"": 2, ""matches"": {""B4_PHILOSOPHY_EXCLUDED"": ""事物发展"", ""XB3_EXCLUDED"": ""属种关系,boost:属种关系""}}",exclude_from_three_target_lines,main_matrix_original
2024_朝阳_二模,2024,朝阳,二模,7,,question,XB3_EXCLUDED,objective,/Users/wanglifei/Desktop/2024模拟题/2024朝阳二模/试卷/试卷.pdf,paper,module-boundary-excluded,/Users/wanglifei/Desktop/北京高考政治/reports/必修二三与必修四文化_题源分类准备_20260617_1301/03_question_index/question_candidates.csv,"{""target"": ""B2_ECONOMICS"", ""target_score"": 0, ""boundary"": ""XB3_EXCLUDED"", ""boundary_score"": 11, ""matches"": {""XB3_EXCLUDED"": ""科学思维,推理,关系判断,归纳推理,boost:科学思维,boost:推理,boost:关系判断,boost:归纳推理""}, ""explicit_boundary_modules"": {""XB3_EXCLUDED"": [""科学思维"", ""推理""]}, ""override"": ""explicit_boundary_term""}",exclude_from_three_target_lines,main_matrix_original
2024_朝阳_二模,2024,朝阳,二模,8,,question,B3_POLITICS_RULE_OF_LAW,objective,/Users/wanglifei/Desktop/2024模拟题/2024朝阳二模/试卷/试卷.pdf,paper,included,/Users/wanglifei/Desktop/北京高考政治/reports/必修二三与必修四文化_题源分类准备_20260617_1301/03_question_index/question_candidates.csv,"{""target"": ""B3_POLITICS_RULE_OF_LAW"", ""target_score"": 3, ""boundary"": ""B4_PHILOSOPHY_EXCLUDED"", ""boundary_score"": 0, ""matches"": {""B3_POLITICS_RULE_OF_LAW"": ""政府,党组织,boost:党组织""}}",future_baodian_intake,main_matrix_original
2024_朝阳_二模,2024,朝阳,二模,9,,question,B3_POLITICS_RULE_OF_LAW,objective,/Users/wanglifei/Desktop/2024模拟题/2024朝阳二模/试卷/试卷.pdf,paper,included,/Users/wanglifei/Desktop/北京高考政治/reports/必修二三与必修四文化_题源分类准备_20260617_1301/03_question_index/question_candidates.csv,"{""target"": ""B3_POLITICS_RULE_OF_LAW"", ""target_score"": 7, ""boundary"": ""B4_PHILOSOPHY_EXCLUDED"", ""boundary_score"": 2, ""matches"": {""B3_POLITICS_RULE_OF_LAW"": ""人大代表,全国人大,boost:人大代表,boost:全国人大"", ""B4_PHILOSOPHY_EXCLUDED"": ""人民群众,boost:人民群众""}}",future_baodian_intake,main_matrix_original
2024_朝阳_期中,2024,朝阳,期中,1,,question,B4_PHILOSOPHY_EXCLUDED,objective,/Users/wanglifei/Desktop/2024模拟题/2024朝阳期中/试卷/试卷.pdf,paper,module-boundary-excluded,/Users/wanglifei/Desktop/北京高考政治/reports/必修二三与必修四文化_题源分类准备_20260617_1301/03_question_index/question_candidates.csv,"{""target"": ""B4_CULTURE"", ""target_score"": 5, ""boundary"": ""B4_PHILOSOPHY_EXCLUDED"", ""boundary_score"": 4, ""matches"": {""B3_POLITICS_RULE_OF_LAW"": ""人民代表大会,宪法,boost:人民代表大会,boost:宪法"", ""B4_CULTURE"": ""民族精神,时代精神,boost:民族精神,boost:时代精神"", ""B4_PHILOSOPHY_EXCLUDED"": ""价值判断,价值选择,boost:价值判断,boost:价值选择""}, ""explicit_boundary_modules"": {""B4_PHILOSOPHY_EXCLUDED"": [""价值判断"", ""价值选择""]}, ""override"": ""explicit_boundary_term""}",exclude_from_three_target_lines,main_matrix_original
2024_朝阳_期中,2024,朝阳,期中,10,,question,B4_PHILOSOPHY_EXCLUDED,objective,/Users/wanglifei/Desktop/2024模拟题/2024朝阳期中/试卷/试卷.pdf,paper,module-boundary-excluded,/Users/wanglifei/Desktop/北京高考政治/reports/必修二三与必修四文化_题源分类准备_20260617_1301/03_question_index/question_candidates.csv,"{""target"": ""B2_ECONOMICS"", ""target_score"": 0, ""boundary"": ""B4_PHILOSOPHY_EXCLUDED"", ""boundary_score"": 5, ""matches"": {""B4_PHILOSOPHY_EXCLUDED"": ""事物发展,量变,质变,boost:量变,boost:质变"", ""XB3_EXCLUDED"": ""属种关系,boost:属种关系""}}",exclude_from_three_target_lines,main_matrix_original
2024_朝阳_期中,2024,朝阳,期中,11,,question,XB3_EXCLUDED,objective,/Users/wanglifei/Desktop/2024模拟题/2024朝阳期中/试卷/试卷.pdf,paper,module-boundary-excluded,/Users/wanglifei/Desktop/北京高考政治/reports/必修二三与必修四文化_题源分类准备_20260617_1301/03_question_index/question_candidates.csv,"{""target"": ""B2_ECONOMICS"", ""target_score"": 0, ""boundary"": ""XB3_EXCLUDED"", ""boundary_score"": 10, ""matches"": {""B4_PHILOSOPHY_EXCLUDED"": ""矛盾,boost:矛盾"", ""XB3_EXCLUDED"": ""推理,三段论,正确运用判断,关系判断,boost:推理,boost:三段论,boost:正确运用判断,boost:关系判断""}, ""explicit_boundary_modules"": {""XB3_EXCLUDED"": [""三段论"", ""推理"", ""假言""]}, ""override"": ""explicit_boundary_term""}",exclude_from_three_target_lines,main_matrix_original
2024_朝阳_期中,2024,朝阳,期中,12,,question,B2_ECONOMICS,objective,/Users/wanglifei/Desktop/2024模拟题/2024朝阳期中/试卷/试卷.pdf,paper,included,/Users/wanglifei/Desktop/北京高考政治/reports/必修二三与必修四文化_题源分类准备_20260617_1301/03_question_index/question_candidates.csv,"{""target"": ""B2_ECONOMICS"", ""target_score"": 4, ""boundary"": ""B4_PHILOSOPHY_EXCLUDED"", ""boundary_score"": 0, ""matches"": {""B2_ECONOMICS"": ""市场经济,市场机制,boost:市场经济"", ""B3_POLITICS_RULE_OF_LAW"": ""政府""}}",future_baodian_intake,main_matrix_original
2024_朝阳_期中,2024,朝阳,期中,13,,question,B2_ECONOMICS,objective,/Users/wanglifei/Desktop/2024模拟题/2024朝阳期中/试卷/试卷.pdf,paper,included,/Users/wanglifei/Desktop/北京高考政治/reports/必修二三与必修四文化_题源分类准备_20260617_1301/03_question_index/question_candidates.csv,"{""target"": ""B2_ECONOMICS"", ""target_score"": 5, ""boundary"": ""B4_PHILOSOPHY_EXCLUDED"", ""boundary_score"": 0, ""matches"": {""B2_ECONOMICS"": ""财政,消费,boost:财政""}}",future_baodian_intake,main_matrix_original
2024_朝阳_期中,2024,朝阳,期中,14,,question,B2_ECONOMICS,objective,/Users/wanglifei/Desktop/2024模拟题/2024朝阳期中/试卷/试卷.pdf,paper,included,/Users/wanglifei/Desktop/北京高考政治/reports/必修二三与必修四文化_题源分类准备_20260617_1301/03_question_index/question_candidates.csv,"{""target"": ""B2_ECONOMICS"", ""target_score"": 4, ""boundary"": ""B4_PHILOSOPHY_EXCLUDED"", ""boundary_score"": 0, ""matches"": {""B2_ECONOMICS"": ""国有经济,boost:国有经济""}}",future_baodian_intake,main_matrix_original
2024_朝阳_期中,2024,朝阳,期中,15,,question,XB1_EXCLUDED,objective,/Users/wanglifei/Desktop/2024模拟题/2024朝阳期中/试卷/试卷.pdf,paper,module-boundary-excluded,/Users/wanglifei/Desktop/北京高考政治/reports/必修二三与必修四文化_题源分类准备_20260617_1301/03_question_index/question_candidates.csv,"{""target"": ""B2_ECONOMICS"", ""target_score"": 0, ""boundary"": ""XB1_EXCLUDED"", ""boundary_score"": 7, ""matches"": {""XB1_EXCLUDED"": ""全球治理,经济全球化,人类命运共同体,boost:全球治理,boost:经济全球化,boost:人类命运共同体""}, ""explicit_boundary_modules"": {""XB1_EXCLUDED"": [""经济全球化"", ""全球治理"", ""人类命运共同体""]}, ""override"": ""explicit_boundary_term""}",exclude_from_three_target_lines,main_matrix_original
2024_朝阳_期中,2024,朝阳,期中,16,,question,B4_PHILOSOPHY_EXCLUDED,subjective,/Users/wanglifei/Desktop/2024模拟题/2024朝阳期中/试卷/试卷.pdf,paper,module-boundary-excluded,/Users/wanglifei/Desktop/北京高考政治/reports/必修二三与必修四文化_题源分类准备_20260617_1301/03_question_index/question_candidates.csv,"{""target"": ""B3_POLITICS_RULE_OF_LAW"", ""target_score"": 4, ""boundary"": ""B4_PHILOSOPHY_EXCLUDED"", ""boundary_score"": 5, ""matches"": {""B2_ECONOMICS"": ""市场经济,boost:市场经济"", ""B3_POLITICS_RULE_OF_LAW"": ""中国共产党,boost:中国共产党"", ""B4_PHILOSOPHY_EXCLUDED"": ""人民群众,历史唯物主义,boost:人民群众,boost:历史唯物主义"", ""B1_EXCLUDED"": ""改革开放""}, ""explicit_boundary_modules"": {""B4_PHILOSOPHY_EXCLUDED"": [""历史唯物主义""]}, ""override"": ""explicit_boundary_term""}",exclude_from_three_target_lines,main_matrix_original
2024_朝阳_期中,2024,朝阳,期中,17,,question,B4_CULTURE,subjective,/Users/wanglifei/Desktop/2024模拟题/2024朝阳期中/试卷/试卷.pdf,paper,included,/Users/wanglifei/Desktop/北京高考政治/reports/必修二三与必修四文化_题源分类准备_20260617_1301/03_question_index/question_candidates.csv,"{""target"": ""B4_CULTURE"", ""target_score"": 7, ""boundary"": ""B4_PHILOSOPHY_EXCLUDED"", ""boundary_score"": 0, ""matches"": {""B2_ECONOMICS"": ""消费"", ""B4_CULTURE"": ""文化,民族精神,中华文明,boost:民族精神,boost:中华文明""}}",future_baodian_intake,main_matrix_original
2024_朝阳_期中,2024,朝阳,期中,18,,question,XB3_EXCLUDED,subjective,/Users/wanglifei/Desktop/2024模拟题/2024朝阳期中/试卷/试卷.pdf,paper,module-boundary-excluded,/Users/wanglifei/Desktop/北京高考政治/reports/必修二三与必修四文化_题源分类准备_20260617_1301/03_question_index/question_candidates.csv,"{""target"": ""B2_ECONOMICS"", ""target_score"": 0, ""boundary"": ""XB3_EXCLUDED"", ""boundary_score"": 4, ""matches"": {""XB3_EXCLUDED"": ""逻辑与思维,推理,boost:逻辑与思维,boost:推理""}, ""explicit_boundary_modules"": {""XB3_EXCLUDED"": [""逻辑与思维"", ""推理""]}, ""override"": ""explicit_boundary_term""}",exclude_from_three_target_lines,main_matrix_original
2024_朝阳_期中,2024,朝阳,期中,19,,question,XB3_EXCLUDED,subjective,/Users/wanglifei/Desktop/2024模拟题/2024朝阳期中/试卷/试卷.pdf,paper,module-boundary-excluded,/Users/wanglifei/Desktop/北京高考政治/reports/必修二三与必修四文化_题源分类准备_20260617_1301/03_question_index/question_candidates.csv,"{""target"": ""B2_ECONOMICS"", ""target_score"": 6, ""boundary"": ""XB3_EXCLUDED"", ""boundary_score"": 2, ""matches"": {""B2_ECONOMICS"": ""消费,经济增长,boost:经济增长"", ""XB3_EXCLUDED"": ""创新思维,boost:创新思维""}, ""explicit_boundary_modules"": {""XB3_EXCLUDED"": [""创新思维""]}, ""override"": ""explicit_boundary_term""}",exclude_from_three_target_lines,main_matrix_original
2024_朝阳_期中,2024,朝阳,期中,2,,question,B4_CULTURE,objective,/Users/wanglifei/Desktop/2024模拟题/2024朝阳期中/试卷/试卷.pdf,paper,included,/Users/wanglifei/Desktop/北京高考政治/reports/必修二三与必修四文化_题源分类准备_20260617_1301/03_question_index/question_candidates.csv,"{""target"": ""B4_CULTURE"", ""target_score"": 8, ""boundary"": ""B4_PHILOSOPHY_EXCLUDED"", ""boundary_score"": 0, ""matches"": {""B4_CULTURE"": ""文化,传统文化,创新性发展,boost:传统文化,boost:创新性发展""}}",future_baodian_intake,main_matrix_original
2024_朝阳_期中,2024,朝阳,期中,20(1),20,subquestion,B2_ECONOMICS,subjective,/Users/wanglifei/Desktop/2024模拟题/2024朝阳期中/试卷/试卷.pdf,paper,included,04_module_classification/subquestion_split_matrix.csv,"{""override"": ""prompt_router"", ""prompt_terms"": [""经济信息/经济角度""], ""classification_text"": ""(1) 概括上图所反映的经济信息。 (4 分)"", ""base_decision"": ""{\""target\"": \""B2_ECONOMICS\"", \""target_score\"": 0, \""boundary\"": \""B4_PHILOSOPHY_EXCLUDED\"", \""boundary_score\"": 0, \""matches\"": {}}""}",future_baodian_intake,subquestion_integrated_target
2024_朝阳_期中,2024,朝阳,期中,20(2),20,subquestion,B2_ECONOMICS,subjective,/Users/wanglifei/Desktop/2024模拟题/2024朝阳期中/试卷/试卷.pdf,paper,included,04_module_classification/subquestion_split_matrix.csv,"{""target"": ""B2_ECONOMICS"", ""target_score"": 6, ""boundary"": ""B4_PHILOSOPHY_EXCLUDED"", ""boundary_score"": 0, ""matches"": {""B2_ECONOMICS"": ""经济与社会,高质量发展,数字经济,boost:经济与社会,boost:高质量发展,boost:数字经济""}}",future_baodian_intake,subquestion_integrated_target
2024_朝阳_期中,2024,朝阳,期中,20(3),20,subquestion,XB1_EXCLUDED,subjective,/Users/wanglifei/Desktop/2024模拟题/2024朝阳期中/试卷/试卷.pdf,paper,module-boundary-excluded,04_module_classification/subquestion_split_matrix.csv,"{""target"": ""B2_ECONOMICS"", ""target_score"": 0, ""boundary"": ""XB1_EXCLUDED"", ""boundary_score"": 2, ""matches"": {""XB1_EXCLUDED"": ""当代国际政治与经济,boost:当代国际政治与经济""}, ""explicit_boundary_modules"": {""XB1_EXCLUDED"": [""当代国际政治与经济""]}, ""override"": ""explicit_boundary_term""}",exclude_from_three_target_lines,subquestion_integrated_boundary
2024_朝阳_期中,2024,朝阳,期中,3,,question,B4_PHILOSOPHY_EXCLUDED,objective,/Users/wanglifei/Desktop/2024模拟题/2024朝阳期中/试卷/试卷.pdf,paper,module-boundary-excluded,/Users/wanglifei/Desktop/北京高考政治/reports/必修二三与必修四文化_题源分类准备_20260617_1301/03_question_index/question_candidates.csv,"{""target"": ""B2_ECONOMICS"", ""target_score"": 0, ""boundary"": ""B4_PHILOSOPHY_EXCLUDED"", ""boundary_score"": 6, ""matches"": {""B4_PHILOSOPHY_EXCLUDED"": ""意识活动,自觉选择性,能动创造性,boost:意识活动,boost:自觉选择性,boost:能动创造性""}, ""explicit_boundary_modules"": {""B4_PHILOSOPHY_EXCLUDED"": [""意识活动"", ""自觉选择性"", ""能动创造性""]}, ""override"": ""explicit_boundary_term""}",exclude_from_three_target_lines,main_matrix_original
2024_朝阳_期中,2024,朝阳,期中,4,,question,B4_PHILOSOPHY_EXCLUDED,objective,/Users/wanglifei/Desktop/2024模拟题/2024朝阳期中/试卷/试卷.pdf,paper,module-boundary-excluded,/Users/wanglifei/Desktop/北京高考政治/reports/必修二三与必修四文化_题源分类准备_20260617_1301/03_question_index/question_candidates.csv,"{""target"": ""B2_ECONOMICS"", ""target_score"": 0, ""boundary"": ""B4_PHILOSOPHY_EXCLUDED"", ""boundary_score"": 4, ""matches"": {""B4_PHILOSOPHY_EXCLUDED"": ""系统优化,适度原则,boost:系统优化,boost:适度原则""}, ""explicit_boundary_modules"": {""B4_PHILOSOPHY_EXCLUDED"": [""系统优化""]}, ""override"": ""explicit_boundary_term""}",exclude_from_three_target_lines,main_matrix_original
2024_朝阳_期中,2024,朝阳,期中,5,,question,XB3_EXCLUDED,objective,/Users/wanglifei/Desktop/2024模拟题/2024朝阳期中/试卷/试卷.pdf,paper,module-boundary-excluded,/Users/wanglifei/Desktop/北京高考政治/reports/必修二三与必修四文化_题源分类准备_20260617_1301/03_question_index/question_candidates.csv,"{""target"": ""B2_ECONOMICS"", ""target_score"": 0, ""boundary"": ""B4_PHILOSOPHY_EXCLUDED"", ""boundary_score"": 4, ""matches"": {""B4_PHILOSOPHY_EXCLUDED"": ""认识,真理,boost:真理"", ""XB3_EXCLUDED"": ""充分必要条件,必要条件,boost:充分必要条件,boost:必要条件""}, ""explicit_boundary_modules"": {""XB3_EXCLUDED"": [""必要条件""]}, ""override"": ""explicit_boundary_term""}",exclude_from_three_target_lines,main_matrix_original
2024_朝阳_期中,2024,朝阳,期中,6,,question,UNKNOWN_OR_MIXED,objective,/Users/wanglifei/Desktop/2024模拟题/2024朝阳期中/试卷/试卷.pdf,paper,blocked,/Users/wanglifei/Desktop/北京高考政治/reports/必修二三与必修四文化_题源分类准备_20260617_1301/03_question_index/question_candidates.csv,"{""target"": ""B2_ECONOMICS"", ""target_score"": 0, ""boundary"": ""B4_PHILOSOPHY_EXCLUDED"", ""boundary_score"": 1, ""matches"": {""B4_PHILOSOPHY_EXCLUDED"": ""实践""}}",manual_review_needed,main_matrix_original
2024_朝阳_期中,2024,朝阳,期中,7,,question,XB3_EXCLUDED,objective,/Users/wanglifei/Desktop/2024模拟题/2024朝阳期中/试卷/试卷.pdf,paper,module-boundary-excluded,/Users/wanglifei/Desktop/北京高考政治/reports/必修二三与必修四文化_题源分类准备_20260617_1301/03_question_index/question_candidates.csv,"{""target"": ""B4_CULTURE"", ""target_score"": 11, ""boundary"": ""XB3_EXCLUDED"", ""boundary_score"": 4, ""matches"": {""B4_CULTURE"": ""文化,文化遗产,中轴线,boost:文化遗产,boost:中轴线"", ""XB1_EXCLUDED"": ""联合国,boost:联合国"", ""XB3_EXCLUDED"": ""推理,三段论,boost:推理,boost:三段论""}, ""explicit_boundary_modules"": {""XB1_EXCLUDED"": [""联合国""], ""XB3_EXCLUDED"": [""三段论"", ""推理""]}, ""override"": ""explicit_boundary_term""}",exclude_from_three_target_lines,main_matrix_original
2024_朝阳_期中,2024,朝阳,期中,8,,question,XB3_EXCLUDED,objective,/Users/wanglifei/Desktop/2024模拟题/2024朝阳期中/试卷/试卷.pdf,paper,module-boundary-excluded,/Users/wanglifei/Desktop/北京高考政治/reports/必修二三与必修四文化_题源分类准备_20260617_1301/03_question_index/question_candidates.csv,"{""target"": ""B2_ECONOMICS"", ""target_score"": 0, ""boundary"": ""XB3_EXCLUDED"", ""boundary_score"": 4, ""matches"": {""XB3_EXCLUDED"": ""充分必要条件,必要条件,boost:充分必要条件,boost:必要条件""}, ""explicit_boundary_modules"": {""XB3_EXCLUDED"": [""必要条件""]}, ""override"": ""explicit_boundary_term""}",exclude_from_three_target_lines,main_matrix_original
2024_朝阳_期中,2024,朝阳,期中,9,,question,XB3_EXCLUDED,objective,/Users/wanglifei/Desktop/2024模拟题/2024朝阳期中/试卷/试卷.pdf,paper,module-boundary-excluded,/Users/wanglifei/Desktop/北京高考政治/reports/必修二三与必修四文化_题源分类准备_20260617_1301/03_question_index/question_candidates.csv,"{""target"": ""B2_ECONOMICS"", ""target_score"": 0, ""boundary"": ""XB3_EXCLUDED"", ""boundary_score"": 7, ""matches"": {""B4_PHILOSOPHY_EXCLUDED"": ""认识"", ""XB3_EXCLUDED"": ""想象,推理,演绎推理,boost:想象,boost:推理,boost:演绎推理""}, ""explicit_boundary_modules"": {""XB3_EXCLUDED"": [""推理"", ""想象""]}, ""override"": ""explicit_boundary_term""}",exclude_from_three_target_lines,main_matrix_original
2024_海淀_一模,2024,海淀,一模,1,,question,B4_CULTURE,objective,/Users/wanglifei/Desktop/2024模拟题/2024海淀一模/试卷/试卷.pdf,paper,included,/Users/wanglifei/Desktop/北京高考政治/reports/必修二三与必修四文化_题源分类准备_20260617_1301/03_question_index/question_candidates.csv,"{""target"": ""B4_CULTURE"", ""target_score"": 7, ""boundary"": ""B4_PHILOSOPHY_EXCLUDED"", ""boundary_score"": 0, ""matches"": {""B4_CULTURE"": ""精神谱系,红色基因,长征精神,boost:精神谱系,boost:红色基因,boost:长征精神""}}",future_baodian_intake,main_matrix_original
2024_海淀_一模,2024,海淀,一模,10,,question,XB2_EXCLUDED,objective,/Users/wanglifei/Desktop/2024模拟题/2024海淀一模/试卷/试卷.pdf,paper,module-boundary-excluded,/Users/wanglifei/Desktop/北京高考政治/reports/必修二三与必修四文化_题源分类准备_20260617_1301/03_question_index/question_candidates.csv,"{""target"": ""B2_ECONOMICS"", ""target_score"": 4, ""boundary"": ""XB2_EXCLUDED"", ""boundary_score"": 21, ""matches"": {""B2_ECONOMICS"": ""劳动者"", ""XB2_EXCLUDED"": ""合同,劳动合同,仲裁,boost:合同,boost:劳动合同,boost:仲裁""}, ""explicit_boundary_modules"": {""XB2_EXCLUDED"": [""合同"", ""劳动合同""]}, ""override"": ""explicit_boundary_term""}",exclude_from_three_target_lines,main_matrix_original
2024_海淀_一模,2024,海淀,一模,11,,question,XB2_EXCLUDED,objective,/Users/wanglifei/Desktop/2024模拟题/2024海淀一模/试卷/试卷.pdf,paper,module-boundary-excluded,/Users/wanglifei/Desktop/北京高考政治/reports/必修二三与必修四文化_题源分类准备_20260617_1301/03_question_index/question_candidates.csv,"{""target"": ""B3_POLITICS_RULE_OF_LAW"", ""target_score"": 2, ""boundary"": ""XB2_EXCLUDED"", ""boundary_score"": 12, ""matches"": {""B3_POLITICS_RULE_OF_LAW"": ""法院"", ""XB2_EXCLUDED"": ""诉讼,调解,民事,民事诉讼,赔偿,boost:诉讼,boost:调解,boost:民事,boost:民事诉讼""}, ""explicit_boundary_modules"": {""XB2_EXCLUDED"": [""诉讼"", ""民事""]}, ""override"": ""explicit_boundary_term""}",exclude_from_three_target_lines,main_matrix_original
2024_海淀_一模,2024,海淀,一模,12,,question,UNKNOWN_OR_MIXED,objective,/Users/wanglifei/Desktop/2024模拟题/2024海淀一模/试卷/试卷.pdf,paper,blocked,/Users/wanglifei/Desktop/北京高考政治/reports/必修二三与必修四文化_题源分类准备_20260617_1301/03_question_index/question_candidates.csv,"{""target"": ""B2_ECONOMICS"", ""target_score"": 1, ""boundary"": ""B4_PHILOSOPHY_EXCLUDED"", ""boundary_score"": 2, ""matches"": {""B2_ECONOMICS"": ""市场主体"", ""B3_POLITICS_RULE_OF_LAW"": ""政府"", ""B4_PHILOSOPHY_EXCLUDED"": ""矛盾,boost:矛盾""}}",manual_review_needed,main_matrix_original
2024_海淀_一模,2024,海淀,一模,13,,question,XB2_EXCLUDED,objective,/Users/wanglifei/Desktop/2024模拟题/2024海淀一模/试卷/试卷.pdf,paper,module-boundary-excluded,/Users/wanglifei/Desktop/北京高考政治/reports/必修二三与必修四文化_题源分类准备_20260617_1301/03_question_index/question_candidates.csv,"{""target"": ""B2_ECONOMICS"", ""target_score"": 2, ""boundary"": ""XB2_EXCLUDED"", ""boundary_score"": 2, ""matches"": {""B2_ECONOMICS"": ""就业,boost:就业"", ""XB2_EXCLUDED"": ""专利,boost:专利""}, ""explicit_boundary_modules"": {""XB2_EXCLUDED"": [""专利""]}, ""override"": ""explicit_boundary_term""}",exclude_from_three_target_lines,main_matrix_original
2024_海淀_一模,2024,海淀,一模,14,,question,UNKNOWN_OR_MIXED,objective,/Users/wanglifei/Desktop/2024模拟题/2024海淀一模/试卷/试卷.pdf,paper,blocked,/Users/wanglifei/Desktop/北京高考政治/reports/必修二三与必修四文化_题源分类准备_20260617_1301/03_question_index/question_candidates.csv,"{""target"": ""B2_ECONOMICS"", ""target_score"": 0, ""boundary"": ""B4_PHILOSOPHY_EXCLUDED"", ""boundary_score"": 0, ""matches"": {}}",manual_review_needed,main_matrix_original
2024_海淀_一模,2024,海淀,一模,15,,question,XB1_EXCLUDED,objective,/Users/wanglifei/Desktop/2024模拟题/2024海淀一模/试卷/试卷.pdf,paper,module-boundary-excluded,/Users/wanglifei/Desktop/北京高考政治/reports/必修二三与必修四文化_题源分类准备_20260617_1301/03_question_index/question_candidates.csv,"{""target"": ""B2_ECONOMICS"", ""target_score"": 0, ""boundary"": ""XB1_EXCLUDED"", ""boundary_score"": 8, ""matches"": {""XB1_EXCLUDED"": ""国际关系,全球治理,人类命运共同体,金砖,boost:国际关系,boost:全球治理,boost:人类命运共同体,boost:金砖""}, ""explicit_boundary_modules"": {""XB1_EXCLUDED"": [""国际关系"", ""全球治理"", ""人类命运共同体""]}, ""override"": ""explicit_boundary_term""}",exclude_from_three_target_lines,main_matrix_original
2024_海淀_一模,2024,海淀,一模,16,,question,UNKNOWN_OR_MIXED,subjective,/Users/wanglifei/Desktop/2024模拟题/2024海淀一模/试卷/试卷.pdf,paper,blocked,/Users/wanglifei/Desktop/北京高考政治/reports/必修二三与必修四文化_题源分类准备_20260617_1301/03_question_index/question_candidates.csv,"{""target"": ""B4_CULTURE"", ""target_score"": 1, ""boundary"": ""B4_PHILOSOPHY_EXCLUDED"", ""boundary_score"": 0, ""matches"": {""B4_CULTURE"": ""文化""}}",manual_review_needed,main_matrix_original
2024_海淀_一模,2024,海淀,一模,17(1),17,subquestion,B2_ECONOMICS,subjective,/Users/wanglifei/Desktop/2024模拟题/2024海淀一模/试卷/试卷.pdf,paper,included,04_module_classification/subquestion_split_matrix.csv,"{""target"": ""B2_ECONOMICS"", ""target_score"": 4, ""boundary"": ""B4_PHILOSOPHY_EXCLUDED"", ""boundary_score"": 0, ""matches"": {""B2_ECONOMICS"": ""经济与社会,高质量发展,boost:经济与社会,boost:高质量发展""}}",future_baodian_intake,subquestion_integrated_target
2024_海淀_一模,2024,海淀,一模,17(2),17,subquestion,XB3_EXCLUDED,subjective,/Users/wanglifei/Desktop/2024模拟题/2024海淀一模/试卷/试卷.pdf,paper,module-boundary-excluded,04_module_classification/subquestion_split_matrix.csv,"{""target"": ""B2_ECONOMICS"", ""target_score"": 0, ""boundary"": ""XB3_EXCLUDED"", ""boundary_score"": 2, ""matches"": {""XB3_EXCLUDED"": ""分析与综合,boost:分析与综合""}, ""explicit_boundary_modules"": {""XB3_EXCLUDED"": [""分析与综合""]}, ""override"": ""explicit_boundary_term""}",exclude_from_three_target_lines,subquestion_integrated_boundary
2024_海淀_一模,2024,海淀,一模,18,,question,XB1_EXCLUDED,subjective,/Users/wanglifei/Desktop/2024模拟题/2024海淀一模/试卷/试卷.pdf,paper,module-boundary-excluded,/Users/wanglifei/Desktop/北京高考政治/reports/必修二三与必修四文化_题源分类准备_20260617_1301/03_question_index/question_candidates.csv,"{""target"": ""B2_ECONOMICS"", ""target_score"": 1, ""boundary"": ""XB1_EXCLUDED"", ""boundary_score"": 8, ""matches"": {""B2_ECONOMICS"": ""消费"", ""XB1_EXCLUDED"": ""当代国际政治与经济,外交,对外开放,boost:当代国际政治与经济,boost:外交"", ""XB3_EXCLUDED"": ""推理,boost:推理""}, ""explicit_boundary_modules"": {""XB1_EXCLUDED"": [""当代国际政治与经济""], ""XB3_EXCLUDED"": [""推理""]}, ""override"": ""explicit_boundary_term""}",exclude_from_three_target_lines,main_matrix_original
2024_海淀_一模,2024,海淀,一模,19,,question,XB2_EXCLUDED,subjective,/Users/wanglifei/Desktop/2024模拟题/2024海淀一模/试卷/试卷.pdf,paper,module-boundary-excluded,/Users/wanglifei/Desktop/北京高考政治/reports/必修二三与必修四文化_题源分类准备_20260617_1301/03_question_index/question_candidates.csv,"{""target"": ""B3_POLITICS_RULE_OF_LAW"", ""target_score"": 1, ""boundary"": ""XB2_EXCLUDED"", ""boundary_score"": 7, ""matches"": {""B3_POLITICS_RULE_OF_LAW"": ""法院"", ""B4_PHILOSOPHY_EXCLUDED"": ""认识"", ""XB2_EXCLUDED"": ""法律与生活,侵权,诉讼,赔偿,boost:法律与生活,boost:侵权,boost:诉讼""}, ""explicit_boundary_modules"": {""XB2_EXCLUDED"": [""法律与生活"", ""侵权"", ""诉讼""]}, ""override"": ""explicit_boundary_term""}",exclude_from_three_target_lines,main_matrix_original
2024_海淀_一模,2024,海淀,一模,2,,question,B4_PHILOSOPHY_EXCLUDED,objective,/Users/wanglifei/Desktop/2024模拟题/2024海淀一模/试卷/试卷.pdf,paper,module-boundary-excluded,/Users/wanglifei/Desktop/北京高考政治/reports/必修二三与必修四文化_题源分类准备_20260617_1301/03_question_index/question_candidates.csv,"{""target"": ""B2_ECONOMICS"", ""target_score"": 0, ""boundary"": ""B4_PHILOSOPHY_EXCLUDED"", ""boundary_score"": 4, ""matches"": {""B4_PHILOSOPHY_EXCLUDED"": ""实践,认识,主观能动性""}}",exclude_from_three_target_lines,main_matrix_original
2024_海淀_一模,2024,海淀,一模,20,,question,B4_CULTURE,subjective,/Users/wanglifei/Desktop/2024模拟题/2024海淀一模/试卷/试卷.pdf,paper,included,/Users/wanglifei/Desktop/北京高考政治/reports/必修二三与必修四文化_题源分类准备_20260617_1301/03_question_index/question_candidates.csv,"{""target"": ""B4_CULTURE"", ""target_score"": 6, ""boundary"": ""B1_EXCLUDED"", ""boundary_score"": 1, ""matches"": {""B4_CULTURE"": ""爱国主义,博物馆,文物,boost:爱国主义,boost:博物馆,boost:文物"", ""B1_EXCLUDED"": ""改革开放""}}",future_baodian_intake,main_matrix_original
2024_海淀_一模,2024,海淀,一模,3,,question,B4_PHILOSOPHY_EXCLUDED,objective,/Users/wanglifei/Desktop/2024模拟题/2024海淀一模/试卷/试卷.pdf,paper,module-boundary-excluded,/Users/wanglifei/Desktop/北京高考政治/reports/必修二三与必修四文化_题源分类准备_20260617_1301/03_question_index/question_candidates.csv,"{""target"": ""B2_ECONOMICS"", ""target_score"": 0, ""boundary"": ""B4_PHILOSOPHY_EXCLUDED"", ""boundary_score"": 5, ""matches"": {""B4_PHILOSOPHY_EXCLUDED"": ""实践,认识,真理,boost:真理""}}",exclude_from_three_target_lines,main_matrix_original
2024_海淀_一模,2024,海淀,一模,4,,question,B4_CULTURE,objective,/Users/wanglifei/Desktop/2024模拟题/2024海淀一模/试卷/试卷.pdf,paper,included,/Users/wanglifei/Desktop/北京高考政治/reports/必修二三与必修四文化_题源分类准备_20260617_1301/03_question_index/question_candidates.csv,"{""target"": ""B4_CULTURE"", ""target_score"": 8, ""boundary"": ""B4_PHILOSOPHY_EXCLUDED"", ""boundary_score"": 0, ""matches"": {""B4_CULTURE"": ""文化,纹样,中华文明,文明传承,boost:纹样,boost:中华文明,boost:文明传承""}}",future_baodian_intake,main_matrix_original
2024_海淀_一模,2024,海淀,一模,5,,question,B4_PHILOSOPHY_EXCLUDED,objective,/Users/wanglifei/Desktop/2024模拟题/2024海淀一模/试卷/试卷.pdf,paper,module-boundary-excluded,/Users/wanglifei/Desktop/北京高考政治/reports/必修二三与必修四文化_题源分类准备_20260617_1301/03_question_index/question_candidates.csv,"{""target"": ""B2_ECONOMICS"", ""target_score"": 0, ""boundary"": ""B4_PHILOSOPHY_EXCLUDED"", ""boundary_score"": 7, ""matches"": {""B4_PHILOSOPHY_EXCLUDED"": ""事物发展,矛盾,boost:矛盾""}}",exclude_from_three_target_lines,main_matrix_original
2024_海淀_一模,2024,海淀,一模,6,,question,XB3_EXCLUDED,objective,/Users/wanglifei/Desktop/2024模拟题/2024海淀一模/试卷/试卷.pdf,paper,module-boundary-excluded,/Users/wanglifei/Desktop/北京高考政治/reports/必修二三与必修四文化_题源分类准备_20260617_1301/03_question_index/question_candidates.csv,"{""target"": ""B2_ECONOMICS"", ""target_score"": 0, ""boundary"": ""XB3_EXCLUDED"", ""boundary_score"": 14, ""matches"": {""XB3_EXCLUDED"": ""逆向思维,推理,假言判断,归纳推理,必要条件,boost:逆向思维,boost:推理,boost:假言判断,boost:归纳推理,boost:必要条件""}, ""explicit_boundary_modules"": {""XB3_EXCLUDED"": [""推理"", ""假言"", ""必要条件""]}, ""override"": ""explicit_boundary_term""}",exclude_from_three_target_lines,main_matrix_original
2024_海淀_一模,2024,海淀,一模,7,,question,XB3_EXCLUDED,objective,/Users/wanglifei/Desktop/2024模拟题/2024海淀一模/试卷/试卷.pdf,paper,module-boundary-excluded,/Users/wanglifei/Desktop/北京高考政治/reports/必修二三与必修四文化_题源分类准备_20260617_1301/03_question_index/question_candidates.csv,"{""target"": ""B2_ECONOMICS"", ""target_score"": 0, ""boundary"": ""XB3_EXCLUDED"", ""boundary_score"": 3, ""matches"": {""XB3_EXCLUDED"": ""推理,boost:推理""}, ""explicit_boundary_modules"": {""XB3_EXCLUDED"": [""推理""]}, ""override"": ""explicit_boundary_term""}",exclude_from_three_target_lines,main_matrix_original
2024_海淀_一模,2024,海淀,一模,8,,question,B3_POLITICS_RULE_OF_LAW,objective,/Users/wanglifei/Desktop/2024模拟题/2024海淀一模/试卷/试卷.pdf,paper,included,/Users/wanglifei/Desktop/北京高考政治/reports/必修二三与必修四文化_题源分类准备_20260617_1301/03_question_index/question_candidates.csv,"{""target"": ""B3_POLITICS_RULE_OF_LAW"", ""target_score"": 4, ""boundary"": ""B4_PHILOSOPHY_EXCLUDED"", ""boundary_score"": 2, ""matches"": {""B3_POLITICS_RULE_OF_LAW"": ""法院,民主协商,社会治理"", ""B4_PHILOSOPHY_EXCLUDED"": ""矛盾,boost:矛盾""}}",future_baodian_intake,main_matrix_original
2024_海淀_一模,2024,海淀,一模,9,,question,B3_POLITICS_RULE_OF_LAW,objective,/Users/wanglifei/Desktop/2024模拟题/2024海淀一模/试卷/试卷.pdf,paper,included,/Users/wanglifei/Desktop/北京高考政治/reports/必修二三与必修四文化_题源分类准备_20260617_1301/03_question_index/question_candidates.csv,"{""target"": ""B3_POLITICS_RULE_OF_LAW"", ""target_score"": 8, ""boundary"": ""B4_PHILOSOPHY_EXCLUDED"", ""boundary_score"": 2, ""matches"": {""B3_POLITICS_RULE_OF_LAW"": ""政协,政府,人民政协,boost:政协,boost:人民政协"", ""B4_PHILOSOPHY_EXCLUDED"": ""人民群众,boost:人民群众""}}",future_baodian_intake,main_matrix_original
2024_海淀_二模,2024,海淀,二模,1,,question,B1_EXCLUDED,objective,/Users/wanglifei/Desktop/2024模拟题/海淀二模/试卷/补充材料/高三二模：政治试题（以PDF为准）(1).docx | /Users/wanglifei/Desktop/2024模拟题/海淀二模/试卷/试卷.pdf,paper,module-boundary-excluded,/Users/wanglifei/Desktop/北京高考政治/reports/必修二三与必修四文化_题源分类准备_20260617_1301/03_question_index/question_candidates.csv,"{""target"": ""B2_ECONOMICS"", ""target_score"": 0, ""boundary"": ""B1_EXCLUDED"", ""boundary_score"": 2, ""matches"": {""B1_EXCLUDED"": ""改革开放""}}",exclude_from_three_target_lines,main_matrix_original
2024_海淀_二模,2024,海淀,二模,10,,question,XB2_EXCLUDED,objective,/Users/wanglifei/Desktop/2024模拟题/海淀二模/试卷/补充材料/高三二模：政治试题（以PDF为准）(1).docx | /Users/wanglifei/Desktop/2024模拟题/海淀二模/试卷/试卷.pdf,paper,module-boundary-excluded,/Users/wanglifei/Desktop/北京高考政治/reports/必修二三与必修四文化_题源分类准备_20260617_1301/03_question_index/question_candidates.csv,"{""target"": ""B3_POLITICS_RULE_OF_LAW"", ""target_score"": 1, ""boundary"": ""XB2_EXCLUDED"", ""boundary_score"": 10, ""matches"": {""B3_POLITICS_RULE_OF_LAW"": ""法院"", ""XB2_EXCLUDED"": ""民法典,侵权,侵权责任,违约,boost:民法典,boost:侵权,boost:侵权责任,boost:违约""}, ""explicit_boundary_modules"": {""XB2_EXCLUDED"": [""民法典"", ""侵权""]}, ""override"": ""explicit_boundary_term""}",exclude_from_three_target_lines,main_matrix_original
2024_海淀_二模,2024,海淀,二模,11,,question,XB2_EXCLUDED,objective,/Users/wanglifei/Desktop/2024模拟题/海淀二模/试卷/试卷.pdf,paper,module-boundary-excluded,/Users/wanglifei/Desktop/北京高考政治/reports/必修二三与必修四文化_题源分类准备_20260617_1301/03_question_index/question_candidates.csv,"{""target"": ""B3_POLITICS_RULE_OF_LAW"", ""target_score"": 1, ""boundary"": ""XB2_EXCLUDED"", ""boundary_score"": 6, ""matches"": {""B3_POLITICS_RULE_OF_LAW"": ""法院"", ""XB2_EXCLUDED"": ""民法典,侵权,侵权责任,boost:民法典,boost:侵权,boost:侵权责任""}, ""explicit_boundary_modules"": {""XB2_EXCLUDED"": [""民法典"", ""侵权""]}, ""override"": ""explicit_boundary_term""}",exclude_from_three_target_lines,main_matrix_original
2024_海淀_二模,2024,海淀,二模,12,,question,B2_ECONOMICS,objective,/Users/wanglifei/Desktop/2024模拟题/海淀二模/试卷/补充材料/高三二模：政治试题（以PDF为准）(1).docx | /Users/wanglifei/Desktop/2024模拟题/海淀二模/试卷/试卷.pdf,paper,included,/Users/wanglifei/Desktop/北京高考政治/reports/必修二三与必修四文化_题源分类准备_20260617_1301/03_question_index/question_candidates.csv,"{""target"": ""B2_ECONOMICS"", ""target_score"": 10, ""boundary"": ""B4_PHILOSOPHY_EXCLUDED"", ""boundary_score"": 0, ""matches"": {""B2_ECONOMICS"": ""高质量发展,营商环境,市场主体,boost:高质量发展,boost:营商环境"", ""B3_POLITICS_RULE_OF_LAW"": ""政府""}}",future_baodian_intake,main_matrix_original
2024_海淀_二模,2024,海淀,二模,13,,question,B2_ECONOMICS,objective,/Users/wanglifei/Desktop/2024模拟题/海淀二模/试卷/补充材料/高三二模：政治试题（以PDF为准）(1).docx | /Users/wanglifei/Desktop/2024模拟题/海淀二模/试卷/试卷.pdf,paper,included,/Users/wanglifei/Desktop/北京高考政治/reports/必修二三与必修四文化_题源分类准备_20260617_1301/03_question_index/question_candidates.csv,"{""target"": ""B2_ECONOMICS"", ""target_score"": 11, ""boundary"": ""B4_PHILOSOPHY_EXCLUDED"", ""boundary_score"": 0, ""matches"": {""B2_ECONOMICS"": ""实体经济,消费,人力资源,基础设施,boost:实体经济""}}",future_baodian_intake,main_matrix_original
2024_海淀_二模,2024,海淀,二模,14,,question,B2_ECONOMICS,objective,/Users/wanglifei/Desktop/2024模拟题/海淀二模/试卷/补充材料/高三二模：政治试题（以PDF为准）(1).docx | /Users/wanglifei/Desktop/2024模拟题/海淀二模/试卷/试卷.pdf,paper,included,/Users/wanglifei/Desktop/北京高考政治/reports/必修二三与必修四文化_题源分类准备_20260617_1301/03_question_index/question_candidates.csv,"{""target"": ""B2_ECONOMICS"", ""target_score"": 3, ""boundary"": ""B4_PHILOSOPHY_EXCLUDED"", ""boundary_score"": 0, ""matches"": {""B2_ECONOMICS"": ""供应链,boost:供应链""}}",future_baodian_intake,main_matrix_original
2024_海淀_二模,2024,海淀,二模,15,,question,XB1_EXCLUDED,objective,/Users/wanglifei/Desktop/2024模拟题/海淀二模/试卷/补充材料/高三二模：政治试题（以PDF为准）(1).docx | /Users/wanglifei/Desktop/2024模拟题/海淀二模/试卷/试卷.pdf,paper,module-boundary-excluded,/Users/wanglifei/Desktop/北京高考政治/reports/必修二三与必修四文化_题源分类准备_20260617_1301/03_question_index/question_candidates.csv,"{""target"": ""B4_CULTURE"", ""target_score"": 2, ""boundary"": ""XB1_EXCLUDED"", ""boundary_score"": 8, ""matches"": {""B4_CULTURE"": ""文化"", ""XB1_EXCLUDED"": ""联合国,人类命运共同体,boost:联合国,boost:人类命运共同体""}, ""explicit_boundary_modules"": {""XB1_EXCLUDED"": [""联合国"", ""人类命运共同体""]}, ""override"": ""explicit_boundary_term""}",exclude_from_three_target_lines,main_matrix_original
2024_海淀_二模,2024,海淀,二模,16,,question,UNKNOWN_OR_MIXED,subjective,/Users/wanglifei/Desktop/2024模拟题/海淀二模/试卷/补充材料/高三二模：政治试题（以PDF为准）(1).docx | /Users/wanglifei/Desktop/2024模拟题/海淀二模/试卷/试卷.pdf,paper,blocked,/Users/wanglifei/Desktop/北京高考政治/reports/必修二三与必修四文化_题源分类准备_20260617_1301/03_question_index/question_candidates.csv,"{""target"": ""B2_ECONOMICS"", ""target_score"": 0, ""boundary"": ""B4_PHILOSOPHY_EXCLUDED"", ""boundary_score"": 0, ""matches"": {}}",manual_review_needed,main_matrix_original
2024_海淀_二模,2024,海淀,二模,17,,question,XB3_EXCLUDED,subjective,/Users/wanglifei/Desktop/2024模拟题/海淀二模/试卷/补充材料/高三二模：政治试题（以PDF为准）(1).docx | /Users/wanglifei/Desktop/2024模拟题/海淀二模/试卷/试卷.pdf,paper,module-boundary-excluded,/Users/wanglifei/Desktop/北京高考政治/reports/必修二三与必修四文化_题源分类准备_20260617_1301/03_question_index/question_candidates.csv,"{""target"": ""B2_ECONOMICS"", ""target_score"": 0, ""boundary"": ""XB3_EXCLUDED"", ""boundary_score"": 3, ""matches"": {""B4_PHILOSOPHY_EXCLUDED"": ""认识"", ""XB3_EXCLUDED"": ""科学思维,boost:科学思维""}, ""explicit_boundary_modules"": {""XB3_EXCLUDED"": [""科学思维""]}, ""override"": ""explicit_boundary_term""}",exclude_from_three_target_lines,main_matrix_original
2024_海淀_二模,2024,海淀,二模,18,,question,UNKNOWN_OR_MIXED,subjective,/Users/wanglifei/Desktop/2024模拟题/海淀二模/试卷/补充材料/高三二模：政治试题（以PDF为准）(1).docx | /Users/wanglifei/Desktop/2024模拟题/海淀二模/试卷/试卷.pdf,paper,blocked,/Users/wanglifei/Desktop/北京高考政治/reports/必修二三与必修四文化_题源分类准备_20260617_1301/03_question_index/question_candidates.csv,"{""target"": ""B3_POLITICS_RULE_OF_LAW"", ""target_score"": 22, ""boundary"": ""XB1_EXCLUDED"", ""boundary_score"": 30, ""matches"": {""B3_POLITICS_RULE_OF_LAW"": ""政治与法治,中国共产党,人大代表,政协,政府,全国人大,boost:政治与法治,boost:中国共产党,boost:人大代表,boost:政协,boost:全国人大"", ""B4_PHILOSOPHY_EXCLUDED"": ""实践"", ""XB1_EXCLUDED"": ""当代国际政治与经济,全球治理,国际组织,金砖,boost:当代国际政治与经济,boost:全球治理,boost:国际组织,boost:金砖""}, ""explicit_target_modules"": {""B3_POLITICS_RULE_OF_LAW"": [""政治与法治""]}, ""explicit_boundary_modules"": {""XB1_EXCLUDED"": [""当代国际政治与经济"", ""全球治理"", ""国际组织""]}, ""override"": ""manual_subquestion_split_needed""}",manual_subquestion_split_needed,main_matrix_original
2024_海淀_二模,2024,海淀,二模,19,,question,XB2_EXCLUDED,subjective,/Users/wanglifei/Desktop/2024模拟题/海淀二模/试卷/补充材料/高三二模：政治试题（以PDF为准）(1).docx | /Users/wanglifei/Desktop/2024模拟题/海淀二模/试卷/试卷.pdf,paper,module-boundary-excluded,/Users/wanglifei/Desktop/北京高考政治/reports/必修二三与必修四文化_题源分类准备_20260617_1301/03_question_index/question_candidates.csv,"{""target"": ""B3_POLITICS_RULE_OF_LAW"", ""target_score"": 4, ""boundary"": ""XB2_EXCLUDED"", ""boundary_score"": 8, ""matches"": {""B3_POLITICS_RULE_OF_LAW"": ""法院"", ""XB2_EXCLUDED"": ""法律与生活,继承,boost:法律与生活,boost:继承""}, ""explicit_boundary_modules"": {""XB2_EXCLUDED"": [""法律与生活""]}, ""override"": ""explicit_boundary_term""}",exclude_from_three_target_lines,main_matrix_original
2024_海淀_二模,2024,海淀,二模,2,,question,B4_CULTURE,objective,/Users/wanglifei/Desktop/2024模拟题/海淀二模/试卷/补充材料/高三二模：政治试题（以PDF为准）(1).docx | /Users/wanglifei/Desktop/2024模拟题/海淀二模/试卷/试卷.pdf,paper,included,/Users/wanglifei/Desktop/北京高考政治/reports/必修二三与必修四文化_题源分类准备_20260617_1301/03_question_index/question_candidates.csv,"{""target"": ""B4_CULTURE"", ""target_score"": 23, ""boundary"": ""B4_PHILOSOPHY_EXCLUDED"", ""boundary_score"": 0, ""matches"": {""B4_CULTURE"": ""文化,中华优秀传统文化,优秀传统文化,传统文化,创造性转化,文化遗产,boost:中华优秀传统文化,boost:优秀传统文化,boost:传统文化,boost:创造性转化,boost:文化遗产""}}",future_baodian_intake,main_matrix_original
2024_海淀_二模,2024,海淀,二模,20,,question,B2_ECONOMICS,subjective,/Users/wanglifei/Desktop/2024模拟题/海淀二模/试卷/补充材料/高三二模：政治试题（以PDF为准）(1).docx | /Users/wanglifei/Desktop/2024模拟题/海淀二模/试卷/试卷.pdf,paper,included,/Users/wanglifei/Desktop/北京高考政治/reports/必修二三与必修四文化_题源分类准备_20260617_1301/03_question_index/question_candidates.csv,"{""target"": ""B2_ECONOMICS"", ""target_score"": 8, ""boundary"": ""B4_PHILOSOPHY_EXCLUDED"", ""boundary_score"": 0, ""matches"": {""B2_ECONOMICS"": ""经济与社会,基础设施,经济总量,boost:经济与社会,boost:经济总量"", ""B3_POLITICS_RULE_OF_LAW"": ""公共服务""}}",future_baodian_intake,main_matrix_original
2024_海淀_二模,2024,海淀,二模,21,,question,B3_POLITICS_RULE_OF_LAW,subjective,/Users/wanglifei/Desktop/2024模拟题/海淀二模/试卷/补充材料/高三二模：政治试题（以PDF为准）(1).docx | /Users/wanglifei/Desktop/2024模拟题/海淀二模/试卷/试卷.pdf,paper,included,/Users/wanglifei/Desktop/北京高考政治/reports/必修二三与必修四文化_题源分类准备_20260617_1301/03_question_index/question_candidates.csv,"{""target"": ""B3_POLITICS_RULE_OF_LAW"", ""target_score"": 10, ""boundary"": ""B4_PHILOSOPHY_EXCLUDED"", ""boundary_score"": 0, ""matches"": {""B2_ECONOMICS"": ""新质生产力,就业,boost:新质生产力,boost:就业"", ""B3_POLITICS_RULE_OF_LAW"": ""政府,社会治理"", ""B4_CULTURE"": ""文化""}}",future_baodian_intake,main_matrix_original
2024_海淀_二模,2024,海淀,二模,3,,question,B4_CULTURE,objective,/Users/wanglifei/Desktop/2024模拟题/海淀二模/试卷/补充材料/高三二模：政治试题（以PDF为准）(1).docx | /Users/wanglifei/Desktop/2024模拟题/海淀二模/试卷/试卷.pdf,paper,included,/Users/wanglifei/Desktop/北京高考政治/reports/必修二三与必修四文化_题源分类准备_20260617_1301/03_question_index/question_candidates.csv,"{""target"": ""B4_CULTURE"", ""target_score"": 13, ""boundary"": ""B4_PHILOSOPHY_EXCLUDED"", ""boundary_score"": 2, ""matches"": {""B4_CULTURE"": ""文化,文明交流互鉴,boost:文明交流互鉴"", ""B4_PHILOSOPHY_EXCLUDED"": ""认识""}}",future_baodian_intake,main_matrix_original
2024_海淀_二模,2024,海淀,二模,4,,question,B4_PHILOSOPHY_EXCLUDED,objective,/Users/wanglifei/Desktop/2024模拟题/海淀二模/试卷/补充材料/高三二模：政治试题（以PDF为准）(1).docx | /Users/wanglifei/Desktop/2024模拟题/海淀二模/试卷/试卷.pdf,paper,module-boundary-excluded,/Users/wanglifei/Desktop/北京高考政治/reports/必修二三与必修四文化_题源分类准备_20260617_1301/03_question_index/question_candidates.csv,"{""target"": ""B3_POLITICS_RULE_OF_LAW"", ""target_score"": 3, ""boundary"": ""B4_PHILOSOPHY_EXCLUDED"", ""boundary_score"": 12, ""matches"": {""B3_POLITICS_RULE_OF_LAW"": ""基层治理,boost:基层治理"", ""B4_PHILOSOPHY_EXCLUDED"": ""认识,真理,事物发展,主观能动性,能动创造性,boost:真理,boost:能动创造性""}, ""explicit_boundary_modules"": {""B4_PHILOSOPHY_EXCLUDED"": [""能动创造性""]}, ""override"": ""explicit_boundary_term""}",exclude_from_three_target_lines,main_matrix_original
2024_海淀_二模,2024,海淀,二模,5,,question,UNKNOWN_OR_MIXED,objective,/Users/wanglifei/Desktop/2024模拟题/海淀二模/试卷/补充材料/高三二模：政治试题（以PDF为准）(1).docx | /Users/wanglifei/Desktop/2024模拟题/海淀二模/试卷/试卷.pdf,paper,blocked,/Users/wanglifei/Desktop/北京高考政治/reports/必修二三与必修四文化_题源分类准备_20260617_1301/03_question_index/question_candidates.csv,"{""target"": ""B2_ECONOMICS"", ""target_score"": 0, ""boundary"": ""B4_PHILOSOPHY_EXCLUDED"", ""boundary_score"": 0, ""matches"": {}}",manual_review_needed,main_matrix_original
2024_海淀_二模,2024,海淀,二模,6,,question,XB3_EXCLUDED,objective,/Users/wanglifei/Desktop/2024模拟题/海淀二模/试卷/补充材料/高三二模：政治试题（以PDF为准）(1).docx | /Users/wanglifei/Desktop/2024模拟题/海淀二模/试卷/试卷.pdf,paper,module-boundary-excluded,/Users/wanglifei/Desktop/北京高考政治/reports/必修二三与必修四文化_题源分类准备_20260617_1301/03_question_index/question_candidates.csv,"{""target"": ""B2_ECONOMICS"", ""target_score"": 10, ""boundary"": ""B4_PHILOSOPHY_EXCLUDED"", ""boundary_score"": 3, ""matches"": {""B2_ECONOMICS"": ""财政,经济增长,boost:财政,boost:经济增长"", ""B4_PHILOSOPHY_EXCLUDED"": ""矛盾,boost:矛盾"", ""XB3_EXCLUDED"": ""推理,boost:推理""}, ""explicit_boundary_modules"": {""XB3_EXCLUDED"": [""推理""]}, ""override"": ""explicit_boundary_term""}",exclude_from_three_target_lines,main_matrix_original
2024_海淀_二模,2024,海淀,二模,7,,question,B3_POLITICS_RULE_OF_LAW,objective,/Users/wanglifei/Desktop/2024模拟题/海淀二模/试卷/补充材料/高三二模：政治试题（以PDF为准）(1).docx | /Users/wanglifei/Desktop/2024模拟题/海淀二模/试卷/试卷.pdf,paper,included,/Users/wanglifei/Desktop/北京高考政治/reports/必修二三与必修四文化_题源分类准备_20260617_1301/03_question_index/question_candidates.csv,"{""target"": ""B3_POLITICS_RULE_OF_LAW"", ""target_score"": 19, ""boundary"": ""B4_PHILOSOPHY_EXCLUDED"", ""boundary_score"": 0, ""matches"": {""B3_POLITICS_RULE_OF_LAW"": ""法治政府,政府,全国人大,全国人大常委会,人大常委会,boost:法治政府,boost:全国人大,boost:人大常委会""}}",future_baodian_intake,main_matrix_original
2024_海淀_二模,2024,海淀,二模,8,,question,B4_PHILOSOPHY_EXCLUDED,objective,/Users/wanglifei/Desktop/2024模拟题/海淀二模/试卷/补充材料/高三二模：政治试题（以PDF为准）(1).docx | /Users/wanglifei/Desktop/2024模拟题/海淀二模/试卷/试卷.pdf,paper,module-boundary-excluded,/Users/wanglifei/Desktop/北京高考政治/reports/必修二三与必修四文化_题源分类准备_20260617_1301/03_question_index/question_candidates.csv,"{""target"": ""B3_POLITICS_RULE_OF_LAW"", ""target_score"": 8, ""boundary"": ""B4_PHILOSOPHY_EXCLUDED"", ""boundary_score"": 10, ""matches"": {""B3_POLITICS_RULE_OF_LAW"": ""民主协商,党组织,基层治理,社区治理,boost:党组织,boost:基层治理"", ""B4_CULTURE"": ""文化"", ""B4_PHILOSOPHY_EXCLUDED"": ""实践,价值判断,价值选择,boost:价值判断,boost:价值选择""}, ""explicit_boundary_modules"": {""B4_PHILOSOPHY_EXCLUDED"": [""价值判断"", ""价值选择""]}, ""override"": ""explicit_boundary_term""}",exclude_from_three_target_lines,main_matrix_original
2024_海淀_二模,2024,海淀,二模,9,,question,XB2_EXCLUDED,objective,/Users/wanglifei/Desktop/2024模拟题/海淀二模/试卷/补充材料/高三二模：政治试题（以PDF为准）(1).docx | /Users/wanglifei/Desktop/2024模拟题/海淀二模/试卷/试卷.pdf,paper,module-boundary-excluded,/Users/wanglifei/Desktop/北京高考政治/reports/必修二三与必修四文化_题源分类准备_20260617_1301/03_question_index/question_candidates.csv,"{""target"": ""B3_POLITICS_RULE_OF_LAW"", ""target_score"": 8, ""boundary"": ""XB2_EXCLUDED"", ""boundary_score"": 8, ""matches"": {""B3_POLITICS_RULE_OF_LAW"": ""法院"", ""XB2_EXCLUDED"": ""诉讼,上诉,boost:诉讼,boost:上诉""}, ""explicit_boundary_modules"": {""XB2_EXCLUDED"": [""诉讼""]}, ""override"": ""explicit_boundary_term""}",exclude_from_three_target_lines,main_matrix_original
2024_海淀_期中,2024,海淀,期中,1,,question,B4_CULTURE,objective,/Users/wanglifei/GaokaoPolitics/beijing-politics-sync/选必三双宝典_哲学宝典完全对齐返工_2026-05-25/12_reasoning_exercise_compilation_20260531/ocr_cache/22a9fc350542/试卷.ocr.txt,ocr-cache,included,/Users/wanglifei/Desktop/北京高考政治/reports/必修二三与必修四文化_题源分类准备_20260617_1301/02_text_cache/ocr_absorbed/2024_海淀_期中.txt,"{""target"": ""B4_CULTURE"", ""target_score"": 7, ""boundary"": ""B4_PHILOSOPHY_EXCLUDED"", ""boundary_score"": 0, ""matches"": {""B4_CULTURE"": ""精神谱系,红色基因,长征精神,boost:精神谱系,boost:红色基因,boost:长征精神""}}",future_baodian_intake,main_matrix_original
2024_海淀_期中,2024,海淀,期中,10,,question,XB2_EXCLUDED,objective,/Users/wanglifei/GaokaoPolitics/beijing-politics-sync/选必三双宝典_哲学宝典完全对齐返工_2026-05-25/12_reasoning_exercise_compilation_20260531/ocr_cache/22a9fc350542/试卷.ocr.txt,ocr-cache,module-boundary-excluded,/Users/wanglifei/Desktop/北京高考政治/reports/必修二三与必修四文化_题源分类准备_20260617_1301/02_text_cache/ocr_absorbed/2024_海淀_期中.txt,"{""target"": ""B2_ECONOMICS"", ""target_score"": 4, ""boundary"": ""XB2_EXCLUDED"", ""boundary_score"": 21, ""matches"": {""B2_ECONOMICS"": ""劳动者"", ""XB2_EXCLUDED"": ""合同,劳动合同,仲裁,boost:合同,boost:劳动合同,boost:仲裁""}, ""explicit_boundary_modules"": {""XB2_EXCLUDED"": [""合同"", ""劳动合同""]}, ""override"": ""explicit_boundary_term""}",exclude_from_three_target_lines,main_matrix_original
2024_海淀_期中,2024,海淀,期中,11,,question,XB2_EXCLUDED,objective,/Users/wanglifei/GaokaoPolitics/beijing-politics-sync/选必三双宝典_哲学宝典完全对齐返工_2026-05-25/12_reasoning_exercise_compilation_20260531/ocr_cache/22a9fc350542/试卷.ocr.txt,ocr-cache,module-boundary-excluded,/Users/wanglifei/Desktop/北京高考政治/reports/必修二三与必修四文化_题源分类准备_20260617_1301/02_text_cache/ocr_absorbed/2024_海淀_期中.txt,"{""target"": ""B3_POLITICS_RULE_OF_LAW"", ""target_score"": 2, ""boundary"": ""XB2_EXCLUDED"", ""boundary_score"": 12, ""matches"": {""B3_POLITICS_RULE_OF_LAW"": ""法院"", ""XB2_EXCLUDED"": ""诉讼,调解,民事,民事诉讼,赔偿,boost:诉讼,boost:调解,boost:民事,boost:民事诉讼""}, ""explicit_boundary_modules"": {""XB2_EXCLUDED"": [""诉讼"", ""民事""]}, ""override"": ""explicit_boundary_term""}",exclude_from_three_target_lines,main_matrix_original
2024_海淀_期中,2024,海淀,期中,12,,question,UNKNOWN_OR_MIXED,objective,/Users/wanglifei/GaokaoPolitics/beijing-politics-sync/选必三双宝典_哲学宝典完全对齐返工_2026-05-25/12_reasoning_exercise_compilation_20260531/ocr_cache/22a9fc350542/试卷.ocr.txt,ocr-cache,blocked,/Users/wanglifei/Desktop/北京高考政治/reports/必修二三与必修四文化_题源分类准备_20260617_1301/02_text_cache/ocr_absorbed/2024_海淀_期中.txt,"{""target"": ""B2_ECONOMICS"", ""target_score"": 1, ""boundary"": ""B4_PHILOSOPHY_EXCLUDED"", ""boundary_score"": 2, ""matches"": {""B2_ECONOMICS"": ""市场主体"", ""B3_POLITICS_RULE_OF_LAW"": ""政府"", ""B4_PHILOSOPHY_EXCLUDED"": ""矛盾,boost:矛盾""}}",manual_review_needed,main_matrix_original
2024_海淀_期中,2024,海淀,期中,13,,question,XB2_EXCLUDED,objective,/Users/wanglifei/GaokaoPolitics/beijing-politics-sync/选必三双宝典_哲学宝典完全对齐返工_2026-05-25/12_reasoning_exercise_compilation_20260531/ocr_cache/22a9fc350542/试卷.ocr.txt,ocr-cache,module-boundary-excluded,/Users/wanglifei/Desktop/北京高考政治/reports/必修二三与必修四文化_题源分类准备_20260617_1301/02_text_cache/ocr_absorbed/2024_海淀_期中.txt,"{""target"": ""B2_ECONOMICS"", ""target_score"": 2, ""boundary"": ""XB2_EXCLUDED"", ""boundary_score"": 2, ""matches"": {""B2_ECONOMICS"": ""就业,boost:就业"", ""XB2_EXCLUDED"": ""专利,boost:专利""}, ""explicit_boundary_modules"": {""XB2_EXCLUDED"": [""专利""]}, ""override"": ""explicit_boundary_term""}",exclude_from_three_target_lines,main_matrix_original
2024_海淀_期中,2024,海淀,期中,14,,question,UNKNOWN_OR_MIXED,objective,/Users/wanglifei/GaokaoPolitics/beijing-politics-sync/选必三双宝典_哲学宝典完全对齐返工_2026-05-25/12_reasoning_exercise_compilation_20260531/ocr_cache/22a9fc350542/试卷.ocr.txt,ocr-cache,blocked,/Users/wanglifei/Desktop/北京高考政治/reports/必修二三与必修四文化_题源分类准备_20260617_1301/02_text_cache/ocr_absorbed/2024_海淀_期中.txt,"{""target"": ""B2_ECONOMICS"", ""target_score"": 0, ""boundary"": ""B4_PHILOSOPHY_EXCLUDED"", ""boundary_score"": 0, ""matches"": {}}",manual_review_needed,main_matrix_original
2024_海淀_期中,2024,海淀,期中,15,,question,XB1_EXCLUDED,objective,/Users/wanglifei/GaokaoPolitics/beijing-politics-sync/选必三双宝典_哲学宝典完全对齐返工_2026-05-25/12_reasoning_exercise_compilation_20260531/ocr_cache/22a9fc350542/试卷.ocr.txt,ocr-cache,module-boundary-excluded,/Users/wanglifei/Desktop/北京高考政治/reports/必修二三与必修四文化_题源分类准备_20260617_1301/02_text_cache/ocr_absorbed/2024_海淀_期中.txt,"{""target"": ""B2_ECONOMICS"", ""target_score"": 0, ""boundary"": ""XB1_EXCLUDED"", ""boundary_score"": 8, ""matches"": {""XB1_EXCLUDED"": ""国际关系,全球治理,人类命运共同体,金砖,boost:国际关系,boost:全球治理,boost:人类命运共同体,boost:金砖""}, ""explicit_boundary_modules"": {""XB1_EXCLUDED"": [""国际关系"", ""全球治理"", ""人类命运共同体""]}, ""override"": ""explicit_boundary_term""}",exclude_from_three_target_lines,main_matrix_original
2024_海淀_期中,2024,海淀,期中,16,,question,UNKNOWN_OR_MIXED,subjective,/Users/wanglifei/GaokaoPolitics/beijing-politics-sync/选必三双宝典_哲学宝典完全对齐返工_2026-05-25/12_reasoning_exercise_compilation_20260531/ocr_cache/22a9fc350542/试卷.ocr.txt,ocr-cache,blocked,/Users/wanglifei/Desktop/北京高考政治/reports/必修二三与必修四文化_题源分类准备_20260617_1301/02_text_cache/ocr_absorbed/2024_海淀_期中.txt,"{""target"": ""B4_CULTURE"", ""target_score"": 1, ""boundary"": ""B4_PHILOSOPHY_EXCLUDED"", ""boundary_score"": 0, ""matches"": {""B4_CULTURE"": ""文化""}}",manual_review_needed,main_matrix_original
2024_海淀_期中,2024,海淀,期中,17(1),17,subquestion,B2_ECONOMICS,subjective,/Users/wanglifei/GaokaoPolitics/beijing-politics-sync/选必三双宝典_哲学宝典完全对齐返工_2026-05-25/12_reasoning_exercise_compilation_20260531/ocr_cache/22a9fc350542/试卷.ocr.txt,ocr-cache,included,04_module_classification/subquestion_split_matrix.csv,"{""target"": ""B2_ECONOMICS"", ""target_score"": 4, ""boundary"": ""B4_PHILOSOPHY_EXCLUDED"", ""boundary_score"": 0, ""matches"": {""B2_ECONOMICS"": ""经济与社会,高质量发展,boost:经济与社会,boost:高质量发展""}}",future_baodian_intake,subquestion_integrated_target
2024_海淀_期中,2024,海淀,期中,17(2),17,subquestion,XB3_EXCLUDED,subjective,/Users/wanglifei/GaokaoPolitics/beijing-politics-sync/选必三双宝典_哲学宝典完全对齐返工_2026-05-25/12_reasoning_exercise_compilation_20260531/ocr_cache/22a9fc350542/试卷.ocr.txt,ocr-cache,module-boundary-excluded,04_module_classification/subquestion_split_matrix.csv,"{""target"": ""B2_ECONOMICS"", ""target_score"": 0, ""boundary"": ""XB3_EXCLUDED"", ""boundary_score"": 2, ""matches"": {""XB3_EXCLUDED"": ""分析与综合,boost:分析与综合""}, ""explicit_boundary_modules"": {""XB3_EXCLUDED"": [""分析与综合""]}, ""override"": ""explicit_boundary_term""}",exclude_from_three_target_lines,subquestion_integrated_boundary
2024_海淀_期中,2024,海淀,期中,18,,question,XB1_EXCLUDED,subjective,/Users/wanglifei/GaokaoPolitics/beijing-politics-sync/选必三双宝典_哲学宝典完全对齐返工_2026-05-25/12_reasoning_exercise_compilation_20260531/ocr_cache/22a9fc350542/试卷.ocr.txt,ocr-cache,module-boundary-excluded,/Users/wanglifei/Desktop/北京高考政治/reports/必修二三与必修四文化_题源分类准备_20260617_1301/02_text_cache/ocr_absorbed/2024_海淀_期中.txt,"{""target"": ""B2_ECONOMICS"", ""target_score"": 1, ""boundary"": ""XB1_EXCLUDED"", ""boundary_score"": 8, ""matches"": {""B2_ECONOMICS"": ""消费"", ""XB1_EXCLUDED"": ""当代国际政治与经济,外交,对外开放,boost:当代国际政治与经济,boost:外交"", ""XB3_EXCLUDED"": ""推理,boost:推理""}, ""explicit_boundary_modules"": {""XB1_EXCLUDED"": [""当代国际政治与经济""], ""XB3_EXCLUDED"": [""推理""]}, ""override"": ""explicit_boundary_term""}",exclude_from_three_target_lines,main_matrix_original
2024_海淀_期中,2024,海淀,期中,19,,question,XB2_EXCLUDED,subjective,/Users/wanglifei/GaokaoPolitics/beijing-politics-sync/选必三双宝典_哲学宝典完全对齐返工_2026-05-25/12_reasoning_exercise_compilation_20260531/ocr_cache/22a9fc350542/试卷.ocr.txt,ocr-cache,module-boundary-excluded,/Users/wanglifei/Desktop/北京高考政治/reports/必修二三与必修四文化_题源分类准备_20260617_1301/02_text_cache/ocr_absorbed/2024_海淀_期中.txt,"{""target"": ""B3_POLITICS_RULE_OF_LAW"", ""target_score"": 1, ""boundary"": ""XB2_EXCLUDED"", ""boundary_score"": 7, ""matches"": {""B3_POLITICS_RULE_OF_LAW"": ""法院"", ""B4_PHILOSOPHY_EXCLUDED"": ""认识"", ""XB2_EXCLUDED"": ""法律与生活,侵权,诉讼,赔偿,boost:法律与生活,boost:侵权,boost:诉讼""}, ""explicit_boundary_modules"": {""XB2_EXCLUDED"": [""法律与生活"", ""侵权"", ""诉讼""]}, ""override"": ""explicit_boundary_term""}",exclude_from_three_target_lines,main_matrix_original
2024_海淀_期中,2024,海淀,期中,2,,question,B4_PHILOSOPHY_EXCLUDED,objective,/Users/wanglifei/GaokaoPolitics/beijing-politics-sync/选必三双宝典_哲学宝典完全对齐返工_2026-05-25/12_reasoning_exercise_compilation_20260531/ocr_cache/22a9fc350542/试卷.ocr.txt,ocr-cache,module-boundary-excluded,/Users/wanglifei/Desktop/北京高考政治/reports/必修二三与必修四文化_题源分类准备_20260617_1301/02_text_cache/ocr_absorbed/2024_海淀_期中.txt,"{""target"": ""B2_ECONOMICS"", ""target_score"": 0, ""boundary"": ""B4_PHILOSOPHY_EXCLUDED"", ""boundary_score"": 4, ""matches"": {""B4_PHILOSOPHY_EXCLUDED"": ""实践,认识,主观能动性""}}",exclude_from_three_target_lines,main_matrix_original
2024_海淀_期中,2024,海淀,期中,20,,question,B4_CULTURE,subjective,/Users/wanglifei/GaokaoPolitics/beijing-politics-sync/选必三双宝典_哲学宝典完全对齐返工_2026-05-25/12_reasoning_exercise_compilation_20260531/ocr_cache/22a9fc350542/试卷.ocr.txt,ocr-cache,included,/Users/wanglifei/Desktop/北京高考政治/reports/必修二三与必修四文化_题源分类准备_20260617_1301/02_text_cache/ocr_absorbed/2024_海淀_期中.txt,"{""target"": ""B4_CULTURE"", ""target_score"": 6, ""boundary"": ""B1_EXCLUDED"", ""boundary_score"": 1, ""matches"": {""B4_CULTURE"": ""爱国主义,博物馆,文物,boost:爱国主义,boost:博物馆,boost:文物"", ""B1_EXCLUDED"": ""改革开放""}}",future_baodian_intake,main_matrix_original
2024_海淀_期中,2024,海淀,期中,3,,question,B4_PHILOSOPHY_EXCLUDED,objective,/Users/wanglifei/GaokaoPolitics/beijing-politics-sync/选必三双宝典_哲学宝典完全对齐返工_2026-05-25/12_reasoning_exercise_compilation_20260531/ocr_cache/22a9fc350542/试卷.ocr.txt,ocr-cache,module-boundary-excluded,/Users/wanglifei/Desktop/北京高考政治/reports/必修二三与必修四文化_题源分类准备_20260617_1301/02_text_cache/ocr_absorbed/2024_海淀_期中.txt,"{""target"": ""B2_ECONOMICS"", ""target_score"": 0, ""boundary"": ""B4_PHILOSOPHY_EXCLUDED"", ""boundary_score"": 5, ""matches"": {""B4_PHILOSOPHY_EXCLUDED"": ""实践,认识,真理,boost:真理""}}",exclude_from_three_target_lines,main_matrix_original
2024_海淀_期中,2024,海淀,期中,4,,question,B4_CULTURE,objective,/Users/wanglifei/GaokaoPolitics/beijing-politics-sync/选必三双宝典_哲学宝典完全对齐返工_2026-05-25/12_reasoning_exercise_compilation_20260531/ocr_cache/22a9fc350542/试卷.ocr.txt,ocr-cache,included,/Users/wanglifei/Desktop/北京高考政治/reports/必修二三与必修四文化_题源分类准备_20260617_1301/02_text_cache/ocr_absorbed/2024_海淀_期中.txt,"{""target"": ""B4_CULTURE"", ""target_score"": 8, ""boundary"": ""B4_PHILOSOPHY_EXCLUDED"", ""boundary_score"": 0, ""matches"": {""B4_CULTURE"": ""文化,纹样,中华文明,文明传承,boost:纹样,boost:中华文明,boost:文明传承""}}",future_baodian_intake,main_matrix_original
2024_海淀_期中,2024,海淀,期中,5,,question,B4_PHILOSOPHY_EXCLUDED,objective,/Users/wanglifei/GaokaoPolitics/beijing-politics-sync/选必三双宝典_哲学宝典完全对齐返工_2026-05-25/12_reasoning_exercise_compilation_20260531/ocr_cache/22a9fc350542/试卷.ocr.txt,ocr-cache,module-boundary-excluded,/Users/wanglifei/Desktop/北京高考政治/reports/必修二三与必修四文化_题源分类准备_20260617_1301/02_text_cache/ocr_absorbed/2024_海淀_期中.txt,"{""target"": ""B2_ECONOMICS"", ""target_score"": 0, ""boundary"": ""B4_PHILOSOPHY_EXCLUDED"", ""boundary_score"": 7, ""matches"": {""B4_PHILOSOPHY_EXCLUDED"": ""事物发展,矛盾,boost:矛盾""}}",exclude_from_three_target_lines,main_matrix_original
2024_海淀_期中,2024,海淀,期中,6,,question,XB3_EXCLUDED,objective,/Users/wanglifei/GaokaoPolitics/beijing-politics-sync/选必三双宝典_哲学宝典完全对齐返工_2026-05-25/12_reasoning_exercise_compilation_20260531/ocr_cache/22a9fc350542/试卷.ocr.txt,ocr-cache,module-boundary-excluded,/Users/wanglifei/Desktop/北京高考政治/reports/必修二三与必修四文化_题源分类准备_20260617_1301/02_text_cache/ocr_absorbed/2024_海淀_期中.txt,"{""target"": ""B2_ECONOMICS"", ""target_score"": 0, ""boundary"": ""XB3_EXCLUDED"", ""boundary_score"": 14, ""matches"": {""XB3_EXCLUDED"": ""逆向思维,推理,假言判断,归纳推理,必要条件,boost:逆向思维,boost:推理,boost:假言判断,boost:归纳推理,boost:必要条件""}, ""explicit_boundary_modules"": {""XB3_EXCLUDED"": [""推理"", ""假言"", ""必要条件""]}, ""override"": ""explicit_boundary_term""}",exclude_from_three_target_lines,main_matrix_original
2024_海淀_期中,2024,海淀,期中,7,,question,XB3_EXCLUDED,objective,/Users/wanglifei/GaokaoPolitics/beijing-politics-sync/选必三双宝典_哲学宝典完全对齐返工_2026-05-25/12_reasoning_exercise_compilation_20260531/ocr_cache/22a9fc350542/试卷.ocr.txt,ocr-cache,module-boundary-excluded,/Users/wanglifei/Desktop/北京高考政治/reports/必修二三与必修四文化_题源分类准备_20260617_1301/02_text_cache/ocr_absorbed/2024_海淀_期中.txt,"{""target"": ""B2_ECONOMICS"", ""target_score"": 0, ""boundary"": ""XB3_EXCLUDED"", ""boundary_score"": 3, ""matches"": {""XB3_EXCLUDED"": ""推理,boost:推理""}, ""explicit_boundary_modules"": {""XB3_EXCLUDED"": [""推理""]}, ""override"": ""explicit_boundary_term""}",exclude_from_three_target_lines,main_matrix_original
2024_海淀_期中,2024,海淀,期中,8,,question,B3_POLITICS_RULE_OF_LAW,objective,/Users/wanglifei/GaokaoPolitics/beijing-politics-sync/选必三双宝典_哲学宝典完全对齐返工_2026-05-25/12_reasoning_exercise_compilation_20260531/ocr_cache/22a9fc350542/试卷.ocr.txt,ocr-cache,included,/Users/wanglifei/Desktop/北京高考政治/reports/必修二三与必修四文化_题源分类准备_20260617_1301/02_text_cache/ocr_absorbed/2024_海淀_期中.txt,"{""target"": ""B3_POLITICS_RULE_OF_LAW"", ""target_score"": 4, ""boundary"": ""B4_PHILOSOPHY_EXCLUDED"", ""boundary_score"": 2, ""matches"": {""B3_POLITICS_RULE_OF_LAW"": ""法院,民主协商,社会治理"", ""B4_PHILOSOPHY_EXCLUDED"": ""矛盾,boost:矛盾""}}",future_baodian_intake,main_matrix_original
2024_海淀_期中,2024,海淀,期中,9,,question,B3_POLITICS_RULE_OF_LAW,objective,/Users/wanglifei/GaokaoPolitics/beijing-politics-sync/选必三双宝典_哲学宝典完全对齐返工_2026-05-25/12_reasoning_exercise_compilation_20260531/ocr_cache/22a9fc350542/试卷.ocr.txt,ocr-cache,included,/Users/wanglifei/Desktop/北京高考政治/reports/必修二三与必修四文化_题源分类准备_20260617_1301/02_text_cache/ocr_absorbed/2024_海淀_期中.txt,"{""target"": ""B3_POLITICS_RULE_OF_LAW"", ""target_score"": 8, ""boundary"": ""B4_PHILOSOPHY_EXCLUDED"", ""boundary_score"": 2, ""matches"": {""B3_POLITICS_RULE_OF_LAW"": ""政协,政府,人民政协,boost:政协,boost:人民政协"", ""B4_PHILOSOPHY_EXCLUDED"": ""人民群众,boost:人民群众""}}",future_baodian_intake,main_matrix_original
2024_石景山_一模,2024,石景山,一模,1,,question,UNKNOWN_OR_MIXED,objective,/Users/wanglifei/Desktop/2024模拟题/石景山一模/试卷/试卷.docx,paper,blocked,/Users/wanglifei/Desktop/北京高考政治/reports/必修二三与必修四文化_题源分类准备_20260617_1301/03_question_index/question_candidates.csv,"{""target"": ""B2_ECONOMICS"", ""target_score"": 0, ""boundary"": ""B4_PHILOSOPHY_EXCLUDED"", ""boundary_score"": 0, ""matches"": {}}",manual_review_needed,main_matrix_original
2024_石景山_一模,2024,石景山,一模,10,,question,XB2_EXCLUDED,objective,/Users/wanglifei/Desktop/2024模拟题/石景山一模/试卷/试卷.docx,paper,module-boundary-excluded,/Users/wanglifei/Desktop/北京高考政治/reports/必修二三与必修四文化_题源分类准备_20260617_1301/03_question_index/question_candidates.csv,"{""target"": ""B2_ECONOMICS"", ""target_score"": 0, ""boundary"": ""XB2_EXCLUDED"", ""boundary_score"": 5, ""matches"": {""XB2_EXCLUDED"": ""民事,民事行为能力,boost:民事,boost:民事行为能力""}, ""explicit_boundary_modules"": {""XB2_EXCLUDED"": [""民事""]}, ""override"": ""explicit_boundary_term""}",exclude_from_three_target_lines,main_matrix_original
2024_石景山_一模,2024,石景山,一模,11,,question,XB2_EXCLUDED,objective,/Users/wanglifei/Desktop/2024模拟题/石景山一模/试卷/试卷.docx,paper,module-boundary-excluded,/Users/wanglifei/Desktop/北京高考政治/reports/必修二三与必修四文化_题源分类准备_20260617_1301/03_question_index/question_candidates.csv,"{""target"": ""B2_ECONOMICS"", ""target_score"": 2, ""boundary"": ""XB2_EXCLUDED"", ""boundary_score"": 13, ""matches"": {""B2_ECONOMICS"": ""消费"", ""B3_POLITICS_RULE_OF_LAW"": ""法院"", ""XB2_EXCLUDED"": ""合同,诉讼,举证,赔偿,违约,boost:合同,boost:诉讼,boost:举证,boost:违约""}, ""explicit_boundary_modules"": {""XB2_EXCLUDED"": [""合同"", ""诉讼""]}, ""override"": ""explicit_boundary_term""}",exclude_from_three_target_lines,main_matrix_original
2024_石景山_一模,2024,石景山,一模,12,,question,B2_ECONOMICS,objective,/Users/wanglifei/Desktop/2024模拟题/石景山一模/试卷/试卷.docx,paper,included,/Users/wanglifei/Desktop/北京高考政治/reports/必修二三与必修四文化_题源分类准备_20260617_1301/03_question_index/question_candidates.csv,"{""target"": ""B2_ECONOMICS"", ""target_score"": 8, ""boundary"": ""B4_PHILOSOPHY_EXCLUDED"", ""boundary_score"": 0, ""matches"": {""B2_ECONOMICS"": ""高质量发展,消费,产业链,营商环境,boost:高质量发展,boost:产业链,boost:营商环境"", ""B4_CULTURE"": ""文化""}}",future_baodian_intake,main_matrix_original
2024_石景山_一模,2024,石景山,一模,13,,question,B2_ECONOMICS,objective,/Users/wanglifei/Desktop/2024模拟题/石景山一模/试卷/试卷.docx,paper,included,/Users/wanglifei/Desktop/北京高考政治/reports/必修二三与必修四文化_题源分类准备_20260617_1301/03_question_index/question_candidates.csv,"{""target"": ""B2_ECONOMICS"", ""target_score"": 3, ""boundary"": ""B4_PHILOSOPHY_EXCLUDED"", ""boundary_score"": 0, ""matches"": {""B2_ECONOMICS"": ""营商环境,boost:营商环境"", ""B3_POLITICS_RULE_OF_LAW"": ""政府,公共服务""}}",future_baodian_intake,main_matrix_original
2024_石景山_一模,2024,石景山,一模,14,,question,XB1_EXCLUDED,objective,/Users/wanglifei/Desktop/2024模拟题/石景山一模/试卷/试卷.docx,paper,module-boundary-excluded,/Users/wanglifei/Desktop/北京高考政治/reports/必修二三与必修四文化_题源分类准备_20260617_1301/03_question_index/question_candidates.csv,"{""target"": ""B2_ECONOMICS"", ""target_score"": 5, ""boundary"": ""XB1_EXCLUDED"", ""boundary_score"": 6, ""matches"": {""B2_ECONOMICS"": ""生产要素,经济增长,boost:生产要素,boost:经济增长"", ""XB1_EXCLUDED"": ""全球治理,经济全球化,国际贸易,boost:全球治理,boost:经济全球化,boost:国际贸易""}, ""explicit_boundary_modules"": {""XB1_EXCLUDED"": [""经济全球化"", ""全球治理""]}, ""override"": ""explicit_boundary_term""}",exclude_from_three_target_lines,main_matrix_original
2024_石景山_一模,2024,石景山,一模,15,,question,XB1_EXCLUDED,objective,/Users/wanglifei/Desktop/2024模拟题/石景山一模/试卷/试卷.docx,paper,module-boundary-excluded,/Users/wanglifei/Desktop/北京高考政治/reports/必修二三与必修四文化_题源分类准备_20260617_1301/03_question_index/question_candidates.csv,"{""target"": ""B4_CULTURE"", ""target_score"": 1, ""boundary"": ""XB1_EXCLUDED"", ""boundary_score"": 3, ""matches"": {""B4_CULTURE"": ""文化"", ""XB1_EXCLUDED"": ""人类命运共同体,对外开放,boost:人类命运共同体""}, ""explicit_boundary_modules"": {""XB1_EXCLUDED"": [""人类命运共同体""]}, ""override"": ""explicit_boundary_term""}",exclude_from_three_target_lines,main_matrix_original
2024_石景山_一模,2024,石景山,一模,16,,question,B4_CULTURE,subjective,/Users/wanglifei/Desktop/2024模拟题/石景山一模/试卷/试卷.docx,paper,included,/Users/wanglifei/Desktop/北京高考政治/reports/必修二三与必修四文化_题源分类准备_20260617_1301/03_question_index/question_candidates.csv,"{""target"": ""B4_CULTURE"", ""target_score"": 15, ""boundary"": ""XB2_EXCLUDED"", ""boundary_score"": 2, ""matches"": {""B4_CULTURE"": ""文化,中华优秀传统文化,优秀传统文化,传统文化,文化自信,boost:中华优秀传统文化,boost:优秀传统文化,boost:传统文化,boost:文化自信"", ""B4_PHILOSOPHY_EXCLUDED"": ""认识"", ""XB2_EXCLUDED"": ""继承,boost:继承""}}",future_baodian_intake,main_matrix_original
2024_石景山_一模,2024,石景山,一模,17,,question,XB2_EXCLUDED,subjective,/Users/wanglifei/Desktop/2024模拟题/石景山一模/试卷/试卷.docx,paper,module-boundary-excluded,/Users/wanglifei/Desktop/北京高考政治/reports/必修二三与必修四文化_题源分类准备_20260617_1301/03_question_index/question_candidates.csv,"{""target"": ""B3_POLITICS_RULE_OF_LAW"", ""target_score"": 5, ""boundary"": ""XB2_EXCLUDED"", ""boundary_score"": 15, ""matches"": {""B3_POLITICS_RULE_OF_LAW"": ""法院"", ""XB2_EXCLUDED"": ""合同,民事,民事主体,上诉,boost:合同,boost:民事,boost:民事主体,boost:上诉""}, ""explicit_boundary_modules"": {""XB2_EXCLUDED"": [""合同"", ""民事""]}, ""override"": ""explicit_boundary_term""}",exclude_from_three_target_lines,main_matrix_original
2024_石景山_一模,2024,石景山,一模,18(1),18,subquestion,B3_POLITICS_RULE_OF_LAW,subjective,/Users/wanglifei/Desktop/2024模拟题/石景山一模/试卷/试卷.docx,paper,included,04_module_classification/subquestion_split_matrix.csv,"{""target"": ""B3_POLITICS_RULE_OF_LAW"", ""target_score"": 2, ""boundary"": ""B4_PHILOSOPHY_EXCLUDED"", ""boundary_score"": 0, ""matches"": {""B3_POLITICS_RULE_OF_LAW"": ""政治与法治,boost:政治与法治""}}",future_baodian_intake,subquestion_integrated_target
2024_石景山_一模,2024,石景山,一模,18(2),18,subquestion,UNKNOWN_OR_MIXED,subjective,/Users/wanglifei/Desktop/2024模拟题/石景山一模/试卷/试卷.docx,paper,blocked,04_module_classification/subquestion_split_matrix.csv,"{""target"": ""B2_ECONOMICS"", ""target_score"": 0, ""boundary"": ""B4_PHILOSOPHY_EXCLUDED"", ""boundary_score"": 0, ""matches"": {}}",manual_review_needed,subquestion_integrated_blocked
2024_石景山_一模,2024,石景山,一模,19(1),19,subquestion,B2_ECONOMICS,subjective,/Users/wanglifei/Desktop/2024模拟题/石景山一模/试卷/试卷.docx,paper,included,04_module_classification/subquestion_split_matrix.csv,"{""target"": ""B2_ECONOMICS"", ""target_score"": 4, ""boundary"": ""B4_PHILOSOPHY_EXCLUDED"", ""boundary_score"": 0, ""matches"": {""B2_ECONOMICS"": ""经济与社会,新质生产力,boost:经济与社会,boost:新质生产力""}}",future_baodian_intake,subquestion_integrated_target
2024_石景山_一模,2024,石景山,一模,19(2),19,subquestion,XB1_EXCLUDED,subjective,/Users/wanglifei/Desktop/2024模拟题/石景山一模/试卷/试卷.docx,paper,module-boundary-excluded,04_module_classification/subquestion_split_matrix.csv,"{""target"": ""B2_ECONOMICS"", ""target_score"": 0, ""boundary"": ""XB1_EXCLUDED"", ""boundary_score"": 2, ""matches"": {""XB1_EXCLUDED"": ""当代国际政治与经济,boost:当代国际政治与经济""}, ""explicit_boundary_modules"": {""XB1_EXCLUDED"": [""当代国际政治与经济""]}, ""override"": ""explicit_boundary_term""}",exclude_from_three_target_lines,subquestion_integrated_boundary
2024_石景山_一模,2024,石景山,一模,19(3),19,subquestion,XB3_EXCLUDED,subjective,/Users/wanglifei/Desktop/2024模拟题/石景山一模/试卷/试卷.docx,paper,module-boundary-excluded,04_module_classification/subquestion_split_matrix.csv,"{""target"": ""B4_CULTURE"", ""target_score"": 1, ""boundary"": ""XB3_EXCLUDED"", ""boundary_score"": 2, ""matches"": {""B4_CULTURE"": ""文化"", ""XB3_EXCLUDED"": ""辩证思维,boost:辩证思维""}, ""explicit_boundary_modules"": {""XB3_EXCLUDED"": [""辩证思维""]}, ""override"": ""explicit_boundary_term""}",exclude_from_three_target_lines,subquestion_integrated_boundary
2024_石景山_一模,2024,石景山,一模,2,,question,UNKNOWN_OR_MIXED,objective,/Users/wanglifei/Desktop/2024模拟题/石景山一模/试卷/试卷.docx,paper,blocked,/Users/wanglifei/Desktop/北京高考政治/reports/必修二三与必修四文化_题源分类准备_20260617_1301/03_question_index/question_candidates.csv,"{""target"": ""B2_ECONOMICS"", ""target_score"": 0, ""boundary"": ""B4_PHILOSOPHY_EXCLUDED"", ""boundary_score"": 1, ""matches"": {""B4_PHILOSOPHY_EXCLUDED"": ""实践""}}",manual_review_needed,main_matrix_original
2024_石景山_一模,2024,石景山,一模,20,,question,XB2_EXCLUDED,subjective,/Users/wanglifei/Desktop/2024模拟题/石景山一模/试卷/试卷.docx,paper,module-boundary-excluded,/Users/wanglifei/Desktop/北京高考政治/reports/必修二三与必修四文化_题源分类准备_20260617_1301/03_question_index/question_candidates.csv,"{""target"": ""B3_POLITICS_RULE_OF_LAW"", ""target_score"": 9, ""boundary"": ""XB2_EXCLUDED"", ""boundary_score"": 6, ""matches"": {""B2_ECONOMICS"": ""共同富裕,营商环境,boost:共同富裕,boost:营商环境"", ""B3_POLITICS_RULE_OF_LAW"": ""中国共产党,党的领导,国家治理,政府,boost:中国共产党,boost:党的领导,boost:国家治理"", ""B4_CULTURE"": ""文化,文化自信,boost:文化自信"", ""B4_PHILOSOPHY_EXCLUDED"": ""意识活动,自觉选择性,boost:意识活动,boost:自觉选择性"", ""XB2_EXCLUDED"": ""民事,赔偿,违约,boost:民事,boost:违约"", ""B1_EXCLUDED"": ""中国特色社会主义""}, ""explicit_boundary_modules"": {""XB2_EXCLUDED"": [""民事""], ""B4_PHILOSOPHY_EXCLUDED"": [""意识活动"", ""自觉选择性""]}, ""override"": ""explicit_boundary_term""}",exclude_from_three_target_lines,main_matrix_original
2024_石景山_一模,2024,石景山,一模,3,,question,B4_PHILOSOPHY_EXCLUDED,objective,/Users/wanglifei/Desktop/2024模拟题/石景山一模/试卷/试卷.docx,paper,module-boundary-excluded,/Users/wanglifei/Desktop/北京高考政治/reports/必修二三与必修四文化_题源分类准备_20260617_1301/03_question_index/question_candidates.csv,"{""target"": ""B2_ECONOMICS"", ""target_score"": 0, ""boundary"": ""B4_PHILOSOPHY_EXCLUDED"", ""boundary_score"": 4, ""matches"": {""B4_PHILOSOPHY_EXCLUDED"": ""矛盾,社会意识,boost:矛盾,boost:社会意识""}, ""explicit_boundary_modules"": {""B4_PHILOSOPHY_EXCLUDED"": [""社会意识""]}, ""override"": ""explicit_boundary_term""}",exclude_from_three_target_lines,main_matrix_original
2024_石景山_一模,2024,石景山,一模,4,,question,XB1_EXCLUDED,objective,/Users/wanglifei/Desktop/2024模拟题/石景山一模/试卷/试卷.docx,paper,module-boundary-excluded,/Users/wanglifei/Desktop/北京高考政治/reports/必修二三与必修四文化_题源分类准备_20260617_1301/03_question_index/question_candidates.csv,"{""target"": ""B4_CULTURE"", ""target_score"": 9, ""boundary"": ""XB1_EXCLUDED"", ""boundary_score"": 4, ""matches"": {""B4_CULTURE"": ""文化,文化自信,文明交流互鉴,中华文明,boost:文化自信,boost:文明交流互鉴,boost:中华文明"", ""XB1_EXCLUDED"": ""联合国,boost:联合国""}, ""explicit_boundary_modules"": {""XB1_EXCLUDED"": [""联合国""]}, ""override"": ""explicit_boundary_term""}",exclude_from_three_target_lines,main_matrix_original
2024_石景山_一模,2024,石景山,一模,5,,question,B4_PHILOSOPHY_EXCLUDED,objective,/Users/wanglifei/Desktop/2024模拟题/石景山一模/试卷/试卷.docx,paper,module-boundary-excluded,/Users/wanglifei/Desktop/北京高考政治/reports/必修二三与必修四文化_题源分类准备_20260617_1301/03_question_index/question_candidates.csv,"{""target"": ""B2_ECONOMICS"", ""target_score"": 0, ""boundary"": ""B4_PHILOSOPHY_EXCLUDED"", ""boundary_score"": 7, ""matches"": {""B4_PHILOSOPHY_EXCLUDED"": ""实践,人民群众,意识活动,自觉选择性,boost:人民群众,boost:意识活动,boost:自觉选择性""}, ""explicit_boundary_modules"": {""B4_PHILOSOPHY_EXCLUDED"": [""意识活动"", ""自觉选择性""]}, ""override"": ""explicit_boundary_term""}",exclude_from_three_target_lines,main_matrix_original
2024_石景山_一模,2024,石景山,一模,6,,question,XB3_EXCLUDED,objective,/Users/wanglifei/Desktop/2024模拟题/石景山一模/试卷/试卷.docx,paper,module-boundary-excluded,/Users/wanglifei/Desktop/北京高考政治/reports/必修二三与必修四文化_题源分类准备_20260617_1301/03_question_index/question_candidates.csv,"{""target"": ""B2_ECONOMICS"", ""target_score"": 0, ""boundary"": ""XB3_EXCLUDED"", ""boundary_score"": 12, ""matches"": {""B4_PHILOSOPHY_EXCLUDED"": ""事物发展"", ""XB3_EXCLUDED"": ""超前思维,发散思维,联想思维,迁移,推理,类比推理,boost:超前思维,boost:发散思维,boost:联想思维,boost:迁移,boost:推理,boost:类比推理""}, ""explicit_boundary_modules"": {""XB3_EXCLUDED"": [""超前思维"", ""推理"", ""迁移""]}, ""override"": ""explicit_boundary_term""}",exclude_from_three_target_lines,main_matrix_original
2024_石景山_一模,2024,石景山,一模,7,,question,XB2_EXCLUDED,objective,/Users/wanglifei/Desktop/2024模拟题/石景山一模/试卷/试卷.docx,paper,module-boundary-excluded,/Users/wanglifei/Desktop/北京高考政治/reports/必修二三与必修四文化_题源分类准备_20260617_1301/03_question_index/question_candidates.csv,"{""target"": ""B2_ECONOMICS"", ""target_score"": 0, ""boundary"": ""B4_PHILOSOPHY_EXCLUDED"", ""boundary_score"": 2, ""matches"": {""B4_PHILOSOPHY_EXCLUDED"": ""矛盾,boost:矛盾"", ""XB2_EXCLUDED"": ""物权,boost:物权"", ""XB3_EXCLUDED"": ""概念外延,boost:概念外延""}, ""explicit_boundary_modules"": {""XB2_EXCLUDED"": [""物权""], ""XB3_EXCLUDED"": [""概念外延""]}, ""override"": ""explicit_boundary_term""}",exclude_from_three_target_lines,main_matrix_original
2024_石景山_一模,2024,石景山,一模,8,,question,B3_POLITICS_RULE_OF_LAW,objective,/Users/wanglifei/Desktop/2024模拟题/石景山一模/试卷/试卷.docx,paper,included,/Users/wanglifei/Desktop/北京高考政治/reports/必修二三与必修四文化_题源分类准备_20260617_1301/03_question_index/question_candidates.csv,"{""target"": ""B3_POLITICS_RULE_OF_LAW"", ""target_score"": 2, ""boundary"": ""B4_PHILOSOPHY_EXCLUDED"", ""boundary_score"": 0, ""matches"": {""B3_POLITICS_RULE_OF_LAW"": ""全过程人民民主,boost:全过程人民民主""}}",future_baodian_intake,main_matrix_original
2024_石景山_一模,2024,石景山,一模,9,,question,B3_POLITICS_RULE_OF_LAW,objective,/Users/wanglifei/Desktop/2024模拟题/石景山一模/试卷/试卷.docx,paper,included,/Users/wanglifei/Desktop/北京高考政治/reports/必修二三与必修四文化_题源分类准备_20260617_1301/03_question_index/question_candidates.csv,"{""target"": ""B3_POLITICS_RULE_OF_LAW"", ""target_score"": 10, ""boundary"": ""B4_PHILOSOPHY_EXCLUDED"", ""boundary_score"": 0, ""matches"": {""B3_POLITICS_RULE_OF_LAW"": ""政协,严格执法,政府,民主协商,人民政协,boost:政协,boost:严格执法,boost:人民政协""}}",future_baodian_intake,main_matrix_original
2024_西城_一模,2024,西城,一模,1,,question,XB1_EXCLUDED,objective,/Users/wanglifei/Desktop/2024模拟题/西城一模/试卷/试卷.docx,paper,module-boundary-excluded,/Users/wanglifei/Desktop/北京高考政治/reports/必修二三与必修四文化_题源分类准备_20260617_1301/03_question_index/question_candidates.csv,"{""target"": ""B3_POLITICS_RULE_OF_LAW"", ""target_score"": 2, ""boundary"": ""XB1_EXCLUDED"", ""boundary_score"": 2, ""matches"": {""B3_POLITICS_RULE_OF_LAW"": ""中国共产党,boost:中国共产党"", ""B4_PHILOSOPHY_EXCLUDED"": ""实践"", ""XB1_EXCLUDED"": ""全球治理,boost:全球治理""}, ""explicit_boundary_modules"": {""XB1_EXCLUDED"": [""全球治理""]}, ""override"": ""explicit_boundary_term""}",exclude_from_three_target_lines,main_matrix_original
2024_西城_一模,2024,西城,一模,10,,question,B4_CULTURE,objective,/Users/wanglifei/Desktop/2024模拟题/西城一模/试卷/试卷.docx,paper,included,/Users/wanglifei/Desktop/北京高考政治/reports/必修二三与必修四文化_题源分类准备_20260617_1301/03_question_index/question_candidates.csv,"{""target"": ""B4_CULTURE"", ""target_score"": 2, ""boundary"": ""B4_PHILOSOPHY_EXCLUDED"", ""boundary_score"": 0, ""matches"": {""B4_CULTURE"": ""文化""}}",future_baodian_intake,main_matrix_original
2024_西城_一模,2024,西城,一模,11,,question,XB3_EXCLUDED,objective,/Users/wanglifei/Desktop/2024模拟题/西城一模/试卷/试卷.docx,paper,module-boundary-excluded,/Users/wanglifei/Desktop/北京高考政治/reports/必修二三与必修四文化_题源分类准备_20260617_1301/03_question_index/question_candidates.csv,"{""target"": ""B2_ECONOMICS"", ""target_score"": 0, ""boundary"": ""XB3_EXCLUDED"", ""boundary_score"": 2, ""matches"": {""XB3_EXCLUDED"": ""推理,boost:推理""}, ""explicit_boundary_modules"": {""XB3_EXCLUDED"": [""推理""]}, ""override"": ""explicit_boundary_term""}",exclude_from_three_target_lines,main_matrix_original
2024_西城_一模,2024,西城,一模,12,,question,UNKNOWN_OR_MIXED,objective,/Users/wanglifei/Desktop/2024模拟题/西城一模/试卷/试卷.docx,paper,blocked,/Users/wanglifei/Desktop/北京高考政治/reports/必修二三与必修四文化_题源分类准备_20260617_1301/03_question_index/question_candidates.csv,"{""target"": ""B2_ECONOMICS"", ""target_score"": 0, ""boundary"": ""B4_PHILOSOPHY_EXCLUDED"", ""boundary_score"": 0, ""matches"": {}}",manual_review_needed,main_matrix_original
2024_西城_一模,2024,西城,一模,13,,question,XB3_EXCLUDED,objective,/Users/wanglifei/Desktop/2024模拟题/西城一模/试卷/试卷.docx,paper,module-boundary-excluded,/Users/wanglifei/Desktop/北京高考政治/reports/必修二三与必修四文化_题源分类准备_20260617_1301/03_question_index/question_candidates.csv,"{""target"": ""B2_ECONOMICS"", ""target_score"": 0, ""boundary"": ""XB3_EXCLUDED"", ""boundary_score"": 2, ""matches"": {""XB3_EXCLUDED"": ""推理,boost:推理""}, ""explicit_boundary_modules"": {""XB3_EXCLUDED"": [""推理""]}, ""override"": ""explicit_boundary_term""}",exclude_from_three_target_lines,main_matrix_original
2024_西城_一模,2024,西城,一模,14,,question,XB1_EXCLUDED,objective,/Users/wanglifei/Desktop/2024模拟题/西城一模/试卷/试卷.docx,paper,module-boundary-excluded,/Users/wanglifei/Desktop/北京高考政治/reports/必修二三与必修四文化_题源分类准备_20260617_1301/03_question_index/question_candidates.csv,"{""target"": ""B2_ECONOMICS"", ""target_score"": 0, ""boundary"": ""XB1_EXCLUDED"", ""boundary_score"": 4, ""matches"": {""XB1_EXCLUDED"": ""人类命运共同体,国际组织,boost:人类命运共同体,boost:国际组织""}, ""explicit_boundary_modules"": {""XB1_EXCLUDED"": [""人类命运共同体"", ""国际组织""]}, ""override"": ""explicit_boundary_term""}",exclude_from_three_target_lines,main_matrix_original
2024_西城_一模,2024,西城,一模,15,,question,XB1_EXCLUDED,objective,/Users/wanglifei/Desktop/2024模拟题/西城一模/试卷/试卷.docx,paper,module-boundary-excluded,/Users/wanglifei/Desktop/北京高考政治/reports/必修二三与必修四文化_题源分类准备_20260617_1301/03_question_index/question_candidates.csv,"{""target"": ""B4_CULTURE"", ""target_score"": 1, ""boundary"": ""XB1_EXCLUDED"", ""boundary_score"": 4, ""matches"": {""B4_CULTURE"": ""文化"", ""B4_PHILOSOPHY_EXCLUDED"": ""实践"", ""XB1_EXCLUDED"": ""经济全球化,国际组织,boost:经济全球化,boost:国际组织""}, ""explicit_boundary_modules"": {""XB1_EXCLUDED"": [""经济全球化"", ""国际组织""]}, ""override"": ""explicit_boundary_term""}",exclude_from_three_target_lines,main_matrix_original
2024_西城_一模,2024,西城,一模,16,,question,B3_POLITICS_RULE_OF_LAW,subjective,/Users/wanglifei/Desktop/2024模拟题/西城一模/试卷/试卷.docx,paper,included,/Users/wanglifei/Desktop/北京高考政治/reports/必修二三与必修四文化_题源分类准备_20260617_1301/03_question_index/question_candidates.csv,"{""target"": ""B3_POLITICS_RULE_OF_LAW"", ""target_score"": 8, ""boundary"": ""B4_PHILOSOPHY_EXCLUDED"", ""boundary_score"": 0, ""matches"": {""B3_POLITICS_RULE_OF_LAW"": ""政治与法治,人大代表,人大常委会,boost:政治与法治,boost:人大代表,boost:人大常委会""}}",future_baodian_intake,main_matrix_original
2024_西城_一模,2024,西城,一模,17,,question,UNKNOWN_OR_MIXED,subjective,/Users/wanglifei/Desktop/2024模拟题/西城一模/试卷/试卷.docx,paper,blocked,/Users/wanglifei/Desktop/北京高考政治/reports/必修二三与必修四文化_题源分类准备_20260617_1301/03_question_index/question_candidates.csv,"{""target"": ""B2_ECONOMICS"", ""target_score"": 0, ""boundary"": ""B4_PHILOSOPHY_EXCLUDED"", ""boundary_score"": 0, ""matches"": {}}",manual_review_needed,main_matrix_original
2024_西城_一模,2024,西城,一模,18,,question,XB2_EXCLUDED,subjective,/Users/wanglifei/Desktop/2024模拟题/西城一模/试卷/试卷.docx,paper,module-boundary-excluded,/Users/wanglifei/Desktop/北京高考政治/reports/必修二三与必修四文化_题源分类准备_20260617_1301/03_question_index/question_candidates.csv,"{""target"": ""B3_POLITICS_RULE_OF_LAW"", ""target_score"": 4, ""boundary"": ""XB2_EXCLUDED"", ""boundary_score"": 8, ""matches"": {""B3_POLITICS_RULE_OF_LAW"": ""法院"", ""B4_PHILOSOPHY_EXCLUDED"": ""认识"", ""XB2_EXCLUDED"": ""民法典,辩护人,上诉,boost:民法典,boost:辩护人,boost:上诉""}, ""explicit_boundary_modules"": {""XB2_EXCLUDED"": [""民法典""]}, ""override"": ""explicit_boundary_term""}",exclude_from_three_target_lines,main_matrix_original
2024_西城_一模,2024,西城,一模,19,,question,XB3_EXCLUDED,subjective,/Users/wanglifei/Desktop/2024模拟题/西城一模/试卷/试卷.docx,paper,module-boundary-excluded,/Users/wanglifei/Desktop/北京高考政治/reports/必修二三与必修四文化_题源分类准备_20260617_1301/03_question_index/question_candidates.csv,"{""target"": ""B2_ECONOMICS"", ""target_score"": 11, ""boundary"": ""XB3_EXCLUDED"", ""boundary_score"": 2, ""matches"": {""B2_ECONOMICS"": ""市场经济,产业链,供应链,产业发展,boost:市场经济,boost:产业链,boost:供应链"", ""B3_POLITICS_RULE_OF_LAW"": ""政府"", ""XB3_EXCLUDED"": ""逻辑与思维,boost:逻辑与思维""}, ""explicit_boundary_modules"": {""XB3_EXCLUDED"": [""逻辑与思维""]}, ""override"": ""explicit_boundary_term""}",exclude_from_three_target_lines,main_matrix_original
2024_西城_一模,2024,西城,一模,2,,question,UNKNOWN_OR_MIXED,objective,/Users/wanglifei/Desktop/2024模拟题/西城一模/试卷/试卷.docx,paper,blocked,/Users/wanglifei/Desktop/北京高考政治/reports/必修二三与必修四文化_题源分类准备_20260617_1301/03_question_index/question_candidates.csv,"{""target"": ""B2_ECONOMICS"", ""target_score"": 1, ""boundary"": ""B4_PHILOSOPHY_EXCLUDED"", ""boundary_score"": 1, ""matches"": {""B2_ECONOMICS"": ""产业发展"", ""B4_PHILOSOPHY_EXCLUDED"": ""实践""}}",manual_review_needed,main_matrix_original
2024_西城_一模,2024,西城,一模,3,,question,UNKNOWN_OR_MIXED,objective,/Users/wanglifei/Desktop/2024模拟题/西城一模/试卷/试卷.docx,paper,blocked,/Users/wanglifei/Desktop/北京高考政治/reports/必修二三与必修四文化_题源分类准备_20260617_1301/03_question_index/question_candidates.csv,"{""target"": ""B2_ECONOMICS"", ""target_score"": 0, ""boundary"": ""B4_PHILOSOPHY_EXCLUDED"", ""boundary_score"": 0, ""matches"": {}}",manual_review_needed,main_matrix_original
2024_西城_一模,2024,西城,一模,4,,question,B3_POLITICS_RULE_OF_LAW,objective,/Users/wanglifei/Desktop/2024模拟题/西城一模/试卷/试卷.docx,paper,included,/Users/wanglifei/Desktop/北京高考政治/reports/必修二三与必修四文化_题源分类准备_20260617_1301/03_question_index/question_candidates.csv,"{""target"": ""B3_POLITICS_RULE_OF_LAW"", ""target_score"": 4, ""boundary"": ""B4_PHILOSOPHY_EXCLUDED"", ""boundary_score"": 3, ""matches"": {""B2_ECONOMICS"": ""区域协调"", ""B3_POLITICS_RULE_OF_LAW"": ""基层群众自治,政府,司法机关,boost:基层群众自治"", ""B4_CULTURE"": ""文化"", ""B4_PHILOSOPHY_EXCLUDED"": ""矛盾,boost:矛盾"", ""XB2_EXCLUDED"": ""调解,boost:调解""}}",future_baodian_intake,main_matrix_original
2024_西城_一模,2024,西城,一模,6,,question,XB2_EXCLUDED,objective,/Users/wanglifei/Desktop/2024模拟题/西城一模/试卷/试卷.docx,paper,module-boundary-excluded,/Users/wanglifei/Desktop/北京高考政治/reports/必修二三与必修四文化_题源分类准备_20260617_1301/03_question_index/question_candidates.csv,"{""target"": ""B3_POLITICS_RULE_OF_LAW"", ""target_score"": 1, ""boundary"": ""XB2_EXCLUDED"", ""boundary_score"": 5, ""matches"": {""B3_POLITICS_RULE_OF_LAW"": ""法院"", ""B4_PHILOSOPHY_EXCLUDED"": ""认识"", ""XB2_EXCLUDED"": ""物权,赔偿,所有权,boost:物权,boost:所有权""}, ""explicit_boundary_modules"": {""XB2_EXCLUDED"": [""所有权"", ""物权""]}, ""override"": ""explicit_boundary_term""}",exclude_from_three_target_lines,main_matrix_original
2024_西城_一模,2024,西城,一模,7,,question,B2_ECONOMICS,objective,/Users/wanglifei/Desktop/2024模拟题/西城一模/试卷/试卷.docx,paper,included,/Users/wanglifei/Desktop/北京高考政治/reports/必修二三与必修四文化_题源分类准备_20260617_1301/03_question_index/question_candidates.csv,"{""target"": ""B2_ECONOMICS"", ""target_score"": 5, ""boundary"": ""B4_PHILOSOPHY_EXCLUDED"", ""boundary_score"": 0, ""matches"": {""B2_ECONOMICS"": ""消费""}}",future_baodian_intake,main_matrix_original
2024_西城_一模,2024,西城,一模,8,,question,XB2_EXCLUDED,objective,/Users/wanglifei/Desktop/2024模拟题/西城一模/试卷/试卷.docx,paper,module-boundary-excluded,/Users/wanglifei/Desktop/北京高考政治/reports/必修二三与必修四文化_题源分类准备_20260617_1301/03_question_index/question_candidates.csv,"{""target"": ""B3_POLITICS_RULE_OF_LAW"", ""target_score"": 1, ""boundary"": ""XB2_EXCLUDED"", ""boundary_score"": 6, ""matches"": {""B3_POLITICS_RULE_OF_LAW"": ""法院"", ""XB2_EXCLUDED"": ""调解,仲裁,boost:调解,boost:仲裁""}}",exclude_from_three_target_lines,main_matrix_original
2024_西城_一模,2024,西城,一模,9,,question,B4_PHILOSOPHY_EXCLUDED,objective,/Users/wanglifei/Desktop/2024模拟题/西城一模/试卷/试卷.docx,paper,module-boundary-excluded,/Users/wanglifei/Desktop/北京高考政治/reports/必修二三与必修四文化_题源分类准备_20260617_1301/03_question_index/question_candidates.csv,"{""target"": ""B2_ECONOMICS"", ""target_score"": 0, ""boundary"": ""B4_PHILOSOPHY_EXCLUDED"", ""boundary_score"": 9, ""matches"": {""B4_PHILOSOPHY_EXCLUDED"": ""实践,认识,真理,矛盾,主观能动性,boost:真理,boost:矛盾""}}",exclude_from_three_target_lines,main_matrix_original
2024_西城_二模,2024,西城,二模,10,,question,UNKNOWN_OR_MIXED,objective,/Users/wanglifei/Desktop/2024模拟题/西城二模/试卷/试卷.docx,paper,blocked,/Users/wanglifei/Desktop/北京高考政治/reports/必修二三与必修四文化_题源分类准备_20260617_1301/03_question_index/question_candidates.csv,"{""target"": ""B2_ECONOMICS"", ""target_score"": 0, ""boundary"": ""B4_PHILOSOPHY_EXCLUDED"", ""boundary_score"": 0, ""matches"": {}}",manual_review_needed,main_matrix_original
2024_西城_二模,2024,西城,二模,11,,question,XB2_EXCLUDED,objective,/Users/wanglifei/Desktop/2024模拟题/西城二模/试卷/试卷.docx,paper,module-boundary-excluded,/Users/wanglifei/Desktop/北京高考政治/reports/必修二三与必修四文化_题源分类准备_20260617_1301/03_question_index/question_candidates.csv,"{""target"": ""B4_CULTURE"", ""target_score"": 8, ""boundary"": ""XB2_EXCLUDED"", ""boundary_score"": 10, ""matches"": {""B3_POLITICS_RULE_OF_LAW"": ""检察,法院"", ""B4_CULTURE"": ""文化,文物,boost:文物"", ""XB2_EXCLUDED"": ""诉讼,民事,民事诉讼,上诉,boost:诉讼,boost:民事,boost:民事诉讼,boost:上诉""}, ""explicit_boundary_modules"": {""XB2_EXCLUDED"": [""诉讼"", ""民事""]}, ""override"": ""explicit_boundary_term""}",exclude_from_three_target_lines,main_matrix_original
2024_西城_二模,2024,西城,二模,12,,question,XB2_EXCLUDED,objective,/Users/wanglifei/Desktop/2024模拟题/西城二模/试卷/试卷.docx,paper,module-boundary-excluded,/Users/wanglifei/Desktop/北京高考政治/reports/必修二三与必修四文化_题源分类准备_20260617_1301/03_question_index/question_candidates.csv,"{""target"": ""B2_ECONOMICS"", ""target_score"": 0, ""boundary"": ""XB2_EXCLUDED"", ""boundary_score"": 3, ""matches"": {""XB2_EXCLUDED"": ""继承,boost:继承""}}",exclude_from_three_target_lines,main_matrix_original
2024_西城_二模,2024,西城,二模,13,,question,B4_PHILOSOPHY_EXCLUDED,objective,/Users/wanglifei/Desktop/2024模拟题/西城二模/试卷/试卷.docx,paper,module-boundary-excluded,/Users/wanglifei/Desktop/北京高考政治/reports/必修二三与必修四文化_题源分类准备_20260617_1301/03_question_index/question_candidates.csv,"{""target"": ""B3_POLITICS_RULE_OF_LAW"", ""target_score"": 2, ""boundary"": ""B4_PHILOSOPHY_EXCLUDED"", ""boundary_score"": 5, ""matches"": {""B3_POLITICS_RULE_OF_LAW"": ""法院,社会治理"", ""B4_PHILOSOPHY_EXCLUDED"": ""矛盾,人民群众,boost:矛盾,boost:人民群众"", ""XB2_EXCLUDED"": ""调解,boost:调解""}}",exclude_from_three_target_lines,main_matrix_original
2024_西城_二模,2024,西城,二模,14,,question,B4_CULTURE,objective,/Users/wanglifei/Desktop/2024模拟题/西城二模/试卷/试卷.docx,paper,included,/Users/wanglifei/Desktop/北京高考政治/reports/必修二三与必修四文化_题源分类准备_20260617_1301/03_question_index/question_candidates.csv,"{""target"": ""B4_CULTURE"", ""target_score"": 5, ""boundary"": ""XB3_EXCLUDED"", ""boundary_score"": 2, ""matches"": {""B4_CULTURE"": ""文化,传统文化,文化基因,boost:传统文化,boost:文化基因"", ""XB3_EXCLUDED"": ""性质判断,boost:性质判断""}}",future_baodian_intake,main_matrix_original
2024_西城_二模,2024,西城,二模,16,,question,XB2_EXCLUDED,subjective,/Users/wanglifei/Desktop/2024模拟题/西城二模/试卷/试卷.docx,paper,module-boundary-excluded,/Users/wanglifei/Desktop/北京高考政治/reports/必修二三与必修四文化_题源分类准备_20260617_1301/03_question_index/question_candidates.csv,"{""target"": ""B2_ECONOMICS"", ""target_score"": 6, ""boundary"": ""XB2_EXCLUDED"", ""boundary_score"": 10, ""matches"": {""B2_ECONOMICS"": ""消费"", ""B3_POLITICS_RULE_OF_LAW"": ""法院"", ""XB2_EXCLUDED"": ""法律与生活,赔偿,boost:法律与生活""}, ""explicit_boundary_modules"": {""XB2_EXCLUDED"": [""法律与生活""]}, ""override"": ""explicit_boundary_term""}",exclude_from_three_target_lines,main_matrix_original
2024_西城_二模,2024,西城,二模,17,,question,B2_ECONOMICS,subjective,/Users/wanglifei/Desktop/2024模拟题/西城二模/试卷/试卷.docx,paper,included,/Users/wanglifei/Desktop/北京高考政治/reports/必修二三与必修四文化_题源分类准备_20260617_1301/03_question_index/question_candidates.csv,"{""target"": ""B2_ECONOMICS"", ""target_score"": 13, ""boundary"": ""B4_PHILOSOPHY_EXCLUDED"", ""boundary_score"": 0, ""matches"": {""B2_ECONOMICS"": ""新发展理念,新质生产力,劳动者,生产要素,经济增长,boost:新发展理念,boost:新质生产力,boost:生产要素,boost:经济增长""}}",future_baodian_intake,main_matrix_original
2024_西城_二模,2024,西城,二模,18,,question,XB2_EXCLUDED,subjective,/Users/wanglifei/Desktop/2024模拟题/西城二模/试卷/试卷.docx,paper,module-boundary-excluded,/Users/wanglifei/Desktop/北京高考政治/reports/必修二三与必修四文化_题源分类准备_20260617_1301/03_question_index/question_candidates.csv,"{""target"": ""B3_POLITICS_RULE_OF_LAW"", ""target_score"": 4, ""boundary"": ""XB2_EXCLUDED"", ""boundary_score"": 6, ""matches"": {""B2_ECONOMICS"": ""乡村振兴,boost:乡村振兴"", ""B3_POLITICS_RULE_OF_LAW"": ""法院"", ""B4_CULTURE"": ""文化,文化产业"", ""XB2_EXCLUDED"": ""诉讼,民事,boost:诉讼,boost:民事"", ""XB3_EXCLUDED"": ""推理,boost:推理""}, ""explicit_boundary_modules"": {""XB2_EXCLUDED"": [""诉讼"", ""民事""], ""XB3_EXCLUDED"": [""推理""]}, ""override"": ""explicit_boundary_term""}",exclude_from_three_target_lines,main_matrix_original
2024_西城_二模,2024,西城,二模,19,,question,XB1_EXCLUDED,subjective,/Users/wanglifei/Desktop/2024模拟题/西城二模/试卷/试卷.docx,paper,module-boundary-excluded,/Users/wanglifei/Desktop/北京高考政治/reports/必修二三与必修四文化_题源分类准备_20260617_1301/03_question_index/question_candidates.csv,"{""target"": ""B2_ECONOMICS"", ""target_score"": 0, ""boundary"": ""XB1_EXCLUDED"", ""boundary_score"": 4, ""matches"": {""XB1_EXCLUDED"": ""国际关系,人类命运共同体,boost:国际关系,boost:人类命运共同体""}, ""explicit_boundary_modules"": {""XB1_EXCLUDED"": [""国际关系"", ""人类命运共同体""]}, ""override"": ""explicit_boundary_term""}",exclude_from_three_target_lines,main_matrix_original
2024_西城_二模,2024,西城,二模,2,,question,B4_CULTURE,objective,/Users/wanglifei/Desktop/2024模拟题/西城二模/试卷/试卷.docx,paper,included,/Users/wanglifei/Desktop/北京高考政治/reports/必修二三与必修四文化_题源分类准备_20260617_1301/03_question_index/question_candidates.csv,"{""target"": ""B4_CULTURE"", ""target_score"": 3, ""boundary"": ""B4_PHILOSOPHY_EXCLUDED"", ""boundary_score"": 0, ""matches"": {""B4_CULTURE"": ""文化,博物馆,boost:博物馆""}}",future_baodian_intake,main_matrix_original
2024_西城_二模,2024,西城,二模,3,,question,B2_ECONOMICS,objective,/Users/wanglifei/Desktop/2024模拟题/西城二模/试卷/试卷.docx,paper,included,/Users/wanglifei/Desktop/北京高考政治/reports/必修二三与必修四文化_题源分类准备_20260617_1301/03_question_index/question_candidates.csv,"{""target"": ""B2_ECONOMICS"", ""target_score"": 3, ""boundary"": ""B4_PHILOSOPHY_EXCLUDED"", ""boundary_score"": 0, ""matches"": {""B2_ECONOMICS"": ""宏观调控,消费,boost:宏观调控"", ""B3_POLITICS_RULE_OF_LAW"": ""政府,民主决策,社区治理""}}",future_baodian_intake,main_matrix_original
2024_西城_二模,2024,西城,二模,5,,question,B2_ECONOMICS,objective,/Users/wanglifei/Desktop/2024模拟题/西城二模/试卷/试卷.docx,paper,included,/Users/wanglifei/Desktop/北京高考政治/reports/必修二三与必修四文化_题源分类准备_20260617_1301/03_question_index/question_candidates.csv,"{""target"": ""B2_ECONOMICS"", ""target_score"": 3, ""boundary"": ""B4_PHILOSOPHY_EXCLUDED"", ""boundary_score"": 0, ""matches"": {""B2_ECONOMICS"": ""消费,产业链,boost:产业链"", ""B4_CULTURE"": ""文化""}}",future_baodian_intake,main_matrix_original
2024_西城_二模,2024,西城,二模,6,,question,B2_ECONOMICS,objective,/Users/wanglifei/Desktop/2024模拟题/西城二模/试卷/试卷.docx,paper,included,/Users/wanglifei/Desktop/北京高考政治/reports/必修二三与必修四文化_题源分类准备_20260617_1301/03_question_index/question_candidates.csv,"{""target"": ""B2_ECONOMICS"", ""target_score"": 11, ""boundary"": ""XB1_EXCLUDED"", ""boundary_score"": 1, ""matches"": {""B2_ECONOMICS"": ""社会保障,消费,居民收入,经济增长,boost:社会保障,boost:经济增长"", ""XB1_EXCLUDED"": ""对外开放""}}",future_baodian_intake,main_matrix_original
2024_西城_二模,2024,西城,二模,7,,question,UNKNOWN_OR_MIXED,objective,/Users/wanglifei/Desktop/2024模拟题/西城二模/试卷/试卷.docx,paper,blocked,/Users/wanglifei/Desktop/北京高考政治/reports/必修二三与必修四文化_题源分类准备_20260617_1301/03_question_index/question_candidates.csv,"{""target"": ""B4_CULTURE"", ""target_score"": 2, ""boundary"": ""B4_PHILOSOPHY_EXCLUDED"", ""boundary_score"": 2, ""matches"": {""B4_CULTURE"": ""文物,boost:文物"", ""B4_PHILOSOPHY_EXCLUDED"": ""矛盾,boost:矛盾""}}",manual_review_needed,main_matrix_original
2024_西城_二模,2024,西城,二模,8,,question,B4_PHILOSOPHY_EXCLUDED,objective,/Users/wanglifei/Desktop/2024模拟题/西城二模/试卷/试卷.docx,paper,module-boundary-excluded,/Users/wanglifei/Desktop/北京高考政治/reports/必修二三与必修四文化_题源分类准备_20260617_1301/03_question_index/question_candidates.csv,"{""target"": ""B2_ECONOMICS"", ""target_score"": 0, ""boundary"": ""B4_PHILOSOPHY_EXCLUDED"", ""boundary_score"": 3, ""matches"": {""B4_PHILOSOPHY_EXCLUDED"": ""实践,矛盾,boost:矛盾""}}",exclude_from_three_target_lines,main_matrix_original
2024_西城_二模,2024,西城,二模,9,,question,UNKNOWN_OR_MIXED,objective,/Users/wanglifei/Desktop/2024模拟题/西城二模/试卷/试卷.docx,paper,blocked,/Users/wanglifei/Desktop/北京高考政治/reports/必修二三与必修四文化_题源分类准备_20260617_1301/03_question_index/question_candidates.csv,"{""target"": ""B2_ECONOMICS"", ""target_score"": 0, ""boundary"": ""B4_PHILOSOPHY_EXCLUDED"", ""boundary_score"": 1, ""matches"": {""B4_PHILOSOPHY_EXCLUDED"": ""实践""}}",manual_review_needed,main_matrix_original
2024_顺义_二模,2024,顺义,二模,1,,question,UNKNOWN_OR_MIXED,objective,/Users/wanglifei/Desktop/2024模拟题/顺义思政二模/试卷/试卷.docx,paper,blocked,/Users/wanglifei/Desktop/北京高考政治/reports/必修二三与必修四文化_题源分类准备_20260617_1301/03_question_index/question_candidates.csv,"{""target"": ""B4_CULTURE"", ""target_score"": 4, ""boundary"": ""B1_EXCLUDED"", ""boundary_score"": 5, ""matches"": {""B4_CULTURE"": ""文化"", ""B4_PHILOSOPHY_EXCLUDED"": ""实践"", ""B1_EXCLUDED"": ""中国特色社会主义,科学社会主义""}}",manual_review_needed,main_matrix_original
2024_顺义_二模,2024,顺义,二模,10,,question,XB2_EXCLUDED,objective,/Users/wanglifei/Desktop/2024模拟题/顺义思政二模/试卷/试卷.docx,paper,module-boundary-excluded,/Users/wanglifei/Desktop/北京高考政治/reports/必修二三与必修四文化_题源分类准备_20260617_1301/03_question_index/question_candidates.csv,"{""target"": ""B2_ECONOMICS"", ""target_score"": 2, ""boundary"": ""XB2_EXCLUDED"", ""boundary_score"": 16, ""matches"": {""B2_ECONOMICS"": ""消费,市场主体"", ""B4_CULTURE"": ""文化"", ""XB2_EXCLUDED"": ""合同,诉讼,仲裁,民事,违约,boost:合同,boost:诉讼,boost:仲裁,boost:民事,boost:违约""}, ""explicit_boundary_modules"": {""XB2_EXCLUDED"": [""合同"", ""诉讼"", ""民事""]}, ""override"": ""explicit_boundary_term""}",exclude_from_three_target_lines,main_matrix_original
2024_顺义_二模,2024,顺义,二模,11,,question,XB2_EXCLUDED,objective,/Users/wanglifei/Desktop/2024模拟题/顺义思政二模/试卷/试卷.docx,paper,module-boundary-excluded,/Users/wanglifei/Desktop/北京高考政治/reports/必修二三与必修四文化_题源分类准备_20260617_1301/03_question_index/question_candidates.csv,"{""target"": ""B3_POLITICS_RULE_OF_LAW"", ""target_score"": 2, ""boundary"": ""XB2_EXCLUDED"", ""boundary_score"": 12, ""matches"": {""B3_POLITICS_RULE_OF_LAW"": ""法院"", ""B4_PHILOSOPHY_EXCLUDED"": ""认识"", ""XB2_EXCLUDED"": ""侵权,诉讼,举证,民事,赔偿,上诉,boost:侵权,boost:诉讼,boost:举证,boost:民事,boost:上诉""}, ""explicit_boundary_modules"": {""XB2_EXCLUDED"": [""侵权"", ""诉讼"", ""民事""]}, ""override"": ""explicit_boundary_term""}",exclude_from_three_target_lines,main_matrix_original
2024_顺义_二模,2024,顺义,二模,12,,question,UNKNOWN_OR_MIXED,objective,/Users/wanglifei/Desktop/2024模拟题/顺义思政二模/试卷/试卷.docx,paper,blocked,/Users/wanglifei/Desktop/北京高考政治/reports/必修二三与必修四文化_题源分类准备_20260617_1301/03_question_index/question_candidates.csv,"{""target"": ""B2_ECONOMICS"", ""target_score"": 1, ""boundary"": ""B4_PHILOSOPHY_EXCLUDED"", ""boundary_score"": 0, ""matches"": {""B2_ECONOMICS"": ""消费"", ""B3_POLITICS_RULE_OF_LAW"": ""政府""}}",manual_review_needed,main_matrix_original
2024_顺义_二模,2024,顺义,二模,13,,question,XB1_EXCLUDED,objective,/Users/wanglifei/Desktop/2024模拟题/顺义思政二模/试卷/试卷.docx,paper,module-boundary-excluded,/Users/wanglifei/Desktop/北京高考政治/reports/必修二三与必修四文化_题源分类准备_20260617_1301/03_question_index/question_candidates.csv,"{""target"": ""B2_ECONOMICS"", ""target_score"": 7, ""boundary"": ""XB1_EXCLUDED"", ""boundary_score"": 17, ""matches"": {""B2_ECONOMICS"": ""共同富裕,就业,居民收入,经济增长,boost:共同富裕,boost:就业,boost:经济增长"", ""B3_POLITICS_RULE_OF_LAW"": ""政府"", ""XB1_EXCLUDED"": ""国家利益,全球治理,国际组织,金砖,贸易强国,boost:国家利益,boost:全球治理,boost:国际组织,boost:金砖,boost:贸易强国""}, ""explicit_boundary_modules"": {""XB1_EXCLUDED"": [""国家利益"", ""全球治理"", ""国际组织""]}, ""override"": ""explicit_boundary_term""}",exclude_from_three_target_lines,main_matrix_original
2024_顺义_二模,2024,顺义,二模,15,,question,B3_POLITICS_RULE_OF_LAW,objective,/Users/wanglifei/Desktop/2024模拟题/顺义思政二模/试卷/试卷.docx,paper,included,/Users/wanglifei/Desktop/北京高考政治/reports/必修二三与必修四文化_题源分类准备_20260617_1301/03_question_index/question_candidates.csv,"{""target"": ""B3_POLITICS_RULE_OF_LAW"", ""target_score"": 5, ""boundary"": ""B4_PHILOSOPHY_EXCLUDED"", ""boundary_score"": 0, ""matches"": {""B3_POLITICS_RULE_OF_LAW"": ""行政机关,政府""}}",future_baodian_intake,main_matrix_original
2024_顺义_二模,2024,顺义,二模,16,,question,XB3_EXCLUDED,subjective,/Users/wanglifei/Desktop/2024模拟题/顺义思政二模/试卷/试卷.docx,paper,module-boundary-excluded,/Users/wanglifei/Desktop/北京高考政治/reports/必修二三与必修四文化_题源分类准备_20260617_1301/03_question_index/question_candidates.csv,"{""target"": ""B2_ECONOMICS"", ""target_score"": 3, ""boundary"": ""XB3_EXCLUDED"", ""boundary_score"": 4, ""matches"": {""B2_ECONOMICS"": ""新发展理念,boost:新发展理念"", ""B4_CULTURE"": ""文化"", ""B4_PHILOSOPHY_EXCLUDED"": ""实践"", ""XB3_EXCLUDED"": ""逻辑与思维,超前思维,boost:逻辑与思维,boost:超前思维""}, ""explicit_boundary_modules"": {""XB3_EXCLUDED"": [""逻辑与思维"", ""超前思维""]}, ""override"": ""explicit_boundary_term""}",exclude_from_three_target_lines,main_matrix_original
2024_顺义_二模,2024,顺义,二模,17,,question,UNKNOWN_OR_MIXED,subjective,/Users/wanglifei/Desktop/2024模拟题/顺义思政二模/试卷/试卷.docx,paper,blocked,/Users/wanglifei/Desktop/北京高考政治/reports/必修二三与必修四文化_题源分类准备_20260617_1301/03_question_index/question_candidates.csv,"{""target"": ""B2_ECONOMICS"", ""target_score"": 0, ""boundary"": ""B4_PHILOSOPHY_EXCLUDED"", ""boundary_score"": 0, ""matches"": {}}",manual_review_needed,main_matrix_original
2024_顺义_二模,2024,顺义,二模,18,,question,B3_POLITICS_RULE_OF_LAW,subjective,/Users/wanglifei/Desktop/2024模拟题/顺义思政二模/试卷/试卷.docx,paper,included,/Users/wanglifei/Desktop/北京高考政治/reports/必修二三与必修四文化_题源分类准备_20260617_1301/03_question_index/question_candidates.csv,"{""target"": ""B3_POLITICS_RULE_OF_LAW"", ""target_score"": 14, ""boundary"": ""B4_PHILOSOPHY_EXCLUDED"", ""boundary_score"": 2, ""matches"": {""B3_POLITICS_RULE_OF_LAW"": ""人民代表大会,人大代表,检察,法院,全国人大,boost:人民代表大会,boost:人大代表,boost:全国人大"", ""B4_PHILOSOPHY_EXCLUDED"": ""实践""}}",future_baodian_intake,main_matrix_original
2024_顺义_二模,2024,顺义,二模,19(1),19,subquestion,UNKNOWN_OR_MIXED,subjective,/Users/wanglifei/Desktop/2024模拟题/顺义思政二模/试卷/试卷.docx,paper,blocked,04_module_classification/subquestion_split_matrix.csv,"{""target"": ""B2_ECONOMICS"", ""target_score"": 0, ""boundary"": ""B4_PHILOSOPHY_EXCLUDED"", ""boundary_score"": 0, ""matches"": {}}",manual_review_needed,subquestion_integrated_blocked
2024_顺义_二模,2024,顺义,二模,19(2),19,subquestion,UNKNOWN_OR_MIXED,subjective,/Users/wanglifei/Desktop/2024模拟题/顺义思政二模/试卷/试卷.docx,paper,blocked,04_module_classification/subquestion_split_matrix.csv,"{""target"": ""B2_ECONOMICS"", ""target_score"": 2, ""boundary"": ""XB1_EXCLUDED"", ""boundary_score"": 2, ""matches"": {""B2_ECONOMICS"": ""新质生产力,boost:新质生产力"", ""B3_POLITICS_RULE_OF_LAW"": ""政治与法治,boost:政治与法治"", ""XB1_EXCLUDED"": ""当代国际政治与经济,boost:当代国际政治与经济""}, ""explicit_target_modules"": {""B3_POLITICS_RULE_OF_LAW"": [""政治与法治""]}, ""explicit_boundary_modules"": {""XB1_EXCLUDED"": [""当代国际政治与经济""]}, ""override"": ""manual_subquestion_split_needed""}",manual_subquestion_split_needed,subquestion_integrated_blocked
2024_顺义_二模,2024,顺义,二模,2,,question,B4_PHILOSOPHY_EXCLUDED,objective,/Users/wanglifei/Desktop/2024模拟题/顺义思政二模/试卷/试卷.docx,paper,module-boundary-excluded,/Users/wanglifei/Desktop/北京高考政治/reports/必修二三与必修四文化_题源分类准备_20260617_1301/03_question_index/question_candidates.csv,"{""target"": ""B4_CULTURE"", ""target_score"": 1, ""boundary"": ""B4_PHILOSOPHY_EXCLUDED"", ""boundary_score"": 4, ""matches"": {""B4_CULTURE"": ""文化"", ""B4_PHILOSOPHY_EXCLUDED"": ""意识活动,能动创造性,boost:意识活动,boost:能动创造性""}, ""explicit_boundary_modules"": {""B4_PHILOSOPHY_EXCLUDED"": [""意识活动"", ""能动创造性""]}, ""override"": ""explicit_boundary_term""}",exclude_from_three_target_lines,main_matrix_original
2024_顺义_二模,2024,顺义,二模,3,,question,B4_CULTURE,objective,/Users/wanglifei/Desktop/2024模拟题/顺义思政二模/试卷/试卷.docx,paper,included,/Users/wanglifei/Desktop/北京高考政治/reports/必修二三与必修四文化_题源分类准备_20260617_1301/03_question_index/question_candidates.csv,"{""target"": ""B4_CULTURE"", ""target_score"": 10, ""boundary"": ""B4_PHILOSOPHY_EXCLUDED"", ""boundary_score"": 3, ""matches"": {""B3_POLITICS_RULE_OF_LAW"": ""政府"", ""B4_CULTURE"": ""文化,文旅,boost:文旅"", ""B4_PHILOSOPHY_EXCLUDED"": ""认识,矛盾,boost:矛盾"", ""XB3_EXCLUDED"": ""逆向思维,boost:逆向思维""}}",future_baodian_intake,main_matrix_original
2024_顺义_二模,2024,顺义,二模,4,,question,B4_CULTURE,objective,/Users/wanglifei/Desktop/2024模拟题/顺义思政二模/试卷/试卷.docx,paper,included,/Users/wanglifei/Desktop/北京高考政治/reports/必修二三与必修四文化_题源分类准备_20260617_1301/03_question_index/question_candidates.csv,"{""target"": ""B4_CULTURE"", ""target_score"": 5, ""boundary"": ""B4_PHILOSOPHY_EXCLUDED"", ""boundary_score"": 0, ""matches"": {""B4_CULTURE"": ""文化,文艺""}}",future_baodian_intake,main_matrix_original
2024_顺义_二模,2024,顺义,二模,5,,question,XB3_EXCLUDED,objective,/Users/wanglifei/Desktop/2024模拟题/顺义思政二模/试卷/试卷.docx,paper,module-boundary-excluded,/Users/wanglifei/Desktop/北京高考政治/reports/必修二三与必修四文化_题源分类准备_20260617_1301/03_question_index/question_candidates.csv,"{""target"": ""B4_CULTURE"", ""target_score"": 1, ""boundary"": ""XB3_EXCLUDED"", ""boundary_score"": 8, ""matches"": {""B4_CULTURE"": ""文化"", ""XB2_EXCLUDED"": ""继承,boost:继承"", ""XB3_EXCLUDED"": ""聚合思维,概念外延,充分必要条件,必要条件,boost:聚合思维,boost:概念外延,boost:充分必要条件,boost:必要条件""}, ""explicit_boundary_modules"": {""XB3_EXCLUDED"": [""概念外延"", ""必要条件""]}, ""override"": ""explicit_boundary_term""}",exclude_from_three_target_lines,main_matrix_original
2024_顺义_二模,2024,顺义,二模,7,,question,XB3_EXCLUDED,objective,/Users/wanglifei/Desktop/2024模拟题/顺义思政二模/试卷/试卷.docx,paper,module-boundary-excluded,/Users/wanglifei/Desktop/北京高考政治/reports/必修二三与必修四文化_题源分类准备_20260617_1301/03_question_index/question_candidates.csv,"{""target"": ""B2_ECONOMICS"", ""target_score"": 6, ""boundary"": ""XB3_EXCLUDED"", ""boundary_score"": 4, ""matches"": {""B2_ECONOMICS"": ""数字经济,boost:数字经济"", ""B4_PHILOSOPHY_EXCLUDED"": ""认识"", ""XB3_EXCLUDED"": ""假言判断,必要条件,boost:假言判断,boost:必要条件""}, ""explicit_boundary_modules"": {""XB3_EXCLUDED"": [""假言"", ""必要条件""]}, ""override"": ""explicit_boundary_term""}",exclude_from_three_target_lines,main_matrix_original
2024_顺义_二模,2024,顺义,二模,8,,question,XB2_EXCLUDED,objective,/Users/wanglifei/Desktop/2024模拟题/顺义思政二模/试卷/试卷.docx,paper,module-boundary-excluded,/Users/wanglifei/Desktop/北京高考政治/reports/必修二三与必修四文化_题源分类准备_20260617_1301/03_question_index/question_candidates.csv,"{""target"": ""B3_POLITICS_RULE_OF_LAW"", ""target_score"": 19, ""boundary"": ""XB2_EXCLUDED"", ""boundary_score"": 12, ""matches"": {""B3_POLITICS_RULE_OF_LAW"": ""中国共产党,党的领导,法治政府,国家治理,行政机关,政府,检察,boost:中国共产党,boost:党的领导,boost:法治政府,boost:国家治理"", ""B4_CULTURE"": ""文化,文化遗产,文物,boost:文化遗产,boost:文物"", ""XB1_EXCLUDED"": ""国家利益,boost:国家利益"", ""XB2_EXCLUDED"": ""知识产权,诉讼,调解,boost:知识产权,boost:诉讼,boost:调解""}, ""explicit_boundary_modules"": {""XB1_EXCLUDED"": [""国家利益""], ""XB2_EXCLUDED"": [""知识产权"", ""诉讼""]}, ""override"": ""explicit_boundary_term""}",exclude_from_three_target_lines,main_matrix_original
2025_东城_一模,2025,东城,一模,1,,question,UNKNOWN_OR_MIXED,objective,/Users/wanglifei/Desktop/2025模拟题/2025各区一模/2025东城一模/试卷/试卷.pdf,paper,blocked,/Users/wanglifei/Desktop/北京高考政治/reports/必修二三与必修四文化_题源分类准备_20260617_1301/03_question_index/question_candidates.csv,"{""target"": ""B3_POLITICS_RULE_OF_LAW"", ""target_score"": 2, ""boundary"": ""B4_PHILOSOPHY_EXCLUDED"", ""boundary_score"": 2, ""matches"": {""B3_POLITICS_RULE_OF_LAW"": ""中国共产党,boost:中国共产党"", ""B4_PHILOSOPHY_EXCLUDED"": ""人民群众,boost:人民群众"", ""B1_EXCLUDED"": ""改革开放,中国梦""}}",manual_review_needed,main_matrix_original
2025_东城_一模,2025,东城,一模,10,,question,B2_ECONOMICS,objective,/Users/wanglifei/Desktop/2025模拟题/2025各区一模/2025东城一模/试卷/试卷.pdf,paper,included,/Users/wanglifei/Desktop/北京高考政治/reports/必修二三与必修四文化_题源分类准备_20260617_1301/03_question_index/question_candidates.csv,"{""target"": ""B2_ECONOMICS"", ""target_score"": 5, ""boundary"": ""B4_PHILOSOPHY_EXCLUDED"", ""boundary_score"": 0, ""matches"": {""B2_ECONOMICS"": ""税收,就业,boost:税收,boost:就业""}}",future_baodian_intake,main_matrix_original
2025_东城_一模,2025,东城,一模,11,,question,XB2_EXCLUDED,objective,/Users/wanglifei/Desktop/2025模拟题/2025各区一模/2025东城一模/试卷/试卷.pdf,paper,module-boundary-excluded,/Users/wanglifei/Desktop/北京高考政治/reports/必修二三与必修四文化_题源分类准备_20260617_1301/03_question_index/question_candidates.csv,"{""target"": ""B2_ECONOMICS"", ""target_score"": 0, ""boundary"": ""XB2_EXCLUDED"", ""boundary_score"": 4, ""matches"": {""B4_PHILOSOPHY_EXCLUDED"": ""实践"", ""XB2_EXCLUDED"": ""侵权,侵权责任,boost:侵权,boost:侵权责任""}, ""explicit_boundary_modules"": {""XB2_EXCLUDED"": [""侵权""]}, ""override"": ""explicit_boundary_term""}",exclude_from_three_target_lines,main_matrix_original
2025_东城_一模,2025,东城,一模,12,,question,B2_ECONOMICS,objective,/Users/wanglifei/Desktop/2025模拟题/2025各区一模/2025东城一模/试卷/试卷.pdf,paper,included,/Users/wanglifei/Desktop/北京高考政治/reports/必修二三与必修四文化_题源分类准备_20260617_1301/03_question_index/question_candidates.csv,"{""target"": ""B2_ECONOMICS"", ""target_score"": 10, ""boundary"": ""B4_PHILOSOPHY_EXCLUDED"", ""boundary_score"": 0, ""matches"": {""B2_ECONOMICS"": ""民营经济,高质量发展,boost:民营经济,boost:高质量发展"", ""B3_POLITICS_RULE_OF_LAW"": ""人大常委会,boost:人大常委会""}}",future_baodian_intake,main_matrix_original
2025_东城_一模,2025,东城,一模,13,,question,XB3_EXCLUDED,objective,/Users/wanglifei/Desktop/2025模拟题/2025各区一模/2025东城一模/试卷/试卷.pdf,paper,module-boundary-excluded,/Users/wanglifei/Desktop/北京高考政治/reports/必修二三与必修四文化_题源分类准备_20260617_1301/03_question_index/question_candidates.csv,"{""target"": ""B2_ECONOMICS"", ""target_score"": 0, ""boundary"": ""XB3_EXCLUDED"", ""boundary_score"": 9, ""matches"": {""XB3_EXCLUDED"": ""超前思维,推理,性质判断,必要条件,boost:超前思维,boost:推理,boost:性质判断,boost:必要条件""}, ""explicit_boundary_modules"": {""XB3_EXCLUDED"": [""超前思维"", ""推理"", ""必要条件""]}, ""override"": ""explicit_boundary_term""}",exclude_from_three_target_lines,main_matrix_original
2025_东城_一模,2025,东城,一模,14,,question,B4_CULTURE,objective,/Users/wanglifei/Desktop/2025模拟题/2025各区一模/2025东城一模/试卷/试卷.pdf,paper,included,/Users/wanglifei/Desktop/北京高考政治/reports/必修二三与必修四文化_题源分类准备_20260617_1301/03_question_index/question_candidates.csv,"{""target"": ""B4_CULTURE"", ""target_score"": 4, ""boundary"": ""XB3_EXCLUDED"", ""boundary_score"": 2, ""matches"": {""B4_CULTURE"": ""文化,传统文化,boost:传统文化"", ""XB3_EXCLUDED"": ""发散思维,boost:发散思维""}}",future_baodian_intake,main_matrix_original
2025_东城_一模,2025,东城,一模,15,,question,XB3_EXCLUDED,objective,/Users/wanglifei/Desktop/2025模拟题/2025各区一模/2025东城一模/试卷/试卷.pdf,paper,module-boundary-excluded,/Users/wanglifei/Desktop/北京高考政治/reports/必修二三与必修四文化_题源分类准备_20260617_1301/03_question_index/question_candidates.csv,"{""target"": ""B2_ECONOMICS"", ""target_score"": 0, ""boundary"": ""XB3_EXCLUDED"", ""boundary_score"": 4, ""matches"": {""B4_PHILOSOPHY_EXCLUDED"": ""认识"", ""XB3_EXCLUDED"": ""推理,归纳推理,boost:推理,boost:归纳推理""}, ""explicit_boundary_modules"": {""XB3_EXCLUDED"": [""推理""]}, ""override"": ""explicit_boundary_term""}",exclude_from_three_target_lines,main_matrix_original
2025_东城_一模,2025,东城,一模,16,,question,XB1_EXCLUDED,subjective,/Users/wanglifei/Desktop/2025模拟题/2025各区一模/2025东城一模/试卷/试卷.pdf,paper,module-boundary-excluded,/Users/wanglifei/Desktop/北京高考政治/reports/必修二三与必修四文化_题源分类准备_20260617_1301/03_question_index/question_candidates.csv,"{""target"": ""B4_CULTURE"", ""target_score"": 5, ""boundary"": ""XB1_EXCLUDED"", ""boundary_score"": 2, ""matches"": {""B4_CULTURE"": ""文化,非遗,boost:非遗"", ""B4_PHILOSOPHY_EXCLUDED"": ""实践"", ""XB1_EXCLUDED"": ""联合国,boost:联合国"", ""XB2_EXCLUDED"": ""继承,boost:继承""}, ""explicit_boundary_modules"": {""XB1_EXCLUDED"": [""联合国""]}, ""override"": ""explicit_boundary_term""}",exclude_from_three_target_lines,main_matrix_original
2025_东城_一模,2025,东城,一模,17,,question,XB2_EXCLUDED,subjective,/Users/wanglifei/Desktop/2025模拟题/2025各区一模/2025东城一模/试卷/试卷.pdf,paper,module-boundary-excluded,/Users/wanglifei/Desktop/北京高考政治/reports/必修二三与必修四文化_题源分类准备_20260617_1301/03_question_index/question_candidates.csv,"{""target"": ""B2_ECONOMICS"", ""target_score"": 6, ""boundary"": ""XB2_EXCLUDED"", ""boundary_score"": 2, ""matches"": {""B2_ECONOMICS"": ""数字经济,市场主体,boost:数字经济"", ""XB2_EXCLUDED"": ""所有权,boost:所有权""}, ""explicit_boundary_modules"": {""XB2_EXCLUDED"": [""所有权""]}, ""override"": ""explicit_boundary_term""}",exclude_from_three_target_lines,main_matrix_original
2025_东城_一模,2025,东城,一模,18(1),18,subquestion,XB3_EXCLUDED,subjective,/Users/wanglifei/Desktop/2025模拟题/2025各区一模/2025东城一模/试卷/试卷.pdf,paper,module-boundary-excluded,04_module_classification/subquestion_split_matrix.csv,"{""target"": ""B2_ECONOMICS"", ""target_score"": 0, ""boundary"": ""XB3_EXCLUDED"", ""boundary_score"": 2, ""matches"": {""XB3_EXCLUDED"": ""辩证思维,boost:辩证思维""}, ""explicit_boundary_modules"": {""XB3_EXCLUDED"": [""辩证思维""]}, ""override"": ""explicit_boundary_term""}",exclude_from_three_target_lines,subquestion_integrated_boundary
2025_东城_一模,2025,东城,一模,18(2),18,subquestion,B2_ECONOMICS,subjective,/Users/wanglifei/Desktop/2025模拟题/2025各区一模/2025东城一模/试卷/试卷.pdf,paper,included,04_module_classification/subquestion_split_matrix.csv,"{""target"": ""B2_ECONOMICS"", ""target_score"": 3, ""boundary"": ""B4_PHILOSOPHY_EXCLUDED"", ""boundary_score"": 0, ""matches"": {""B2_ECONOMICS"": ""消费,扩大内需,boost:扩大内需""}}",future_baodian_intake,subquestion_integrated_target
2025_东城_一模,2025,东城,一模,19,,question,XB2_EXCLUDED,subjective,/Users/wanglifei/Desktop/2025模拟题/2025各区一模/2025东城一模/试卷/试卷.pdf,paper,module-boundary-excluded,/Users/wanglifei/Desktop/北京高考政治/reports/必修二三与必修四文化_题源分类准备_20260617_1301/03_question_index/question_candidates.csv,"{""target"": ""B4_CULTURE"", ""target_score"": 9, ""boundary"": ""XB2_EXCLUDED"", ""boundary_score"": 25, ""matches"": {""B2_ECONOMICS"": ""劳动者"", ""B3_POLITICS_RULE_OF_LAW"": ""法院"", ""B4_CULTURE"": ""文化,中华优秀传统文化,优秀传统文化,传统文化,社会主义核心价值观,boost:中华优秀传统文化,boost:优秀传统文化,boost:传统文化,boost:社会主义核心价值观"", ""B4_PHILOSOPHY_EXCLUDED"": ""实践,矛盾,人民群众,boost:矛盾,boost:人民群众"", ""XB2_EXCLUDED"": ""民法典,合同,诉讼,调解,仲裁,赔偿,违约,boost:民法典,boost:合同,boost:诉讼,boost:调解,boost:仲裁""}, ""explicit_boundary_modules"": {""XB2_EXCLUDED"": [""民法典"", ""合同"", ""诉讼""]}, ""override"": ""explicit_boundary_term""}",exclude_from_three_target_lines,main_matrix_original
2025_东城_一模,2025,东城,一模,2,,question,B3_POLITICS_RULE_OF_LAW,objective,/Users/wanglifei/Desktop/2025模拟题/2025各区一模/2025东城一模/试卷/试卷.pdf,paper,included,/Users/wanglifei/Desktop/北京高考政治/reports/必修二三与必修四文化_题源分类准备_20260617_1301/03_question_index/question_candidates.csv,"{""target"": ""B3_POLITICS_RULE_OF_LAW"", ""target_score"": 3, ""boundary"": ""XB2_EXCLUDED"", ""boundary_score"": 2, ""matches"": {""B3_POLITICS_RULE_OF_LAW"": ""中国共产党,全面从严治党,boost:中国共产党"", ""B4_CULTURE"": ""长征精神,boost:长征精神"", ""XB2_EXCLUDED"": ""继承,boost:继承"", ""B1_EXCLUDED"": ""中国特色社会主义""}}",future_baodian_intake,main_matrix_original
2025_东城_一模,2025,东城,一模,20,,question,XB1_EXCLUDED,subjective,/Users/wanglifei/Desktop/2025模拟题/2025各区一模/2025东城一模/试卷/试卷.pdf,paper,module-boundary-excluded,/Users/wanglifei/Desktop/北京高考政治/reports/必修二三与必修四文化_题源分类准备_20260617_1301/03_question_index/question_candidates.csv,"{""target"": ""B2_ECONOMICS"", ""target_score"": 0, ""boundary"": ""XB1_EXCLUDED"", ""boundary_score"": 15, ""matches"": {""XB1_EXCLUDED"": ""当代国际政治与经济,全球治理,人类命运共同体,外交,元首外交,对外开放,boost:当代国际政治与经济,boost:全球治理,boost:人类命运共同体,boost:外交,boost:元首外交""}, ""explicit_boundary_modules"": {""XB1_EXCLUDED"": [""当代国际政治与经济"", ""全球治理"", ""人类命运共同体""]}, ""override"": ""explicit_boundary_term""}",exclude_from_three_target_lines,main_matrix_original
2025_东城_一模,2025,东城,一模,21,,question,B2_ECONOMICS,subjective,/Users/wanglifei/Desktop/2025模拟题/2025各区一模/2025东城一模/试卷/试卷.pdf,paper,included,/Users/wanglifei/Desktop/北京高考政治/reports/必修二三与必修四文化_题源分类准备_20260617_1301/03_question_index/question_candidates.csv,"{""target"": ""B2_ECONOMICS"", ""target_score"": 3, ""boundary"": ""B1_EXCLUDED"", ""boundary_score"": 1, ""matches"": {""B2_ECONOMICS"": ""财政,人力资源,boost:财政"", ""B1_EXCLUDED"": ""社会主义现代化强国""}}",future_baodian_intake,main_matrix_original
2025_东城_一模,2025,东城,一模,3,,question,UNKNOWN_OR_MIXED,objective,/Users/wanglifei/Desktop/2025模拟题/2025各区一模/2025东城一模/试卷/试卷.pdf,paper,blocked,/Users/wanglifei/Desktop/北京高考政治/reports/必修二三与必修四文化_题源分类准备_20260617_1301/03_question_index/question_candidates.csv,"{""target"": ""B3_POLITICS_RULE_OF_LAW"", ""target_score"": 1, ""boundary"": ""B4_PHILOSOPHY_EXCLUDED"", ""boundary_score"": 1, ""matches"": {""B3_POLITICS_RULE_OF_LAW"": ""政府"", ""B4_PHILOSOPHY_EXCLUDED"": ""实践""}}",manual_review_needed,main_matrix_original
2025_东城_一模,2025,东城,一模,4,,question,B4_CULTURE,objective,/Users/wanglifei/Desktop/2025模拟题/2025各区一模/2025东城一模/试卷/试卷.pdf,paper,included,/Users/wanglifei/Desktop/北京高考政治/reports/必修二三与必修四文化_题源分类准备_20260617_1301/03_question_index/question_candidates.csv,"{""target"": ""B4_CULTURE"", ""target_score"": 10, ""boundary"": ""B4_PHILOSOPHY_EXCLUDED"", ""boundary_score"": 2, ""matches"": {""B4_CULTURE"": ""文化,文化遗产,中轴线,文物,boost:文化遗产,boost:中轴线,boost:文物"", ""B4_PHILOSOPHY_EXCLUDED"": ""适度原则,boost:适度原则""}}",future_baodian_intake,main_matrix_original
2025_东城_一模,2025,东城,一模,5,,question,UNKNOWN_OR_MIXED,objective,/Users/wanglifei/Desktop/2025模拟题/2025各区一模/2025东城一模/试卷/试卷.pdf,paper,blocked,/Users/wanglifei/Desktop/北京高考政治/reports/必修二三与必修四文化_题源分类准备_20260617_1301/03_question_index/question_candidates.csv,"{""target"": ""B2_ECONOMICS"", ""target_score"": 0, ""boundary"": ""B4_PHILOSOPHY_EXCLUDED"", ""boundary_score"": 0, ""matches"": {}}",manual_review_needed,main_matrix_original
2025_东城_一模,2025,东城,一模,6,,question,B4_PHILOSOPHY_EXCLUDED,objective,/Users/wanglifei/Desktop/2025模拟题/2025各区一模/2025东城一模/试卷/试卷.pdf,paper,module-boundary-excluded,/Users/wanglifei/Desktop/北京高考政治/reports/必修二三与必修四文化_题源分类准备_20260617_1301/03_question_index/question_candidates.csv,"{""target"": ""B2_ECONOMICS"", ""target_score"": 0, ""boundary"": ""B4_PHILOSOPHY_EXCLUDED"", ""boundary_score"": 5, ""matches"": {""B4_PHILOSOPHY_EXCLUDED"": ""实践,认识,真理,boost:真理""}}",exclude_from_three_target_lines,main_matrix_original
2025_东城_一模,2025,东城,一模,7,,question,B3_POLITICS_RULE_OF_LAW,objective,/Users/wanglifei/Desktop/2025模拟题/2025各区一模/2025东城一模/试卷/试卷.pdf,paper,included,/Users/wanglifei/Desktop/北京高考政治/reports/必修二三与必修四文化_题源分类准备_20260617_1301/03_question_index/question_candidates.csv,"{""target"": ""B3_POLITICS_RULE_OF_LAW"", ""target_score"": 12, ""boundary"": ""B4_PHILOSOPHY_EXCLUDED"", ""boundary_score"": 0, ""matches"": {""B3_POLITICS_RULE_OF_LAW"": ""政协,协商民主,国家治理,政府,民主决策,人民政协,boost:政协,boost:协商民主,boost:国家治理,boost:人民政协""}}",future_baodian_intake,main_matrix_original
2025_东城_一模,2025,东城,一模,8,,question,B3_POLITICS_RULE_OF_LAW,objective,/Users/wanglifei/Desktop/2025模拟题/2025各区一模/2025东城一模/试卷/试卷.pdf,paper,included,/Users/wanglifei/Desktop/北京高考政治/reports/必修二三与必修四文化_题源分类准备_20260617_1301/03_question_index/question_candidates.csv,"{""target"": ""B3_POLITICS_RULE_OF_LAW"", ""target_score"": 4, ""boundary"": ""B4_PHILOSOPHY_EXCLUDED"", ""boundary_score"": 0, ""matches"": {""B3_POLITICS_RULE_OF_LAW"": ""民族区域自治,宪法,boost:民族区域自治,boost:宪法""}}",future_baodian_intake,main_matrix_original
2025_东城_一模,2025,东城,一模,9,,question,XB2_EXCLUDED,objective,/Users/wanglifei/Desktop/2025模拟题/2025各区一模/2025东城一模/试卷/试卷.pdf,paper,module-boundary-excluded,/Users/wanglifei/Desktop/北京高考政治/reports/必修二三与必修四文化_题源分类准备_20260617_1301/03_question_index/question_candidates.csv,"{""target"": ""B2_ECONOMICS"", ""target_score"": 0, ""boundary"": ""XB2_EXCLUDED"", ""boundary_score"": 2, ""matches"": {""XB2_EXCLUDED"": ""诉讼,boost:诉讼""}, ""explicit_boundary_modules"": {""XB2_EXCLUDED"": [""诉讼""]}, ""override"": ""explicit_boundary_term""}",exclude_from_three_target_lines,main_matrix_original
2025_东城_二模,2025,东城,二模,1,,question,XB3_EXCLUDED,objective,/Users/wanglifei/Desktop/2025模拟题/2025各区二模/2025东城二模/试卷/试卷.pdf,paper,module-boundary-excluded,/Users/wanglifei/Desktop/北京高考政治/reports/必修二三与必修四文化_题源分类准备_20260617_1301/03_question_index/question_candidates.csv,"{""target"": ""B2_ECONOMICS"", ""target_score"": 0, ""boundary"": ""XB3_EXCLUDED"", ""boundary_score"": 2, ""matches"": {""XB3_EXCLUDED"": ""想象,boost:想象"", ""B1_EXCLUDED"": ""改革开放""}, ""explicit_boundary_modules"": {""XB3_EXCLUDED"": [""想象""]}, ""override"": ""explicit_boundary_term""}",exclude_from_three_target_lines,main_matrix_original
2025_东城_二模,2025,东城,二模,10,,question,XB2_EXCLUDED,objective,/Users/wanglifei/Desktop/2025模拟题/2025各区二模/2025东城二模/试卷/试卷.pdf,paper,module-boundary-excluded,/Users/wanglifei/Desktop/北京高考政治/reports/必修二三与必修四文化_题源分类准备_20260617_1301/03_question_index/question_candidates.csv,"{""target"": ""B2_ECONOMICS"", ""target_score"": 0, ""boundary"": ""XB2_EXCLUDED"", ""boundary_score"": 7, ""matches"": {""XB2_EXCLUDED"": ""调解,举证,赔偿,boost:调解,boost:举证""}}",exclude_from_three_target_lines,main_matrix_original
2025_东城_二模,2025,东城,二模,11,,question,XB2_EXCLUDED,objective,/Users/wanglifei/Desktop/2025模拟题/2025各区二模/2025东城二模/试卷/试卷.pdf,paper,module-boundary-excluded,/Users/wanglifei/Desktop/北京高考政治/reports/必修二三与必修四文化_题源分类准备_20260617_1301/03_question_index/question_candidates.csv,"{""target"": ""B2_ECONOMICS"", ""target_score"": 0, ""boundary"": ""XB2_EXCLUDED"", ""boundary_score"": 7, ""matches"": {""XB2_EXCLUDED"": ""合同,物权,所有权,boost:合同,boost:物权,boost:所有权""}, ""explicit_boundary_modules"": {""XB2_EXCLUDED"": [""合同"", ""所有权"", ""物权""]}, ""override"": ""explicit_boundary_term""}",exclude_from_three_target_lines,main_matrix_original
2025_东城_二模,2025,东城,二模,12,,question,XB2_EXCLUDED,objective,/Users/wanglifei/Desktop/2025模拟题/2025各区二模/2025东城二模/试卷/试卷.pdf,paper,module-boundary-excluded,/Users/wanglifei/Desktop/北京高考政治/reports/必修二三与必修四文化_题源分类准备_20260617_1301/03_question_index/question_candidates.csv,"{""target"": ""B3_POLITICS_RULE_OF_LAW"", ""target_score"": 1, ""boundary"": ""XB2_EXCLUDED"", ""boundary_score"": 10, ""matches"": {""B3_POLITICS_RULE_OF_LAW"": ""法院"", ""XB2_EXCLUDED"": ""合同,劳动合同,劳动关系,仲裁,boost:合同,boost:劳动合同,boost:劳动关系,boost:仲裁""}, ""explicit_boundary_modules"": {""XB2_EXCLUDED"": [""合同"", ""劳动合同""]}, ""override"": ""explicit_boundary_term""}",exclude_from_three_target_lines,main_matrix_original
2025_东城_二模,2025,东城,二模,13,,question,XB3_EXCLUDED,objective,/Users/wanglifei/Desktop/2025模拟题/2025各区二模/2025东城二模/试卷/试卷.pdf,paper,module-boundary-excluded,/Users/wanglifei/Desktop/北京高考政治/reports/必修二三与必修四文化_题源分类准备_20260617_1301/03_question_index/question_candidates.csv,"{""target"": ""B2_ECONOMICS"", ""target_score"": 0, ""boundary"": ""XB3_EXCLUDED"", ""boundary_score"": 8, ""matches"": {""B4_PHILOSOPHY_EXCLUDED"": ""认识"", ""XB3_EXCLUDED"": ""辩证思维,创新思维,发散思维,逆向思维,boost:辩证思维,boost:创新思维,boost:发散思维,boost:逆向思维""}, ""explicit_boundary_modules"": {""XB3_EXCLUDED"": [""辩证思维"", ""创新思维""]}, ""override"": ""explicit_boundary_term""}",exclude_from_three_target_lines,main_matrix_original
2025_东城_二模,2025,东城,二模,14,,question,UNKNOWN_OR_MIXED,objective,/Users/wanglifei/Desktop/2025模拟题/2025各区二模/2025东城二模/试卷/试卷.pdf,paper,blocked,/Users/wanglifei/Desktop/北京高考政治/reports/必修二三与必修四文化_题源分类准备_20260617_1301/03_question_index/question_candidates.csv,"{""target"": ""B2_ECONOMICS"", ""target_score"": 0, ""boundary"": ""B4_PHILOSOPHY_EXCLUDED"", ""boundary_score"": 0, ""matches"": {}}",manual_review_needed,main_matrix_original
2025_东城_二模,2025,东城,二模,15,,question,B4_CULTURE,objective,/Users/wanglifei/Desktop/2025模拟题/2025各区二模/2025东城二模/试卷/试卷.pdf,paper,included,/Users/wanglifei/Desktop/北京高考政治/reports/必修二三与必修四文化_题源分类准备_20260617_1301/03_question_index/question_candidates.csv,"{""target"": ""B4_CULTURE"", ""target_score"": 3, ""boundary"": ""B4_PHILOSOPHY_EXCLUDED"", ""boundary_score"": 0, ""matches"": {""B4_CULTURE"": ""中华文明,boost:中华文明""}}",future_baodian_intake,main_matrix_original
2025_东城_二模,2025,东城,二模,16,,question,UNKNOWN_OR_MIXED,subjective,/Users/wanglifei/Desktop/2025模拟题/2025各区二模/2025东城二模/试卷/试卷.pdf,paper,blocked,/Users/wanglifei/Desktop/北京高考政治/reports/必修二三与必修四文化_题源分类准备_20260617_1301/03_question_index/question_candidates.csv,"{""target"": ""B2_ECONOMICS"", ""target_score"": 1, ""boundary"": ""B4_PHILOSOPHY_EXCLUDED"", ""boundary_score"": 0, ""matches"": {""B2_ECONOMICS"": ""产业发展"", ""B3_POLITICS_RULE_OF_LAW"": ""社会治理""}}",manual_review_needed,main_matrix_original
2025_东城_二模,2025,东城,二模,17,,question,XB2_EXCLUDED,subjective,/Users/wanglifei/Desktop/2025模拟题/2025各区二模/2025东城二模/试卷/试卷.pdf,paper,module-boundary-excluded,/Users/wanglifei/Desktop/北京高考政治/reports/必修二三与必修四文化_题源分类准备_20260617_1301/03_question_index/question_candidates.csv,"{""target"": ""B3_POLITICS_RULE_OF_LAW"", ""target_score"": 6, ""boundary"": ""XB2_EXCLUDED"", ""boundary_score"": 2, ""matches"": {""B3_POLITICS_RULE_OF_LAW"": ""法院"", ""XB2_EXCLUDED"": ""诉讼,boost:诉讼""}, ""explicit_boundary_modules"": {""XB2_EXCLUDED"": [""诉讼""]}, ""override"": ""explicit_boundary_term""}",exclude_from_three_target_lines,main_matrix_original
2025_东城_二模,2025,东城,二模,18(1),18,subquestion,B2_ECONOMICS,subjective,/Users/wanglifei/Desktop/2025模拟题/2025各区二模/2025东城二模/试卷/试卷.pdf,paper,included,04_module_classification/subquestion_split_matrix.csv,"{""target"": ""B2_ECONOMICS"", ""target_score"": 2, ""boundary"": ""B4_PHILOSOPHY_EXCLUDED"", ""boundary_score"": 0, ""matches"": {""B2_ECONOMICS"": ""经济与社会,boost:经济与社会""}}",future_baodian_intake,subquestion_integrated_target
2025_东城_二模,2025,东城,二模,18(2),18,subquestion,XB3_EXCLUDED,subjective,/Users/wanglifei/Desktop/2025模拟题/2025各区二模/2025东城二模/试卷/试卷.pdf,paper,module-boundary-excluded,04_module_classification/subquestion_split_matrix.csv,"{""target"": ""B2_ECONOMICS"", ""target_score"": 0, ""boundary"": ""XB3_EXCLUDED"", ""boundary_score"": 2, ""matches"": {""XB3_EXCLUDED"": ""推理,boost:推理""}, ""explicit_boundary_modules"": {""XB3_EXCLUDED"": [""推理""]}, ""override"": ""explicit_boundary_term""}",exclude_from_three_target_lines,subquestion_integrated_boundary
2025_东城_二模,2025,东城,二模,19,,question,XB2_EXCLUDED,subjective,/Users/wanglifei/Desktop/2025模拟题/2025各区二模/2025东城二模/试卷/试卷.pdf,paper,module-boundary-excluded,/Users/wanglifei/Desktop/北京高考政治/reports/必修二三与必修四文化_题源分类准备_20260617_1301/03_question_index/question_candidates.csv,"{""target"": ""B3_POLITICS_RULE_OF_LAW"", ""target_score"": 5, ""boundary"": ""XB2_EXCLUDED"", ""boundary_score"": 20, ""matches"": {""B2_ECONOMICS"": ""消费,就业,boost:就业"", ""B3_POLITICS_RULE_OF_LAW"": ""法院"", ""XB2_EXCLUDED"": ""合同,侵权,格式条款,民事,民事行为能力,侵权责任,赔偿,健康权,boost:合同,boost:侵权,boost:格式条款,boost:民事""}, ""explicit_boundary_modules"": {""XB2_EXCLUDED"": [""合同"", ""侵权"", ""民事""]}, ""override"": ""explicit_boundary_term""}",exclude_from_three_target_lines,main_matrix_original
2025_东城_二模,2025,东城,二模,2,,question,UNKNOWN_OR_MIXED,objective,/Users/wanglifei/Desktop/2025模拟题/2025各区二模/2025东城二模/试卷/试卷.pdf,paper,blocked,/Users/wanglifei/Desktop/北京高考政治/reports/必修二三与必修四文化_题源分类准备_20260617_1301/03_question_index/question_candidates.csv,"{""target"": ""B2_ECONOMICS"", ""target_score"": 0, ""boundary"": ""B4_PHILOSOPHY_EXCLUDED"", ""boundary_score"": 0, ""matches"": {}}",manual_review_needed,main_matrix_original
2025_东城_二模,2025,东城,二模,20,,question,XB1_EXCLUDED,subjective,/Users/wanglifei/Desktop/2025模拟题/2025各区二模/2025东城二模/试卷/试卷.pdf,paper,module-boundary-excluded,/Users/wanglifei/Desktop/北京高考政治/reports/必修二三与必修四文化_题源分类准备_20260617_1301/03_question_index/question_candidates.csv,"{""target"": ""B4_CULTURE"", ""target_score"": 2, ""boundary"": ""XB1_EXCLUDED"", ""boundary_score"": 6, ""matches"": {""B4_CULTURE"": ""中华文明,boost:中华文明"", ""XB1_EXCLUDED"": ""当代国际政治与经济,人类命运共同体,外交,boost:当代国际政治与经济,boost:人类命运共同体,boost:外交""}, ""explicit_boundary_modules"": {""XB1_EXCLUDED"": [""当代国际政治与经济"", ""人类命运共同体""]}, ""override"": ""explicit_boundary_term""}",exclude_from_three_target_lines,main_matrix_original
2025_东城_二模,2025,东城,二模,21,,question,B3_POLITICS_RULE_OF_LAW,subjective,/Users/wanglifei/Desktop/2025模拟题/2025各区二模/2025东城二模/试卷/试卷.pdf,paper,included,/Users/wanglifei/Desktop/北京高考政治/reports/必修二三与必修四文化_题源分类准备_20260617_1301/03_question_index/question_candidates.csv,"{""target"": ""B3_POLITICS_RULE_OF_LAW"", ""target_score"": 11, ""boundary"": ""B4_PHILOSOPHY_EXCLUDED"", ""boundary_score"": 2, ""matches"": {""B2_ECONOMICS"": ""营商环境,boost:营商环境"", ""B3_POLITICS_RULE_OF_LAW"": ""党的领导,人大代表,全过程人民民主,全国人大,全国人大常委会,人大常委会,boost:党的领导,boost:人大代表,boost:全过程人民民主,boost:全国人大,boost:人大常委会"", ""B4_PHILOSOPHY_EXCLUDED"": ""实践,认识""}}",future_baodian_intake,main_matrix_original
2025_东城_二模,2025,东城,二模,3,,question,UNKNOWN_OR_MIXED,objective,/Users/wanglifei/Desktop/2025模拟题/2025各区二模/2025东城二模/试卷/试卷.pdf,paper,blocked,/Users/wanglifei/Desktop/北京高考政治/reports/必修二三与必修四文化_题源分类准备_20260617_1301/03_question_index/question_candidates.csv,"{""target"": ""B2_ECONOMICS"", ""target_score"": 0, ""boundary"": ""B4_PHILOSOPHY_EXCLUDED"", ""boundary_score"": 1, ""matches"": {""B4_PHILOSOPHY_EXCLUDED"": ""认识""}}",manual_review_needed,main_matrix_original
2025_东城_二模,2025,东城,二模,4,,question,B4_CULTURE,objective,/Users/wanglifei/Desktop/2025模拟题/2025各区二模/2025东城二模/试卷/试卷.pdf,paper,included,/Users/wanglifei/Desktop/北京高考政治/reports/必修二三与必修四文化_题源分类准备_20260617_1301/03_question_index/question_candidates.csv,"{""target"": ""B4_CULTURE"", ""target_score"": 7, ""boundary"": ""B4_PHILOSOPHY_EXCLUDED"", ""boundary_score"": 3, ""matches"": {""B4_CULTURE"": ""文化,文化遗产,文物,boost:文化遗产,boost:文物"", ""B4_PHILOSOPHY_EXCLUDED"": ""事物发展,质变,boost:质变""}}",future_baodian_intake,main_matrix_original
2025_东城_二模,2025,东城,二模,5,,question,B3_POLITICS_RULE_OF_LAW,objective,/Users/wanglifei/Desktop/2025模拟题/2025各区二模/2025东城二模/试卷/试卷.pdf,paper,included,/Users/wanglifei/Desktop/北京高考政治/reports/必修二三与必修四文化_题源分类准备_20260617_1301/03_question_index/question_candidates.csv,"{""target"": ""B3_POLITICS_RULE_OF_LAW"", ""target_score"": 2, ""boundary"": ""B4_PHILOSOPHY_EXCLUDED"", ""boundary_score"": 1, ""matches"": {""B3_POLITICS_RULE_OF_LAW"": ""全面从严治党"", ""B4_PHILOSOPHY_EXCLUDED"": ""认识""}}",future_baodian_intake,main_matrix_original
2025_东城_二模,2025,东城,二模,6,,question,B2_ECONOMICS,objective,/Users/wanglifei/Desktop/2025模拟题/2025各区二模/2025东城二模/试卷/试卷.pdf,paper,included,/Users/wanglifei/Desktop/北京高考政治/reports/必修二三与必修四文化_题源分类准备_20260617_1301/03_question_index/question_candidates.csv,"{""target"": ""B2_ECONOMICS"", ""target_score"": 5, ""boundary"": ""B4_PHILOSOPHY_EXCLUDED"", ""boundary_score"": 0, ""matches"": {""B2_ECONOMICS"": ""收入分配,居民收入,经济增长,boost:收入分配,boost:经济增长""}}",future_baodian_intake,main_matrix_original
2025_东城_二模,2025,东城,二模,7,,question,B2_ECONOMICS,objective,/Users/wanglifei/Desktop/2025模拟题/2025各区二模/2025东城二模/试卷/试卷.pdf,paper,included,/Users/wanglifei/Desktop/北京高考政治/reports/必修二三与必修四文化_题源分类准备_20260617_1301/03_question_index/question_candidates.csv,"{""target"": ""B2_ECONOMICS"", ""target_score"": 5, ""boundary"": ""B4_PHILOSOPHY_EXCLUDED"", ""boundary_score"": 0, ""matches"": {""B2_ECONOMICS"": ""社会保障,boost:社会保障"", ""B3_POLITICS_RULE_OF_LAW"": ""公共服务""}}",future_baodian_intake,main_matrix_original
2025_东城_二模,2025,东城,二模,8,,question,UNKNOWN_OR_MIXED,objective,/Users/wanglifei/Desktop/2025模拟题/2025各区二模/2025东城二模/试卷/试卷.pdf,paper,blocked,/Users/wanglifei/Desktop/北京高考政治/reports/必修二三与必修四文化_题源分类准备_20260617_1301/03_question_index/question_candidates.csv,"{""target"": ""B2_ECONOMICS"", ""target_score"": 1, ""boundary"": ""B4_PHILOSOPHY_EXCLUDED"", ""boundary_score"": 0, ""matches"": {""B2_ECONOMICS"": ""消费""}}",manual_review_needed,main_matrix_original
2025_东城_二模,2025,东城,二模,9,,question,XB1_EXCLUDED,objective,/Users/wanglifei/Desktop/2025模拟题/2025各区二模/2025东城二模/试卷/试卷.pdf,paper,module-boundary-excluded,/Users/wanglifei/Desktop/北京高考政治/reports/必修二三与必修四文化_题源分类准备_20260617_1301/03_question_index/question_candidates.csv,"{""target"": ""B2_ECONOMICS"", ""target_score"": 0, ""boundary"": ""XB1_EXCLUDED"", ""boundary_score"": 12, ""matches"": {""XB1_EXCLUDED"": ""国际关系,国家利益,全球治理,世界多极化,经济全球化,人类命运共同体,boost:国际关系,boost:国家利益,boost:全球治理,boost:世界多极化,boost:经济全球化,boost:人类命运共同体""}, ""explicit_boundary_modules"": {""XB1_EXCLUDED"": [""经济全球化"", ""世界多极化"", ""国际关系"", ""国家利益"", ""全球治理"", ""人类命运共同体""]}, ""override"": ""explicit_boundary_term""}",exclude_from_three_target_lines,main_matrix_original
2025_东城_期末,2025,东城,期末,1,,question,XB2_EXCLUDED,objective,/Users/wanglifei/Desktop/2025模拟题/2025各区期末/2025东城期末/试卷/试卷.pdf,paper,module-boundary-excluded,/Users/wanglifei/Desktop/北京高考政治/reports/必修二三与必修四文化_题源分类准备_20260617_1301/03_question_index/question_candidates.csv,"{""target"": ""B4_CULTURE"", ""target_score"": 13, ""boundary"": ""XB2_EXCLUDED"", ""boundary_score"": 14, ""matches"": {""B2_ECONOMICS"": ""市场经济,boost:市场经济"", ""B3_POLITICS_RULE_OF_LAW"": ""中国共产党,boost:中国共产党"", ""B4_CULTURE"": ""文化,中华优秀传统文化,优秀传统文化,传统文化,boost:中华优秀传统文化,boost:优秀传统文化,boost:传统文化"", ""B4_PHILOSOPHY_EXCLUDED"": ""实践,矛盾,boost:矛盾"", ""XB2_EXCLUDED"": ""侵权,民事,侵权责任,boost:侵权,boost:民事,boost:侵权责任"", ""XB3_EXCLUDED"": ""辩证思维,boost:辩证思维"", ""B1_EXCLUDED"": ""中国特色社会主义,改革开放""}, ""explicit_boundary_modules"": {""XB2_EXCLUDED"": [""侵权"", ""民事""], ""XB3_EXCLUDED"": [""辩证思维""]}, ""override"": ""explicit_boundary_term""}",exclude_from_three_target_lines,main_matrix_original
2025_东城_期末,2025,东城,期末,10,,question,XB1_EXCLUDED,objective,/Users/wanglifei/Desktop/2025模拟题/2025各区期末/2025东城期末/试卷/试卷.pdf,paper,module-boundary-excluded,/Users/wanglifei/Desktop/北京高考政治/reports/必修二三与必修四文化_题源分类准备_20260617_1301/03_question_index/question_candidates.csv,"{""target"": ""B2_ECONOMICS"", ""target_score"": 0, ""boundary"": ""XB1_EXCLUDED"", ""boundary_score"": 23, ""matches"": {""B4_PHILOSOPHY_EXCLUDED"": ""实践"", ""XB1_EXCLUDED"": ""联合国,和平与发展,国际组织,外交,boost:联合国,boost:和平与发展,boost:国际组织,boost:外交""}, ""explicit_boundary_modules"": {""XB1_EXCLUDED"": [""联合国"", ""国际组织""]}, ""override"": ""explicit_boundary_term""}",exclude_from_three_target_lines,main_matrix_original
2025_东城_期末,2025,东城,期末,11,,question,XB2_EXCLUDED,objective,/Users/wanglifei/Desktop/2025模拟题/2025各区期末/2025东城期末/试卷/试卷.pdf,paper,module-boundary-excluded,/Users/wanglifei/Desktop/北京高考政治/reports/必修二三与必修四文化_题源分类准备_20260617_1301/03_question_index/question_candidates.csv,"{""target"": ""B3_POLITICS_RULE_OF_LAW"", ""target_score"": 6, ""boundary"": ""XB2_EXCLUDED"", ""boundary_score"": 21, ""matches"": {""B3_POLITICS_RULE_OF_LAW"": ""行政机关,法院,司法机关"", ""XB2_EXCLUDED"": ""侵权,知识产权,诉讼,举证,民事,侵权责任,boost:侵权,boost:知识产权,boost:诉讼,boost:举证,boost:民事,boost:侵权责任""}, ""explicit_boundary_modules"": {""XB2_EXCLUDED"": [""侵权"", ""知识产权"", ""诉讼"", ""民事""]}, ""override"": ""explicit_boundary_term""}",exclude_from_three_target_lines,main_matrix_original
2025_东城_期末,2025,东城,期末,12,,question,XB2_EXCLUDED,objective,/Users/wanglifei/Desktop/2025模拟题/2025各区期末/2025东城期末/试卷/试卷.pdf,paper,module-boundary-excluded,/Users/wanglifei/Desktop/北京高考政治/reports/必修二三与必修四文化_题源分类准备_20260617_1301/03_question_index/question_candidates.csv,"{""target"": ""B2_ECONOMICS"", ""target_score"": 0, ""boundary"": ""XB2_EXCLUDED"", ""boundary_score"": 30, ""matches"": {""XB1_EXCLUDED"": ""国家利益,boost:国家利益"", ""XB2_EXCLUDED"": ""民法典,合同,继承,民事,民事主体,boost:民法典,boost:合同,boost:继承,boost:民事,boost:民事主体""}, ""explicit_boundary_modules"": {""XB1_EXCLUDED"": [""国家利益""], ""XB2_EXCLUDED"": [""民法典"", ""合同"", ""民事""]}, ""override"": ""explicit_boundary_term""}",exclude_from_three_target_lines,main_matrix_original
2025_东城_期末,2025,东城,期末,13,,question,XB3_EXCLUDED,objective,/Users/wanglifei/Desktop/2025模拟题/2025各区期末/2025东城期末/试卷/试卷.pdf,paper,module-boundary-excluded,/Users/wanglifei/Desktop/北京高考政治/reports/必修二三与必修四文化_题源分类准备_20260617_1301/03_question_index/question_candidates.csv,"{""target"": ""B2_ECONOMICS"", ""target_score"": 0, ""boundary"": ""XB3_EXCLUDED"", ""boundary_score"": 23, ""matches"": {""XB3_EXCLUDED"": ""推理,三段论,周延,逻辑规则,boost:推理,boost:三段论,boost:周延,boost:逻辑规则""}, ""explicit_boundary_modules"": {""XB3_EXCLUDED"": [""三段论"", ""推理""]}, ""override"": ""explicit_boundary_term""}",exclude_from_three_target_lines,main_matrix_original
2025_东城_期末,2025,东城,期末,14,,question,XB3_EXCLUDED,objective,/Users/wanglifei/Desktop/2025模拟题/2025各区期末/2025东城期末/试卷/试卷.pdf,paper,module-boundary-excluded,/Users/wanglifei/Desktop/北京高考政治/reports/必修二三与必修四文化_题源分类准备_20260617_1301/03_question_index/question_candidates.csv,"{""target"": ""B4_CULTURE"", ""target_score"": 15, ""boundary"": ""XB3_EXCLUDED"", ""boundary_score"": 23, ""matches"": {""B4_CULTURE"": ""文化,中轴线,中华文明,boost:中轴线,boost:中华文明"", ""B4_PHILOSOPHY_EXCLUDED"": ""认识"", ""XB3_EXCLUDED"": ""假言判断,性质判断,关系判断,周延,属种关系,boost:假言判断,boost:性质判断,boost:关系判断,boost:周延,boost:属种关系""}, ""explicit_boundary_modules"": {""XB3_EXCLUDED"": [""假言""]}, ""override"": ""explicit_boundary_term""}",exclude_from_three_target_lines,main_matrix_original
2025_东城_期末,2025,东城,期末,15,,question,XB3_EXCLUDED,objective,/Users/wanglifei/Desktop/2025模拟题/2025各区期末/2025东城期末/试卷/试卷.pdf,paper,module-boundary-excluded,/Users/wanglifei/Desktop/北京高考政治/reports/必修二三与必修四文化_题源分类准备_20260617_1301/03_question_index/question_candidates.csv,"{""target"": ""B4_CULTURE"", ""target_score"": 2, ""boundary"": ""XB3_EXCLUDED"", ""boundary_score"": 17, ""matches"": {""B4_CULTURE"": ""红色基因,boost:红色基因"", ""XB3_EXCLUDED"": ""推理,假言判断,充分必要条件,必要条件,充分条件,boost:推理,boost:假言判断,boost:充分必要条件,boost:必要条件,boost:充分条件""}, ""explicit_boundary_modules"": {""XB3_EXCLUDED"": [""推理"", ""假言"", ""充分条件"", ""必要条件""]}, ""override"": ""explicit_boundary_term""}",exclude_from_three_target_lines,main_matrix_original
2025_东城_期末,2025,东城,期末,16,,question,B4_CULTURE,subjective,/Users/wanglifei/Desktop/2025模拟题/2025各区期末/2025东城期末/试卷/试卷.pdf,paper,included,/Users/wanglifei/Desktop/北京高考政治/reports/必修二三与必修四文化_题源分类准备_20260617_1301/03_question_index/question_candidates.csv,"{""target"": ""B4_CULTURE"", ""target_score"": 19, ""boundary"": ""B4_PHILOSOPHY_EXCLUDED"", ""boundary_score"": 5, ""matches"": {""B4_CULTURE"": ""文化,文化功能,文化载体,博物馆,文物,boost:博物馆,boost:文物"", ""B4_PHILOSOPHY_EXCLUDED"": ""认识,意识的能动作用,boost:意识的能动作用"", ""XB3_EXCLUDED"": ""发散思维,boost:发散思维""}}",future_baodian_intake,main_matrix_original
2025_东城_期末,2025,东城,期末,17,,question,XB2_EXCLUDED,subjective,/Users/wanglifei/Desktop/2025模拟题/2025各区期末/2025东城期末/试卷/试卷.pdf,paper,module-boundary-excluded,/Users/wanglifei/Desktop/北京高考政治/reports/必修二三与必修四文化_题源分类准备_20260617_1301/03_question_index/question_candidates.csv,"{""target"": ""B3_POLITICS_RULE_OF_LAW"", ""target_score"": 7, ""boundary"": ""XB2_EXCLUDED"", ""boundary_score"": 5, ""matches"": {""B3_POLITICS_RULE_OF_LAW"": ""法院"", ""XB2_EXCLUDED"": ""诉讼,民事,赔偿,boost:诉讼,boost:民事""}, ""explicit_boundary_modules"": {""XB2_EXCLUDED"": [""诉讼"", ""民事""]}, ""override"": ""explicit_boundary_term""}",exclude_from_three_target_lines,main_matrix_original
2025_东城_期末,2025,东城,期末,18(1),18,subquestion,B2_ECONOMICS,subjective,/Users/wanglifei/Desktop/2025模拟题/2025各区期末/2025东城期末/试卷/试卷.pdf,paper,included,04_module_classification/subquestion_split_matrix.csv,"{""target"": ""B2_ECONOMICS"", ""target_score"": 2, ""boundary"": ""B4_PHILOSOPHY_EXCLUDED"", ""boundary_score"": 0, ""matches"": {""B2_ECONOMICS"": ""经济与社会,boost:经济与社会""}}",future_baodian_intake,subquestion_integrated_target
2025_东城_期末,2025,东城,期末,18(2),18,subquestion,XB3_EXCLUDED,subjective,/Users/wanglifei/Desktop/2025模拟题/2025各区期末/2025东城期末/试卷/试卷.pdf,paper,module-boundary-excluded,04_module_classification/subquestion_split_matrix.csv,"{""target"": ""B2_ECONOMICS"", ""target_score"": 0, ""boundary"": ""XB3_EXCLUDED"", ""boundary_score"": 4, ""matches"": {""XB3_EXCLUDED"": ""逻辑与思维,创新思维,boost:逻辑与思维,boost:创新思维""}, ""explicit_boundary_modules"": {""XB3_EXCLUDED"": [""逻辑与思维"", ""创新思维""]}, ""override"": ""explicit_boundary_term""}",exclude_from_three_target_lines,subquestion_integrated_boundary
2025_东城_期末,2025,东城,期末,19(1),19,subquestion,XB2_EXCLUDED,subjective,/Users/wanglifei/Desktop/2025模拟题/2025各区期末/2025东城期末/试卷/试卷.pdf,paper,module-boundary-excluded,04_module_classification/subquestion_split_matrix.csv,"{""target"": ""B2_ECONOMICS"", ""target_score"": 0, ""boundary"": ""XB2_EXCLUDED"", ""boundary_score"": 2, ""matches"": {""XB2_EXCLUDED"": ""民法典,boost:民法典""}, ""explicit_boundary_modules"": {""XB2_EXCLUDED"": [""民法典""]}, ""override"": ""explicit_boundary_term""}",exclude_from_three_target_lines,subquestion_integrated_boundary
2025_东城_期末,2025,东城,期末,19(2),19,subquestion,UNKNOWN_OR_MIXED,subjective,/Users/wanglifei/Desktop/2025模拟题/2025各区期末/2025东城期末/试卷/试卷.pdf,paper,blocked,04_module_classification/subquestion_split_matrix.csv,"{""target"": ""B2_ECONOMICS"", ""target_score"": 0, ""boundary"": ""B4_PHILOSOPHY_EXCLUDED"", ""boundary_score"": 0, ""matches"": {}}",manual_review_needed,subquestion_integrated_blocked
2025_东城_期末,2025,东城,期末,19(3),19,subquestion,UNKNOWN_OR_MIXED,subjective,/Users/wanglifei/Desktop/2025模拟题/2025各区期末/2025东城期末/试卷/试卷.pdf,paper,blocked,04_module_classification/subquestion_split_matrix.csv,"{""target"": ""B2_ECONOMICS"", ""target_score"": 0, ""boundary"": ""B4_PHILOSOPHY_EXCLUDED"", ""boundary_score"": 0, ""matches"": {}}",manual_review_needed,subquestion_integrated_blocked
2025_东城_期末,2025,东城,期末,2,,question,XB2_EXCLUDED,objective,/Users/wanglifei/Desktop/2025模拟题/2025各区期末/2025东城期末/试卷/试卷.pdf,paper,module-boundary-excluded,/Users/wanglifei/Desktop/北京高考政治/reports/必修二三与必修四文化_题源分类准备_20260617_1301/03_question_index/question_candidates.csv,"{""target"": ""B3_POLITICS_RULE_OF_LAW"", ""target_score"": 9, ""boundary"": ""XB2_EXCLUDED"", ""boundary_score"": 31, ""matches"": {""B3_POLITICS_RULE_OF_LAW"": ""中国共产党,行政机关,法院,司法机关,boost:中国共产党"", ""B4_CULTURE"": ""文化"", ""B4_PHILOSOPHY_EXCLUDED"": ""实践,认识,整体与部分,发展的观点,事物发展,矛盾,辩证否定,boost:整体与部分,boost:发展的观点,boost:矛盾,boost:辩证否定"", ""XB2_EXCLUDED"": ""侵权,知识产权,诉讼,举证,民事,民事诉讼,侵权责任,boost:侵权,boost:知识产权,boost:诉讼,boost:举证,boost:民事"", ""XB3_EXCLUDED"": ""科学思维,辩证思维,boost:科学思维,boost:辩证思维"", ""B1_EXCLUDED"": ""中国特色社会主义,改革开放""}, ""explicit_boundary_modules"": {""XB2_EXCLUDED"": [""侵权"", ""知识产权"", ""诉讼"", ""民事""], ""XB3_EXCLUDED"": [""科学思维"", ""辩证思维""], ""B4_PHILOSOPHY_EXCLUDED"": [""整体与部分"", ""辩证否定""]}, ""override"": ""explicit_boundary_term""}",exclude_from_three_target_lines,main_matrix_original
2025_东城_期末,2025,东城,期末,20,,question,XB1_EXCLUDED,subjective,/Users/wanglifei/Desktop/2025模拟题/2025各区期末/2025东城期末/试卷/试卷.pdf,paper,module-boundary-excluded,/Users/wanglifei/Desktop/北京高考政治/reports/必修二三与必修四文化_题源分类准备_20260617_1301/03_question_index/question_candidates.csv,"{""target"": ""B2_ECONOMICS"", ""target_score"": 0, ""boundary"": ""XB1_EXCLUDED"", ""boundary_score"": 17, ""matches"": {""B4_PHILOSOPHY_EXCLUDED"": ""认识"", ""XB1_EXCLUDED"": ""当代国际政治与经济,国家利益,经济全球化,主权国家,对外开放,boost:当代国际政治与经济,boost:国家利益,boost:经济全球化,boost:主权国家"", ""XB3_EXCLUDED"": ""发散思维,boost:发散思维""}, ""explicit_boundary_modules"": {""XB1_EXCLUDED"": [""当代国际政治与经济"", ""经济全球化"", ""国家利益""]}, ""override"": ""explicit_boundary_term""}",exclude_from_three_target_lines,main_matrix_original
2025_东城_期末,2025,东城,期末,21,,question,B4_PHILOSOPHY_EXCLUDED,subjective,/Users/wanglifei/Desktop/2025模拟题/2025各区期末/2025东城期末/试卷/试卷.pdf,paper,module-boundary-excluded,/Users/wanglifei/Desktop/北京高考政治/reports/必修二三与必修四文化_题源分类准备_20260617_1301/03_question_index/question_candidates.csv,"{""target"": ""B4_CULTURE"", ""target_score"": 10, ""boundary"": ""B4_PHILOSOPHY_EXCLUDED"", ""boundary_score"": 8, ""matches"": {""B2_ECONOMICS"": ""就业,boost:就业"", ""B3_POLITICS_RULE_OF_LAW"": ""中国共产党,党的领导,人民当家作主,政府,全国人大,公共服务,boost:中国共产党,boost:党的领导,boost:全国人大"", ""B4_CULTURE"": ""文化,中华优秀传统文化,优秀传统文化,传统文化,博物馆,boost:中华优秀传统文化,boost:优秀传统文化,boost:传统文化,boost:博物馆"", ""B4_PHILOSOPHY_EXCLUDED"": ""实践,人民群众,价值选择,boost:人民群众,boost:价值选择""}, ""explicit_boundary_modules"": {""B4_PHILOSOPHY_EXCLUDED"": [""价值选择""]}, ""override"": ""explicit_boundary_term""}",exclude_from_three_target_lines,main_matrix_original
2025_东城_期末,2025,东城,期末,3,,question,B4_CULTURE,objective,/Users/wanglifei/Desktop/2025模拟题/2025各区期末/2025东城期末/试卷/试卷.pdf,paper,included,/Users/wanglifei/Desktop/北京高考政治/reports/必修二三与必修四文化_题源分类准备_20260617_1301/03_question_index/question_candidates.csv,"{""target"": ""B4_CULTURE"", ""target_score"": 7, ""boundary"": ""B4_PHILOSOPHY_EXCLUDED"", ""boundary_score"": 1, ""matches"": {""B4_CULTURE"": ""文化"", ""B4_PHILOSOPHY_EXCLUDED"": ""认识""}}",future_baodian_intake,main_matrix_original
2025_东城_期末,2025,东城,期末,4,,question,B4_CULTURE,objective,/Users/wanglifei/Desktop/2025模拟题/2025各区期末/2025东城期末/试卷/试卷.pdf,paper,included,/Users/wanglifei/Desktop/北京高考政治/reports/必修二三与必修四文化_题源分类准备_20260617_1301/03_question_index/question_candidates.csv,"{""target"": ""B4_CULTURE"", ""target_score"": 3, ""boundary"": ""B4_PHILOSOPHY_EXCLUDED"", ""boundary_score"": 2, ""matches"": {""B4_CULTURE"": ""文化,传统文化,boost:传统文化"", ""B4_PHILOSOPHY_EXCLUDED"": ""矛盾,boost:矛盾""}}",future_baodian_intake,main_matrix_original
2025_东城_期末,2025,东城,期末,5,,question,XB3_EXCLUDED,objective,/Users/wanglifei/Desktop/2025模拟题/2025各区期末/2025东城期末/试卷/试卷.pdf,paper,module-boundary-excluded,/Users/wanglifei/Desktop/北京高考政治/reports/必修二三与必修四文化_题源分类准备_20260617_1301/03_question_index/question_candidates.csv,"{""target"": ""B2_ECONOMICS"", ""target_score"": 0, ""boundary"": ""B4_PHILOSOPHY_EXCLUDED"", ""boundary_score"": 5, ""matches"": {""B4_PHILOSOPHY_EXCLUDED"": ""实践,认识,事物发展,矛盾,boost:矛盾"", ""XB3_EXCLUDED"": ""辩证思维,boost:辩证思维""}, ""explicit_boundary_modules"": {""XB3_EXCLUDED"": [""辩证思维""]}, ""override"": ""explicit_boundary_term""}",exclude_from_three_target_lines,main_matrix_original
2025_东城_期末,2025,东城,期末,6,,question,B3_POLITICS_RULE_OF_LAW,objective,/Users/wanglifei/Desktop/2025模拟题/2025各区期末/2025东城期末/试卷/试卷.pdf,paper,included,/Users/wanglifei/Desktop/北京高考政治/reports/必修二三与必修四文化_题源分类准备_20260617_1301/03_question_index/question_candidates.csv,"{""target"": ""B3_POLITICS_RULE_OF_LAW"", ""target_score"": 21, ""boundary"": ""B4_PHILOSOPHY_EXCLUDED"", ""boundary_score"": 0, ""matches"": {""B3_POLITICS_RULE_OF_LAW"": ""党的领导,人民代表大会,全国人大,立法权,科学立法,boost:党的领导,boost:人民代表大会,boost:全国人大,boost:科学立法""}}",future_baodian_intake,main_matrix_original
2025_东城_期末,2025,东城,期末,7,,question,XB3_EXCLUDED,objective,/Users/wanglifei/Desktop/2025模拟题/2025各区期末/2025东城期末/试卷/试卷.pdf,paper,module-boundary-excluded,/Users/wanglifei/Desktop/北京高考政治/reports/必修二三与必修四文化_题源分类准备_20260617_1301/03_question_index/question_candidates.csv,"{""target"": ""B2_ECONOMICS"", ""target_score"": 29, ""boundary"": ""XB3_EXCLUDED"", ""boundary_score"": 2, ""matches"": {""B2_ECONOMICS"": ""市场经济,宏观调控,财政,消费,营商环境,就业,市场主体,生产要素,经济增长,boost:市场经济,boost:宏观调控,boost:财政"", ""B3_POLITICS_RULE_OF_LAW"": ""政府"", ""XB3_EXCLUDED"": ""推理,boost:推理""}, ""explicit_boundary_modules"": {""XB3_EXCLUDED"": [""推理""]}, ""override"": ""explicit_boundary_term""}",exclude_from_three_target_lines,main_matrix_original
2025_东城_期末,2025,东城,期末,8,,question,XB1_EXCLUDED,objective,/Users/wanglifei/Desktop/2025模拟题/2025各区期末/2025东城期末/试卷/试卷.pdf,paper,module-boundary-excluded,/Users/wanglifei/Desktop/北京高考政治/reports/必修二三与必修四文化_题源分类准备_20260617_1301/03_question_index/question_candidates.csv,"{""target"": ""B2_ECONOMICS"", ""target_score"": 2, ""boundary"": ""XB1_EXCLUDED"", ""boundary_score"": 6, ""matches"": {""B2_ECONOMICS"": ""市场经济,boost:市场经济"", ""XB1_EXCLUDED"": ""经济全球化,对外开放,boost:经济全球化"", ""XB3_EXCLUDED"": ""必要条件,boost:必要条件""}, ""explicit_boundary_modules"": {""XB1_EXCLUDED"": [""经济全球化""], ""XB3_EXCLUDED"": [""必要条件""]}, ""override"": ""explicit_boundary_term""}",exclude_from_three_target_lines,main_matrix_original
2025_东城_期末,2025,东城,期末,9,,question,XB1_EXCLUDED,objective,/Users/wanglifei/Desktop/2025模拟题/2025各区期末/2025东城期末/试卷/试卷.pdf,paper,module-boundary-excluded,/Users/wanglifei/Desktop/北京高考政治/reports/必修二三与必修四文化_题源分类准备_20260617_1301/03_question_index/question_candidates.csv,"{""target"": ""B2_ECONOMICS"", ""target_score"": 0, ""boundary"": ""XB1_EXCLUDED"", ""boundary_score"": 17, ""matches"": {""B4_PHILOSOPHY_EXCLUDED"": ""社会存在,boost:社会存在"", ""XB1_EXCLUDED"": ""国际关系,联合国,和平与发展,国际组织,金砖,boost:国际关系,boost:联合国,boost:和平与发展,boost:国际组织,boost:金砖""}, ""explicit_boundary_modules"": {""XB1_EXCLUDED"": [""国际关系"", ""联合国"", ""国际组织""], ""B4_PHILOSOPHY_EXCLUDED"": [""社会存在""]}, ""override"": ""explicit_boundary_term""}",exclude_from_three_target_lines,main_matrix_original
2025_丰台_一模,2025,丰台,一模,1,,question,B4_CULTURE,objective,/Users/wanglifei/Desktop/2025模拟题/2025各区一模/2025丰台一模/试卷/试卷.pdf,paper,included,/Users/wanglifei/Desktop/北京高考政治/reports/必修二三与必修四文化_题源分类准备_20260617_1301/03_question_index/question_candidates.csv,"{""target"": ""B4_CULTURE"", ""target_score"": 10, ""boundary"": ""XB2_EXCLUDED"", ""boundary_score"": 2, ""matches"": {""B3_POLITICS_RULE_OF_LAW"": ""中国共产党,boost:中国共产党"", ""B4_CULTURE"": ""文化,革命文化,文旅,精神谱系,红色基因,boost:革命文化,boost:文旅,boost:精神谱系,boost:红色基因"", ""B4_PHILOSOPHY_EXCLUDED"": ""实践"", ""XB2_EXCLUDED"": ""继承,boost:继承""}}",future_baodian_intake,main_matrix_original
2025_丰台_一模,2025,丰台,一模,10,,question,XB2_EXCLUDED,objective,/Users/wanglifei/Desktop/2025模拟题/2025各区一模/2025丰台一模/试卷/试卷.pdf,paper,module-boundary-excluded,/Users/wanglifei/Desktop/北京高考政治/reports/必修二三与必修四文化_题源分类准备_20260617_1301/03_question_index/question_candidates.csv,"{""target"": ""B2_ECONOMICS"", ""target_score"": 6, ""boundary"": ""XB2_EXCLUDED"", ""boundary_score"": 6, ""matches"": {""B2_ECONOMICS"": ""就业,劳动者,boost:就业"", ""B3_POLITICS_RULE_OF_LAW"": ""检察,法院"", ""B4_PHILOSOPHY_EXCLUDED"": ""认识"", ""XB2_EXCLUDED"": ""合同,诉讼,boost:合同,boost:诉讼""}, ""explicit_boundary_modules"": {""XB2_EXCLUDED"": [""合同"", ""诉讼""]}, ""override"": ""explicit_boundary_term""}",exclude_from_three_target_lines,main_matrix_original
2025_丰台_一模,2025,丰台,一模,11,,question,XB2_EXCLUDED,objective,/Users/wanglifei/Desktop/2025模拟题/2025各区一模/2025丰台一模/试卷/试卷.pdf,paper,module-boundary-excluded,/Users/wanglifei/Desktop/北京高考政治/reports/必修二三与必修四文化_题源分类准备_20260617_1301/03_question_index/question_candidates.csv,"{""target"": ""B3_POLITICS_RULE_OF_LAW"", ""target_score"": 3, ""boundary"": ""XB2_EXCLUDED"", ""boundary_score"": 8, ""matches"": {""B3_POLITICS_RULE_OF_LAW"": ""法院"", ""XB2_EXCLUDED"": ""合同,赔偿,违约,boost:合同,boost:违约""}, ""explicit_boundary_modules"": {""XB2_EXCLUDED"": [""合同""]}, ""override"": ""explicit_boundary_term""}",exclude_from_three_target_lines,main_matrix_original
2025_丰台_一模,2025,丰台,一模,12,,question,XB3_EXCLUDED,objective,/Users/wanglifei/Desktop/2025模拟题/2025各区一模/2025丰台一模/试卷/试卷.pdf,paper,module-boundary-excluded,/Users/wanglifei/Desktop/北京高考政治/reports/必修二三与必修四文化_题源分类准备_20260617_1301/03_question_index/question_candidates.csv,"{""target"": ""B2_ECONOMICS"", ""target_score"": 0, ""boundary"": ""XB3_EXCLUDED"", ""boundary_score"": 2, ""matches"": {""XB3_EXCLUDED"": ""推理,boost:推理""}, ""explicit_boundary_modules"": {""XB3_EXCLUDED"": [""推理""]}, ""override"": ""explicit_boundary_term""}",exclude_from_three_target_lines,main_matrix_original
2025_丰台_一模,2025,丰台,一模,13,,question,UNKNOWN_OR_MIXED,objective,/Users/wanglifei/Desktop/2025模拟题/2025各区一模/2025丰台一模/试卷/试卷.pdf,paper,blocked,/Users/wanglifei/Desktop/北京高考政治/reports/必修二三与必修四文化_题源分类准备_20260617_1301/03_question_index/question_candidates.csv,"{""target"": ""B2_ECONOMICS"", ""target_score"": 0, ""boundary"": ""B4_PHILOSOPHY_EXCLUDED"", ""boundary_score"": 0, ""matches"": {}}",manual_review_needed,main_matrix_original
2025_丰台_一模,2025,丰台,一模,14,,question,B4_CULTURE,objective,/Users/wanglifei/Desktop/2025模拟题/2025各区一模/2025丰台一模/试卷/试卷.pdf,paper,included,/Users/wanglifei/Desktop/北京高考政治/reports/必修二三与必修四文化_题源分类准备_20260617_1301/03_question_index/question_candidates.csv,"{""target"": ""B4_CULTURE"", ""target_score"": 13, ""boundary"": ""XB3_EXCLUDED"", ""boundary_score"": 4, ""matches"": {""B4_CULTURE"": ""文化,大运河,中华文明,boost:大运河,boost:中华文明"", ""XB3_EXCLUDED"": ""周延,boost:周延""}}",future_baodian_intake,main_matrix_original
2025_丰台_一模,2025,丰台,一模,15,,question,XB1_EXCLUDED,objective,/Users/wanglifei/Desktop/2025模拟题/2025各区一模/2025丰台一模/试卷/试卷.pdf,paper,module-boundary-excluded,/Users/wanglifei/Desktop/北京高考政治/reports/必修二三与必修四文化_题源分类准备_20260617_1301/03_question_index/question_candidates.csv,"{""target"": ""B2_ECONOMICS"", ""target_score"": 0, ""boundary"": ""XB1_EXCLUDED"", ""boundary_score"": 12, ""matches"": {""XB1_EXCLUDED"": ""国际关系,中国外交,全球治理,和平与发展,人类命运共同体,外交,boost:国际关系,boost:中国外交,boost:全球治理,boost:和平与发展,boost:人类命运共同体,boost:外交""}, ""explicit_boundary_modules"": {""XB1_EXCLUDED"": [""国际关系"", ""全球治理"", ""人类命运共同体""]}, ""override"": ""explicit_boundary_term""}",exclude_from_three_target_lines,main_matrix_original
2025_丰台_一模,2025,丰台,一模,16,,question,B4_CULTURE,subjective,/Users/wanglifei/Desktop/2025模拟题/2025各区一模/2025丰台一模/试卷/试卷.pdf,paper,included,/Users/wanglifei/Desktop/北京高考政治/reports/必修二三与必修四文化_题源分类准备_20260617_1301/03_question_index/question_candidates.csv,"{""target"": ""B4_CULTURE"", ""target_score"": 10, ""boundary"": ""B4_PHILOSOPHY_EXCLUDED"", ""boundary_score"": 0, ""matches"": {""B4_CULTURE"": ""文化,中华优秀传统文化,优秀传统文化,传统文化,社会主义核心价值观,boost:中华优秀传统文化,boost:优秀传统文化,boost:传统文化,boost:社会主义核心价值观""}}",future_baodian_intake,main_matrix_original
2025_丰台_一模,2025,丰台,一模,17,,question,B3_POLITICS_RULE_OF_LAW,subjective,/Users/wanglifei/Desktop/2025模拟题/2025各区一模/2025丰台一模/试卷/试卷.pdf,paper,included,/Users/wanglifei/Desktop/北京高考政治/reports/必修二三与必修四文化_题源分类准备_20260617_1301/03_question_index/question_candidates.csv,"{""target"": ""B3_POLITICS_RULE_OF_LAW"", ""target_score"": 18, ""boundary"": ""B4_PHILOSOPHY_EXCLUDED"", ""boundary_score"": 4, ""matches"": {""B3_POLITICS_RULE_OF_LAW"": ""政治与法治,中国共产党,人民代表大会,人大代表,政协,协商民主,全过程人民民主,全国人大,boost:政治与法治,boost:中国共产党,boost:人民代表大会,boost:人大代表"", ""B4_CULTURE"": ""文化,中华优秀传统文化,优秀传统文化,传统文化,boost:中华优秀传统文化,boost:优秀传统文化,boost:传统文化"", ""B4_PHILOSOPHY_EXCLUDED"": ""实践""}}",future_baodian_intake,main_matrix_original
2025_丰台_一模,2025,丰台,一模,18,,question,XB3_EXCLUDED,subjective,/Users/wanglifei/Desktop/2025模拟题/2025各区一模/2025丰台一模/试卷/试卷.pdf,paper,module-boundary-excluded,/Users/wanglifei/Desktop/北京高考政治/reports/必修二三与必修四文化_题源分类准备_20260617_1301/03_question_index/question_candidates.csv,"{""target"": ""B2_ECONOMICS"", ""target_score"": 11, ""boundary"": ""B4_PHILOSOPHY_EXCLUDED"", ""boundary_score"": 4, ""matches"": {""B2_ECONOMICS"": ""新质生产力,产业链,供应链,就业,劳动者,生产要素,boost:新质生产力,boost:产业链,boost:供应链,boost:就业,boost:生产要素"", ""B4_PHILOSOPHY_EXCLUDED"": ""实践,认识,矛盾,boost:矛盾"", ""XB3_EXCLUDED"": ""科学思维,boost:科学思维""}, ""explicit_boundary_modules"": {""XB3_EXCLUDED"": [""科学思维""]}, ""override"": ""explicit_boundary_term""}",exclude_from_three_target_lines,main_matrix_original
2025_丰台_一模,2025,丰台,一模,19,,question,XB2_EXCLUDED,subjective,/Users/wanglifei/Desktop/2025模拟题/2025各区一模/2025丰台一模/试卷/试卷.pdf,paper,module-boundary-excluded,/Users/wanglifei/Desktop/北京高考政治/reports/必修二三与必修四文化_题源分类准备_20260617_1301/03_question_index/question_candidates.csv,"{""target"": ""B3_POLITICS_RULE_OF_LAW"", ""target_score"": 4, ""boundary"": ""XB2_EXCLUDED"", ""boundary_score"": 19, ""matches"": {""B3_POLITICS_RULE_OF_LAW"": ""法院"", ""XB2_EXCLUDED"": ""侵权,知识产权,诉讼,民事,赔偿,专利,上诉,boost:侵权,boost:知识产权,boost:诉讼,boost:民事,boost:专利""}, ""explicit_boundary_modules"": {""XB2_EXCLUDED"": [""侵权"", ""知识产权"", ""诉讼"", ""民事"", ""专利""]}, ""override"": ""explicit_boundary_term""}",exclude_from_three_target_lines,main_matrix_original
2025_丰台_一模,2025,丰台,一模,2,,question,UNKNOWN_OR_MIXED,objective,/Users/wanglifei/Desktop/2025模拟题/2025各区一模/2025丰台一模/试卷/试卷.pdf,paper,blocked,/Users/wanglifei/Desktop/北京高考政治/reports/必修二三与必修四文化_题源分类准备_20260617_1301/03_question_index/question_candidates.csv,"{""target"": ""B2_ECONOMICS"", ""target_score"": 0, ""boundary"": ""B4_PHILOSOPHY_EXCLUDED"", ""boundary_score"": 0, ""matches"": {}}",manual_review_needed,main_matrix_original
2025_丰台_一模,2025,丰台,一模,20,,question,UNKNOWN_OR_MIXED,subjective,/Users/wanglifei/Desktop/2025模拟题/2025各区一模/2025丰台一模/试卷/试卷.pdf,paper,blocked,/Users/wanglifei/Desktop/北京高考政治/reports/必修二三与必修四文化_题源分类准备_20260617_1301/03_question_index/question_candidates.csv,"{""target"": ""B2_ECONOMICS"", ""target_score"": 6, ""boundary"": ""XB1_EXCLUDED"", ""boundary_score"": 3, ""matches"": {""B2_ECONOMICS"": ""经济与社会,高质量发展,营商环境,boost:经济与社会,boost:高质量发展,boost:营商环境"", ""XB1_EXCLUDED"": ""当代国际政治与经济,对外开放,boost:当代国际政治与经济"", ""B1_EXCLUDED"": ""改革开放""}, ""explicit_target_modules"": {""B2_ECONOMICS"": [""经济与社会""]}, ""explicit_boundary_modules"": {""XB1_EXCLUDED"": [""当代国际政治与经济""]}, ""override"": ""manual_subquestion_split_needed""}",manual_subquestion_split_needed,main_matrix_original
2025_丰台_一模,2025,丰台,一模,21,,question,B2_ECONOMICS,subjective,/Users/wanglifei/Desktop/2025模拟题/2025各区一模/2025丰台一模/试卷/试卷.pdf,paper,included,/Users/wanglifei/Desktop/北京高考政治/reports/必修二三与必修四文化_题源分类准备_20260617_1301/03_question_index/question_candidates.csv,"{""target"": ""B2_ECONOMICS"", ""target_score"": 2, ""boundary"": ""XB1_EXCLUDED"", ""boundary_score"": 1, ""matches"": {""B2_ECONOMICS"": ""新发展理念,boost:新发展理念"", ""B3_POLITICS_RULE_OF_LAW"": ""党的领导,boost:党的领导"", ""XB1_EXCLUDED"": ""对外开放"", ""B1_EXCLUDED"": ""中国特色社会主义""}}",future_baodian_intake,main_matrix_original
2025_丰台_一模,2025,丰台,一模,3,,question,B4_CULTURE,objective,/Users/wanglifei/Desktop/2025模拟题/2025各区一模/2025丰台一模/试卷/试卷.pdf,paper,included,/Users/wanglifei/Desktop/北京高考政治/reports/必修二三与必修四文化_题源分类准备_20260617_1301/03_question_index/question_candidates.csv,"{""target"": ""B4_CULTURE"", ""target_score"": 9, ""boundary"": ""B4_PHILOSOPHY_EXCLUDED"", ""boundary_score"": 0, ""matches"": {""B4_CULTURE"": ""文化,中华优秀传统文化,优秀传统文化,传统文化,boost:中华优秀传统文化,boost:优秀传统文化,boost:传统文化""}}",future_baodian_intake,main_matrix_original
2025_丰台_一模,2025,丰台,一模,4,,question,B2_ECONOMICS,objective,/Users/wanglifei/Desktop/2025模拟题/2025各区一模/2025丰台一模/试卷/试卷.pdf,paper,included,/Users/wanglifei/Desktop/北京高考政治/reports/必修二三与必修四文化_题源分类准备_20260617_1301/03_question_index/question_candidates.csv,"{""target"": ""B2_ECONOMICS"", ""target_score"": 3, ""boundary"": ""B4_PHILOSOPHY_EXCLUDED"", ""boundary_score"": 1, ""matches"": {""B2_ECONOMICS"": ""基础设施"", ""B4_PHILOSOPHY_EXCLUDED"": ""实践""}}",future_baodian_intake,main_matrix_original
2025_丰台_一模,2025,丰台,一模,5,,question,B3_POLITICS_RULE_OF_LAW,objective,/Users/wanglifei/Desktop/2025模拟题/2025各区一模/2025丰台一模/试卷/试卷.pdf,paper,included,/Users/wanglifei/Desktop/北京高考政治/reports/必修二三与必修四文化_题源分类准备_20260617_1301/03_question_index/question_candidates.csv,"{""target"": ""B3_POLITICS_RULE_OF_LAW"", ""target_score"": 9, ""boundary"": ""B4_PHILOSOPHY_EXCLUDED"", ""boundary_score"": 0, ""matches"": {""B3_POLITICS_RULE_OF_LAW"": ""基层群众自治,党组织,基层治理,社会治理,boost:基层群众自治,boost:党组织,boost:基层治理""}}",future_baodian_intake,main_matrix_original
2025_丰台_一模,2025,丰台,一模,6,,question,B2_ECONOMICS,objective,/Users/wanglifei/Desktop/2025模拟题/2025各区一模/2025丰台一模/试卷/试卷.pdf,paper,included,/Users/wanglifei/Desktop/北京高考政治/reports/必修二三与必修四文化_题源分类准备_20260617_1301/03_question_index/question_candidates.csv,"{""target"": ""B2_ECONOMICS"", ""target_score"": 5, ""boundary"": ""B4_PHILOSOPHY_EXCLUDED"", ""boundary_score"": 0, ""matches"": {""B2_ECONOMICS"": ""营商环境,数据要素,boost:营商环境,boost:数据要素"", ""B3_POLITICS_RULE_OF_LAW"": ""政府""}}",future_baodian_intake,main_matrix_original
2025_丰台_一模,2025,丰台,一模,7,,question,B2_ECONOMICS,objective,/Users/wanglifei/Desktop/2025模拟题/2025各区一模/2025丰台一模/试卷/试卷.pdf,paper,included,/Users/wanglifei/Desktop/北京高考政治/reports/必修二三与必修四文化_题源分类准备_20260617_1301/03_question_index/question_candidates.csv,"{""target"": ""B2_ECONOMICS"", ""target_score"": 4, ""boundary"": ""B4_PHILOSOPHY_EXCLUDED"", ""boundary_score"": 0, ""matches"": {""B2_ECONOMICS"": ""国有经济,新质生产力,boost:国有经济,boost:新质生产力"", ""B3_POLITICS_RULE_OF_LAW"": ""政府""}}",future_baodian_intake,main_matrix_original
2025_丰台_一模,2025,丰台,一模,8,,question,B2_ECONOMICS,objective,/Users/wanglifei/Desktop/2025模拟题/2025各区一模/2025丰台一模/试卷/试卷.pdf,paper,included,/Users/wanglifei/Desktop/北京高考政治/reports/必修二三与必修四文化_题源分类准备_20260617_1301/03_question_index/question_candidates.csv,"{""target"": ""B2_ECONOMICS"", ""target_score"": 5, ""boundary"": ""B4_PHILOSOPHY_EXCLUDED"", ""boundary_score"": 0, ""matches"": {""B2_ECONOMICS"": ""财政,消费,boost:财政"", ""B3_POLITICS_RULE_OF_LAW"": ""政府""}}",future_baodian_intake,main_matrix_original
2025_丰台_一模,2025,丰台,一模,9,,question,B3_POLITICS_RULE_OF_LAW,objective,/Users/wanglifei/Desktop/2025模拟题/2025各区一模/2025丰台一模/试卷/试卷.pdf,paper,included,/Users/wanglifei/Desktop/北京高考政治/reports/必修二三与必修四文化_题源分类准备_20260617_1301/03_question_index/question_candidates.csv,"{""target"": ""B3_POLITICS_RULE_OF_LAW"", ""target_score"": 3, ""boundary"": ""B4_PHILOSOPHY_EXCLUDED"", ""boundary_score"": 1, ""matches"": {""B3_POLITICS_RULE_OF_LAW"": ""政府"", ""B4_PHILOSOPHY_EXCLUDED"": ""认识""}}",future_baodian_intake,main_matrix_original
2025_丰台_二模,2025,丰台,二模,1,,question,XB1_EXCLUDED,objective,/Users/wanglifei/Desktop/2025模拟题/2025各区二模/2025丰台二模/试卷/试卷.pdf,paper,module-boundary-excluded,/Users/wanglifei/Desktop/北京高考政治/reports/必修二三与必修四文化_题源分类准备_20260617_1301/03_question_index/question_candidates.csv,"{""target"": ""B2_ECONOMICS"", ""target_score"": 4, ""boundary"": ""XB1_EXCLUDED"", ""boundary_score"": 5, ""matches"": {""B2_ECONOMICS"": ""产业链,供应链,boost:产业链,boost:供应链"", ""XB1_EXCLUDED"": ""经济全球化,对外开放,国际贸易,boost:经济全球化,boost:国际贸易"", ""B1_EXCLUDED"": ""中国特色社会主义""}, ""explicit_boundary_modules"": {""XB1_EXCLUDED"": [""经济全球化""]}, ""override"": ""explicit_boundary_term""}",exclude_from_three_target_lines,main_matrix_original
2025_丰台_二模,2025,丰台,二模,10,,question,XB2_EXCLUDED,objective,/Users/wanglifei/Desktop/2025模拟题/2025各区二模/2025丰台二模/试卷/试卷.pdf,paper,module-boundary-excluded,/Users/wanglifei/Desktop/北京高考政治/reports/必修二三与必修四文化_题源分类准备_20260617_1301/03_question_index/question_candidates.csv,"{""target"": ""B2_ECONOMICS"", ""target_score"": 1, ""boundary"": ""XB2_EXCLUDED"", ""boundary_score"": 13, ""matches"": {""B2_ECONOMICS"": ""市场主体"", ""B3_POLITICS_RULE_OF_LAW"": ""法院"", ""XB2_EXCLUDED"": ""诉讼,调解,举证,违约,boost:诉讼,boost:调解,boost:举证,boost:违约""}, ""explicit_boundary_modules"": {""XB2_EXCLUDED"": [""诉讼""]}, ""override"": ""explicit_boundary_term""}",exclude_from_three_target_lines,main_matrix_original
2025_丰台_二模,2025,丰台,二模,11,,question,XB2_EXCLUDED,objective,/Users/wanglifei/Desktop/2025模拟题/2025各区二模/2025丰台二模/试卷/试卷.pdf,paper,module-boundary-excluded,/Users/wanglifei/Desktop/北京高考政治/reports/必修二三与必修四文化_题源分类准备_20260617_1301/03_question_index/question_candidates.csv,"{""target"": ""B3_POLITICS_RULE_OF_LAW"", ""target_score"": 1, ""boundary"": ""XB2_EXCLUDED"", ""boundary_score"": 3, ""matches"": {""B3_POLITICS_RULE_OF_LAW"": ""政府"", ""XB2_EXCLUDED"": ""物权,赔偿,boost:物权""}, ""explicit_boundary_modules"": {""XB2_EXCLUDED"": [""物权""]}, ""override"": ""explicit_boundary_term""}",exclude_from_three_target_lines,main_matrix_original
2025_丰台_二模,2025,丰台,二模,12,,question,XB3_EXCLUDED,objective,/Users/wanglifei/Desktop/2025模拟题/2025各区二模/2025丰台二模/试卷/试卷.pdf,paper,module-boundary-excluded,/Users/wanglifei/Desktop/北京高考政治/reports/必修二三与必修四文化_题源分类准备_20260617_1301/03_question_index/question_candidates.csv,"{""target"": ""B2_ECONOMICS"", ""target_score"": 0, ""boundary"": ""XB3_EXCLUDED"", ""boundary_score"": 8, ""matches"": {""XB2_EXCLUDED"": ""合同,专利,boost:合同,boost:专利"", ""XB3_EXCLUDED"": ""辩证思维,逆向思维,推理,演绎推理,boost:辩证思维,boost:逆向思维,boost:推理,boost:演绎推理""}, ""explicit_boundary_modules"": {""XB2_EXCLUDED"": [""合同"", ""专利""], ""XB3_EXCLUDED"": [""辩证思维"", ""推理""]}, ""override"": ""explicit_boundary_term""}",exclude_from_three_target_lines,main_matrix_original
2025_丰台_二模,2025,丰台,二模,13,,question,XB3_EXCLUDED,objective,/Users/wanglifei/Desktop/2025模拟题/2025各区二模/2025丰台二模/试卷/试卷.pdf,paper,module-boundary-excluded,/Users/wanglifei/Desktop/北京高考政治/reports/必修二三与必修四文化_题源分类准备_20260617_1301/03_question_index/question_candidates.csv,"{""target"": ""B2_ECONOMICS"", ""target_score"": 0, ""boundary"": ""XB3_EXCLUDED"", ""boundary_score"": 4, ""matches"": {""XB1_EXCLUDED"": ""国际关系,boost:国际关系"", ""XB3_EXCLUDED"": ""推理,boost:推理""}, ""explicit_boundary_modules"": {""XB1_EXCLUDED"": [""国际关系""], ""XB3_EXCLUDED"": [""推理""]}, ""override"": ""explicit_boundary_term""}",exclude_from_three_target_lines,main_matrix_original
2025_丰台_二模,2025,丰台,二模,14,,question,XB3_EXCLUDED,objective,/Users/wanglifei/Desktop/2025模拟题/2025各区二模/2025丰台二模/试卷/试卷.pdf,paper,module-boundary-excluded,/Users/wanglifei/Desktop/北京高考政治/reports/必修二三与必修四文化_题源分类准备_20260617_1301/03_question_index/question_candidates.csv,"{""target"": ""B2_ECONOMICS"", ""target_score"": 0, ""boundary"": ""B4_PHILOSOPHY_EXCLUDED"", ""boundary_score"": 5, ""matches"": {""B4_PHILOSOPHY_EXCLUDED"": ""认识,矛盾,boost:矛盾"", ""XB3_EXCLUDED"": ""辩证思维,boost:辩证思维""}, ""explicit_boundary_modules"": {""XB3_EXCLUDED"": [""辩证思维""]}, ""override"": ""explicit_boundary_term""}",exclude_from_three_target_lines,main_matrix_original
2025_丰台_二模,2025,丰台,二模,15,,question,B2_ECONOMICS,objective,/Users/wanglifei/Desktop/2025模拟题/2025各区二模/2025丰台二模/试卷/试卷.pdf,paper,included,/Users/wanglifei/Desktop/北京高考政治/reports/必修二三与必修四文化_题源分类准备_20260617_1301/03_question_index/question_candidates.csv,"{""target"": ""B2_ECONOMICS"", ""target_score"": 3, ""boundary"": ""B4_PHILOSOPHY_EXCLUDED"", ""boundary_score"": 0, ""matches"": {""B2_ECONOMICS"": ""供应链,boost:供应链""}}",future_baodian_intake,main_matrix_original
2025_丰台_二模,2025,丰台,二模,16,,question,XB3_EXCLUDED,subjective,/Users/wanglifei/Desktop/2025模拟题/2025各区二模/2025丰台二模/试卷/试卷.pdf,paper,module-boundary-excluded,/Users/wanglifei/Desktop/北京高考政治/reports/必修二三与必修四文化_题源分类准备_20260617_1301/03_question_index/question_candidates.csv,"{""target"": ""B4_CULTURE"", ""target_score"": 10, ""boundary"": ""XB3_EXCLUDED"", ""boundary_score"": 4, ""matches"": {""B4_CULTURE"": ""文化,文化创新,文旅,boost:文化创新,boost:文旅"", ""B4_PHILOSOPHY_EXCLUDED"": ""实践"", ""XB3_EXCLUDED"": ""推理,三段论,boost:推理,boost:三段论""}, ""explicit_boundary_modules"": {""XB3_EXCLUDED"": [""三段论"", ""推理""]}, ""override"": ""explicit_boundary_term""}",exclude_from_three_target_lines,main_matrix_original
2025_丰台_二模,2025,丰台,二模,17,,question,B3_POLITICS_RULE_OF_LAW,subjective,/Users/wanglifei/Desktop/2025模拟题/2025各区二模/2025丰台二模/试卷/试卷.pdf,paper,included,/Users/wanglifei/Desktop/北京高考政治/reports/必修二三与必修四文化_题源分类准备_20260617_1301/03_question_index/question_candidates.csv,"{""target"": ""B3_POLITICS_RULE_OF_LAW"", ""target_score"": 31, ""boundary"": ""B4_PHILOSOPHY_EXCLUDED"", ""boundary_score"": 1, ""matches"": {""B3_POLITICS_RULE_OF_LAW"": ""中国共产党,党的领导,法治政府,政府,boost:中国共产党,boost:党的领导,boost:法治政府"", ""B4_PHILOSOPHY_EXCLUDED"": ""实践""}}",future_baodian_intake,main_matrix_original
2025_丰台_二模,2025,丰台,二模,18,,question,B2_ECONOMICS,subjective,/Users/wanglifei/Desktop/2025模拟题/2025各区二模/2025丰台二模/试卷/试卷.pdf,paper,included,/Users/wanglifei/Desktop/北京高考政治/reports/必修二三与必修四文化_题源分类准备_20260617_1301/03_question_index/question_candidates.csv,"{""target"": ""B2_ECONOMICS"", ""target_score"": 8, ""boundary"": ""B4_PHILOSOPHY_EXCLUDED"", ""boundary_score"": 0, ""matches"": {""B2_ECONOMICS"": ""经济与社会,消费,银发经济,boost:经济与社会,boost:银发经济"", ""B4_CULTURE"": ""文旅,boost:文旅""}}",future_baodian_intake,main_matrix_original
2025_丰台_二模,2025,丰台,二模,19,,question,XB3_EXCLUDED,subjective,/Users/wanglifei/Desktop/2025模拟题/2025各区二模/2025丰台二模/试卷/试卷.pdf,paper,module-boundary-excluded,/Users/wanglifei/Desktop/北京高考政治/reports/必修二三与必修四文化_题源分类准备_20260617_1301/03_question_index/question_candidates.csv,"{""target"": ""B2_ECONOMICS"", ""target_score"": 2, ""boundary"": ""XB3_EXCLUDED"", ""boundary_score"": 6, ""matches"": {""B2_ECONOMICS"": ""消费"", ""XB2_EXCLUDED"": ""侵权,boost:侵权"", ""XB3_EXCLUDED"": ""逻辑与思维,辩证思维,充分条件,boost:逻辑与思维,boost:辩证思维,boost:充分条件""}, ""explicit_boundary_modules"": {""XB2_EXCLUDED"": [""侵权""], ""XB3_EXCLUDED"": [""逻辑与思维"", ""辩证思维"", ""充分条件""]}, ""override"": ""explicit_boundary_term""}",exclude_from_three_target_lines,main_matrix_original
2025_丰台_二模,2025,丰台,二模,2,,question,B3_POLITICS_RULE_OF_LAW,objective,/Users/wanglifei/Desktop/2025模拟题/2025各区二模/2025丰台二模/试卷/试卷.pdf,paper,included,/Users/wanglifei/Desktop/北京高考政治/reports/必修二三与必修四文化_题源分类准备_20260617_1301/03_question_index/question_candidates.csv,"{""target"": ""B3_POLITICS_RULE_OF_LAW"", ""target_score"": 11, ""boundary"": ""B4_PHILOSOPHY_EXCLUDED"", ""boundary_score"": 0, ""matches"": {""B3_POLITICS_RULE_OF_LAW"": ""人大代表,基层群众自治,全过程人民民主,民主协商,人大常委会,boost:人大代表,boost:基层群众自治,boost:全过程人民民主,boost:人大常委会""}}",future_baodian_intake,main_matrix_original
2025_丰台_二模,2025,丰台,二模,20,,question,XB1_EXCLUDED,subjective,/Users/wanglifei/Desktop/2025模拟题/2025各区二模/2025丰台二模/试卷/试卷.pdf,paper,module-boundary-excluded,/Users/wanglifei/Desktop/北京高考政治/reports/必修二三与必修四文化_题源分类准备_20260617_1301/03_question_index/question_candidates.csv,"{""target"": ""B3_POLITICS_RULE_OF_LAW"", ""target_score"": 3, ""boundary"": ""XB1_EXCLUDED"", ""boundary_score"": 27, ""matches"": {""B3_POLITICS_RULE_OF_LAW"": ""法院"", ""XB1_EXCLUDED"": ""当代国际政治与经济,联合国,全球治理,人类命运共同体,国际组织,金砖,boost:当代国际政治与经济,boost:联合国,boost:全球治理,boost:人类命运共同体,boost:国际组织,boost:金砖"", ""XB2_EXCLUDED"": ""侵权,诉讼,boost:侵权,boost:诉讼""}, ""explicit_boundary_modules"": {""XB1_EXCLUDED"": [""当代国际政治与经济"", ""联合国"", ""全球治理"", ""人类命运共同体"", ""国际组织""], ""XB2_EXCLUDED"": [""侵权"", ""诉讼""]}, ""override"": ""explicit_boundary_term""}",exclude_from_three_target_lines,main_matrix_original
2025_丰台_二模,2025,丰台,二模,21,,question,XB1_EXCLUDED,subjective,/Users/wanglifei/Desktop/2025模拟题/2025各区二模/2025丰台二模/试卷/试卷.pdf,paper,module-boundary-excluded,/Users/wanglifei/Desktop/北京高考政治/reports/必修二三与必修四文化_题源分类准备_20260617_1301/03_question_index/question_candidates.csv,"{""target"": ""B3_POLITICS_RULE_OF_LAW"", ""target_score"": 7, ""boundary"": ""XB1_EXCLUDED"", ""boundary_score"": 3, ""matches"": {""B3_POLITICS_RULE_OF_LAW"": ""中国共产党,党的领导,全面从严治党,基层治理,boost:中国共产党,boost:党的领导,boost:基层治理"", ""XB1_EXCLUDED"": ""人类命运共同体,对外开放,boost:人类命运共同体""}, ""explicit_boundary_modules"": {""XB1_EXCLUDED"": [""人类命运共同体""]}, ""override"": ""explicit_boundary_term""}",exclude_from_three_target_lines,main_matrix_original
2025_丰台_二模,2025,丰台,二模,3,,question,B3_POLITICS_RULE_OF_LAW,objective,/Users/wanglifei/Desktop/2025模拟题/2025各区二模/2025丰台二模/试卷/试卷.pdf,paper,included,/Users/wanglifei/Desktop/北京高考政治/reports/必修二三与必修四文化_题源分类准备_20260617_1301/03_question_index/question_candidates.csv,"{""target"": ""B3_POLITICS_RULE_OF_LAW"", ""target_score"": 2, ""boundary"": ""B4_PHILOSOPHY_EXCLUDED"", ""boundary_score"": 0, ""matches"": {""B3_POLITICS_RULE_OF_LAW"": ""中国共产党,boost:中国共产党""}}",future_baodian_intake,main_matrix_original
2025_丰台_二模,2025,丰台,二模,4,,question,XB3_EXCLUDED,objective,/Users/wanglifei/Desktop/2025模拟题/2025各区二模/2025丰台二模/试卷/试卷.pdf,paper,module-boundary-excluded,/Users/wanglifei/Desktop/北京高考政治/reports/必修二三与必修四文化_题源分类准备_20260617_1301/03_question_index/question_candidates.csv,"{""target"": ""B2_ECONOMICS"", ""target_score"": 0, ""boundary"": ""XB3_EXCLUDED"", ""boundary_score"": 2, ""matches"": {""B4_PHILOSOPHY_EXCLUDED"": ""实践"", ""XB3_EXCLUDED"": ""想象,boost:想象""}, ""explicit_boundary_modules"": {""XB3_EXCLUDED"": [""想象""]}, ""override"": ""explicit_boundary_term""}",exclude_from_three_target_lines,main_matrix_original
2025_丰台_二模,2025,丰台,二模,5,,question,B4_PHILOSOPHY_EXCLUDED,objective,/Users/wanglifei/Desktop/2025模拟题/2025各区二模/2025丰台二模/试卷/试卷.pdf,paper,module-boundary-excluded,/Users/wanglifei/Desktop/北京高考政治/reports/必修二三与必修四文化_题源分类准备_20260617_1301/03_question_index/question_candidates.csv,"{""target"": ""B4_CULTURE"", ""target_score"": 1, ""boundary"": ""B4_PHILOSOPHY_EXCLUDED"", ""boundary_score"": 3, ""matches"": {""B4_CULTURE"": ""文化"", ""B4_PHILOSOPHY_EXCLUDED"": ""认识,人生价值,boost:人生价值""}}",exclude_from_three_target_lines,main_matrix_original
2025_丰台_二模,2025,丰台,二模,6,,question,B4_CULTURE,objective,/Users/wanglifei/Desktop/2025模拟题/2025各区二模/2025丰台二模/试卷/试卷.pdf,paper,included,/Users/wanglifei/Desktop/北京高考政治/reports/必修二三与必修四文化_题源分类准备_20260617_1301/03_question_index/question_candidates.csv,"{""target"": ""B4_CULTURE"", ""target_score"": 9, ""boundary"": ""B4_PHILOSOPHY_EXCLUDED"", ""boundary_score"": 2, ""matches"": {""B4_CULTURE"": ""文化,文化遗产,boost:文化遗产"", ""B4_PHILOSOPHY_EXCLUDED"": ""人民群众,boost:人民群众""}}",future_baodian_intake,main_matrix_original
2025_丰台_二模,2025,丰台,二模,7,,question,UNKNOWN_OR_MIXED,objective,/Users/wanglifei/Desktop/2025模拟题/2025各区二模/2025丰台二模/试卷/试卷.pdf,paper,blocked,/Users/wanglifei/Desktop/北京高考政治/reports/必修二三与必修四文化_题源分类准备_20260617_1301/03_question_index/question_candidates.csv,"{""target"": ""B2_ECONOMICS"", ""target_score"": 0, ""boundary"": ""B4_PHILOSOPHY_EXCLUDED"", ""boundary_score"": 0, ""matches"": {}}",manual_review_needed,main_matrix_original
2025_丰台_二模,2025,丰台,二模,8,,question,B2_ECONOMICS,objective,/Users/wanglifei/Desktop/2025模拟题/2025各区二模/2025丰台二模/试卷/试卷.pdf,paper,included,/Users/wanglifei/Desktop/北京高考政治/reports/必修二三与必修四文化_题源分类准备_20260617_1301/03_question_index/question_candidates.csv,"{""target"": ""B2_ECONOMICS"", ""target_score"": 12, ""boundary"": ""B4_PHILOSOPHY_EXCLUDED"", ""boundary_score"": 0, ""matches"": {""B2_ECONOMICS"": ""民营经济,民营企业,新质生产力,基础设施,boost:民营经济,boost:新质生产力""}}",future_baodian_intake,main_matrix_original
2025_丰台_二模,2025,丰台,二模,9,,question,XB2_EXCLUDED,objective,/Users/wanglifei/Desktop/2025模拟题/2025各区二模/2025丰台二模/试卷/试卷.pdf,paper,module-boundary-excluded,/Users/wanglifei/Desktop/北京高考政治/reports/必修二三与必修四文化_题源分类准备_20260617_1301/03_question_index/question_candidates.csv,"{""target"": ""B3_POLITICS_RULE_OF_LAW"", ""target_score"": 2, ""boundary"": ""XB2_EXCLUDED"", ""boundary_score"": 10, ""matches"": {""B3_POLITICS_RULE_OF_LAW"": ""居民自治,社会治理"", ""XB2_EXCLUDED"": ""劳动关系,调解,boost:劳动关系,boost:调解""}}",exclude_from_three_target_lines,main_matrix_original
2025_丰台_期末,2025,丰台,期末,1,,question,B4_CULTURE,objective,/Users/wanglifei/Desktop/2025模拟题/2025各区期末/2025丰台期末/试卷/试卷.pdf,paper,included,/Users/wanglifei/Desktop/北京高考政治/reports/必修二三与必修四文化_题源分类准备_20260617_1301/03_question_index/question_candidates.csv,"{""target"": ""B4_CULTURE"", ""target_score"": 36, ""boundary"": ""B4_PHILOSOPHY_EXCLUDED"", ""boundary_score"": 6, ""matches"": {""B4_CULTURE"": ""文化,中华优秀传统文化,优秀传统文化,传统文化,文化自信,中华文明,boost:中华优秀传统文化,boost:优秀传统文化,boost:传统文化,boost:文化自信,boost:中华文明"", ""B4_PHILOSOPHY_EXCLUDED"": ""实践,认识,人民群众,boost:人民群众""}}",future_baodian_intake,main_matrix_original
2025_丰台_期末,2025,丰台,期末,10,,question,XB3_EXCLUDED,objective,/Users/wanglifei/Desktop/2025模拟题/2025各区期末/2025丰台期末/试卷/试卷.pdf,paper,module-boundary-excluded,/Users/wanglifei/Desktop/北京高考政治/reports/必修二三与必修四文化_题源分类准备_20260617_1301/03_question_index/question_candidates.csv,"{""target"": ""B2_ECONOMICS"", ""target_score"": 0, ""boundary"": ""XB3_EXCLUDED"", ""boundary_score"": 14, ""matches"": {""XB3_EXCLUDED"": ""推理,类比推理,演绎推理,归纳推理,boost:推理,boost:类比推理,boost:演绎推理,boost:归纳推理""}, ""explicit_boundary_modules"": {""XB3_EXCLUDED"": [""推理""]}, ""override"": ""explicit_boundary_term""}",exclude_from_three_target_lines,main_matrix_original
2025_丰台_期末,2025,丰台,期末,11,,question,XB2_EXCLUDED,objective,/Users/wanglifei/Desktop/2025模拟题/2025各区期末/2025丰台期末/试卷/试卷.pdf,paper,module-boundary-excluded,/Users/wanglifei/Desktop/北京高考政治/reports/必修二三与必修四文化_题源分类准备_20260617_1301/03_question_index/question_candidates.csv,"{""target"": ""B3_POLITICS_RULE_OF_LAW"", ""target_score"": 7, ""boundary"": ""XB2_EXCLUDED"", ""boundary_score"": 7, ""matches"": {""B3_POLITICS_RULE_OF_LAW"": ""宪法,法院,boost:宪法"", ""B4_PHILOSOPHY_EXCLUDED"": ""认识"", ""XB2_EXCLUDED"": ""侵权,诉讼,人格权,赔偿,boost:侵权,boost:诉讼,boost:人格权""}, ""explicit_boundary_modules"": {""XB2_EXCLUDED"": [""侵权"", ""诉讼"", ""人格权""]}, ""override"": ""explicit_boundary_term""}",exclude_from_three_target_lines,main_matrix_original
2025_丰台_期末,2025,丰台,期末,12,,question,XB2_EXCLUDED,objective,/Users/wanglifei/Desktop/2025模拟题/2025各区期末/2025丰台期末/试卷/试卷.pdf,paper,module-boundary-excluded,/Users/wanglifei/Desktop/北京高考政治/reports/必修二三与必修四文化_题源分类准备_20260617_1301/03_question_index/question_candidates.csv,"{""target"": ""B2_ECONOMICS"", ""target_score"": 0, ""boundary"": ""XB2_EXCLUDED"", ""boundary_score"": 28, ""matches"": {""XB2_EXCLUDED"": ""合同,侵权,举证,民事,民事行为能力,侵权责任,赔偿,违约,boost:合同,boost:侵权,boost:举证,boost:民事""}, ""explicit_boundary_modules"": {""XB2_EXCLUDED"": [""合同"", ""侵权"", ""民事""]}, ""override"": ""explicit_boundary_term""}",exclude_from_three_target_lines,main_matrix_original
2025_丰台_期末,2025,丰台,期末,13,,question,B2_ECONOMICS,objective,/Users/wanglifei/Desktop/2025模拟题/2025各区期末/2025丰台期末/试卷/试卷.pdf,paper,included,/Users/wanglifei/Desktop/北京高考政治/reports/必修二三与必修四文化_题源分类准备_20260617_1301/03_question_index/question_candidates.csv,"{""target"": ""B2_ECONOMICS"", ""target_score"": 5, ""boundary"": ""B4_PHILOSOPHY_EXCLUDED"", ""boundary_score"": 0, ""matches"": {""B2_ECONOMICS"": ""财政,boost:财政"", ""B3_POLITICS_RULE_OF_LAW"": ""政府""}}",future_baodian_intake,main_matrix_original
2025_丰台_期末,2025,丰台,期末,14,,question,B2_ECONOMICS,objective,/Users/wanglifei/Desktop/2025模拟题/2025各区期末/2025丰台期末/试卷/试卷.pdf,paper,included,/Users/wanglifei/Desktop/北京高考政治/reports/必修二三与必修四文化_题源分类准备_20260617_1301/03_question_index/question_candidates.csv,"{""target"": ""B2_ECONOMICS"", ""target_score"": 8, ""boundary"": ""B4_PHILOSOPHY_EXCLUDED"", ""boundary_score"": 0, ""matches"": {""B2_ECONOMICS"": ""消费,产业链,区域协调,boost:产业链""}}",future_baodian_intake,main_matrix_original
2025_丰台_期末,2025,丰台,期末,15,,question,XB1_EXCLUDED,objective,/Users/wanglifei/Desktop/2025模拟题/2025各区期末/2025丰台期末/试卷/试卷.pdf,paper,module-boundary-excluded,/Users/wanglifei/Desktop/北京高考政治/reports/必修二三与必修四文化_题源分类准备_20260617_1301/03_question_index/question_candidates.csv,"{""target"": ""B2_ECONOMICS"", ""target_score"": 12, ""boundary"": ""XB1_EXCLUDED"", ""boundary_score"": 4, ""matches"": {""B2_ECONOMICS"": ""新发展理念,高质量发展,消费,营商环境,boost:新发展理念,boost:高质量发展,boost:营商环境"", ""XB1_EXCLUDED"": ""经济全球化,对外开放,boost:经济全球化""}, ""explicit_boundary_modules"": {""XB1_EXCLUDED"": [""经济全球化""]}, ""override"": ""explicit_boundary_term""}",exclude_from_three_target_lines,main_matrix_original
2025_丰台_期末,2025,丰台,期末,16,,question,B4_PHILOSOPHY_EXCLUDED,subjective,/Users/wanglifei/Desktop/2025模拟题/2025各区期末/2025丰台期末/试卷/试卷.pdf,paper,module-boundary-excluded,/Users/wanglifei/Desktop/北京高考政治/reports/必修二三与必修四文化_题源分类准备_20260617_1301/03_question_index/question_candidates.csv,"{""target"": ""B3_POLITICS_RULE_OF_LAW"", ""target_score"": 2, ""boundary"": ""B4_PHILOSOPHY_EXCLUDED"", ""boundary_score"": 27, ""matches"": {""B3_POLITICS_RULE_OF_LAW"": ""国家治理,boost:国家治理"", ""B4_CULTURE"": ""文化"", ""B4_PHILOSOPHY_EXCLUDED"": ""实践,矛盾,量变,质变,适度原则,boost:矛盾,boost:量变,boost:质变,boost:适度原则""}}",exclude_from_three_target_lines,main_matrix_original
2025_丰台_期末,2025,丰台,期末,17,,question,B3_POLITICS_RULE_OF_LAW,subjective,/Users/wanglifei/Desktop/2025模拟题/2025各区期末/2025丰台期末/试卷/试卷.pdf,paper,included,/Users/wanglifei/Desktop/北京高考政治/reports/必修二三与必修四文化_题源分类准备_20260617_1301/03_question_index/question_candidates.csv,"{""target"": ""B3_POLITICS_RULE_OF_LAW"", ""target_score"": 17, ""boundary"": ""B4_PHILOSOPHY_EXCLUDED"", ""boundary_score"": 5, ""matches"": {""B2_ECONOMICS"": ""新发展理念,基础设施,boost:新发展理念"", ""B3_POLITICS_RULE_OF_LAW"": ""中国共产党,党的领导,人民当家作主,全过程人民民主,民主监督,民主决策,民主协商,boost:中国共产党,boost:党的领导,boost:全过程人民民主"", ""B4_CULTURE"": ""文化"", ""B4_PHILOSOPHY_EXCLUDED"": ""认识,人民群众,boost:人民群众""}}",future_baodian_intake,main_matrix_original
2025_丰台_期末,2025,丰台,期末,18(1),18,subquestion,UNKNOWN_OR_MIXED,subjective,/Users/wanglifei/Desktop/2025模拟题/2025各区期末/2025丰台期末/试卷/试卷.pdf,paper,blocked,04_module_classification/subquestion_split_matrix.csv,"{""target"": ""B2_ECONOMICS"", ""target_score"": 0, ""boundary"": ""B4_PHILOSOPHY_EXCLUDED"", ""boundary_score"": 0, ""matches"": {}}",manual_review_needed,subquestion_integrated_blocked
2025_丰台_期末,2025,丰台,期末,18(2),18,subquestion,B2_ECONOMICS,subjective,/Users/wanglifei/Desktop/2025模拟题/2025各区期末/2025丰台期末/试卷/试卷.pdf,paper,included,04_module_classification/subquestion_split_matrix.csv,"{""target"": ""B2_ECONOMICS"", ""target_score"": 4, ""boundary"": ""B4_PHILOSOPHY_EXCLUDED"", ""boundary_score"": 0, ""matches"": {""B2_ECONOMICS"": ""经济与社会,数字经济,boost:经济与社会,boost:数字经济""}}",future_baodian_intake,subquestion_integrated_target
2025_丰台_期末,2025,丰台,期末,18(3),18,subquestion,B2_ECONOMICS,subjective,/Users/wanglifei/Desktop/2025模拟题/2025各区期末/2025丰台期末/试卷/试卷.pdf,paper,included,04_module_classification/subquestion_split_matrix.csv,"{""target"": ""B2_ECONOMICS"", ""target_score"": 2, ""boundary"": ""B4_PHILOSOPHY_EXCLUDED"", ""boundary_score"": 0, ""matches"": {""B2_ECONOMICS"": ""市场经济,boost:市场经济"", ""B3_POLITICS_RULE_OF_LAW"": ""政治与法治,boost:政治与法治""}}",future_baodian_intake,subquestion_integrated_target
2025_丰台_期末,2025,丰台,期末,19,,question,XB2_EXCLUDED,subjective,/Users/wanglifei/Desktop/2025模拟题/2025各区期末/2025丰台期末/试卷/试卷.pdf,paper,module-boundary-excluded,/Users/wanglifei/Desktop/北京高考政治/reports/必修二三与必修四文化_题源分类准备_20260617_1301/03_question_index/question_candidates.csv,"{""target"": ""B2_ECONOMICS"", ""target_score"": 10, ""boundary"": ""XB2_EXCLUDED"", ""boundary_score"": 35, ""matches"": {""B2_ECONOMICS"": ""就业,劳动者,boost:就业"", ""B3_POLITICS_RULE_OF_LAW"": ""法院"", ""B4_CULTURE"": ""社会主义核心价值观,boost:社会主义核心价值观"", ""XB2_EXCLUDED"": ""法律与生活,合同,劳动合同,劳动关系,诉讼,仲裁,赔偿,违约,boost:法律与生活,boost:合同,boost:劳动合同,boost:劳动关系""}, ""explicit_boundary_modules"": {""XB2_EXCLUDED"": [""法律与生活"", ""合同"", ""诉讼"", ""劳动合同""]}, ""override"": ""explicit_boundary_term""}",exclude_from_three_target_lines,main_matrix_original
2025_丰台_期末,2025,丰台,期末,2,,question,B3_POLITICS_RULE_OF_LAW,objective,/Users/wanglifei/Desktop/2025模拟题/2025各区期末/2025丰台期末/试卷/试卷.pdf,paper,included,/Users/wanglifei/Desktop/北京高考政治/reports/必修二三与必修四文化_题源分类准备_20260617_1301/03_question_index/question_candidates.csv,"{""target"": ""B3_POLITICS_RULE_OF_LAW"", ""target_score"": 12, ""boundary"": ""B4_PHILOSOPHY_EXCLUDED"", ""boundary_score"": 0, ""matches"": {""B3_POLITICS_RULE_OF_LAW"": ""人大代表,全过程人民民主,boost:人大代表,boost:全过程人民民主""}}",future_baodian_intake,main_matrix_original
2025_丰台_期末,2025,丰台,期末,20,,question,XB1_EXCLUDED,subjective,/Users/wanglifei/Desktop/2025模拟题/2025各区期末/2025丰台期末/试卷/试卷.pdf,paper,module-boundary-excluded,/Users/wanglifei/Desktop/北京高考政治/reports/必修二三与必修四文化_题源分类准备_20260617_1301/03_question_index/question_candidates.csv,"{""target"": ""B2_ECONOMICS"", ""target_score"": 0, ""boundary"": ""XB1_EXCLUDED"", ""boundary_score"": 24, ""matches"": {""XB1_EXCLUDED"": ""当代国际政治与经济,国际关系,全球治理,世界多极化,经济全球化,和平与发展,人类命运共同体,boost:当代国际政治与经济,boost:国际关系,boost:全球治理,boost:世界多极化,boost:经济全球化""}, ""explicit_boundary_modules"": {""XB1_EXCLUDED"": [""当代国际政治与经济"", ""经济全球化"", ""世界多极化"", ""国际关系"", ""全球治理"", ""人类命运共同体""]}, ""override"": ""explicit_boundary_term""}",exclude_from_three_target_lines,main_matrix_original
2025_丰台_期末,2025,丰台,期末,21,,question,B3_POLITICS_RULE_OF_LAW,subjective,/Users/wanglifei/Desktop/2025模拟题/2025各区期末/2025丰台期末/试卷/试卷.pdf,paper,included,/Users/wanglifei/Desktop/北京高考政治/reports/必修二三与必修四文化_题源分类准备_20260617_1301/03_question_index/question_candidates.csv,"{""target"": ""B3_POLITICS_RULE_OF_LAW"", ""target_score"": 8, ""boundary"": ""B1_EXCLUDED"", ""boundary_score"": 3, ""matches"": {""B2_ECONOMICS"": ""基本经济制度,市场经济,boost:基本经济制度,boost:市场经济"", ""B3_POLITICS_RULE_OF_LAW"": ""中国共产党,党的领导,人民当家作主,人民代表大会,boost:中国共产党,boost:党的领导,boost:人民代表大会"", ""B4_PHILOSOPHY_EXCLUDED"": ""实践"", ""B1_EXCLUDED"": ""中国特色社会主义""}}",future_baodian_intake,main_matrix_original
2025_丰台_期末,2025,丰台,期末,3,,question,B2_ECONOMICS,objective,/Users/wanglifei/Desktop/2025模拟题/2025各区期末/2025丰台期末/试卷/试卷.pdf,paper,included,/Users/wanglifei/Desktop/北京高考政治/reports/必修二三与必修四文化_题源分类准备_20260617_1301/03_question_index/question_candidates.csv,"{""target"": ""B2_ECONOMICS"", ""target_score"": 11, ""boundary"": ""B4_PHILOSOPHY_EXCLUDED"", ""boundary_score"": 0, ""matches"": {""B2_ECONOMICS"": ""消费,养老服务,市场主体,boost:养老服务""}}",future_baodian_intake,main_matrix_original
2025_丰台_期末,2025,丰台,期末,4,,question,B4_PHILOSOPHY_EXCLUDED,objective,/Users/wanglifei/Desktop/2025模拟题/2025各区期末/2025丰台期末/试卷/试卷.pdf,paper,module-boundary-excluded,/Users/wanglifei/Desktop/北京高考政治/reports/必修二三与必修四文化_题源分类准备_20260617_1301/03_question_index/question_candidates.csv,"{""target"": ""B2_ECONOMICS"", ""target_score"": 0, ""boundary"": ""B4_PHILOSOPHY_EXCLUDED"", ""boundary_score"": 4, ""matches"": {""B4_PHILOSOPHY_EXCLUDED"": ""实践,人生价值,boost:人生价值""}}",exclude_from_three_target_lines,main_matrix_original
2025_丰台_期末,2025,丰台,期末,5,,question,B2_ECONOMICS,objective,/Users/wanglifei/Desktop/2025模拟题/2025各区期末/2025丰台期末/试卷/试卷.pdf,paper,included,/Users/wanglifei/Desktop/北京高考政治/reports/必修二三与必修四文化_题源分类准备_20260617_1301/03_question_index/question_candidates.csv,"{""target"": ""B2_ECONOMICS"", ""target_score"": 3, ""boundary"": ""B4_PHILOSOPHY_EXCLUDED"", ""boundary_score"": 0, ""matches"": {""B2_ECONOMICS"": ""数字经济,boost:数字经济""}}",future_baodian_intake,main_matrix_original
2025_丰台_期末,2025,丰台,期末,6,,question,B4_CULTURE,objective,/Users/wanglifei/Desktop/2025模拟题/2025各区期末/2025丰台期末/试卷/试卷.pdf,paper,included,/Users/wanglifei/Desktop/北京高考政治/reports/必修二三与必修四文化_题源分类准备_20260617_1301/03_question_index/question_candidates.csv,"{""target"": ""B4_CULTURE"", ""target_score"": 65, ""boundary"": ""B4_PHILOSOPHY_EXCLUDED"", ""boundary_score"": 3, ""matches"": {""B2_ECONOMICS"": ""消费,产业发展"", ""B4_CULTURE"": ""文化,中华优秀传统文化,优秀传统文化,传统文化,文化创新,文化自信,文化遗产,非遗,文化产业,文化事业,时代精神,文物"", ""B4_PHILOSOPHY_EXCLUDED"": ""人民群众,boost:人民群众""}}",future_baodian_intake,main_matrix_original
2025_丰台_期末,2025,丰台,期末,7,,question,XB3_EXCLUDED,objective,/Users/wanglifei/Desktop/2025模拟题/2025各区期末/2025丰台期末/试卷/试卷.pdf,paper,module-boundary-excluded,/Users/wanglifei/Desktop/北京高考政治/reports/必修二三与必修四文化_题源分类准备_20260617_1301/03_question_index/question_candidates.csv,"{""target"": ""B2_ECONOMICS"", ""target_score"": 0, ""boundary"": ""XB3_EXCLUDED"", ""boundary_score"": 3, ""matches"": {""B4_PHILOSOPHY_EXCLUDED"": ""尊重客观规律,boost:尊重客观规律"", ""XB3_EXCLUDED"": ""超前思维,boost:超前思维""}, ""explicit_boundary_modules"": {""XB3_EXCLUDED"": [""超前思维""]}, ""override"": ""explicit_boundary_term""}",exclude_from_three_target_lines,main_matrix_original
2025_丰台_期末,2025,丰台,期末,8,,question,XB3_EXCLUDED,objective,/Users/wanglifei/Desktop/2025模拟题/2025各区期末/2025丰台期末/试卷/试卷.pdf,paper,module-boundary-excluded,/Users/wanglifei/Desktop/北京高考政治/reports/必修二三与必修四文化_题源分类准备_20260617_1301/03_question_index/question_candidates.csv,"{""target"": ""B2_ECONOMICS"", ""target_score"": 0, ""boundary"": ""XB3_EXCLUDED"", ""boundary_score"": 7, ""matches"": {""B4_PHILOSOPHY_EXCLUDED"": ""认识"", ""XB3_EXCLUDED"": ""发散思维,想象,推理,boost:发散思维,boost:想象,boost:推理""}, ""explicit_boundary_modules"": {""XB3_EXCLUDED"": [""推理"", ""想象""]}, ""override"": ""explicit_boundary_term""}",exclude_from_three_target_lines,main_matrix_original
2025_丰台_期末,2025,丰台,期末,9,,question,XB3_EXCLUDED,objective,/Users/wanglifei/Desktop/2025模拟题/2025各区期末/2025丰台期末/试卷/试卷.pdf,paper,module-boundary-excluded,/Users/wanglifei/Desktop/北京高考政治/reports/必修二三与必修四文化_题源分类准备_20260617_1301/03_question_index/question_candidates.csv,"{""target"": ""B4_CULTURE"", ""target_score"": 2, ""boundary"": ""XB3_EXCLUDED"", ""boundary_score"": 7, ""matches"": {""B4_CULTURE"": ""红色基因,boost:红色基因"", ""XB3_EXCLUDED"": ""推理,充分条件,boost:推理,boost:充分条件""}, ""explicit_boundary_modules"": {""XB3_EXCLUDED"": [""推理"", ""假言"", ""充分条件""]}, ""override"": ""explicit_boundary_term""}",exclude_from_three_target_lines,main_matrix_original
2025_延庆_一模,2025,延庆,一模,1,,question,UNKNOWN_OR_MIXED,objective,/Users/wanglifei/Desktop/2025模拟题/2025各区一模/2025延庆一模/试卷/试卷.pdf,paper,blocked,/Users/wanglifei/Desktop/北京高考政治/reports/必修二三与必修四文化_题源分类准备_20260617_1301/03_question_index/question_candidates.csv,"{""target"": ""B2_ECONOMICS"", ""target_score"": 0, ""boundary"": ""B4_PHILOSOPHY_EXCLUDED"", ""boundary_score"": 1, ""matches"": {""B4_PHILOSOPHY_EXCLUDED"": ""实践""}}",manual_review_needed,main_matrix_original
2025_延庆_一模,2025,延庆,一模,10,,question,XB2_EXCLUDED,objective,/Users/wanglifei/Desktop/2025模拟题/2025各区一模/2025延庆一模/试卷/试卷.pdf,paper,module-boundary-excluded,/Users/wanglifei/Desktop/北京高考政治/reports/必修二三与必修四文化_题源分类准备_20260617_1301/03_question_index/question_candidates.csv,"{""target"": ""B3_POLITICS_RULE_OF_LAW"", ""target_score"": 3, ""boundary"": ""XB2_EXCLUDED"", ""boundary_score"": 8, ""matches"": {""B2_ECONOMICS"": ""新质生产力,boost:新质生产力"", ""B3_POLITICS_RULE_OF_LAW"": ""法院"", ""B4_PHILOSOPHY_EXCLUDED"": ""认识"", ""XB2_EXCLUDED"": ""侵权,举证,民事,违约,boost:侵权,boost:举证,boost:民事,boost:违约""}, ""explicit_boundary_modules"": {""XB2_EXCLUDED"": [""侵权"", ""民事""]}, ""override"": ""explicit_boundary_term""}",exclude_from_three_target_lines,main_matrix_original
2025_延庆_一模,2025,延庆,一模,11,,question,XB2_EXCLUDED,objective,/Users/wanglifei/Desktop/2025模拟题/2025各区一模/2025延庆一模/试卷/试卷.pdf,paper,module-boundary-excluded,/Users/wanglifei/Desktop/北京高考政治/reports/必修二三与必修四文化_题源分类准备_20260617_1301/03_question_index/question_candidates.csv,"{""target"": ""B2_ECONOMICS"", ""target_score"": 2, ""boundary"": ""XB2_EXCLUDED"", ""boundary_score"": 10, ""matches"": {""B2_ECONOMICS"": ""就业,boost:就业"", ""B4_PHILOSOPHY_EXCLUDED"": ""认识"", ""XB2_EXCLUDED"": ""合同,劳动合同,劳动关系,boost:合同,boost:劳动合同,boost:劳动关系""}, ""explicit_boundary_modules"": {""XB2_EXCLUDED"": [""合同"", ""劳动合同""]}, ""override"": ""explicit_boundary_term""}",exclude_from_three_target_lines,main_matrix_original
2025_延庆_一模,2025,延庆,一模,12,,question,B2_ECONOMICS,objective,/Users/wanglifei/Desktop/2025模拟题/2025各区一模/2025延庆一模/试卷/试卷.pdf,paper,included,/Users/wanglifei/Desktop/北京高考政治/reports/必修二三与必修四文化_题源分类准备_20260617_1301/03_question_index/question_candidates.csv,"{""target"": ""B2_ECONOMICS"", ""target_score"": 2, ""boundary"": ""B4_PHILOSOPHY_EXCLUDED"", ""boundary_score"": 0, ""matches"": {""B2_ECONOMICS"": ""GDP,boost:GDP"", ""B3_POLITICS_RULE_OF_LAW"": ""政府""}}",future_baodian_intake,main_matrix_original
2025_延庆_一模,2025,延庆,一模,13,,question,B2_ECONOMICS,objective,/Users/wanglifei/Desktop/2025模拟题/2025各区一模/2025延庆一模/试卷/试卷.pdf,paper,included,/Users/wanglifei/Desktop/北京高考政治/reports/必修二三与必修四文化_题源分类准备_20260617_1301/03_question_index/question_candidates.csv,"{""target"": ""B2_ECONOMICS"", ""target_score"": 5, ""boundary"": ""B4_PHILOSOPHY_EXCLUDED"", ""boundary_score"": 0, ""matches"": {""B2_ECONOMICS"": ""高质量发展,消费,boost:高质量发展""}}",future_baodian_intake,main_matrix_original
2025_延庆_一模,2025,延庆,一模,14,,question,XB1_EXCLUDED,objective,/Users/wanglifei/Desktop/2025模拟题/2025各区一模/2025延庆一模/试卷/试卷.pdf,paper,module-boundary-excluded,/Users/wanglifei/Desktop/北京高考政治/reports/必修二三与必修四文化_题源分类准备_20260617_1301/03_question_index/question_candidates.csv,"{""target"": ""B2_ECONOMICS"", ""target_score"": 0, ""boundary"": ""XB1_EXCLUDED"", ""boundary_score"": 3, ""matches"": {""XB1_EXCLUDED"": ""经济全球化,对外开放,boost:经济全球化""}, ""explicit_boundary_modules"": {""XB1_EXCLUDED"": [""经济全球化""]}, ""override"": ""explicit_boundary_term""}",exclude_from_three_target_lines,main_matrix_original
2025_延庆_一模,2025,延庆,一模,15,,question,XB1_EXCLUDED,objective,/Users/wanglifei/Desktop/2025模拟题/2025各区一模/2025延庆一模/试卷/试卷.pdf,paper,module-boundary-excluded,/Users/wanglifei/Desktop/北京高考政治/reports/必修二三与必修四文化_题源分类准备_20260617_1301/03_question_index/question_candidates.csv,"{""target"": ""B2_ECONOMICS"", ""target_score"": 2, ""boundary"": ""XB1_EXCLUDED"", ""boundary_score"": 2, ""matches"": {""B2_ECONOMICS"": ""就业,boost:就业"", ""XB1_EXCLUDED"": ""人类命运共同体,boost:人类命运共同体""}, ""explicit_boundary_modules"": {""XB1_EXCLUDED"": [""人类命运共同体""]}, ""override"": ""explicit_boundary_term""}",exclude_from_three_target_lines,main_matrix_original
2025_延庆_一模,2025,延庆,一模,16,,question,B4_CULTURE,subjective,/Users/wanglifei/Desktop/2025模拟题/2025各区一模/2025延庆一模/试卷/试卷.pdf,paper,included,/Users/wanglifei/Desktop/北京高考政治/reports/必修二三与必修四文化_题源分类准备_20260617_1301/03_question_index/question_candidates.csv,"{""target"": ""B4_CULTURE"", ""target_score"": 12, ""boundary"": ""B4_PHILOSOPHY_EXCLUDED"", ""boundary_score"": 0, ""matches"": {""B2_ECONOMICS"": ""消费"", ""B4_CULTURE"": ""文化,社会主义核心价值观,文艺,boost:社会主义核心价值观""}}",future_baodian_intake,main_matrix_original
2025_延庆_一模,2025,延庆,一模,17,,question,B2_ECONOMICS,subjective,/Users/wanglifei/Desktop/2025模拟题/2025各区一模/2025延庆一模/试卷/试卷.pdf,paper,included,/Users/wanglifei/Desktop/北京高考政治/reports/必修二三与必修四文化_题源分类准备_20260617_1301/03_question_index/question_candidates.csv,"{""target"": ""B2_ECONOMICS"", ""target_score"": 21, ""boundary"": ""B1_EXCLUDED"", ""boundary_score"": 2, ""matches"": {""B2_ECONOMICS"": ""公有制,非公有制,民营经济,市场经济,高质量发展,营商环境,boost:公有制,boost:非公有制,boost:民营经济,boost:市场经济,boost:高质量发展,boost:营商环境"", ""B3_POLITICS_RULE_OF_LAW"": ""政治与法治,党的领导,人大代表,政协,全过程人民民主,全国人大,科学立法,boost:政治与法治,boost:党的领导,boost:人大代表,boost:政协,boost:全过程人民民主"", ""B1_EXCLUDED"": ""改革开放,社会主义现代化强国""}}",future_baodian_intake,main_matrix_original
2025_延庆_一模,2025,延庆,一模,18,,question,XB3_EXCLUDED,subjective,/Users/wanglifei/Desktop/2025模拟题/2025各区一模/2025延庆一模/试卷/试卷.pdf,paper,module-boundary-excluded,/Users/wanglifei/Desktop/北京高考政治/reports/必修二三与必修四文化_题源分类准备_20260617_1301/03_question_index/question_candidates.csv,"{""target"": ""B2_ECONOMICS"", ""target_score"": 2, ""boundary"": ""B4_PHILOSOPHY_EXCLUDED"", ""boundary_score"": 7, ""matches"": {""B2_ECONOMICS"": ""基础设施"", ""B3_POLITICS_RULE_OF_LAW"": ""政府"", ""B4_PHILOSOPHY_EXCLUDED"": ""矛盾,量变,质变,boost:矛盾,boost:量变,boost:质变"", ""XB3_EXCLUDED"": ""逻辑与思维,辩证思维,boost:逻辑与思维,boost:辩证思维""}, ""explicit_boundary_modules"": {""XB3_EXCLUDED"": [""逻辑与思维"", ""辩证思维""]}, ""override"": ""explicit_boundary_term""}",exclude_from_three_target_lines,main_matrix_original
2025_延庆_一模,2025,延庆,一模,19,,question,XB2_EXCLUDED,subjective,/Users/wanglifei/Desktop/2025模拟题/2025各区一模/2025延庆一模/试卷/试卷.pdf,paper,module-boundary-excluded,/Users/wanglifei/Desktop/北京高考政治/reports/必修二三与必修四文化_题源分类准备_20260617_1301/03_question_index/question_candidates.csv,"{""target"": ""B2_ECONOMICS"", ""target_score"": 6, ""boundary"": ""XB2_EXCLUDED"", ""boundary_score"": 20, ""matches"": {""B2_ECONOMICS"": ""消费"", ""B3_POLITICS_RULE_OF_LAW"": ""法院"", ""B4_PHILOSOPHY_EXCLUDED"": ""矛盾,boost:矛盾"", ""XB2_EXCLUDED"": ""法律与生活,民法典,诉讼,调解,消费者权益,举证,赔偿,boost:法律与生活,boost:民法典,boost:诉讼,boost:调解,boost:消费者权益""}, ""explicit_boundary_modules"": {""XB2_EXCLUDED"": [""法律与生活"", ""民法典"", ""诉讼""]}, ""override"": ""explicit_boundary_term""}",exclude_from_three_target_lines,main_matrix_original
2025_延庆_一模,2025,延庆,一模,2,,question,B4_PHILOSOPHY_EXCLUDED,objective,/Users/wanglifei/Desktop/2025模拟题/2025各区一模/2025延庆一模/试卷/试卷.pdf,paper,module-boundary-excluded,/Users/wanglifei/Desktop/北京高考政治/reports/必修二三与必修四文化_题源分类准备_20260617_1301/03_question_index/question_candidates.csv,"{""target"": ""B2_ECONOMICS"", ""target_score"": 0, ""boundary"": ""B4_PHILOSOPHY_EXCLUDED"", ""boundary_score"": 2, ""matches"": {""B4_PHILOSOPHY_EXCLUDED"": ""矛盾,boost:矛盾""}}",exclude_from_three_target_lines,main_matrix_original
2025_延庆_一模,2025,延庆,一模,20(1),20,subquestion,B2_ECONOMICS,subjective,/Users/wanglifei/Desktop/2025模拟题/2025各区一模/2025延庆一模/试卷/试卷.pdf,paper,included,04_module_classification/subquestion_split_matrix.csv,"{""target"": ""B2_ECONOMICS"", ""target_score"": 12, ""boundary"": ""B4_PHILOSOPHY_EXCLUDED"", ""boundary_score"": 0, ""matches"": {""B2_ECONOMICS"": ""经济与社会,产业链,供应链,基础设施,boost:经济与社会,boost:产业链,boost:供应链""}}",future_baodian_intake,subquestion_integrated_target
2025_延庆_一模,2025,延庆,一模,20(2),20,subquestion,XB1_EXCLUDED,subjective,/Users/wanglifei/Desktop/2025模拟题/2025各区一模/2025延庆一模/试卷/试卷.pdf,paper,module-boundary-excluded,04_module_classification/subquestion_split_matrix.csv,"{""target"": ""B2_ECONOMICS"", ""target_score"": 0, ""boundary"": ""XB1_EXCLUDED"", ""boundary_score"": 2, ""matches"": {""XB1_EXCLUDED"": ""外交,boost:外交""}}",exclude_from_three_target_lines,subquestion_integrated_boundary
2025_延庆_一模,2025,延庆,一模,21,,question,XB1_EXCLUDED,subjective,/Users/wanglifei/Desktop/2025模拟题/2025各区一模/2025延庆一模/试卷/试卷.pdf,paper,module-boundary-excluded,/Users/wanglifei/Desktop/北京高考政治/reports/必修二三与必修四文化_题源分类准备_20260617_1301/03_question_index/question_candidates.csv,"{""target"": ""B4_CULTURE"", ""target_score"": 22, ""boundary"": ""XB1_EXCLUDED"", ""boundary_score"": 2, ""matches"": {""B2_ECONOMICS"": ""新发展理念,高质量发展,区域协调,基础设施,boost:新发展理念,boost:高质量发展"", ""B3_POLITICS_RULE_OF_LAW"": ""党的领导,boost:党的领导"", ""B4_CULTURE"": ""文化,传统文化,创造性转化,文化自信,社会主义核心价值观,文化遗产,中轴线,中华文明,boost:传统文化,boost:创造性转化,boost:文化自信,boost:社会主义核心价值观"", ""B4_PHILOSOPHY_EXCLUDED"": ""实践"", ""XB1_EXCLUDED"": ""联合国,boost:联合国"", ""B1_EXCLUDED"": ""中国特色社会主义""}, ""explicit_boundary_modules"": {""XB1_EXCLUDED"": [""联合国""]}, ""override"": ""explicit_boundary_term""}",exclude_from_three_target_lines,main_matrix_original
2025_延庆_一模,2025,延庆,一模,3,,question,XB1_EXCLUDED,objective,/Users/wanglifei/Desktop/2025模拟题/2025各区一模/2025延庆一模/试卷/试卷.pdf,paper,module-boundary-excluded,/Users/wanglifei/Desktop/北京高考政治/reports/必修二三与必修四文化_题源分类准备_20260617_1301/03_question_index/question_candidates.csv,"{""target"": ""B4_CULTURE"", ""target_score"": 16, ""boundary"": ""XB1_EXCLUDED"", ""boundary_score"": 2, ""matches"": {""B4_CULTURE"": ""文化,中华优秀传统文化,优秀传统文化,传统文化,文化遗产,中华文明,boost:中华优秀传统文化,boost:优秀传统文化,boost:传统文化,boost:文化遗产,boost:中华文明"", ""B4_PHILOSOPHY_EXCLUDED"": ""实践"", ""XB1_EXCLUDED"": ""联合国,boost:联合国""}, ""explicit_boundary_modules"": {""XB1_EXCLUDED"": [""联合国""]}, ""override"": ""explicit_boundary_term""}",exclude_from_three_target_lines,main_matrix_original
2025_延庆_一模,2025,延庆,一模,4,,question,B4_PHILOSOPHY_EXCLUDED,objective,/Users/wanglifei/Desktop/2025模拟题/2025各区一模/2025延庆一模/试卷/试卷.pdf,paper,module-boundary-excluded,/Users/wanglifei/Desktop/北京高考政治/reports/必修二三与必修四文化_题源分类准备_20260617_1301/03_question_index/question_candidates.csv,"{""target"": ""B2_ECONOMICS"", ""target_score"": 0, ""boundary"": ""B4_PHILOSOPHY_EXCLUDED"", ""boundary_score"": 3, ""matches"": {""B4_PHILOSOPHY_EXCLUDED"": ""矛盾,主观能动性,boost:矛盾""}}",exclude_from_three_target_lines,main_matrix_original
2025_延庆_一模,2025,延庆,一模,5,,question,XB3_EXCLUDED,objective,/Users/wanglifei/Desktop/2025模拟题/2025各区一模/2025延庆一模/试卷/试卷.pdf,paper,module-boundary-excluded,/Users/wanglifei/Desktop/北京高考政治/reports/必修二三与必修四文化_题源分类准备_20260617_1301/03_question_index/question_candidates.csv,"{""target"": ""B2_ECONOMICS"", ""target_score"": 0, ""boundary"": ""XB3_EXCLUDED"", ""boundary_score"": 9, ""matches"": {""XB3_EXCLUDED"": ""推理,三段论,周延,逻辑规则,boost:推理,boost:三段论,boost:周延,boost:逻辑规则""}, ""explicit_boundary_modules"": {""XB3_EXCLUDED"": [""三段论"", ""推理""]}, ""override"": ""explicit_boundary_term""}",exclude_from_three_target_lines,main_matrix_original
2025_延庆_一模,2025,延庆,一模,6,,question,XB3_EXCLUDED,objective,/Users/wanglifei/Desktop/2025模拟题/2025各区一模/2025延庆一模/试卷/试卷.pdf,paper,module-boundary-excluded,/Users/wanglifei/Desktop/北京高考政治/reports/必修二三与必修四文化_题源分类准备_20260617_1301/03_question_index/question_candidates.csv,"{""target"": ""B2_ECONOMICS"", ""target_score"": 0, ""boundary"": ""XB3_EXCLUDED"", ""boundary_score"": 8, ""matches"": {""B4_PHILOSOPHY_EXCLUDED"": ""认识"", ""XB2_EXCLUDED"": ""继承,boost:继承"", ""XB3_EXCLUDED"": ""迁移,想象,推理,类比推理,boost:迁移,boost:想象,boost:推理,boost:类比推理""}, ""explicit_boundary_modules"": {""XB3_EXCLUDED"": [""推理"", ""迁移"", ""想象""]}, ""override"": ""explicit_boundary_term""}",exclude_from_three_target_lines,main_matrix_original
2025_延庆_一模,2025,延庆,一模,7,,question,XB3_EXCLUDED,objective,/Users/wanglifei/Desktop/2025模拟题/2025各区一模/2025延庆一模/试卷/试卷.pdf,paper,module-boundary-excluded,/Users/wanglifei/Desktop/北京高考政治/reports/必修二三与必修四文化_题源分类准备_20260617_1301/03_question_index/question_candidates.csv,"{""target"": ""B2_ECONOMICS"", ""target_score"": 0, ""boundary"": ""XB3_EXCLUDED"", ""boundary_score"": 2, ""matches"": {""XB3_EXCLUDED"": ""关系判断,boost:关系判断""}}",exclude_from_three_target_lines,main_matrix_original
2025_延庆_一模,2025,延庆,一模,8,,question,UNKNOWN_OR_MIXED,objective,/Users/wanglifei/Desktop/2025模拟题/2025各区一模/2025延庆一模/试卷/试卷.pdf,paper,blocked,/Users/wanglifei/Desktop/北京高考政治/reports/必修二三与必修四文化_题源分类准备_20260617_1301/03_question_index/question_candidates.csv,"{""target"": ""B2_ECONOMICS"", ""target_score"": 0, ""boundary"": ""B4_PHILOSOPHY_EXCLUDED"", ""boundary_score"": 1, ""matches"": {""B4_PHILOSOPHY_EXCLUDED"": ""实践""}}",manual_review_needed,main_matrix_original
2025_延庆_一模,2025,延庆,一模,9,,question,B2_ECONOMICS,objective,/Users/wanglifei/Desktop/2025模拟题/2025各区一模/2025延庆一模/试卷/试卷.pdf,paper,included,/Users/wanglifei/Desktop/北京高考政治/reports/必修二三与必修四文化_题源分类准备_20260617_1301/03_question_index/question_candidates.csv,"{""target"": ""B2_ECONOMICS"", ""target_score"": 7, ""boundary"": ""B4_PHILOSOPHY_EXCLUDED"", ""boundary_score"": 0, ""matches"": {""B2_ECONOMICS"": ""市场经济,有效市场,有为政府,营商环境,boost:市场经济,boost:营商环境"", ""B3_POLITICS_RULE_OF_LAW"": ""政府""}}",future_baodian_intake,main_matrix_original
2025_房山_一模,2025,房山,一模,1,,question,B4_PHILOSOPHY_EXCLUDED,objective,/Users/wanglifei/Desktop/2025模拟题/2025各区一模/2025房山一模/试卷/试卷.pdf,paper,module-boundary-excluded,/Users/wanglifei/Desktop/北京高考政治/reports/必修二三与必修四文化_题源分类准备_20260617_1301/03_question_index/question_candidates.csv,"{""target"": ""B2_ECONOMICS"", ""target_score"": 0, ""boundary"": ""B4_PHILOSOPHY_EXCLUDED"", ""boundary_score"": 3, ""matches"": {""B4_PHILOSOPHY_EXCLUDED"": ""认识,矛盾,boost:矛盾"", ""B1_EXCLUDED"": ""中国特色社会主义""}}",exclude_from_three_target_lines,main_matrix_original
2025_房山_一模,2025,房山,一模,10,,question,XB2_EXCLUDED,objective,/Users/wanglifei/Desktop/2025模拟题/2025各区一模/2025房山一模/试卷/试卷.pdf,paper,module-boundary-excluded,/Users/wanglifei/Desktop/北京高考政治/reports/必修二三与必修四文化_题源分类准备_20260617_1301/03_question_index/question_candidates.csv,"{""target"": ""B3_POLITICS_RULE_OF_LAW"", ""target_score"": 1, ""boundary"": ""XB2_EXCLUDED"", ""boundary_score"": 9, ""matches"": {""B3_POLITICS_RULE_OF_LAW"": ""法院"", ""XB2_EXCLUDED"": ""侵权,举证,侵权责任,违约,boost:侵权,boost:举证,boost:侵权责任,boost:违约""}, ""explicit_boundary_modules"": {""XB2_EXCLUDED"": [""侵权""]}, ""override"": ""explicit_boundary_term""}",exclude_from_three_target_lines,main_matrix_original
2025_房山_一模,2025,房山,一模,11,,question,XB2_EXCLUDED,objective,/Users/wanglifei/Desktop/2025模拟题/2025各区一模/2025房山一模/试卷/试卷.pdf,paper,module-boundary-excluded,/Users/wanglifei/Desktop/北京高考政治/reports/必修二三与必修四文化_题源分类准备_20260617_1301/03_question_index/question_candidates.csv,"{""target"": ""B3_POLITICS_RULE_OF_LAW"", ""target_score"": 4, ""boundary"": ""XB2_EXCLUDED"", ""boundary_score"": 8, ""matches"": {""B3_POLITICS_RULE_OF_LAW"": ""法院"", ""XB2_EXCLUDED"": ""调解,相邻关系,boost:调解,boost:相邻关系""}}",exclude_from_three_target_lines,main_matrix_original
2025_房山_一模,2025,房山,一模,12,,question,B2_ECONOMICS,objective,/Users/wanglifei/Desktop/2025模拟题/2025各区一模/2025房山一模/试卷/试卷.pdf,paper,included,/Users/wanglifei/Desktop/北京高考政治/reports/必修二三与必修四文化_题源分类准备_20260617_1301/03_question_index/question_candidates.csv,"{""target"": ""B2_ECONOMICS"", ""target_score"": 11, ""boundary"": ""B1_EXCLUDED"", ""boundary_score"": 1, ""matches"": {""B2_ECONOMICS"": ""民营经济,民营企业,营商环境,boost:民营经济,boost:营商环境"", ""B1_EXCLUDED"": ""中国特色社会主义""}}",future_baodian_intake,main_matrix_original
2025_房山_一模,2025,房山,一模,13,,question,B2_ECONOMICS,objective,/Users/wanglifei/Desktop/2025模拟题/2025各区一模/2025房山一模/试卷/试卷.pdf,paper,included,/Users/wanglifei/Desktop/北京高考政治/reports/必修二三与必修四文化_题源分类准备_20260617_1301/03_question_index/question_candidates.csv,"{""target"": ""B2_ECONOMICS"", ""target_score"": 10, ""boundary"": ""B4_PHILOSOPHY_EXCLUDED"", ""boundary_score"": 0, ""matches"": {""B2_ECONOMICS"": ""社会保障,消费,居民收入,基础设施,boost:社会保障"", ""B3_POLITICS_RULE_OF_LAW"": ""政府""}}",future_baodian_intake,main_matrix_original
2025_房山_一模,2025,房山,一模,14,,question,XB1_EXCLUDED,objective,/Users/wanglifei/Desktop/2025模拟题/2025各区一模/2025房山一模/试卷/试卷.pdf,paper,module-boundary-excluded,/Users/wanglifei/Desktop/北京高考政治/reports/必修二三与必修四文化_题源分类准备_20260617_1301/03_question_index/question_candidates.csv,"{""target"": ""B2_ECONOMICS"", ""target_score"": 0, ""boundary"": ""XB1_EXCLUDED"", ""boundary_score"": 4, ""matches"": {""B4_PHILOSOPHY_EXCLUDED"": ""矛盾,boost:矛盾"", ""XB1_EXCLUDED"": ""人类命运共同体,对外开放,boost:人类命运共同体""}, ""explicit_boundary_modules"": {""XB1_EXCLUDED"": [""人类命运共同体""]}, ""override"": ""explicit_boundary_term""}",exclude_from_three_target_lines,main_matrix_original
2025_房山_一模,2025,房山,一模,15,,question,XB1_EXCLUDED,objective,/Users/wanglifei/Desktop/2025模拟题/2025各区一模/2025房山一模/试卷/试卷.pdf,paper,module-boundary-excluded,/Users/wanglifei/Desktop/北京高考政治/reports/必修二三与必修四文化_题源分类准备_20260617_1301/03_question_index/question_candidates.csv,"{""target"": ""B2_ECONOMICS"", ""target_score"": 0, ""boundary"": ""XB1_EXCLUDED"", ""boundary_score"": 2, ""matches"": {""XB1_EXCLUDED"": ""经济全球化,boost:经济全球化"", ""B1_EXCLUDED"": ""改革开放""}, ""explicit_boundary_modules"": {""XB1_EXCLUDED"": [""经济全球化""]}, ""override"": ""explicit_boundary_term""}",exclude_from_three_target_lines,main_matrix_original
2025_房山_一模,2025,房山,一模,16,,question,B4_PHILOSOPHY_EXCLUDED,subjective,/Users/wanglifei/Desktop/2025模拟题/2025各区一模/2025房山一模/试卷/试卷.pdf,paper,module-boundary-excluded,/Users/wanglifei/Desktop/北京高考政治/reports/必修二三与必修四文化_题源分类准备_20260617_1301/03_question_index/question_candidates.csv,"{""target"": ""B4_CULTURE"", ""target_score"": 53, ""boundary"": ""B4_PHILOSOPHY_EXCLUDED"", ""boundary_score"": 21, ""matches"": {""B2_ECONOMICS"": ""消费"", ""B4_CULTURE"": ""文化,文化传承,文化创新,文化遗产,博物馆,文物,文创,boost:文化传承,boost:文化创新,boost:文化遗产,boost:博物馆,boost:文物"", ""B4_PHILOSOPHY_EXCLUDED"": ""实践,认识,矛盾,价值选择,boost:矛盾,boost:价值选择"", ""XB3_EXCLUDED"": ""创新思维,发散思维,联想思维,三段论,boost:创新思维,boost:发散思维,boost:联想思维,boost:三段论""}, ""explicit_boundary_modules"": {""XB3_EXCLUDED"": [""创新思维"", ""三段论""], ""B4_PHILOSOPHY_EXCLUDED"": [""价值选择""]}, ""override"": ""explicit_boundary_term""}",exclude_from_three_target_lines,main_matrix_original
2025_房山_一模,2025,房山,一模,17,,question,B3_POLITICS_RULE_OF_LAW,subjective,/Users/wanglifei/Desktop/2025模拟题/2025各区一模/2025房山一模/试卷/试卷.pdf,paper,included,/Users/wanglifei/Desktop/北京高考政治/reports/必修二三与必修四文化_题源分类准备_20260617_1301/03_question_index/question_candidates.csv,"{""target"": ""B3_POLITICS_RULE_OF_LAW"", ""target_score"": 25, ""boundary"": ""B4_PHILOSOPHY_EXCLUDED"", ""boundary_score"": 2, ""matches"": {""B2_ECONOMICS"": ""基础设施"", ""B3_POLITICS_RULE_OF_LAW"": ""政治与法治,中国共产党,党的领导,人民当家作主,全面依法治国,全民守法,政府,民主协商,党组织,boost:政治与法治,boost:中国共产党,boost:党的领导"", ""B4_PHILOSOPHY_EXCLUDED"": ""人民群众,boost:人民群众""}}",future_baodian_intake,main_matrix_original
2025_房山_一模,2025,房山,一模,18(1),18,subquestion,B2_ECONOMICS,subjective,/Users/wanglifei/Desktop/2025模拟题/2025各区一模/2025房山一模/试卷/试卷.pdf,paper,included,04_module_classification/subquestion_split_matrix.csv,"{""target"": ""B2_ECONOMICS"", ""target_score"": 2, ""boundary"": ""B4_PHILOSOPHY_EXCLUDED"", ""boundary_score"": 0, ""matches"": {""B2_ECONOMICS"": ""经济与社会,boost:经济与社会""}}",future_baodian_intake,subquestion_integrated_target
2025_房山_一模,2025,房山,一模,18(2),18,subquestion,XB1_EXCLUDED,subjective,/Users/wanglifei/Desktop/2025模拟题/2025各区一模/2025房山一模/试卷/试卷.pdf,paper,module-boundary-excluded,04_module_classification/subquestion_split_matrix.csv,"{""target"": ""B2_ECONOMICS"", ""target_score"": 0, ""boundary"": ""XB1_EXCLUDED"", ""boundary_score"": 2, ""matches"": {""B4_PHILOSOPHY_EXCLUDED"": ""实践"", ""XB1_EXCLUDED"": ""当代国际政治与经济,boost:当代国际政治与经济""}, ""explicit_boundary_modules"": {""XB1_EXCLUDED"": [""当代国际政治与经济""]}, ""override"": ""explicit_boundary_term""}",exclude_from_three_target_lines,subquestion_integrated_boundary
2025_房山_一模,2025,房山,一模,19,,question,XB2_EXCLUDED,subjective,/Users/wanglifei/Desktop/2025模拟题/2025各区一模/2025房山一模/试卷/试卷.pdf,paper,module-boundary-excluded,/Users/wanglifei/Desktop/北京高考政治/reports/必修二三与必修四文化_题源分类准备_20260617_1301/03_question_index/question_candidates.csv,"{""target"": ""B3_POLITICS_RULE_OF_LAW"", ""target_score"": 11, ""boundary"": ""XB2_EXCLUDED"", ""boundary_score"": 24, ""matches"": {""B3_POLITICS_RULE_OF_LAW"": ""法治社会,严格执法,公正司法,法院,boost:法治社会,boost:严格执法,boost:公正司法"", ""XB2_EXCLUDED"": ""侵权,知识产权,诉讼,赔偿,专利,boost:侵权,boost:知识产权,boost:诉讼,boost:专利""}, ""explicit_boundary_modules"": {""XB2_EXCLUDED"": [""侵权"", ""知识产权"", ""诉讼"", ""专利""]}, ""override"": ""explicit_boundary_term""}",exclude_from_three_target_lines,main_matrix_original
2025_房山_一模,2025,房山,一模,2,,question,B3_POLITICS_RULE_OF_LAW,objective,/Users/wanglifei/Desktop/2025模拟题/2025各区一模/2025房山一模/试卷/试卷.pdf,paper,included,/Users/wanglifei/Desktop/北京高考政治/reports/必修二三与必修四文化_题源分类准备_20260617_1301/03_question_index/question_candidates.csv,"{""target"": ""B3_POLITICS_RULE_OF_LAW"", ""target_score"": 3, ""boundary"": ""B4_PHILOSOPHY_EXCLUDED"", ""boundary_score"": 0, ""matches"": {""B3_POLITICS_RULE_OF_LAW"": ""全过程人民民主,boost:全过程人民民主""}}",future_baodian_intake,main_matrix_original
2025_房山_一模,2025,房山,一模,20,,question,B4_PHILOSOPHY_EXCLUDED,subjective,/Users/wanglifei/Desktop/2025模拟题/2025各区一模/2025房山一模/试卷/试卷.pdf,paper,module-boundary-excluded,/Users/wanglifei/Desktop/北京高考政治/reports/必修二三与必修四文化_题源分类准备_20260617_1301/03_question_index/question_candidates.csv,"{""target"": ""B2_ECONOMICS"", ""target_score"": 0, ""boundary"": ""B4_PHILOSOPHY_EXCLUDED"", ""boundary_score"": 14, ""matches"": {""B4_PHILOSOPHY_EXCLUDED"": ""认识,人生价值,主观能动性,尊重客观规律,boost:人生价值,boost:尊重客观规律"", ""B1_EXCLUDED"": ""中国特色社会主义,中国梦""}}",exclude_from_three_target_lines,main_matrix_original
2025_房山_一模,2025,房山,一模,3,,question,B4_PHILOSOPHY_EXCLUDED,objective,/Users/wanglifei/Desktop/2025模拟题/2025各区一模/2025房山一模/试卷/试卷.pdf,paper,module-boundary-excluded,/Users/wanglifei/Desktop/北京高考政治/reports/必修二三与必修四文化_题源分类准备_20260617_1301/03_question_index/question_candidates.csv,"{""target"": ""B2_ECONOMICS"", ""target_score"": 0, ""boundary"": ""B4_PHILOSOPHY_EXCLUDED"", ""boundary_score"": 6, ""matches"": {""B4_PHILOSOPHY_EXCLUDED"": ""矛盾,boost:矛盾""}}",exclude_from_three_target_lines,main_matrix_original
2025_房山_一模,2025,房山,一模,4,,question,B4_PHILOSOPHY_EXCLUDED,objective,/Users/wanglifei/Desktop/2025模拟题/2025各区一模/2025房山一模/试卷/试卷.pdf,paper,module-boundary-excluded,/Users/wanglifei/Desktop/北京高考政治/reports/必修二三与必修四文化_题源分类准备_20260617_1301/03_question_index/question_candidates.csv,"{""target"": ""B3_POLITICS_RULE_OF_LAW"", ""target_score"": 1, ""boundary"": ""B4_PHILOSOPHY_EXCLUDED"", ""boundary_score"": 7, ""matches"": {""B3_POLITICS_RULE_OF_LAW"": ""政府"", ""B4_PHILOSOPHY_EXCLUDED"": ""实践,认识""}}",exclude_from_three_target_lines,main_matrix_original
2025_房山_一模,2025,房山,一模,5,,question,B4_CULTURE,objective,/Users/wanglifei/Desktop/2025模拟题/2025各区一模/2025房山一模/试卷/试卷.pdf,paper,included,/Users/wanglifei/Desktop/北京高考政治/reports/必修二三与必修四文化_题源分类准备_20260617_1301/03_question_index/question_candidates.csv,"{""target"": ""B4_CULTURE"", ""target_score"": 18, ""boundary"": ""B4_PHILOSOPHY_EXCLUDED"", ""boundary_score"": 1, ""matches"": {""B4_CULTURE"": ""文化,传统文化,文化产业,中华文明,boost:传统文化,boost:中华文明"", ""B4_PHILOSOPHY_EXCLUDED"": ""实践""}}",future_baodian_intake,main_matrix_original
2025_房山_一模,2025,房山,一模,6,,question,XB3_EXCLUDED,objective,/Users/wanglifei/Desktop/2025模拟题/2025各区一模/2025房山一模/试卷/试卷.pdf,paper,module-boundary-excluded,/Users/wanglifei/Desktop/北京高考政治/reports/必修二三与必修四文化_题源分类准备_20260617_1301/03_question_index/question_candidates.csv,"{""target"": ""B2_ECONOMICS"", ""target_score"": 0, ""boundary"": ""B4_PHILOSOPHY_EXCLUDED"", ""boundary_score"": 3, ""matches"": {""B4_PHILOSOPHY_EXCLUDED"": ""矛盾,boost:矛盾"", ""XB3_EXCLUDED"": ""推理,boost:推理""}, ""explicit_boundary_modules"": {""XB3_EXCLUDED"": [""推理""]}, ""override"": ""explicit_boundary_term""}",exclude_from_three_target_lines,main_matrix_original
2025_房山_一模,2025,房山,一模,7,,question,XB3_EXCLUDED,objective,/Users/wanglifei/Desktop/2025模拟题/2025各区一模/2025房山一模/试卷/试卷.pdf,paper,module-boundary-excluded,/Users/wanglifei/Desktop/北京高考政治/reports/必修二三与必修四文化_题源分类准备_20260617_1301/03_question_index/question_candidates.csv,"{""target"": ""B4_CULTURE"", ""target_score"": 17, ""boundary"": ""B4_PHILOSOPHY_EXCLUDED"", ""boundary_score"": 10, ""matches"": {""B4_CULTURE"": ""文化,传统文化,文化传承,社会主义先进文化,民族精神,爱国主义,boost:传统文化,boost:文化传承,boost:社会主义先进文化,boost:民族精神,boost:爱国主义"", ""B4_PHILOSOPHY_EXCLUDED"": ""认识,事物发展,矛盾,boost:矛盾"", ""XB3_EXCLUDED"": ""迁移,boost:迁移""}, ""explicit_boundary_modules"": {""XB3_EXCLUDED"": [""迁移""]}, ""override"": ""explicit_boundary_term""}",exclude_from_three_target_lines,main_matrix_original
2025_房山_一模,2025,房山,一模,8,,question,B3_POLITICS_RULE_OF_LAW,objective,/Users/wanglifei/Desktop/2025模拟题/2025各区一模/2025房山一模/试卷/试卷.pdf,paper,included,/Users/wanglifei/Desktop/北京高考政治/reports/必修二三与必修四文化_题源分类准备_20260617_1301/03_question_index/question_candidates.csv,"{""target"": ""B3_POLITICS_RULE_OF_LAW"", ""target_score"": 9, ""boundary"": ""XB2_EXCLUDED"", ""boundary_score"": 3, ""matches"": {""B3_POLITICS_RULE_OF_LAW"": ""基层群众自治,基层治理,社会治理,boost:基层群众自治,boost:基层治理"", ""XB2_EXCLUDED"": ""调解,boost:调解""}}",future_baodian_intake,main_matrix_original
2025_房山_一模,2025,房山,一模,9,,question,B3_POLITICS_RULE_OF_LAW,objective,/Users/wanglifei/Desktop/2025模拟题/2025各区一模/2025房山一模/试卷/试卷.pdf,paper,included,/Users/wanglifei/Desktop/北京高考政治/reports/必修二三与必修四文化_题源分类准备_20260617_1301/03_question_index/question_candidates.csv,"{""target"": ""B3_POLITICS_RULE_OF_LAW"", ""target_score"": 7, ""boundary"": ""B4_PHILOSOPHY_EXCLUDED"", ""boundary_score"": 2, ""matches"": {""B3_POLITICS_RULE_OF_LAW"": ""依法行政,政府,boost:依法行政"", ""B4_PHILOSOPHY_EXCLUDED"": ""矛盾,boost:矛盾""}}",future_baodian_intake,main_matrix_original
2025_昌平_二模,2025,昌平,二模,1,,question,B3_POLITICS_RULE_OF_LAW,objective,/Users/wanglifei/Desktop/2025模拟题/2025各区二模/2025昌平二模/试卷/试卷.pdf,paper,included,/Users/wanglifei/Desktop/北京高考政治/reports/必修二三与必修四文化_题源分类准备_20260617_1301/03_question_index/question_candidates.csv,"{""target"": ""B3_POLITICS_RULE_OF_LAW"", ""target_score"": 3, ""boundary"": ""B4_PHILOSOPHY_EXCLUDED"", ""boundary_score"": 0, ""matches"": {""B3_POLITICS_RULE_OF_LAW"": ""中国共产党,boost:中国共产党""}}",future_baodian_intake,main_matrix_original
2025_昌平_二模,2025,昌平,二模,10,,question,XB2_EXCLUDED,objective,/Users/wanglifei/Desktop/2025模拟题/2025各区二模/2025昌平二模/试卷/试卷.pdf,paper,module-boundary-excluded,/Users/wanglifei/Desktop/北京高考政治/reports/必修二三与必修四文化_题源分类准备_20260617_1301/03_question_index/question_candidates.csv,"{""target"": ""B2_ECONOMICS"", ""target_score"": 4, ""boundary"": ""XB2_EXCLUDED"", ""boundary_score"": 6, ""matches"": {""B2_ECONOMICS"": ""国有经济,宏观调控,boost:国有经济,boost:宏观调控"", ""B4_PHILOSOPHY_EXCLUDED"": ""人民群众,boost:人民群众"", ""XB2_EXCLUDED"": ""合同,劳动合同,boost:合同,boost:劳动合同""}, ""explicit_boundary_modules"": {""XB2_EXCLUDED"": [""合同"", ""劳动合同""]}, ""override"": ""explicit_boundary_term""}",exclude_from_three_target_lines,main_matrix_original
2025_昌平_二模,2025,昌平,二模,11,,question,XB1_EXCLUDED,objective,/Users/wanglifei/Desktop/2025模拟题/2025各区二模/2025昌平二模/试卷/试卷.pdf,paper,module-boundary-excluded,/Users/wanglifei/Desktop/北京高考政治/reports/必修二三与必修四文化_题源分类准备_20260617_1301/03_question_index/question_candidates.csv,"{""target"": ""B3_POLITICS_RULE_OF_LAW"", ""target_score"": 1, ""boundary"": ""XB1_EXCLUDED"", ""boundary_score"": 6, ""matches"": {""B3_POLITICS_RULE_OF_LAW"": ""法院"", ""XB1_EXCLUDED"": ""联合国,boost:联合国""}, ""explicit_boundary_modules"": {""XB1_EXCLUDED"": [""联合国""]}, ""override"": ""explicit_boundary_term""}",exclude_from_three_target_lines,main_matrix_original
2025_昌平_二模,2025,昌平,二模,12,,question,XB3_EXCLUDED,objective,/Users/wanglifei/Desktop/2025模拟题/2025各区二模/2025昌平二模/试卷/试卷.pdf,paper,module-boundary-excluded,/Users/wanglifei/Desktop/北京高考政治/reports/必修二三与必修四文化_题源分类准备_20260617_1301/03_question_index/question_candidates.csv,"{""target"": ""B4_CULTURE"", ""target_score"": 3, ""boundary"": ""XB3_EXCLUDED"", ""boundary_score"": 2, ""matches"": {""B4_CULTURE"": ""纹样,boost:纹样"", ""B4_PHILOSOPHY_EXCLUDED"": ""认识"", ""XB3_EXCLUDED"": ""超前思维,boost:超前思维""}, ""explicit_boundary_modules"": {""XB3_EXCLUDED"": [""超前思维""]}, ""override"": ""explicit_boundary_term""}",exclude_from_three_target_lines,main_matrix_original
2025_昌平_二模,2025,昌平,二模,13,,question,XB3_EXCLUDED,objective,/Users/wanglifei/Desktop/2025模拟题/2025各区二模/2025昌平二模/试卷/试卷.pdf,paper,module-boundary-excluded,/Users/wanglifei/Desktop/北京高考政治/reports/必修二三与必修四文化_题源分类准备_20260617_1301/03_question_index/question_candidates.csv,"{""target"": ""B2_ECONOMICS"", ""target_score"": 7, ""boundary"": ""XB3_EXCLUDED"", ""boundary_score"": 4, ""matches"": {""B2_ECONOMICS"": ""高质量发展,消费,boost:高质量发展"", ""XB3_EXCLUDED"": ""推理,三段论,boost:推理,boost:三段论""}, ""explicit_boundary_modules"": {""XB3_EXCLUDED"": [""三段论"", ""推理""]}, ""override"": ""explicit_boundary_term""}",exclude_from_three_target_lines,main_matrix_original
2025_昌平_二模,2025,昌平,二模,14,,question,XB2_EXCLUDED,objective,/Users/wanglifei/Desktop/2025模拟题/2025各区二模/2025昌平二模/试卷/试卷.pdf,paper,module-boundary-excluded,/Users/wanglifei/Desktop/北京高考政治/reports/必修二三与必修四文化_题源分类准备_20260617_1301/03_question_index/question_candidates.csv,"{""target"": ""B3_POLITICS_RULE_OF_LAW"", ""target_score"": 1, ""boundary"": ""XB2_EXCLUDED"", ""boundary_score"": 22, ""matches"": {""B3_POLITICS_RULE_OF_LAW"": ""法院"", ""XB2_EXCLUDED"": ""合同,侵权,诉讼,举证,民事,民事诉讼,侵权责任,赔偿,违约,健康权,boost:合同,boost:侵权""}, ""explicit_boundary_modules"": {""XB2_EXCLUDED"": [""合同"", ""侵权"", ""诉讼"", ""民事""]}, ""override"": ""explicit_boundary_term""}",exclude_from_three_target_lines,main_matrix_original
2025_昌平_二模,2025,昌平,二模,15,,question,XB2_EXCLUDED,objective,/Users/wanglifei/Desktop/2025模拟题/2025各区二模/2025昌平二模/试卷/试卷.pdf,paper,module-boundary-excluded,/Users/wanglifei/Desktop/北京高考政治/reports/必修二三与必修四文化_题源分类准备_20260617_1301/03_question_index/question_candidates.csv,"{""target"": ""B3_POLITICS_RULE_OF_LAW"", ""target_score"": 2, ""boundary"": ""XB2_EXCLUDED"", ""boundary_score"": 26, ""matches"": {""B3_POLITICS_RULE_OF_LAW"": ""法院"", ""B4_PHILOSOPHY_EXCLUDED"": ""认识"", ""XB2_EXCLUDED"": ""合同,劳动合同,诉讼,仲裁,赔偿,boost:合同,boost:劳动合同,boost:诉讼,boost:仲裁""}, ""explicit_boundary_modules"": {""XB2_EXCLUDED"": [""合同"", ""诉讼"", ""劳动合同""]}, ""override"": ""explicit_boundary_term""}",exclude_from_three_target_lines,main_matrix_original
2025_昌平_二模,2025,昌平,二模,16,,question,B4_CULTURE,subjective,/Users/wanglifei/Desktop/2025模拟题/2025各区二模/2025昌平二模/试卷/试卷.pdf,paper,included,/Users/wanglifei/Desktop/北京高考政治/reports/必修二三与必修四文化_题源分类准备_20260617_1301/03_question_index/question_candidates.csv,"{""target"": ""B4_CULTURE"", ""target_score"": 16, ""boundary"": ""B4_PHILOSOPHY_EXCLUDED"", ""boundary_score"": 4, ""matches"": {""B4_CULTURE"": ""文化,文化载体,优秀传统文化,传统文化,文化传承,文化自信,民族精神,boost:优秀传统文化,boost:传统文化,boost:文化传承,boost:文化自信,boost:民族精神"", ""B4_PHILOSOPHY_EXCLUDED"": ""实践,认识,人生价值,boost:人生价值""}}",future_baodian_intake,main_matrix_original
2025_昌平_二模,2025,昌平,二模,17,,question,B2_ECONOMICS,subjective,/Users/wanglifei/Desktop/2025模拟题/2025各区二模/2025昌平二模/试卷/试卷.pdf,paper,included,/Users/wanglifei/Desktop/北京高考政治/reports/必修二三与必修四文化_题源分类准备_20260617_1301/03_question_index/question_candidates.csv,"{""target"": ""B2_ECONOMICS"", ""target_score"": 33, ""boundary"": ""B1_EXCLUDED"", ""boundary_score"": 1, ""matches"": {""B2_ECONOMICS"": ""经济与社会,民营经济,民营企业,市场经济,高质量发展,营商环境,就业,经济增长,boost:经济与社会,boost:民营经济,boost:市场经济,boost:高质量发展"", ""B3_POLITICS_RULE_OF_LAW"": ""政府,公共服务"", ""B4_CULTURE"": ""文化"", ""B1_EXCLUDED"": ""改革开放""}}",future_baodian_intake,main_matrix_original
2025_昌平_二模,2025,昌平,二模,18,,question,B3_POLITICS_RULE_OF_LAW,subjective,/Users/wanglifei/Desktop/2025模拟题/2025各区二模/2025昌平二模/试卷/试卷.pdf,paper,included,/Users/wanglifei/Desktop/北京高考政治/reports/必修二三与必修四文化_题源分类准备_20260617_1301/03_question_index/question_candidates.csv,"{""target"": ""B3_POLITICS_RULE_OF_LAW"", ""target_score"": 17, ""boundary"": ""B4_PHILOSOPHY_EXCLUDED"", ""boundary_score"": 4, ""matches"": {""B3_POLITICS_RULE_OF_LAW"": ""政治与法治,党的领导,人民当家作主,人民代表大会,人大代表,基层群众自治,全过程人民民主,政府,民主决策,民主协商,boost:政治与法治,boost:党的领导"", ""B4_PHILOSOPHY_EXCLUDED"": ""实践,人民群众,boost:人民群众""}}",future_baodian_intake,main_matrix_original
2025_昌平_二模,2025,昌平,二模,19,,question,XB3_EXCLUDED,subjective,/Users/wanglifei/Desktop/2025模拟题/2025各区二模/2025昌平二模/试卷/试卷.pdf,paper,module-boundary-excluded,/Users/wanglifei/Desktop/北京高考政治/reports/必修二三与必修四文化_题源分类准备_20260617_1301/03_question_index/question_candidates.csv,"{""target"": ""B4_CULTURE"", ""target_score"": 5, ""boundary"": ""XB3_EXCLUDED"", ""boundary_score"": 11, ""matches"": {""B2_ECONOMICS"": ""消费"", ""B4_CULTURE"": ""文化,优秀传统文化,传统文化,boost:优秀传统文化,boost:传统文化"", ""XB3_EXCLUDED"": ""创新思维,聚合思维,逆向思维,迁移,想象,boost:创新思维,boost:聚合思维,boost:逆向思维,boost:迁移,boost:想象""}, ""explicit_boundary_modules"": {""XB3_EXCLUDED"": [""创新思维"", ""迁移"", ""想象""]}, ""override"": ""explicit_boundary_term""}",exclude_from_three_target_lines,main_matrix_original
2025_昌平_二模,2025,昌平,二模,2,,question,B4_PHILOSOPHY_EXCLUDED,objective,/Users/wanglifei/Desktop/2025模拟题/2025各区二模/2025昌平二模/试卷/试卷.pdf,paper,module-boundary-excluded,/Users/wanglifei/Desktop/北京高考政治/reports/必修二三与必修四文化_题源分类准备_20260617_1301/03_question_index/question_candidates.csv,"{""target"": ""B2_ECONOMICS"", ""target_score"": 0, ""boundary"": ""B4_PHILOSOPHY_EXCLUDED"", ""boundary_score"": 4, ""matches"": {""B4_PHILOSOPHY_EXCLUDED"": ""实践,真理,boost:真理""}}",exclude_from_three_target_lines,main_matrix_original
2025_昌平_二模,2025,昌平,二模,20,,question,XB2_EXCLUDED,subjective,/Users/wanglifei/Desktop/2025模拟题/2025各区二模/2025昌平二模/试卷/试卷.pdf,paper,module-boundary-excluded,/Users/wanglifei/Desktop/北京高考政治/reports/必修二三与必修四文化_题源分类准备_20260617_1301/03_question_index/question_candidates.csv,"{""target"": ""B3_POLITICS_RULE_OF_LAW"", ""target_score"": 9, ""boundary"": ""XB2_EXCLUDED"", ""boundary_score"": 13, ""matches"": {""B2_ECONOMICS"": ""消费"", ""B3_POLITICS_RULE_OF_LAW"": ""人大代表,政府,法院,全国人大,boost:人大代表,boost:全国人大"", ""XB2_EXCLUDED"": ""合同,侵权,诉讼,侵权责任,违约,boost:合同,boost:侵权,boost:诉讼,boost:侵权责任,boost:违约""}, ""explicit_boundary_modules"": {""XB2_EXCLUDED"": [""合同"", ""侵权"", ""诉讼""]}, ""override"": ""explicit_boundary_term""}",exclude_from_three_target_lines,main_matrix_original
2025_昌平_二模,2025,昌平,二模,21,,question,XB2_EXCLUDED,subjective,/Users/wanglifei/Desktop/2025模拟题/2025各区二模/2025昌平二模/试卷/试卷.pdf,paper,module-boundary-excluded,/Users/wanglifei/Desktop/北京高考政治/reports/必修二三与必修四文化_题源分类准备_20260617_1301/03_question_index/question_candidates.csv,"{""target"": ""B2_ECONOMICS"", ""target_score"": 7, ""boundary"": ""XB2_EXCLUDED"", ""boundary_score"": 3, ""matches"": {""B2_ECONOMICS"": ""市场经济,供给侧,营商环境,经济增长,boost:市场经济,boost:营商环境,boost:经济增长"", ""B3_POLITICS_RULE_OF_LAW"": ""党的领导,公共服务,boost:党的领导"", ""B4_CULTURE"": ""民族精神,boost:民族精神"", ""XB1_EXCLUDED"": ""对外开放"", ""XB2_EXCLUDED"": ""知识产权,boost:知识产权"", ""B1_EXCLUDED"": ""改革开放""}, ""explicit_boundary_modules"": {""XB2_EXCLUDED"": [""知识产权""]}, ""override"": ""explicit_boundary_term""}",exclude_from_three_target_lines,main_matrix_original
2025_昌平_二模,2025,昌平,二模,3,,question,XB3_EXCLUDED,objective,/Users/wanglifei/Desktop/2025模拟题/2025各区二模/2025昌平二模/试卷/试卷.pdf,paper,module-boundary-excluded,/Users/wanglifei/Desktop/北京高考政治/reports/必修二三与必修四文化_题源分类准备_20260617_1301/03_question_index/question_candidates.csv,"{""target"": ""B2_ECONOMICS"", ""target_score"": 0, ""boundary"": ""XB3_EXCLUDED"", ""boundary_score"": 4, ""matches"": {""B4_PHILOSOPHY_EXCLUDED"": ""矛盾,boost:矛盾"", ""XB3_EXCLUDED"": ""推理,归纳推理,boost:推理,boost:归纳推理""}, ""explicit_boundary_modules"": {""XB3_EXCLUDED"": [""推理""]}, ""override"": ""explicit_boundary_term""}",exclude_from_three_target_lines,main_matrix_original
2025_昌平_二模,2025,昌平,二模,4,,question,B4_PHILOSOPHY_EXCLUDED,objective,/Users/wanglifei/Desktop/2025模拟题/2025各区二模/2025昌平二模/试卷/试卷.pdf,paper,module-boundary-excluded,/Users/wanglifei/Desktop/北京高考政治/reports/必修二三与必修四文化_题源分类准备_20260617_1301/03_question_index/question_candidates.csv,"{""target"": ""B4_CULTURE"", ""target_score"": 1, ""boundary"": ""B4_PHILOSOPHY_EXCLUDED"", ""boundary_score"": 4, ""matches"": {""B4_CULTURE"": ""文艺"", ""B4_PHILOSOPHY_EXCLUDED"": ""价值判断,价值选择,boost:价值判断,boost:价值选择""}, ""explicit_boundary_modules"": {""B4_PHILOSOPHY_EXCLUDED"": [""价值判断"", ""价值选择""]}, ""override"": ""explicit_boundary_term""}",exclude_from_three_target_lines,main_matrix_original
2025_昌平_二模,2025,昌平,二模,5,,question,B4_CULTURE,objective,/Users/wanglifei/Desktop/2025模拟题/2025各区二模/2025昌平二模/试卷/试卷.pdf,paper,included,/Users/wanglifei/Desktop/北京高考政治/reports/必修二三与必修四文化_题源分类准备_20260617_1301/03_question_index/question_candidates.csv,"{""target"": ""B4_CULTURE"", ""target_score"": 5, ""boundary"": ""B4_PHILOSOPHY_EXCLUDED"", ""boundary_score"": 1, ""matches"": {""B4_CULTURE"": ""文化,传统文化,boost:传统文化"", ""B4_PHILOSOPHY_EXCLUDED"": ""实践""}}",future_baodian_intake,main_matrix_original
2025_昌平_二模,2025,昌平,二模,6,,question,B4_PHILOSOPHY_EXCLUDED,objective,/Users/wanglifei/Desktop/2025模拟题/2025各区二模/2025昌平二模/试卷/试卷.pdf,paper,module-boundary-excluded,/Users/wanglifei/Desktop/北京高考政治/reports/必修二三与必修四文化_题源分类准备_20260617_1301/03_question_index/question_candidates.csv,"{""target"": ""B2_ECONOMICS"", ""target_score"": 0, ""boundary"": ""B4_PHILOSOPHY_EXCLUDED"", ""boundary_score"": 5, ""matches"": {""B4_PHILOSOPHY_EXCLUDED"": ""认识,真理,boost:真理""}}",exclude_from_three_target_lines,main_matrix_original
2025_昌平_二模,2025,昌平,二模,7,,question,UNKNOWN_OR_MIXED,objective,/Users/wanglifei/Desktop/2025模拟题/2025各区二模/2025昌平二模/试卷/试卷.pdf,paper,blocked,/Users/wanglifei/Desktop/北京高考政治/reports/必修二三与必修四文化_题源分类准备_20260617_1301/03_question_index/question_candidates.csv,"{""target"": ""B3_POLITICS_RULE_OF_LAW"", ""target_score"": 1, ""boundary"": ""B4_PHILOSOPHY_EXCLUDED"", ""boundary_score"": 0, ""matches"": {""B3_POLITICS_RULE_OF_LAW"": ""政府""}}",manual_review_needed,main_matrix_original
2025_昌平_二模,2025,昌平,二模,8,,question,B2_ECONOMICS,objective,/Users/wanglifei/Desktop/2025模拟题/2025各区二模/2025昌平二模/试卷/试卷.pdf,paper,included,/Users/wanglifei/Desktop/北京高考政治/reports/必修二三与必修四文化_题源分类准备_20260617_1301/03_question_index/question_candidates.csv,"{""target"": ""B2_ECONOMICS"", ""target_score"": 2, ""boundary"": ""B4_PHILOSOPHY_EXCLUDED"", ""boundary_score"": 0, ""matches"": {""B2_ECONOMICS"": ""新质生产力,boost:新质生产力"", ""B3_POLITICS_RULE_OF_LAW"": ""政府"", ""B4_CULTURE"": ""非遗,boost:非遗""}}",future_baodian_intake,main_matrix_original
2025_昌平_二模,2025,昌平,二模,9,,question,B2_ECONOMICS,objective,/Users/wanglifei/Desktop/2025模拟题/2025各区二模/2025昌平二模/试卷/试卷.pdf,paper,included,/Users/wanglifei/Desktop/北京高考政治/reports/必修二三与必修四文化_题源分类准备_20260617_1301/03_question_index/question_candidates.csv,"{""target"": ""B2_ECONOMICS"", ""target_score"": 13, ""boundary"": ""B4_PHILOSOPHY_EXCLUDED"", ""boundary_score"": 0, ""matches"": {""B2_ECONOMICS"": ""财政,消费,市场主体,生产要素,经济增长,boost:财政,boost:生产要素,boost:经济增长""}}",future_baodian_intake,main_matrix_original
2025_朝阳_一模,2025,朝阳,一模,1,,question,B3_POLITICS_RULE_OF_LAW,objective,/Users/wanglifei/Desktop/2025模拟题/2025各区一模/2025朝阳一模/试卷/试卷.pdf,paper,included,/Users/wanglifei/Desktop/北京高考政治/reports/必修二三与必修四文化_题源分类准备_20260617_1301/03_question_index/question_candidates.csv,"{""target"": ""B3_POLITICS_RULE_OF_LAW"", ""target_score"": 3, ""boundary"": ""B1_EXCLUDED"", ""boundary_score"": 2, ""matches"": {""B3_POLITICS_RULE_OF_LAW"": ""中国共产党,boost:中国共产党"", ""B4_PHILOSOPHY_EXCLUDED"": ""认识"", ""B1_EXCLUDED"": ""中国特色社会主义""}}",future_baodian_intake,main_matrix_original
2025_朝阳_一模,2025,朝阳,一模,10,,question,XB2_EXCLUDED,objective,/Users/wanglifei/Desktop/2025模拟题/2025各区一模/2025朝阳一模/试卷/试卷.pdf,paper,module-boundary-excluded,/Users/wanglifei/Desktop/北京高考政治/reports/必修二三与必修四文化_题源分类准备_20260617_1301/03_question_index/question_candidates.csv,"{""target"": ""B3_POLITICS_RULE_OF_LAW"", ""target_score"": 3, ""boundary"": ""XB2_EXCLUDED"", ""boundary_score"": 3, ""matches"": {""B3_POLITICS_RULE_OF_LAW"": ""法院"", ""XB2_EXCLUDED"": ""侵权,赔偿,boost:侵权""}, ""explicit_boundary_modules"": {""XB2_EXCLUDED"": [""侵权""]}, ""override"": ""explicit_boundary_term""}",exclude_from_three_target_lines,main_matrix_original
2025_朝阳_一模,2025,朝阳,一模,11,,question,XB2_EXCLUDED,objective,/Users/wanglifei/Desktop/2025模拟题/2025各区一模/2025朝阳一模/试卷/试卷.pdf,paper,module-boundary-excluded,/Users/wanglifei/Desktop/北京高考政治/reports/必修二三与必修四文化_题源分类准备_20260617_1301/03_question_index/question_candidates.csv,"{""target"": ""B3_POLITICS_RULE_OF_LAW"", ""target_score"": 8, ""boundary"": ""XB2_EXCLUDED"", ""boundary_score"": 3, ""matches"": {""B3_POLITICS_RULE_OF_LAW"": ""检察,法院"", ""B4_CULTURE"": ""文旅,文物,boost:文旅,boost:文物"", ""XB2_EXCLUDED"": ""诉讼,boost:诉讼""}, ""explicit_boundary_modules"": {""XB2_EXCLUDED"": [""诉讼""]}, ""override"": ""explicit_boundary_term""}",exclude_from_three_target_lines,main_matrix_original
2025_朝阳_一模,2025,朝阳,一模,12,,question,UNKNOWN_OR_MIXED,objective,/Users/wanglifei/Desktop/2025模拟题/2025各区一模/2025朝阳一模/试卷/试卷.pdf,paper,blocked,/Users/wanglifei/Desktop/北京高考政治/reports/必修二三与必修四文化_题源分类准备_20260617_1301/03_question_index/question_candidates.csv,"{""target"": ""B2_ECONOMICS"", ""target_score"": 0, ""boundary"": ""B4_PHILOSOPHY_EXCLUDED"", ""boundary_score"": 1, ""matches"": {""B4_PHILOSOPHY_EXCLUDED"": ""实践""}}",manual_review_needed,main_matrix_original
2025_朝阳_一模,2025,朝阳,一模,13,,question,B2_ECONOMICS,objective,/Users/wanglifei/Desktop/2025模拟题/2025各区一模/2025朝阳一模/试卷/试卷.pdf,paper,included,/Users/wanglifei/Desktop/北京高考政治/reports/必修二三与必修四文化_题源分类准备_20260617_1301/03_question_index/question_candidates.csv,"{""target"": ""B2_ECONOMICS"", ""target_score"": 5, ""boundary"": ""B4_PHILOSOPHY_EXCLUDED"", ""boundary_score"": 0, ""matches"": {""B2_ECONOMICS"": ""消费,就业,boost:就业"", ""B3_POLITICS_RULE_OF_LAW"": ""公共服务""}}",future_baodian_intake,main_matrix_original
2025_朝阳_一模,2025,朝阳,一模,14,,question,UNKNOWN_OR_MIXED,objective,/Users/wanglifei/Desktop/2025模拟题/2025各区一模/2025朝阳一模/试卷/试卷.pdf,paper,blocked,/Users/wanglifei/Desktop/北京高考政治/reports/必修二三与必修四文化_题源分类准备_20260617_1301/03_question_index/question_candidates.csv,"{""target"": ""B2_ECONOMICS"", ""target_score"": 0, ""boundary"": ""B4_PHILOSOPHY_EXCLUDED"", ""boundary_score"": 0, ""matches"": {}}",manual_review_needed,main_matrix_original
2025_朝阳_一模,2025,朝阳,一模,15,,question,XB1_EXCLUDED,objective,/Users/wanglifei/Desktop/2025模拟题/2025各区一模/2025朝阳一模/试卷/试卷.pdf,paper,module-boundary-excluded,/Users/wanglifei/Desktop/北京高考政治/reports/必修二三与必修四文化_题源分类准备_20260617_1301/03_question_index/question_candidates.csv,"{""target"": ""B2_ECONOMICS"", ""target_score"": 0, ""boundary"": ""XB1_EXCLUDED"", ""boundary_score"": 8, ""matches"": {""B4_PHILOSOPHY_EXCLUDED"": ""矛盾,boost:矛盾"", ""XB1_EXCLUDED"": ""联合国,全球治理,boost:联合国,boost:全球治理""}, ""explicit_boundary_modules"": {""XB1_EXCLUDED"": [""联合国"", ""全球治理""]}, ""override"": ""explicit_boundary_term""}",exclude_from_three_target_lines,main_matrix_original
2025_朝阳_一模,2025,朝阳,一模,16,,question,B4_PHILOSOPHY_EXCLUDED,subjective,/Users/wanglifei/Desktop/2025模拟题/2025各区一模/2025朝阳一模/试卷/试卷.pdf,paper,module-boundary-excluded,/Users/wanglifei/Desktop/北京高考政治/reports/必修二三与必修四文化_题源分类准备_20260617_1301/03_question_index/question_candidates.csv,"{""target"": ""B4_CULTURE"", ""target_score"": 20, ""boundary"": ""B4_PHILOSOPHY_EXCLUDED"", ""boundary_score"": 7, ""matches"": {""B4_CULTURE"": ""文化,中华优秀传统文化,优秀传统文化,传统文化,文化传承,中华文明,boost:中华优秀传统文化,boost:优秀传统文化,boost:传统文化,boost:文化传承,boost:中华文明"", ""B4_PHILOSOPHY_EXCLUDED"": ""实践,社会存在,社会意识,人民群众,boost:社会存在,boost:社会意识,boost:人民群众""}, ""explicit_boundary_modules"": {""B4_PHILOSOPHY_EXCLUDED"": [""社会存在"", ""社会意识""]}, ""override"": ""explicit_boundary_term""}",exclude_from_three_target_lines,main_matrix_original
2025_朝阳_一模,2025,朝阳,一模,17(1),17,subquestion,XB3_EXCLUDED,subjective,/Users/wanglifei/Desktop/2025模拟题/2025各区一模/2025朝阳一模/试卷/试卷.pdf,paper,module-boundary-excluded,04_module_classification/subquestion_split_matrix.csv,"{""target"": ""B2_ECONOMICS"", ""target_score"": 0, ""boundary"": ""XB3_EXCLUDED"", ""boundary_score"": 4, ""matches"": {""XB3_EXCLUDED"": ""逻辑与思维,推理,boost:逻辑与思维,boost:推理""}, ""explicit_boundary_modules"": {""XB3_EXCLUDED"": [""逻辑与思维"", ""推理""]}, ""override"": ""explicit_boundary_term""}",exclude_from_three_target_lines,subquestion_integrated_boundary
2025_朝阳_一模,2025,朝阳,一模,17(2),17,subquestion,B2_ECONOMICS,subjective,/Users/wanglifei/Desktop/2025模拟题/2025各区一模/2025朝阳一模/试卷/试卷.pdf,paper,included,04_module_classification/subquestion_split_matrix.csv,"{""target"": ""B2_ECONOMICS"", ""target_score"": 2, ""boundary"": ""B4_PHILOSOPHY_EXCLUDED"", ""boundary_score"": 0, ""matches"": {""B2_ECONOMICS"": ""经济与社会,boost:经济与社会""}}",future_baodian_intake,subquestion_integrated_target
2025_朝阳_一模,2025,朝阳,一模,18,,question,B3_POLITICS_RULE_OF_LAW,subjective,/Users/wanglifei/Desktop/2025模拟题/2025各区一模/2025朝阳一模/试卷/试卷.pdf,paper,included,/Users/wanglifei/Desktop/北京高考政治/reports/必修二三与必修四文化_题源分类准备_20260617_1301/03_question_index/question_candidates.csv,"{""target"": ""B3_POLITICS_RULE_OF_LAW"", ""target_score"": 8, ""boundary"": ""B4_PHILOSOPHY_EXCLUDED"", ""boundary_score"": 0, ""matches"": {""B2_ECONOMICS"": ""基础设施"", ""B3_POLITICS_RULE_OF_LAW"": ""政治与法治,中国共产党,政府,社会治理,公共服务,boost:政治与法治,boost:中国共产党""}}",future_baodian_intake,main_matrix_original
2025_朝阳_一模,2025,朝阳,一模,19,,question,XB2_EXCLUDED,subjective,/Users/wanglifei/Desktop/2025模拟题/2025各区一模/2025朝阳一模/试卷/试卷.pdf,paper,module-boundary-excluded,/Users/wanglifei/Desktop/北京高考政治/reports/必修二三与必修四文化_题源分类准备_20260617_1301/03_question_index/question_candidates.csv,"{""target"": ""B2_ECONOMICS"", ""target_score"": 13, ""boundary"": ""XB2_EXCLUDED"", ""boundary_score"": 16, ""matches"": {""B2_ECONOMICS"": ""数字经济,消费,boost:数字经济"", ""B3_POLITICS_RULE_OF_LAW"": ""法院"", ""B4_CULTURE"": ""文化,文旅,boost:文旅"", ""XB2_EXCLUDED"": ""法律与生活,诉讼,消费者权益,赔偿,boost:法律与生活,boost:诉讼,boost:消费者权益""}, ""explicit_boundary_modules"": {""XB2_EXCLUDED"": [""法律与生活"", ""诉讼""]}, ""override"": ""explicit_boundary_term""}",exclude_from_three_target_lines,main_matrix_original
2025_朝阳_一模,2025,朝阳,一模,2,,question,XB3_EXCLUDED,objective,/Users/wanglifei/Desktop/2025模拟题/2025各区一模/2025朝阳一模/试卷/试卷.pdf,paper,module-boundary-excluded,/Users/wanglifei/Desktop/北京高考政治/reports/必修二三与必修四文化_题源分类准备_20260617_1301/03_question_index/question_candidates.csv,"{""target"": ""B4_CULTURE"", ""target_score"": 4, ""boundary"": ""XB3_EXCLUDED"", ""boundary_score"": 2, ""matches"": {""B2_ECONOMICS"": ""经济增长,boost:经济增长"", ""B3_POLITICS_RULE_OF_LAW"": ""宪法,boost:宪法"", ""B4_CULTURE"": ""社会主义核心价值观,博物馆,boost:社会主义核心价值观,boost:博物馆"", ""B4_PHILOSOPHY_EXCLUDED"": ""实践"", ""XB3_EXCLUDED"": ""充分条件,boost:充分条件""}, ""explicit_boundary_modules"": {""XB3_EXCLUDED"": [""充分条件""]}, ""override"": ""explicit_boundary_term""}",exclude_from_three_target_lines,main_matrix_original
2025_朝阳_一模,2025,朝阳,一模,20,,question,XB1_EXCLUDED,subjective,/Users/wanglifei/Desktop/2025模拟题/2025各区一模/2025朝阳一模/试卷/试卷.pdf,paper,module-boundary-excluded,/Users/wanglifei/Desktop/北京高考政治/reports/必修二三与必修四文化_题源分类准备_20260617_1301/03_question_index/question_candidates.csv,"{""target"": ""B2_ECONOMICS"", ""target_score"": 15, ""boundary"": ""XB1_EXCLUDED"", ""boundary_score"": 8, ""matches"": {""B2_ECONOMICS"": ""实体经济,产业链,供应链,boost:实体经济,boost:产业链,boost:供应链"", ""XB1_EXCLUDED"": ""当代国际政治与经济,中国外交,经济全球化,外交,boost:当代国际政治与经济,boost:中国外交,boost:经济全球化,boost:外交""}, ""explicit_boundary_modules"": {""XB1_EXCLUDED"": [""当代国际政治与经济"", ""经济全球化""]}, ""override"": ""explicit_boundary_term""}",exclude_from_three_target_lines,main_matrix_original
2025_朝阳_一模,2025,朝阳,一模,21,,question,B3_POLITICS_RULE_OF_LAW,subjective,/Users/wanglifei/Desktop/2025模拟题/2025各区一模/2025朝阳一模/试卷/试卷.pdf,paper,included,/Users/wanglifei/Desktop/北京高考政治/reports/必修二三与必修四文化_题源分类准备_20260617_1301/03_question_index/question_candidates.csv,"{""target"": ""B3_POLITICS_RULE_OF_LAW"", ""target_score"": 7, ""boundary"": ""B4_PHILOSOPHY_EXCLUDED"", ""boundary_score"": 5, ""matches"": {""B2_ECONOMICS"": ""就业,boost:就业"", ""B3_POLITICS_RULE_OF_LAW"": ""政治与法治,中国共产党,boost:政治与法治,boost:中国共产党"", ""B4_CULTURE"": ""文化"", ""B4_PHILOSOPHY_EXCLUDED"": ""人民群众,boost:人民群众"", ""B1_EXCLUDED"": ""中国特色社会主义""}}",future_baodian_intake,main_matrix_original
2025_朝阳_一模,2025,朝阳,一模,3,,question,XB3_EXCLUDED,objective,/Users/wanglifei/Desktop/2025模拟题/2025各区一模/2025朝阳一模/试卷/试卷.pdf,paper,module-boundary-excluded,/Users/wanglifei/Desktop/北京高考政治/reports/必修二三与必修四文化_题源分类准备_20260617_1301/03_question_index/question_candidates.csv,"{""target"": ""B2_ECONOMICS"", ""target_score"": 0, ""boundary"": ""XB3_EXCLUDED"", ""boundary_score"": 2, ""matches"": {""XB3_EXCLUDED"": ""分析与综合,boost:分析与综合""}, ""explicit_boundary_modules"": {""XB3_EXCLUDED"": [""分析与综合""]}, ""override"": ""explicit_boundary_term""}",exclude_from_three_target_lines,main_matrix_original
2025_朝阳_一模,2025,朝阳,一模,4,,question,B4_CULTURE,objective,/Users/wanglifei/Desktop/2025模拟题/2025各区一模/2025朝阳一模/试卷/试卷.pdf,paper,included,/Users/wanglifei/Desktop/北京高考政治/reports/必修二三与必修四文化_题源分类准备_20260617_1301/03_question_index/question_candidates.csv,"{""target"": ""B4_CULTURE"", ""target_score"": 3, ""boundary"": ""B4_PHILOSOPHY_EXCLUDED"", ""boundary_score"": 1, ""matches"": {""B4_CULTURE"": ""文化"", ""B4_PHILOSOPHY_EXCLUDED"": ""认识""}}",future_baodian_intake,main_matrix_original
2025_朝阳_一模,2025,朝阳,一模,5,,question,B4_PHILOSOPHY_EXCLUDED,objective,/Users/wanglifei/Desktop/2025模拟题/2025各区一模/2025朝阳一模/试卷/试卷.pdf,paper,module-boundary-excluded,/Users/wanglifei/Desktop/北京高考政治/reports/必修二三与必修四文化_题源分类准备_20260617_1301/03_question_index/question_candidates.csv,"{""target"": ""B2_ECONOMICS"", ""target_score"": 0, ""boundary"": ""B4_PHILOSOPHY_EXCLUDED"", ""boundary_score"": 2, ""matches"": {""B4_PHILOSOPHY_EXCLUDED"": ""认识"", ""XB3_EXCLUDED"": ""周延,boost:周延""}}",exclude_from_three_target_lines,main_matrix_original
2025_朝阳_一模,2025,朝阳,一模,6,,question,XB3_EXCLUDED,objective,/Users/wanglifei/Desktop/2025模拟题/2025各区一模/2025朝阳一模/试卷/试卷.pdf,paper,module-boundary-excluded,/Users/wanglifei/Desktop/北京高考政治/reports/必修二三与必修四文化_题源分类准备_20260617_1301/03_question_index/question_candidates.csv,"{""target"": ""B2_ECONOMICS"", ""target_score"": 0, ""boundary"": ""XB3_EXCLUDED"", ""boundary_score"": 2, ""matches"": {""XB3_EXCLUDED"": ""逻辑规则,boost:逻辑规则""}}",exclude_from_three_target_lines,main_matrix_original
2025_朝阳_一模,2025,朝阳,一模,7,,question,XB3_EXCLUDED,objective,/Users/wanglifei/Desktop/2025模拟题/2025各区一模/2025朝阳一模/试卷/试卷.pdf,paper,module-boundary-excluded,/Users/wanglifei/Desktop/北京高考政治/reports/必修二三与必修四文化_题源分类准备_20260617_1301/03_question_index/question_candidates.csv,"{""target"": ""B2_ECONOMICS"", ""target_score"": 0, ""boundary"": ""B4_PHILOSOPHY_EXCLUDED"", ""boundary_score"": 2, ""matches"": {""B4_PHILOSOPHY_EXCLUDED"": ""认识"", ""XB3_EXCLUDED"": ""创新思维,boost:创新思维""}, ""explicit_boundary_modules"": {""XB3_EXCLUDED"": [""创新思维""]}, ""override"": ""explicit_boundary_term""}",exclude_from_three_target_lines,main_matrix_original
2025_朝阳_一模,2025,朝阳,一模,8,,question,B3_POLITICS_RULE_OF_LAW,objective,/Users/wanglifei/Desktop/2025模拟题/2025各区一模/2025朝阳一模/试卷/试卷.pdf,paper,included,/Users/wanglifei/Desktop/北京高考政治/reports/必修二三与必修四文化_题源分类准备_20260617_1301/03_question_index/question_candidates.csv,"{""target"": ""B3_POLITICS_RULE_OF_LAW"", ""target_score"": 11, ""boundary"": ""B4_PHILOSOPHY_EXCLUDED"", ""boundary_score"": 0, ""matches"": {""B2_ECONOMICS"": ""高质量发展,boost:高质量发展"", ""B3_POLITICS_RULE_OF_LAW"": ""人大代表,政协,全国人大,boost:人大代表,boost:政协,boost:全国人大""}}",future_baodian_intake,main_matrix_original
2025_朝阳_一模,2025,朝阳,一模,9,,question,B3_POLITICS_RULE_OF_LAW,objective,/Users/wanglifei/Desktop/2025模拟题/2025各区一模/2025朝阳一模/试卷/试卷.pdf,paper,included,/Users/wanglifei/Desktop/北京高考政治/reports/必修二三与必修四文化_题源分类准备_20260617_1301/03_question_index/question_candidates.csv,"{""target"": ""B3_POLITICS_RULE_OF_LAW"", ""target_score"": 5, ""boundary"": ""B4_PHILOSOPHY_EXCLUDED"", ""boundary_score"": 0, ""matches"": {""B3_POLITICS_RULE_OF_LAW"": ""全国人大,全国人大常委会,人大常委会,boost:全国人大,boost:人大常委会""}}",future_baodian_intake,main_matrix_original
2025_朝阳_二模,2025,朝阳,二模,1,,question,UNKNOWN_OR_MIXED,objective,/Users/wanglifei/Desktop/2025模拟题/2025各区二模/2025朝阳二模/试卷/试卷.pdf,paper,blocked,/Users/wanglifei/Desktop/北京高考政治/reports/必修二三与必修四文化_题源分类准备_20260617_1301/03_question_index/question_candidates.csv,"{""target"": ""B3_POLITICS_RULE_OF_LAW"", ""target_score"": 3, ""boundary"": ""B1_EXCLUDED"", ""boundary_score"": 3, ""matches"": {""B3_POLITICS_RULE_OF_LAW"": ""中国共产党,boost:中国共产党"", ""B1_EXCLUDED"": ""中国特色社会主义,改革开放""}}",manual_review_needed,main_matrix_original
2025_朝阳_二模,2025,朝阳,二模,10,,question,XB2_EXCLUDED,objective,/Users/wanglifei/Desktop/2025模拟题/2025各区二模/2025朝阳二模/试卷/试卷.pdf,paper,module-boundary-excluded,/Users/wanglifei/Desktop/北京高考政治/reports/必修二三与必修四文化_题源分类准备_20260617_1301/03_question_index/question_candidates.csv,"{""target"": ""B3_POLITICS_RULE_OF_LAW"", ""target_score"": 1, ""boundary"": ""XB2_EXCLUDED"", ""boundary_score"": 10, ""matches"": {""B3_POLITICS_RULE_OF_LAW"": ""法院"", ""XB2_EXCLUDED"": ""合同,举证,赔偿,违约,boost:合同,boost:举证,boost:违约""}, ""explicit_boundary_modules"": {""XB2_EXCLUDED"": [""合同""]}, ""override"": ""explicit_boundary_term""}",exclude_from_three_target_lines,main_matrix_original
2025_朝阳_二模,2025,朝阳,二模,11,,question,XB2_EXCLUDED,objective,/Users/wanglifei/Desktop/2025模拟题/2025各区二模/2025朝阳二模/试卷/试卷.pdf,paper,module-boundary-excluded,/Users/wanglifei/Desktop/北京高考政治/reports/必修二三与必修四文化_题源分类准备_20260617_1301/03_question_index/question_candidates.csv,"{""target"": ""B2_ECONOMICS"", ""target_score"": 0, ""boundary"": ""XB2_EXCLUDED"", ""boundary_score"": 5, ""matches"": {""XB2_EXCLUDED"": ""继承,所有权,boost:继承,boost:所有权""}, ""explicit_boundary_modules"": {""XB2_EXCLUDED"": [""所有权""]}, ""override"": ""explicit_boundary_term""}",exclude_from_three_target_lines,main_matrix_original
2025_朝阳_二模,2025,朝阳,二模,12,,question,B3_POLITICS_RULE_OF_LAW,objective,/Users/wanglifei/Desktop/2025模拟题/2025各区二模/2025朝阳二模/试卷/试卷.pdf,paper,included,/Users/wanglifei/Desktop/北京高考政治/reports/必修二三与必修四文化_题源分类准备_20260617_1301/03_question_index/question_candidates.csv,"{""target"": ""B3_POLITICS_RULE_OF_LAW"", ""target_score"": 3, ""boundary"": ""B4_PHILOSOPHY_EXCLUDED"", ""boundary_score"": 0, ""matches"": {""B3_POLITICS_RULE_OF_LAW"": ""政府""}}",future_baodian_intake,main_matrix_original
2025_朝阳_二模,2025,朝阳,二模,13,,question,UNKNOWN_OR_MIXED,objective,/Users/wanglifei/Desktop/2025模拟题/2025各区二模/2025朝阳二模/试卷/试卷.pdf,paper,blocked,/Users/wanglifei/Desktop/北京高考政治/reports/必修二三与必修四文化_题源分类准备_20260617_1301/03_question_index/question_candidates.csv,"{""target"": ""B2_ECONOMICS"", ""target_score"": 1, ""boundary"": ""B4_PHILOSOPHY_EXCLUDED"", ""boundary_score"": 0, ""matches"": {""B2_ECONOMICS"": ""市场主体""}}",manual_review_needed,main_matrix_original
2025_朝阳_二模,2025,朝阳,二模,14,,question,UNKNOWN_OR_MIXED,objective,/Users/wanglifei/Desktop/2025模拟题/2025各区二模/2025朝阳二模/试卷/试卷.pdf,paper,blocked,/Users/wanglifei/Desktop/北京高考政治/reports/必修二三与必修四文化_题源分类准备_20260617_1301/03_question_index/question_candidates.csv,"{""target"": ""B2_ECONOMICS"", ""target_score"": 0, ""boundary"": ""XB1_EXCLUDED"", ""boundary_score"": 1, ""matches"": {""XB1_EXCLUDED"": ""对外开放""}}",manual_review_needed,main_matrix_original
2025_朝阳_二模,2025,朝阳,二模,15,,question,XB1_EXCLUDED,objective,/Users/wanglifei/Desktop/2025模拟题/2025各区二模/2025朝阳二模/试卷/试卷.pdf,paper,module-boundary-excluded,/Users/wanglifei/Desktop/北京高考政治/reports/必修二三与必修四文化_题源分类准备_20260617_1301/03_question_index/question_candidates.csv,"{""target"": ""B3_POLITICS_RULE_OF_LAW"", ""target_score"": 1, ""boundary"": ""XB1_EXCLUDED"", ""boundary_score"": 2, ""matches"": {""B3_POLITICS_RULE_OF_LAW"": ""政府"", ""XB1_EXCLUDED"": ""国际组织,boost:国际组织""}, ""explicit_boundary_modules"": {""XB1_EXCLUDED"": [""国际组织""]}, ""override"": ""explicit_boundary_term""}",exclude_from_three_target_lines,main_matrix_original
2025_朝阳_二模,2025,朝阳,二模,16,,question,B4_CULTURE,subjective,/Users/wanglifei/Desktop/2025模拟题/2025各区二模/2025朝阳二模/试卷/试卷.pdf,paper,included,/Users/wanglifei/Desktop/北京高考政治/reports/必修二三与必修四文化_题源分类准备_20260617_1301/03_question_index/question_candidates.csv,"{""target"": ""B4_CULTURE"", ""target_score"": 4, ""boundary"": ""B4_PHILOSOPHY_EXCLUDED"", ""boundary_score"": 2, ""matches"": {""B4_CULTURE"": ""文化,文化传承,boost:文化传承"", ""B4_PHILOSOPHY_EXCLUDED"": ""实践,认识""}}",future_baodian_intake,main_matrix_original
2025_朝阳_二模,2025,朝阳,二模,17,,question,XB3_EXCLUDED,subjective,/Users/wanglifei/Desktop/2025模拟题/2025各区二模/2025朝阳二模/试卷/试卷.pdf,paper,module-boundary-excluded,/Users/wanglifei/Desktop/北京高考政治/reports/必修二三与必修四文化_题源分类准备_20260617_1301/03_question_index/question_candidates.csv,"{""target"": ""B2_ECONOMICS"", ""target_score"": 0, ""boundary"": ""XB3_EXCLUDED"", ""boundary_score"": 13, ""matches"": {""B4_PHILOSOPHY_EXCLUDED"": ""认识"", ""XB3_EXCLUDED"": ""逻辑与思维,推理,归纳推理,boost:逻辑与思维,boost:推理,boost:归纳推理""}, ""explicit_boundary_modules"": {""XB3_EXCLUDED"": [""逻辑与思维"", ""推理""]}, ""override"": ""explicit_boundary_term""}",exclude_from_three_target_lines,main_matrix_original
2025_朝阳_二模,2025,朝阳,二模,18,,question,UNKNOWN_OR_MIXED,subjective,/Users/wanglifei/Desktop/2025模拟题/2025各区二模/2025朝阳二模/试卷/试卷.pdf,paper,blocked,/Users/wanglifei/Desktop/北京高考政治/reports/必修二三与必修四文化_题源分类准备_20260617_1301/03_question_index/question_candidates.csv,"{""target"": ""B2_ECONOMICS"", ""target_score"": 35, ""boundary"": ""XB2_EXCLUDED"", ""boundary_score"": 6, ""matches"": {""B2_ECONOMICS"": ""经济与社会,高质量发展,共同富裕,社会保障,消费,医保,就业,劳动者,boost:经济与社会,boost:高质量发展,boost:共同富裕,boost:社会保障"", ""B3_POLITICS_RULE_OF_LAW"": ""政府,社会治理"", ""XB2_EXCLUDED"": ""合同,劳动合同,劳动关系,boost:合同,boost:劳动合同,boost:劳动关系""}, ""explicit_target_modules"": {""B2_ECONOMICS"": [""经济与社会""]}, ""explicit_boundary_modules"": {""XB2_EXCLUDED"": [""合同"", ""劳动合同""]}, ""override"": ""manual_subquestion_split_needed""}",manual_subquestion_split_needed,main_matrix_original
2025_朝阳_二模,2025,朝阳,二模,19,,question,B3_POLITICS_RULE_OF_LAW,subjective,/Users/wanglifei/Desktop/2025模拟题/2025各区二模/2025朝阳二模/试卷/试卷.pdf,paper,included,/Users/wanglifei/Desktop/北京高考政治/reports/必修二三与必修四文化_题源分类准备_20260617_1301/03_question_index/question_candidates.csv,"{""target"": ""B3_POLITICS_RULE_OF_LAW"", ""target_score"": 12, ""boundary"": ""B4_PHILOSOPHY_EXCLUDED"", ""boundary_score"": 0, ""matches"": {""B3_POLITICS_RULE_OF_LAW"": ""政治与法治,中国共产党,法治社会,国家治理,社会治理,boost:政治与法治,boost:中国共产党,boost:法治社会,boost:国家治理""}}",future_baodian_intake,main_matrix_original
2025_朝阳_二模,2025,朝阳,二模,2,,question,B4_PHILOSOPHY_EXCLUDED,objective,/Users/wanglifei/Desktop/2025模拟题/2025各区二模/2025朝阳二模/试卷/试卷.pdf,paper,module-boundary-excluded,/Users/wanglifei/Desktop/北京高考政治/reports/必修二三与必修四文化_题源分类准备_20260617_1301/03_question_index/question_candidates.csv,"{""target"": ""B2_ECONOMICS"", ""target_score"": 0, ""boundary"": ""B4_PHILOSOPHY_EXCLUDED"", ""boundary_score"": 2, ""matches"": {""B4_PHILOSOPHY_EXCLUDED"": ""矛盾,boost:矛盾""}}",exclude_from_three_target_lines,main_matrix_original
2025_朝阳_二模,2025,朝阳,二模,20,,question,XB2_EXCLUDED,subjective,/Users/wanglifei/Desktop/2025模拟题/2025各区二模/2025朝阳二模/试卷/试卷.pdf,paper,module-boundary-excluded,/Users/wanglifei/Desktop/北京高考政治/reports/必修二三与必修四文化_题源分类准备_20260617_1301/03_question_index/question_candidates.csv,"{""target"": ""B2_ECONOMICS"", ""target_score"": 0, ""boundary"": ""XB2_EXCLUDED"", ""boundary_score"": 15, ""matches"": {""XB2_EXCLUDED"": ""法律与生活,民法典,侵权,调解,相邻关系,侵权责任,所有权,boost:法律与生活,boost:民法典,boost:侵权,boost:调解,boost:相邻关系""}, ""explicit_boundary_modules"": {""XB2_EXCLUDED"": [""法律与生活"", ""民法典"", ""侵权"", ""所有权""]}, ""override"": ""explicit_boundary_term""}",exclude_from_three_target_lines,main_matrix_original
2025_朝阳_二模,2025,朝阳,二模,21,,question,UNKNOWN_OR_MIXED,subjective,/Users/wanglifei/Desktop/2025模拟题/2025各区二模/2025朝阳二模/试卷/补充材料/扫描全能王 2025-05-13 21.42.pdf | /Users/wanglifei/Desktop/2025模拟题/2025各区二模/2025朝阳二模/试卷/试卷.pdf,paper,blocked,/Users/wanglifei/Desktop/北京高考政治/reports/必修二三与必修四文化_题源分类准备_20260617_1301/03_question_index/question_candidates.csv,"{""target"": ""B3_POLITICS_RULE_OF_LAW"", ""target_score"": 2, ""boundary"": ""XB1_EXCLUDED"", ""boundary_score"": 13, ""matches"": {""B3_POLITICS_RULE_OF_LAW"": ""政治与法治,boost:政治与法治"", ""B4_CULTURE"": ""文化"", ""B4_PHILOSOPHY_EXCLUDED"": ""实践"", ""XB1_EXCLUDED"": ""当代国际政治与经济,国际关系,中国外交,外交,元首外交,对外开放,boost:当代国际政治与经济,boost:国际关系,boost:中国外交,boost:外交,boost:元首外交"", ""B1_EXCLUDED"": ""中国特色社会主义""}, ""explicit_target_modules"": {""B3_POLITICS_RULE_OF_LAW"": [""政治与法治""]}, ""explicit_boundary_modules"": {""XB1_EXCLUDED"": [""当代国际政治与经济"", ""国际关系""]}, ""override"": ""manual_subquestion_split_needed""}",manual_subquestion_split_needed,main_matrix_original
2025_朝阳_二模,2025,朝阳,二模,3,,question,B4_CULTURE,objective,/Users/wanglifei/Desktop/2025模拟题/2025各区二模/2025朝阳二模/试卷/试卷.pdf,paper,included,/Users/wanglifei/Desktop/北京高考政治/reports/必修二三与必修四文化_题源分类准备_20260617_1301/03_question_index/question_candidates.csv,"{""target"": ""B4_CULTURE"", ""target_score"": 7, ""boundary"": ""B4_PHILOSOPHY_EXCLUDED"", ""boundary_score"": 4, ""matches"": {""B4_CULTURE"": ""文化,传统文化,文物,boost:传统文化,boost:文物"", ""B4_PHILOSOPHY_EXCLUDED"": ""实践,认识""}}",future_baodian_intake,main_matrix_original
2025_朝阳_二模,2025,朝阳,二模,4,,question,B4_CULTURE,objective,/Users/wanglifei/Desktop/2025模拟题/2025各区二模/2025朝阳二模/试卷/试卷.pdf,paper,included,/Users/wanglifei/Desktop/北京高考政治/reports/必修二三与必修四文化_题源分类准备_20260617_1301/03_question_index/question_candidates.csv,"{""target"": ""B4_CULTURE"", ""target_score"": 3, ""boundary"": ""B4_PHILOSOPHY_EXCLUDED"", ""boundary_score"": 1, ""matches"": {""B4_CULTURE"": ""文化,文化基因,boost:文化基因"", ""B4_PHILOSOPHY_EXCLUDED"": ""实践""}}",future_baodian_intake,main_matrix_original
2025_朝阳_二模,2025,朝阳,二模,5,,question,UNKNOWN_OR_MIXED,objective,/Users/wanglifei/Desktop/2025模拟题/2025各区二模/2025朝阳二模/试卷/试卷.pdf,paper,blocked,/Users/wanglifei/Desktop/北京高考政治/reports/必修二三与必修四文化_题源分类准备_20260617_1301/03_question_index/question_candidates.csv,"{""target"": ""B3_POLITICS_RULE_OF_LAW"", ""target_score"": 2, ""boundary"": ""B4_PHILOSOPHY_EXCLUDED"", ""boundary_score"": 2, ""matches"": {""B3_POLITICS_RULE_OF_LAW"": ""宪法,boost:宪法"", ""B4_PHILOSOPHY_EXCLUDED"": ""矛盾,boost:矛盾""}}",manual_review_needed,main_matrix_original
2025_朝阳_二模,2025,朝阳,二模,6,,question,UNKNOWN_OR_MIXED,objective,/Users/wanglifei/Desktop/2025模拟题/2025各区二模/2025朝阳二模/试卷/试卷.pdf,paper,blocked,/Users/wanglifei/Desktop/北京高考政治/reports/必修二三与必修四文化_题源分类准备_20260617_1301/03_question_index/question_candidates.csv,"{""target"": ""B2_ECONOMICS"", ""target_score"": 0, ""boundary"": ""B4_PHILOSOPHY_EXCLUDED"", ""boundary_score"": 0, ""matches"": {}}",manual_review_needed,main_matrix_original
2025_朝阳_二模,2025,朝阳,二模,7,,question,XB3_EXCLUDED,objective,/Users/wanglifei/Desktop/2025模拟题/2025各区二模/2025朝阳二模/试卷/试卷.pdf,paper,module-boundary-excluded,/Users/wanglifei/Desktop/北京高考政治/reports/必修二三与必修四文化_题源分类准备_20260617_1301/03_question_index/question_candidates.csv,"{""target"": ""B2_ECONOMICS"", ""target_score"": 0, ""boundary"": ""XB3_EXCLUDED"", ""boundary_score"": 11, ""matches"": {""XB3_EXCLUDED"": ""辩证思维,逆向思维,推理,类比推理,演绎推理,boost:辩证思维,boost:逆向思维,boost:推理,boost:类比推理,boost:演绎推理""}, ""explicit_boundary_modules"": {""XB3_EXCLUDED"": [""辩证思维"", ""推理""]}, ""override"": ""explicit_boundary_term""}",exclude_from_three_target_lines,main_matrix_original
2025_朝阳_二模,2025,朝阳,二模,8,,question,B3_POLITICS_RULE_OF_LAW,objective,/Users/wanglifei/Desktop/2025模拟题/2025各区二模/2025朝阳二模/试卷/试卷.pdf,paper,included,/Users/wanglifei/Desktop/北京高考政治/reports/必修二三与必修四文化_题源分类准备_20260617_1301/03_question_index/question_candidates.csv,"{""target"": ""B3_POLITICS_RULE_OF_LAW"", ""target_score"": 3, ""boundary"": ""XB2_EXCLUDED"", ""boundary_score"": 2, ""matches"": {""B3_POLITICS_RULE_OF_LAW"": ""中国共产党,全面从严治党,boost:中国共产党"", ""XB2_EXCLUDED"": ""继承,boost:继承""}}",future_baodian_intake,main_matrix_original
2025_朝阳_二模,2025,朝阳,二模,9,,question,UNKNOWN_OR_MIXED,objective,/Users/wanglifei/Desktop/2025模拟题/2025各区二模/2025朝阳二模/试卷/试卷.pdf,paper,blocked,/Users/wanglifei/Desktop/北京高考政治/reports/必修二三与必修四文化_题源分类准备_20260617_1301/03_question_index/question_candidates.csv,"{""target"": ""B3_POLITICS_RULE_OF_LAW"", ""target_score"": 2, ""boundary"": ""B4_PHILOSOPHY_EXCLUDED"", ""boundary_score"": 3, ""matches"": {""B3_POLITICS_RULE_OF_LAW"": ""政府"", ""B4_PHILOSOPHY_EXCLUDED"": ""人民群众,boost:人民群众""}}",manual_review_needed,main_matrix_original
2025_朝阳_期末,2025,朝阳,期末,1,,question,XB2_EXCLUDED,objective,/Users/wanglifei/Desktop/2025模拟题/2025各区期末/2025朝阳期末/其他材料/朝阳高三期末2025.pptx | /Users/wanglifei/Desktop/2025模拟题/2025各区期末/2025朝阳期末/试卷/试卷.pdf,paper,module-boundary-excluded,/Users/wanglifei/Desktop/北京高考政治/reports/必修二三与必修四文化_题源分类准备_20260617_1301/03_question_index/question_candidates.csv,"{""target"": ""B3_POLITICS_RULE_OF_LAW"", ""target_score"": 5, ""boundary"": ""XB2_EXCLUDED"", ""boundary_score"": 26, ""matches"": {""B2_ECONOMICS"": ""消费"", ""B3_POLITICS_RULE_OF_LAW"": ""中国共产党,boost:中国共产党"", ""XB2_EXCLUDED"": ""民法典,合同,侵权,知识产权,消费者权益,民事,民事行为能力,侵权责任,赔偿,违约,专利,健康权"", ""B1_EXCLUDED"": ""中国特色社会主义,改革开放""}, ""explicit_boundary_modules"": {""XB2_EXCLUDED"": [""民法典"", ""合同"", ""侵权"", ""知识产权"", ""民事"", ""专利""]}, ""override"": ""explicit_boundary_term""}",exclude_from_three_target_lines,main_matrix_original
2025_朝阳_期末,2025,朝阳,期末,10,,question,XB2_EXCLUDED,objective,/Users/wanglifei/Desktop/2025模拟题/2025各区期末/2025朝阳期末/其他材料/朝阳高三期末2025.pptx | /Users/wanglifei/Desktop/2025模拟题/2025各区期末/2025朝阳期末/试卷/试卷.pdf,paper,module-boundary-excluded,/Users/wanglifei/Desktop/北京高考政治/reports/必修二三与必修四文化_题源分类准备_20260617_1301/03_question_index/question_candidates.csv,"{""target"": ""B3_POLITICS_RULE_OF_LAW"", ""target_score"": 4, ""boundary"": ""XB2_EXCLUDED"", ""boundary_score"": 18, ""matches"": {""B3_POLITICS_RULE_OF_LAW"": ""法院"", ""XB2_EXCLUDED"": ""侵权,诉讼,物权,举证,民事,民事诉讼,boost:侵权,boost:诉讼,boost:物权,boost:举证,boost:民事,boost:民事诉讼""}, ""explicit_boundary_modules"": {""XB2_EXCLUDED"": [""侵权"", ""诉讼"", ""民事"", ""物权""]}, ""override"": ""explicit_boundary_term""}",exclude_from_three_target_lines,main_matrix_original
2025_朝阳_期末,2025,朝阳,期末,11,,question,XB2_EXCLUDED,objective,/Users/wanglifei/Desktop/2025模拟题/2025各区期末/2025朝阳期末/其他材料/朝阳高三期末2025.pptx | /Users/wanglifei/Desktop/2025模拟题/2025各区期末/2025朝阳期末/试卷/试卷.pdf,paper,module-boundary-excluded,/Users/wanglifei/Desktop/北京高考政治/reports/必修二三与必修四文化_题源分类准备_20260617_1301/03_question_index/question_candidates.csv,"{""target"": ""B3_POLITICS_RULE_OF_LAW"", ""target_score"": 4, ""boundary"": ""XB2_EXCLUDED"", ""boundary_score"": 11, ""matches"": {""B2_ECONOMICS"": ""劳动者"", ""B3_POLITICS_RULE_OF_LAW"": ""政府,法院"", ""XB2_EXCLUDED"": ""诉讼,仲裁,违约,boost:诉讼,boost:仲裁,boost:违约""}, ""explicit_boundary_modules"": {""XB2_EXCLUDED"": [""诉讼""]}, ""override"": ""explicit_boundary_term""}",exclude_from_three_target_lines,main_matrix_original
2025_朝阳_期末,2025,朝阳,期末,12,,question,B2_ECONOMICS,objective,/Users/wanglifei/Desktop/2025模拟题/2025各区期末/2025朝阳期末/其他材料/朝阳高三期末2025.pptx | /Users/wanglifei/Desktop/2025模拟题/2025各区期末/2025朝阳期末/试卷/试卷.pdf,paper,included,/Users/wanglifei/Desktop/北京高考政治/reports/必修二三与必修四文化_题源分类准备_20260617_1301/03_question_index/question_candidates.csv,"{""target"": ""B2_ECONOMICS"", ""target_score"": 10, ""boundary"": ""B4_PHILOSOPHY_EXCLUDED"", ""boundary_score"": 0, ""matches"": {""B2_ECONOMICS"": ""产业链,供应链,boost:产业链,boost:供应链""}}",future_baodian_intake,main_matrix_original
2025_朝阳_期末,2025,朝阳,期末,13,,question,B3_POLITICS_RULE_OF_LAW,objective,/Users/wanglifei/Desktop/2025模拟题/2025各区期末/2025朝阳期末/其他材料/朝阳高三期末2025.pptx | /Users/wanglifei/Desktop/2025模拟题/2025各区期末/2025朝阳期末/试卷/试卷.pdf,paper,included,/Users/wanglifei/Desktop/北京高考政治/reports/必修二三与必修四文化_题源分类准备_20260617_1301/03_question_index/question_candidates.csv,"{""target"": ""B3_POLITICS_RULE_OF_LAW"", ""target_score"": 6, ""boundary"": ""B4_PHILOSOPHY_EXCLUDED"", ""boundary_score"": 0, ""matches"": {""B2_ECONOMICS"": ""社会保障,boost:社会保障"", ""B3_POLITICS_RULE_OF_LAW"": ""公共服务"", ""B4_CULTURE"": ""博物馆,boost:博物馆""}}",future_baodian_intake,main_matrix_original
2025_朝阳_期末,2025,朝阳,期末,14,,question,B3_POLITICS_RULE_OF_LAW,objective,/Users/wanglifei/Desktop/2025模拟题/2025各区期末/2025朝阳期末/其他材料/朝阳高三期末2025.pptx | /Users/wanglifei/Desktop/2025模拟题/2025各区期末/2025朝阳期末/试卷/试卷.pdf,paper,included,/Users/wanglifei/Desktop/北京高考政治/reports/必修二三与必修四文化_题源分类准备_20260617_1301/03_question_index/question_candidates.csv,"{""target"": ""B3_POLITICS_RULE_OF_LAW"", ""target_score"": 4, ""boundary"": ""B4_PHILOSOPHY_EXCLUDED"", ""boundary_score"": 0, ""matches"": {""B3_POLITICS_RULE_OF_LAW"": ""政府"", ""B4_CULTURE"": ""文化""}}",future_baodian_intake,main_matrix_original
2025_朝阳_期末,2025,朝阳,期末,15,,question,XB1_EXCLUDED,objective,/Users/wanglifei/Desktop/2025模拟题/2025各区期末/2025朝阳期末/其他材料/朝阳高三期末2025.pptx | /Users/wanglifei/Desktop/2025模拟题/2025各区期末/2025朝阳期末/试卷/试卷.pdf,paper,module-boundary-excluded,/Users/wanglifei/Desktop/北京高考政治/reports/必修二三与必修四文化_题源分类准备_20260617_1301/03_question_index/question_candidates.csv,"{""target"": ""B2_ECONOMICS"", ""target_score"": 7, ""boundary"": ""XB1_EXCLUDED"", ""boundary_score"": 3, ""matches"": {""B2_ECONOMICS"": ""消费,营商环境,boost:营商环境"", ""XB1_EXCLUDED"": ""经济全球化,boost:经济全球化"", ""B1_EXCLUDED"": ""改革开放""}, ""explicit_boundary_modules"": {""XB1_EXCLUDED"": [""经济全球化""]}, ""override"": ""explicit_boundary_term""}",exclude_from_three_target_lines,main_matrix_original
2025_朝阳_期末,2025,朝阳,期末,16,,question,XB1_EXCLUDED,subjective,/Users/wanglifei/Desktop/2025模拟题/2025各区期末/2025朝阳期末/其他材料/朝阳高三期末2025.pptx | /Users/wanglifei/Desktop/2025模拟题/2025各区期末/2025朝阳期末/试卷/试卷.pdf,paper,module-boundary-excluded,/Users/wanglifei/Desktop/北京高考政治/reports/必修二三与必修四文化_题源分类准备_20260617_1301/03_question_index/question_candidates.csv,"{""target"": ""B4_CULTURE"", ""target_score"": 93, ""boundary"": ""B4_PHILOSOPHY_EXCLUDED"", ""boundary_score"": 7, ""matches"": {""B4_CULTURE"": ""文化,文化载体,中华优秀传统文化,优秀传统文化,传统文化,创造性转化,创新性发展,文化传承,文化创新,文化自信,文化遗产,中华文明"", ""B4_PHILOSOPHY_EXCLUDED"": ""实践,认识,主观能动性,尊重客观规律,boost:尊重客观规律"", ""XB1_EXCLUDED"": ""联合国,boost:联合国"", ""XB2_EXCLUDED"": ""继承,boost:继承""}, ""explicit_boundary_modules"": {""XB1_EXCLUDED"": [""联合国""]}, ""override"": ""explicit_boundary_term""}",exclude_from_three_target_lines,main_matrix_original
2025_朝阳_期末,2025,朝阳,期末,17,,question,UNKNOWN_OR_MIXED,subjective,/Users/wanglifei/Desktop/2025模拟题/2025各区期末/2025朝阳期末/其他材料/朝阳高三期末2025.pptx | /Users/wanglifei/Desktop/2025模拟题/2025各区期末/2025朝阳期末/试卷/试卷.pdf,paper,blocked,/Users/wanglifei/Desktop/北京高考政治/reports/必修二三与必修四文化_题源分类准备_20260617_1301/03_question_index/question_candidates.csv,"{""target"": ""B3_POLITICS_RULE_OF_LAW"", ""target_score"": 36, ""boundary"": ""XB2_EXCLUDED"", ""boundary_score"": 7, ""matches"": {""B2_ECONOMICS"": ""共同富裕,人力资源,boost:共同富裕"", ""B3_POLITICS_RULE_OF_LAW"": ""政治与法治,中国共产党,人民当家作主,人大代表,政协,协商民主,基层群众自治,全过程人民民主,国家治理,政府,民主监督,民主决策"", ""B4_CULTURE"": ""文化,文化产业"", ""XB2_EXCLUDED"": ""民事,boost:民事""}, ""explicit_target_modules"": {""B3_POLITICS_RULE_OF_LAW"": [""政治与法治""]}, ""explicit_boundary_modules"": {""XB2_EXCLUDED"": [""民事""]}, ""override"": ""manual_subquestion_split_needed""}",manual_subquestion_split_needed,main_matrix_original
2025_朝阳_期末,2025,朝阳,期末,18,,question,B2_ECONOMICS,subjective,/Users/wanglifei/Desktop/2025模拟题/2025各区期末/2025朝阳期末/其他材料/朝阳高三期末2025.pptx | /Users/wanglifei/Desktop/2025模拟题/2025各区期末/2025朝阳期末/试卷/试卷.pdf,paper,included,/Users/wanglifei/Desktop/北京高考政治/reports/必修二三与必修四文化_题源分类准备_20260617_1301/03_question_index/question_candidates.csv,"{""target"": ""B2_ECONOMICS"", ""target_score"": 81, ""boundary"": ""XB2_EXCLUDED"", ""boundary_score"": 2, ""matches"": {""B2_ECONOMICS"": ""经济与社会,宏观调控,经济职能,高质量发展,新质生产力,供给侧,收入分配,社会保障,消费,就业,居民收入,boost:经济与社会"", ""B3_POLITICS_RULE_OF_LAW"": ""政府"", ""B4_CULTURE"": ""文旅,boost:文旅"", ""XB2_EXCLUDED"": ""消费者权益,boost:消费者权益""}}",future_baodian_intake,main_matrix_original
2025_朝阳_期末,2025,朝阳,期末,19,,question,XB3_EXCLUDED,subjective,/Users/wanglifei/Desktop/2025模拟题/2025各区期末/2025朝阳期末/其他材料/朝阳高三期末2025.pptx | /Users/wanglifei/Desktop/2025模拟题/2025各区期末/2025朝阳期末/试卷/试卷.pdf,paper,module-boundary-excluded,/Users/wanglifei/Desktop/北京高考政治/reports/必修二三与必修四文化_题源分类准备_20260617_1301/03_question_index/question_candidates.csv,"{""target"": ""B2_ECONOMICS"", ""target_score"": 0, ""boundary"": ""XB3_EXCLUDED"", ""boundary_score"": 16, ""matches"": {""B4_PHILOSOPHY_EXCLUDED"": ""矛盾,boost:矛盾"", ""XB3_EXCLUDED"": ""逻辑与思维,推理,三段论,boost:逻辑与思维,boost:推理,boost:三段论""}, ""explicit_boundary_modules"": {""XB3_EXCLUDED"": [""逻辑与思维"", ""三段论"", ""推理""]}, ""override"": ""explicit_boundary_term""}",exclude_from_three_target_lines,main_matrix_original
2025_朝阳_期末,2025,朝阳,期末,2,,question,B4_CULTURE,objective,/Users/wanglifei/Desktop/2025模拟题/2025各区期末/2025朝阳期末/其他材料/朝阳高三期末2025.pptx | /Users/wanglifei/Desktop/2025模拟题/2025各区期末/2025朝阳期末/试卷/试卷.pdf,paper,included,/Users/wanglifei/Desktop/北京高考政治/reports/必修二三与必修四文化_题源分类准备_20260617_1301/03_question_index/question_candidates.csv,"{""target"": ""B4_CULTURE"", ""target_score"": 7, ""boundary"": ""XB2_EXCLUDED"", ""boundary_score"": 3, ""matches"": {""B3_POLITICS_RULE_OF_LAW"": ""政府,公共服务"", ""B4_CULTURE"": ""文化,传统文化,boost:传统文化"", ""XB2_EXCLUDED"": ""继承,boost:继承""}}",future_baodian_intake,main_matrix_original
2025_朝阳_期末,2025,朝阳,期末,20,,question,XB2_EXCLUDED,subjective,/Users/wanglifei/Desktop/2025模拟题/2025各区期末/2025朝阳期末/其他材料/朝阳高三期末2025.pptx | /Users/wanglifei/Desktop/2025模拟题/2025各区期末/2025朝阳期末/试卷/试卷.pdf,paper,module-boundary-excluded,/Users/wanglifei/Desktop/北京高考政治/reports/必修二三与必修四文化_题源分类准备_20260617_1301/03_question_index/question_candidates.csv,"{""target"": ""B3_POLITICS_RULE_OF_LAW"", ""target_score"": 10, ""boundary"": ""XB2_EXCLUDED"", ""boundary_score"": 13, ""matches"": {""B3_POLITICS_RULE_OF_LAW"": ""公正司法,法院,boost:公正司法"", ""XB2_EXCLUDED"": ""侵权,诉讼,侵权责任,赔偿,boost:侵权,boost:诉讼,boost:侵权责任""}, ""explicit_boundary_modules"": {""XB2_EXCLUDED"": [""侵权"", ""诉讼""]}, ""override"": ""explicit_boundary_term""}",exclude_from_three_target_lines,main_matrix_original
2025_朝阳_期末,2025,朝阳,期末,21,,question,XB1_EXCLUDED,subjective,/Users/wanglifei/Desktop/2025模拟题/2025各区期末/2025朝阳期末/其他材料/朝阳高三期末2025.pptx | /Users/wanglifei/Desktop/2025模拟题/2025各区期末/2025朝阳期末/试卷/试卷.pdf,paper,module-boundary-excluded,/Users/wanglifei/Desktop/北京高考政治/reports/必修二三与必修四文化_题源分类准备_20260617_1301/03_question_index/question_candidates.csv,"{""target"": ""B4_CULTURE"", ""target_score"": 6, ""boundary"": ""XB1_EXCLUDED"", ""boundary_score"": 34, ""matches"": {""B3_POLITICS_RULE_OF_LAW"": ""中国共产党,boost:中国共产党"", ""B4_CULTURE"": ""文化,文化自信,boost:文化自信"", ""B4_PHILOSOPHY_EXCLUDED"": ""实践,认识,真理,boost:真理"", ""XB1_EXCLUDED"": ""当代国际政治与经济,国际关系,联合国,全球治理,世界多极化,经济全球化,和平与发展,人类命运共同体,外交,对外开放,boost:当代国际政治与经济,boost:国际关系"", ""B1_EXCLUDED"": ""中国特色社会主义""}, ""explicit_boundary_modules"": {""XB1_EXCLUDED"": [""当代国际政治与经济"", ""经济全球化"", ""世界多极化"", ""国际关系"", ""联合国"", ""全球治理"", ""人类命运共同体""]}, ""override"": ""explicit_boundary_term""}",exclude_from_three_target_lines,main_matrix_original
2025_朝阳_期末,2025,朝阳,期末,3,,question,B2_ECONOMICS,objective,/Users/wanglifei/Desktop/2025模拟题/2025各区期末/2025朝阳期末/其他材料/朝阳高三期末2025.pptx | /Users/wanglifei/Desktop/2025模拟题/2025各区期末/2025朝阳期末/试卷/试卷.pdf,paper,included,/Users/wanglifei/Desktop/北京高考政治/reports/必修二三与必修四文化_题源分类准备_20260617_1301/03_question_index/question_candidates.csv,"{""target"": ""B2_ECONOMICS"", ""target_score"": 5, ""boundary"": ""B4_PHILOSOPHY_EXCLUDED"", ""boundary_score"": 0, ""matches"": {""B2_ECONOMICS"": ""数字经济,消费,boost:数字经济"", ""B4_CULTURE"": ""社会主义核心价值观,boost:社会主义核心价值观""}}",future_baodian_intake,main_matrix_original
2025_朝阳_期末,2025,朝阳,期末,4,,question,B4_CULTURE,objective,/Users/wanglifei/Desktop/2025模拟题/2025各区期末/2025朝阳期末/其他材料/朝阳高三期末2025.pptx | /Users/wanglifei/Desktop/2025模拟题/2025各区期末/2025朝阳期末/试卷/试卷.pdf,paper,included,/Users/wanglifei/Desktop/北京高考政治/reports/必修二三与必修四文化_题源分类准备_20260617_1301/03_question_index/question_candidates.csv,"{""target"": ""B4_CULTURE"", ""target_score"": 20, ""boundary"": ""B4_PHILOSOPHY_EXCLUDED"", ""boundary_score"": 0, ""matches"": {""B2_ECONOMICS"": ""就业,boost:就业"", ""B3_POLITICS_RULE_OF_LAW"": ""政府"", ""B4_CULTURE"": ""文化,文化自信,文旅,boost:文化自信,boost:文旅""}}",future_baodian_intake,main_matrix_original
2025_朝阳_期末,2025,朝阳,期末,5,,question,B4_CULTURE,objective,/Users/wanglifei/Desktop/2025模拟题/2025各区期末/2025朝阳期末/其他材料/朝阳高三期末2025.pptx | /Users/wanglifei/Desktop/2025模拟题/2025各区期末/2025朝阳期末/试卷/试卷.pdf,paper,included,/Users/wanglifei/Desktop/北京高考政治/reports/必修二三与必修四文化_题源分类准备_20260617_1301/03_question_index/question_candidates.csv,"{""target"": ""B4_CULTURE"", ""target_score"": 2, ""boundary"": ""B4_PHILOSOPHY_EXCLUDED"", ""boundary_score"": 0, ""matches"": {""B4_CULTURE"": ""文化""}}",future_baodian_intake,main_matrix_original
2025_朝阳_期末,2025,朝阳,期末,6,,question,XB3_EXCLUDED,objective,/Users/wanglifei/Desktop/2025模拟题/2025各区期末/2025朝阳期末/其他材料/朝阳高三期末2025.pptx | /Users/wanglifei/Desktop/2025模拟题/2025各区期末/2025朝阳期末/试卷/试卷.pdf,paper,module-boundary-excluded,/Users/wanglifei/Desktop/北京高考政治/reports/必修二三与必修四文化_题源分类准备_20260617_1301/03_question_index/question_candidates.csv,"{""target"": ""B2_ECONOMICS"", ""target_score"": 0, ""boundary"": ""XB3_EXCLUDED"", ""boundary_score"": 28, ""matches"": {""B4_PHILOSOPHY_EXCLUDED"": ""认识"", ""XB3_EXCLUDED"": ""推理,类比推理,演绎推理,归纳推理,boost:推理,boost:类比推理,boost:演绎推理,boost:归纳推理""}, ""explicit_boundary_modules"": {""XB3_EXCLUDED"": [""推理""]}, ""override"": ""explicit_boundary_term""}",exclude_from_three_target_lines,main_matrix_original
2025_朝阳_期末,2025,朝阳,期末,7,,question,XB3_EXCLUDED,objective,/Users/wanglifei/Desktop/2025模拟题/2025各区期末/2025朝阳期末/其他材料/朝阳高三期末2025.pptx | /Users/wanglifei/Desktop/2025模拟题/2025各区期末/2025朝阳期末/试卷/试卷.pdf,paper,module-boundary-excluded,/Users/wanglifei/Desktop/北京高考政治/reports/必修二三与必修四文化_题源分类准备_20260617_1301/03_question_index/question_candidates.csv,"{""target"": ""B4_CULTURE"", ""target_score"": 2, ""boundary"": ""XB3_EXCLUDED"", ""boundary_score"": 3, ""matches"": {""B4_CULTURE"": ""文化"", ""B4_PHILOSOPHY_EXCLUDED"": ""认识"", ""XB3_EXCLUDED"": ""辩证思维,boost:辩证思维""}, ""explicit_boundary_modules"": {""XB3_EXCLUDED"": [""辩证思维""]}, ""override"": ""explicit_boundary_term""}",exclude_from_three_target_lines,main_matrix_original
2025_朝阳_期末,2025,朝阳,期末,8,,question,B3_POLITICS_RULE_OF_LAW,objective,/Users/wanglifei/Desktop/2025模拟题/2025各区期末/2025朝阳期末/其他材料/朝阳高三期末2025.pptx | /Users/wanglifei/Desktop/2025模拟题/2025各区期末/2025朝阳期末/试卷/试卷.pdf,paper,included,/Users/wanglifei/Desktop/北京高考政治/reports/必修二三与必修四文化_题源分类准备_20260617_1301/03_question_index/question_candidates.csv,"{""target"": ""B3_POLITICS_RULE_OF_LAW"", ""target_score"": 23, ""boundary"": ""B4_PHILOSOPHY_EXCLUDED"", ""boundary_score"": 0, ""matches"": {""B3_POLITICS_RULE_OF_LAW"": ""中国共产党,人民代表大会,政协,宪法,行政机关,政府,检察,基层治理,boost:中国共产党,boost:人民代表大会,boost:政协,boost:宪法""}}",future_baodian_intake,main_matrix_original
2025_朝阳_期末,2025,朝阳,期末,9,,question,B2_ECONOMICS,objective,/Users/wanglifei/Desktop/2025模拟题/2025各区期末/2025朝阳期末/其他材料/朝阳高三期末2025.pptx | /Users/wanglifei/Desktop/2025模拟题/2025各区期末/2025朝阳期末/试卷/试卷.pdf,paper,included,/Users/wanglifei/Desktop/北京高考政治/reports/必修二三与必修四文化_题源分类准备_20260617_1301/03_question_index/question_candidates.csv,"{""target"": ""B2_ECONOMICS"", ""target_score"": 5, ""boundary"": ""B4_PHILOSOPHY_EXCLUDED"", ""boundary_score"": 0, ""matches"": {""B2_ECONOMICS"": ""高质量发展,基础设施,boost:高质量发展"", ""B3_POLITICS_RULE_OF_LAW"": ""政府""}}",future_baodian_intake,main_matrix_original
2025_海淀_一模,2025,海淀,一模,1,,question,B3_POLITICS_RULE_OF_LAW,objective,/Users/wanglifei/Desktop/2025模拟题/2025各区一模/2025海淀一模/试卷/补充材料/EDU_1500334100000021014_61af1789-0742-472d-86cd-e6cb420b0ecb.pdf | /Users/wanglifei/Desktop/2025模拟题/2025各区一模/2025海淀一模/试卷/试卷.pdf,paper,included,/Users/wanglifei/Desktop/北京高考政治/reports/必修二三与必修四文化_题源分类准备_20260617_1301/03_question_index/question_candidates.csv,"{""target"": ""B3_POLITICS_RULE_OF_LAW"", ""target_score"": 2, ""boundary"": ""B4_PHILOSOPHY_EXCLUDED"", ""boundary_score"": 1, ""matches"": {""B3_POLITICS_RULE_OF_LAW"": ""党的领导,boost:党的领导"", ""B4_CULTURE"": ""文明传承,boost:文明传承"", ""B4_PHILOSOPHY_EXCLUDED"": ""实践"", ""B1_EXCLUDED"": ""中国特色社会主义""}}",future_baodian_intake,main_matrix_original
2025_海淀_一模,2025,海淀,一模,10,,question,XB2_EXCLUDED,objective,/Users/wanglifei/Desktop/2025模拟题/2025各区一模/2025海淀一模/试卷/试卷.pdf,paper,module-boundary-excluded,/Users/wanglifei/Desktop/北京高考政治/reports/必修二三与必修四文化_题源分类准备_20260617_1301/03_question_index/question_candidates.csv,"{""target"": ""B3_POLITICS_RULE_OF_LAW"", ""target_score"": 3, ""boundary"": ""XB2_EXCLUDED"", ""boundary_score"": 15, ""matches"": {""B3_POLITICS_RULE_OF_LAW"": ""法院"", ""XB2_EXCLUDED"": ""侵权,民事,民事行为能力,侵权责任,赔偿,监护人,上诉,boost:侵权,boost:民事,boost:民事行为能力,boost:侵权责任,boost:监护人""}, ""explicit_boundary_modules"": {""XB2_EXCLUDED"": [""侵权"", ""民事""]}, ""override"": ""explicit_boundary_term""}",exclude_from_three_target_lines,main_matrix_original
2025_海淀_一模,2025,海淀,一模,11,,question,UNKNOWN_OR_MIXED,objective,/Users/wanglifei/Desktop/2025模拟题/2025各区一模/2025海淀一模/试卷/试卷.pdf,paper,blocked,/Users/wanglifei/Desktop/北京高考政治/reports/必修二三与必修四文化_题源分类准备_20260617_1301/03_question_index/question_candidates.csv,"{""target"": ""B2_ECONOMICS"", ""target_score"": 0, ""boundary"": ""B4_PHILOSOPHY_EXCLUDED"", ""boundary_score"": 0, ""matches"": {}}",manual_review_needed,main_matrix_original
2025_海淀_一模,2025,海淀,一模,12,,question,B2_ECONOMICS,objective,/Users/wanglifei/Desktop/2025模拟题/2025各区一模/2025海淀一模/试卷/试卷.pdf,paper,included,/Users/wanglifei/Desktop/北京高考政治/reports/必修二三与必修四文化_题源分类准备_20260617_1301/03_question_index/question_candidates.csv,"{""target"": ""B2_ECONOMICS"", ""target_score"": 6, ""boundary"": ""B4_PHILOSOPHY_EXCLUDED"", ""boundary_score"": 0, ""matches"": {""B2_ECONOMICS"": ""民营企业,营商环境,boost:营商环境""}}",future_baodian_intake,main_matrix_original
2025_海淀_一模,2025,海淀,一模,13,,question,B2_ECONOMICS,objective,/Users/wanglifei/Desktop/2025模拟题/2025各区一模/2025海淀一模/试卷/试卷.pdf,paper,included,/Users/wanglifei/Desktop/北京高考政治/reports/必修二三与必修四文化_题源分类准备_20260617_1301/03_question_index/question_candidates.csv,"{""target"": ""B2_ECONOMICS"", ""target_score"": 2, ""boundary"": ""B4_PHILOSOPHY_EXCLUDED"", ""boundary_score"": 0, ""matches"": {""B2_ECONOMICS"": ""消费""}}",future_baodian_intake,main_matrix_original
2025_海淀_一模,2025,海淀,一模,14,,question,XB1_EXCLUDED,objective,/Users/wanglifei/Desktop/2025模拟题/2025各区一模/2025海淀一模/试卷/试卷.pdf,paper,module-boundary-excluded,/Users/wanglifei/Desktop/北京高考政治/reports/必修二三与必修四文化_题源分类准备_20260617_1301/03_question_index/question_candidates.csv,"{""target"": ""B2_ECONOMICS"", ""target_score"": 4, ""boundary"": ""XB1_EXCLUDED"", ""boundary_score"": 6, ""matches"": {""B2_ECONOMICS"": ""经济增长,经济总量,boost:经济增长,boost:经济总量"", ""XB1_EXCLUDED"": ""联合国,主权国家,南南合作,boost:联合国,boost:主权国家,boost:南南合作""}, ""explicit_boundary_modules"": {""XB1_EXCLUDED"": [""联合国""]}, ""override"": ""explicit_boundary_term""}",exclude_from_three_target_lines,main_matrix_original
2025_海淀_一模,2025,海淀,一模,15,,question,XB1_EXCLUDED,objective,/Users/wanglifei/Desktop/2025模拟题/2025各区一模/2025海淀一模/试卷/试卷.pdf,paper,module-boundary-excluded,/Users/wanglifei/Desktop/北京高考政治/reports/必修二三与必修四文化_题源分类准备_20260617_1301/03_question_index/question_candidates.csv,"{""target"": ""B2_ECONOMICS"", ""target_score"": 0, ""boundary"": ""XB1_EXCLUDED"", ""boundary_score"": 6, ""matches"": {""XB1_EXCLUDED"": ""国际关系,世界多极化,外交,boost:国际关系,boost:世界多极化,boost:外交""}, ""explicit_boundary_modules"": {""XB1_EXCLUDED"": [""世界多极化"", ""国际关系""]}, ""override"": ""explicit_boundary_term""}",exclude_from_three_target_lines,main_matrix_original
2025_海淀_一模,2025,海淀,一模,16,,question,B4_PHILOSOPHY_EXCLUDED,subjective,/Users/wanglifei/Desktop/2025模拟题/2025各区一模/2025海淀一模/试卷/补充材料/EDU_1500334100000021014_61af1789-0742-472d-86cd-e6cb420b0ecb.pdf | /Users/wanglifei/Desktop/2025模拟题/2025各区一模/2025海淀一模/试卷/试卷.pdf,paper,module-boundary-excluded,/Users/wanglifei/Desktop/北京高考政治/reports/必修二三与必修四文化_题源分类准备_20260617_1301/03_question_index/question_candidates.csv,"{""target"": ""B2_ECONOMICS"", ""target_score"": 0, ""boundary"": ""B4_PHILOSOPHY_EXCLUDED"", ""boundary_score"": 8, ""matches"": {""B4_PHILOSOPHY_EXCLUDED"": ""实践,认识,矛盾,boost:矛盾""}}",exclude_from_three_target_lines,main_matrix_original
2025_海淀_一模,2025,海淀,一模,17,,question,XB2_EXCLUDED,subjective,/Users/wanglifei/Desktop/2025模拟题/2025各区一模/2025海淀一模/试卷/补充材料/EDU_1500334100000021014_61af1789-0742-472d-86cd-e6cb420b0ecb.pdf | /Users/wanglifei/Desktop/2025模拟题/2025各区一模/2025海淀一模/试卷/试卷.pdf,paper,module-boundary-excluded,/Users/wanglifei/Desktop/北京高考政治/reports/必修二三与必修四文化_题源分类准备_20260617_1301/03_question_index/question_candidates.csv,"{""target"": ""B3_POLITICS_RULE_OF_LAW"", ""target_score"": 6, ""boundary"": ""B4_PHILOSOPHY_EXCLUDED"", ""boundary_score"": 13, ""matches"": {""B3_POLITICS_RULE_OF_LAW"": ""法治社会,社会治理,boost:法治社会"", ""B4_CULTURE"": ""文化"", ""B4_PHILOSOPHY_EXCLUDED"": ""实践,矛盾,人民群众,boost:矛盾,boost:人民群众"", ""XB2_EXCLUDED"": ""诉讼,boost:诉讼""}, ""explicit_boundary_modules"": {""XB2_EXCLUDED"": [""诉讼""]}, ""override"": ""explicit_boundary_term""}",exclude_from_three_target_lines,main_matrix_original
2025_海淀_一模,2025,海淀,一模,18,,question,XB2_EXCLUDED,subjective,/Users/wanglifei/Desktop/2025模拟题/2025各区一模/2025海淀一模/试卷/补充材料/EDU_1500334100000021014_61af1789-0742-472d-86cd-e6cb420b0ecb.pdf | /Users/wanglifei/Desktop/2025模拟题/2025各区一模/2025海淀一模/试卷/试卷.pdf,paper,module-boundary-excluded,/Users/wanglifei/Desktop/北京高考政治/reports/必修二三与必修四文化_题源分类准备_20260617_1301/03_question_index/question_candidates.csv,"{""target"": ""B3_POLITICS_RULE_OF_LAW"", ""target_score"": 4, ""boundary"": ""XB2_EXCLUDED"", ""boundary_score"": 22, ""matches"": {""B2_ECONOMICS"": ""消费"", ""B3_POLITICS_RULE_OF_LAW"": ""法院"", ""B4_PHILOSOPHY_EXCLUDED"": ""认识"", ""XB2_EXCLUDED"": ""法律与生活,合同,诉讼,格式条款,赔偿,boost:法律与生活,boost:合同,boost:诉讼,boost:格式条款""}, ""explicit_boundary_modules"": {""XB2_EXCLUDED"": [""法律与生活"", ""合同"", ""诉讼""]}, ""override"": ""explicit_boundary_term""}",exclude_from_three_target_lines,main_matrix_original
2025_海淀_一模,2025,海淀,一模,19,,question,B3_POLITICS_RULE_OF_LAW,subjective,/Users/wanglifei/Desktop/2025模拟题/2025各区一模/2025海淀一模/试卷/补充材料/EDU_1500334100000021014_61af1789-0742-472d-86cd-e6cb420b0ecb.pdf | /Users/wanglifei/Desktop/2025模拟题/2025各区一模/2025海淀一模/试卷/试卷.pdf,paper,included,/Users/wanglifei/Desktop/北京高考政治/reports/必修二三与必修四文化_题源分类准备_20260617_1301/03_question_index/question_candidates.csv,"{""target"": ""B3_POLITICS_RULE_OF_LAW"", ""target_score"": 17, ""boundary"": ""B4_PHILOSOPHY_EXCLUDED"", ""boundary_score"": 0, ""matches"": {""B3_POLITICS_RULE_OF_LAW"": ""政治与法治,党的领导,法治政府,政府,基层治理,社区治理,社会治理,boost:政治与法治,boost:党的领导,boost:法治政府,boost:基层治理""}}",future_baodian_intake,main_matrix_original
2025_海淀_一模,2025,海淀,一模,2,,question,B4_CULTURE,objective,/Users/wanglifei/Desktop/2025模拟题/2025各区一模/2025海淀一模/试卷/补充材料/EDU_1500334100000021014_61af1789-0742-472d-86cd-e6cb420b0ecb.pdf | /Users/wanglifei/Desktop/2025模拟题/2025各区一模/2025海淀一模/试卷/试卷.pdf,paper,included,/Users/wanglifei/Desktop/北京高考政治/reports/必修二三与必修四文化_题源分类准备_20260617_1301/03_question_index/question_candidates.csv,"{""target"": ""B4_CULTURE"", ""target_score"": 7, ""boundary"": ""B4_PHILOSOPHY_EXCLUDED"", ""boundary_score"": 1, ""matches"": {""B3_POLITICS_RULE_OF_LAW"": ""依法行政,政府,boost:依法行政"", ""B4_CULTURE"": ""文化,中华优秀传统文化,优秀传统文化,传统文化,boost:中华优秀传统文化,boost:优秀传统文化,boost:传统文化"", ""B4_PHILOSOPHY_EXCLUDED"": ""实践""}}",future_baodian_intake,main_matrix_original
2025_海淀_一模,2025,海淀,一模,20,,question,XB3_EXCLUDED,subjective,/Users/wanglifei/Desktop/2025模拟题/2025各区一模/2025海淀一模/试卷/补充材料/EDU_1500334100000021014_61af1789-0742-472d-86cd-e6cb420b0ecb.pdf | /Users/wanglifei/Desktop/2025模拟题/2025各区一模/2025海淀一模/试卷/试卷.pdf,paper,module-boundary-excluded,/Users/wanglifei/Desktop/北京高考政治/reports/必修二三与必修四文化_题源分类准备_20260617_1301/03_question_index/question_candidates.csv,"{""target"": ""B3_POLITICS_RULE_OF_LAW"", ""target_score"": 10, ""boundary"": ""XB3_EXCLUDED"", ""boundary_score"": 2, ""matches"": {""B2_ECONOMICS"": ""消费"", ""B3_POLITICS_RULE_OF_LAW"": ""政协,政府,民主监督,boost:政协"", ""XB3_EXCLUDED"": ""创新思维,boost:创新思维""}, ""explicit_boundary_modules"": {""XB3_EXCLUDED"": [""创新思维""]}, ""override"": ""explicit_boundary_term""}",exclude_from_three_target_lines,main_matrix_original
2025_海淀_一模,2025,海淀,一模,21,,question,XB3_EXCLUDED,subjective,/Users/wanglifei/Desktop/2025模拟题/2025各区一模/2025海淀一模/试卷/补充材料/EDU_1500334100000021014_61af1789-0742-472d-86cd-e6cb420b0ecb.pdf | /Users/wanglifei/Desktop/2025模拟题/2025各区一模/2025海淀一模/试卷/试卷.pdf,paper,module-boundary-excluded,/Users/wanglifei/Desktop/北京高考政治/reports/必修二三与必修四文化_题源分类准备_20260617_1301/03_question_index/question_candidates.csv,"{""target"": ""B3_POLITICS_RULE_OF_LAW"", ""target_score"": 24, ""boundary"": ""XB3_EXCLUDED"", ""boundary_score"": 13, ""matches"": {""B2_ECONOMICS"": ""新发展理念,消费,经济增长,boost:新发展理念,boost:经济增长"", ""B3_POLITICS_RULE_OF_LAW"": ""中国共产党,党的领导,法治政府,依法行政,全面依法治国,法治国家,法治社会,政府,boost:中国共产党,boost:党的领导,boost:法治政府,boost:依法行政"", ""B4_CULTURE"": ""文化,中华优秀传统文化,优秀传统文化,传统文化,boost:中华优秀传统文化,boost:优秀传统文化,boost:传统文化"", ""B4_PHILOSOPHY_EXCLUDED"": ""实践,事物发展,矛盾,boost:矛盾"", ""XB1_EXCLUDED"": ""当代国际政治与经济,对外开放,国际贸易,boost:当代国际政治与经济,boost:国际贸易"", ""XB3_EXCLUDED"": ""辩证思维,创新思维,推理,演绎推理,boost:辩证思维,boost:创新思维,boost:推理,boost:演绎推理""}, ""explicit_boundary_modules"": {""XB1_EXCLUDED"": [""当代国际政治与经济""], ""XB3_EXCLUDED"": [""辩证思维"", ""创新思维"", ""推理""]}, ""override"": ""explicit_boundary_term""}",exclude_from_three_target_lines,main_matrix_original
2025_海淀_一模,2025,海淀,一模,3,,question,XB1_EXCLUDED,objective,/Users/wanglifei/Desktop/2025模拟题/2025各区一模/2025海淀一模/试卷/补充材料/EDU_1500334100000021014_61af1789-0742-472d-86cd-e6cb420b0ecb.pdf | /Users/wanglifei/Desktop/2025模拟题/2025各区一模/2025海淀一模/试卷/试卷.pdf,paper,module-boundary-excluded,/Users/wanglifei/Desktop/北京高考政治/reports/必修二三与必修四文化_题源分类准备_20260617_1301/03_question_index/question_candidates.csv,"{""target"": ""B4_CULTURE"", ""target_score"": 5, ""boundary"": ""XB1_EXCLUDED"", ""boundary_score"": 2, ""matches"": {""B4_CULTURE"": ""文化,文化遗产,boost:文化遗产"", ""XB1_EXCLUDED"": ""联合国,boost:联合国""}, ""explicit_boundary_modules"": {""XB1_EXCLUDED"": [""联合国""]}, ""override"": ""explicit_boundary_term""}",exclude_from_three_target_lines,main_matrix_original
2025_海淀_一模,2025,海淀,一模,4,,question,UNKNOWN_OR_MIXED,objective,/Users/wanglifei/Desktop/2025模拟题/2025各区一模/2025海淀一模/试卷/试卷.pdf,paper,blocked,/Users/wanglifei/Desktop/北京高考政治/reports/必修二三与必修四文化_题源分类准备_20260617_1301/03_question_index/question_candidates.csv,"{""target"": ""B2_ECONOMICS"", ""target_score"": 0, ""boundary"": ""B4_PHILOSOPHY_EXCLUDED"", ""boundary_score"": 0, ""matches"": {}}",manual_review_needed,main_matrix_original
2025_海淀_一模,2025,海淀,一模,5,,question,UNKNOWN_OR_MIXED,objective,/Users/wanglifei/Desktop/2025模拟题/2025各区一模/2025海淀一模/试卷/试卷.pdf,paper,blocked,/Users/wanglifei/Desktop/北京高考政治/reports/必修二三与必修四文化_题源分类准备_20260617_1301/03_question_index/question_candidates.csv,"{""target"": ""B3_POLITICS_RULE_OF_LAW"", ""target_score"": 2, ""boundary"": ""B4_PHILOSOPHY_EXCLUDED"", ""boundary_score"": 2, ""matches"": {""B3_POLITICS_RULE_OF_LAW"": ""政府"", ""B4_PHILOSOPHY_EXCLUDED"": ""矛盾,boost:矛盾""}}",manual_review_needed,main_matrix_original
2025_海淀_一模,2025,海淀,一模,6,,question,XB3_EXCLUDED,objective,/Users/wanglifei/Desktop/2025模拟题/2025各区一模/2025海淀一模/试卷/试卷.pdf,paper,module-boundary-excluded,/Users/wanglifei/Desktop/北京高考政治/reports/必修二三与必修四文化_题源分类准备_20260617_1301/03_question_index/question_candidates.csv,"{""target"": ""B2_ECONOMICS"", ""target_score"": 0, ""boundary"": ""XB3_EXCLUDED"", ""boundary_score"": 8, ""matches"": {""XB3_EXCLUDED"": ""逆向思维,联想思维,迁移,想象,boost:逆向思维,boost:联想思维,boost:迁移,boost:想象""}, ""explicit_boundary_modules"": {""XB3_EXCLUDED"": [""迁移"", ""想象""]}, ""override"": ""explicit_boundary_term""}",exclude_from_three_target_lines,main_matrix_original
2025_海淀_一模,2025,海淀,一模,7,,question,XB2_EXCLUDED,objective,/Users/wanglifei/Desktop/2025模拟题/2025各区一模/2025海淀一模/试卷/试卷.pdf,paper,module-boundary-excluded,/Users/wanglifei/Desktop/北京高考政治/reports/必修二三与必修四文化_题源分类准备_20260617_1301/03_question_index/question_candidates.csv,"{""target"": ""B4_CULTURE"", ""target_score"": 13, ""boundary"": ""XB2_EXCLUDED"", ""boundary_score"": 3, ""matches"": {""B3_POLITICS_RULE_OF_LAW"": ""检察"", ""B4_CULTURE"": ""文化,文化遗产,中轴线,文物,boost:文化遗产,boost:中轴线,boost:文物"", ""XB2_EXCLUDED"": ""诉讼,boost:诉讼""}, ""explicit_boundary_modules"": {""XB2_EXCLUDED"": [""诉讼""]}, ""override"": ""explicit_boundary_term""}",exclude_from_three_target_lines,main_matrix_original
2025_海淀_一模,2025,海淀,一模,8,,question,B2_ECONOMICS,objective,/Users/wanglifei/Desktop/2025模拟题/2025各区一模/2025海淀一模/试卷/试卷.pdf,paper,included,/Users/wanglifei/Desktop/北京高考政治/reports/必修二三与必修四文化_题源分类准备_20260617_1301/03_question_index/question_candidates.csv,"{""target"": ""B2_ECONOMICS"", ""target_score"": 8, ""boundary"": ""B4_PHILOSOPHY_EXCLUDED"", ""boundary_score"": 0, ""matches"": {""B2_ECONOMICS"": ""养老服务,boost:养老服务"", ""B3_POLITICS_RULE_OF_LAW"": ""基层群众自治,政府,党组织,社会治理,boost:基层群众自治,boost:党组织""}}",future_baodian_intake,main_matrix_original
2025_海淀_一模,2025,海淀,一模,9,,question,B3_POLITICS_RULE_OF_LAW,objective,/Users/wanglifei/Desktop/2025模拟题/2025各区一模/2025海淀一模/试卷/试卷.pdf,paper,included,/Users/wanglifei/Desktop/北京高考政治/reports/必修二三与必修四文化_题源分类准备_20260617_1301/03_question_index/question_candidates.csv,"{""target"": ""B3_POLITICS_RULE_OF_LAW"", ""target_score"": 8, ""boundary"": ""B4_PHILOSOPHY_EXCLUDED"", ""boundary_score"": 0, ""matches"": {""B3_POLITICS_RULE_OF_LAW"": ""政协,boost:政协""}}",future_baodian_intake,main_matrix_original
2025_海淀_二模,2025,海淀,二模,1,,question,XB2_EXCLUDED,objective,/Users/wanglifei/Desktop/北京高考政治/reports/必修二三与必修四文化_题源分类准备_20260617_1301/02_text_cache/ocr_cache/2025_海淀_二模/试卷.ocr.txt,ocr-cache,module-boundary-excluded,/Users/wanglifei/Desktop/北京高考政治/reports/必修二三与必修四文化_题源分类准备_20260617_1301/02_text_cache/ocr_absorbed/2025_海淀_二模.txt,"{""target"": ""B2_ECONOMICS"", ""target_score"": 0, ""boundary"": ""XB2_EXCLUDED"", ""boundary_score"": 3, ""matches"": {""B4_PHILOSOPHY_EXCLUDED"": ""矛盾,boost:矛盾"", ""XB2_EXCLUDED"": ""诉讼,boost:诉讼"", ""B1_EXCLUDED"": ""中国特色社会主义,社会主义现代化强国""}, ""explicit_boundary_modules"": {""XB2_EXCLUDED"": [""诉讼""]}, ""override"": ""explicit_boundary_term""}",exclude_from_three_target_lines,main_matrix_original
2025_海淀_二模,2025,海淀,二模,10,,question,B4_PHILOSOPHY_EXCLUDED,objective,/Users/wanglifei/Desktop/北京高考政治/reports/必修二三与必修四文化_题源分类准备_20260617_1301/02_text_cache/ocr_cache/2025_海淀_二模/试卷.ocr.txt,ocr-cache,module-boundary-excluded,/Users/wanglifei/Desktop/北京高考政治/reports/必修二三与必修四文化_题源分类准备_20260617_1301/02_text_cache/ocr_absorbed/2025_海淀_二模.txt,"{""target"": ""B2_ECONOMICS"", ""target_score"": 0, ""boundary"": ""B4_PHILOSOPHY_EXCLUDED"", ""boundary_score"": 14, ""matches"": {""B4_PHILOSOPHY_EXCLUDED"": ""实践,认识,真理,boost:真理""}}",exclude_from_three_target_lines,main_matrix_original
2025_海淀_二模,2025,海淀,二模,11,,question,XB3_EXCLUDED,objective,/Users/wanglifei/Desktop/北京高考政治/reports/必修二三与必修四文化_题源分类准备_20260617_1301/02_text_cache/ocr_cache/2025_海淀_二模/试卷.ocr.txt,ocr-cache,module-boundary-excluded,/Users/wanglifei/Desktop/北京高考政治/reports/必修二三与必修四文化_题源分类准备_20260617_1301/02_text_cache/ocr_absorbed/2025_海淀_二模.txt,"{""target"": ""B2_ECONOMICS"", ""target_score"": 0, ""boundary"": ""XB3_EXCLUDED"", ""boundary_score"": 6, ""matches"": {""XB3_EXCLUDED"": ""创新思维,推理,归纳推理,boost:创新思维,boost:推理,boost:归纳推理""}, ""explicit_boundary_modules"": {""XB3_EXCLUDED"": [""创新思维"", ""推理""]}, ""override"": ""explicit_boundary_term""}",exclude_from_three_target_lines,main_matrix_original
2025_海淀_二模,2025,海淀,二模,12,,question,XB3_EXCLUDED,objective,/Users/wanglifei/Desktop/北京高考政治/reports/必修二三与必修四文化_题源分类准备_20260617_1301/02_text_cache/ocr_cache/2025_海淀_二模/试卷.ocr.txt,ocr-cache,module-boundary-excluded,/Users/wanglifei/Desktop/北京高考政治/reports/必修二三与必修四文化_题源分类准备_20260617_1301/02_text_cache/ocr_absorbed/2025_海淀_二模.txt,"{""target"": ""B2_ECONOMICS"", ""target_score"": 2, ""boundary"": ""B4_PHILOSOPHY_EXCLUDED"", ""boundary_score"": 3, ""matches"": {""B2_ECONOMICS"": ""新质生产力,boost:新质生产力"", ""B4_PHILOSOPHY_EXCLUDED"": ""实践,矛盾,boost:矛盾"", ""XB3_EXCLUDED"": ""超前思维,boost:超前思维""}, ""explicit_boundary_modules"": {""XB3_EXCLUDED"": [""超前思维""]}, ""override"": ""explicit_boundary_term""}",exclude_from_three_target_lines,main_matrix_original
2025_海淀_二模,2025,海淀,二模,13,,question,UNKNOWN_OR_MIXED,objective,/Users/wanglifei/Desktop/北京高考政治/reports/必修二三与必修四文化_题源分类准备_20260617_1301/02_text_cache/ocr_cache/2025_海淀_二模/试卷.ocr.txt,ocr-cache,blocked,/Users/wanglifei/Desktop/北京高考政治/reports/必修二三与必修四文化_题源分类准备_20260617_1301/02_text_cache/ocr_absorbed/2025_海淀_二模.txt,"{""target"": ""B3_POLITICS_RULE_OF_LAW"", ""target_score"": 2, ""boundary"": ""XB1_EXCLUDED"", ""boundary_score"": 2, ""matches"": {""B3_POLITICS_RULE_OF_LAW"": ""政府"", ""XB1_EXCLUDED"": ""主权国家,boost:主权国家""}}",manual_review_needed,main_matrix_original
2025_海淀_二模,2025,海淀,二模,14,,question,XB1_EXCLUDED,objective,/Users/wanglifei/Desktop/北京高考政治/reports/必修二三与必修四文化_题源分类准备_20260617_1301/02_text_cache/ocr_cache/2025_海淀_二模/试卷.ocr.txt,ocr-cache,module-boundary-excluded,/Users/wanglifei/Desktop/北京高考政治/reports/必修二三与必修四文化_题源分类准备_20260617_1301/02_text_cache/ocr_absorbed/2025_海淀_二模.txt,"{""target"": ""B2_ECONOMICS"", ""target_score"": 0, ""boundary"": ""XB1_EXCLUDED"", ""boundary_score"": 2, ""matches"": {""XB1_EXCLUDED"": ""主权国家,boost:主权国家""}}",exclude_from_three_target_lines,main_matrix_original
2025_海淀_二模,2025,海淀,二模,15,,question,XB1_EXCLUDED,objective,/Users/wanglifei/Desktop/北京高考政治/reports/必修二三与必修四文化_题源分类准备_20260617_1301/02_text_cache/ocr_cache/2025_海淀_二模/试卷.ocr.txt,ocr-cache,module-boundary-excluded,/Users/wanglifei/Desktop/北京高考政治/reports/必修二三与必修四文化_题源分类准备_20260617_1301/02_text_cache/ocr_absorbed/2025_海淀_二模.txt,"{""target"": ""B2_ECONOMICS"", ""target_score"": 1, ""boundary"": ""XB1_EXCLUDED"", ""boundary_score"": 11, ""matches"": {""B2_ECONOMICS"": ""基础设施"", ""XB1_EXCLUDED"": ""全球治理,国际组织,外交,多边外交,上合组织,boost:全球治理,boost:国际组织,boost:外交,boost:多边外交,boost:上合组织""}, ""explicit_boundary_modules"": {""XB1_EXCLUDED"": [""全球治理"", ""国际组织""]}, ""override"": ""explicit_boundary_term""}",exclude_from_three_target_lines,main_matrix_original
2025_海淀_二模,2025,海淀,二模,16,,question,UNKNOWN_OR_MIXED,subjective,/Users/wanglifei/Desktop/北京高考政治/reports/必修二三与必修四文化_题源分类准备_20260617_1301/02_text_cache/ocr_cache/2025_海淀_二模/试卷.ocr.txt,ocr-cache,blocked,/Users/wanglifei/Desktop/北京高考政治/reports/必修二三与必修四文化_题源分类准备_20260617_1301/02_text_cache/ocr_absorbed/2025_海淀_二模.txt,"{""target"": ""B4_CULTURE"", ""target_score"": 1, ""boundary"": ""B4_PHILOSOPHY_EXCLUDED"", ""boundary_score"": 0, ""matches"": {""B4_CULTURE"": ""文化""}}",manual_review_needed,main_matrix_original
2025_海淀_二模,2025,海淀,二模,17,,question,B3_POLITICS_RULE_OF_LAW,subjective,/Users/wanglifei/Desktop/北京高考政治/reports/必修二三与必修四文化_题源分类准备_20260617_1301/02_text_cache/ocr_cache/2025_海淀_二模/试卷.ocr.txt,ocr-cache,included,/Users/wanglifei/Desktop/北京高考政治/reports/必修二三与必修四文化_题源分类准备_20260617_1301/02_text_cache/ocr_absorbed/2025_海淀_二模.txt,"{""target"": ""B3_POLITICS_RULE_OF_LAW"", ""target_score"": 25, ""boundary"": ""B4_PHILOSOPHY_EXCLUDED"", ""boundary_score"": 6, ""matches"": {""B3_POLITICS_RULE_OF_LAW"": ""政治与法治,人民代表大会,人大代表,政府,检察,法院,全国人大,人大常委会,boost:政治与法治,boost:人民代表大会,boost:人大代表,boost:全国人大"", ""B4_PHILOSOPHY_EXCLUDED"": ""实践,人民群众,boost:人民群众""}}",future_baodian_intake,main_matrix_original
2025_海淀_二模,2025,海淀,二模,18,,question,UNKNOWN_OR_MIXED,subjective,/Users/wanglifei/Desktop/北京高考政治/reports/必修二三与必修四文化_题源分类准备_20260617_1301/02_text_cache/ocr_cache/2025_海淀_二模/试卷.ocr.txt,ocr-cache,blocked,/Users/wanglifei/Desktop/北京高考政治/reports/必修二三与必修四文化_题源分类准备_20260617_1301/02_text_cache/ocr_absorbed/2025_海淀_二模.txt,"{""target"": ""B2_ECONOMICS"", ""target_score"": 0, ""boundary"": ""B4_PHILOSOPHY_EXCLUDED"", ""boundary_score"": 0, ""matches"": {}}",manual_review_needed,main_matrix_original
2025_海淀_二模,2025,海淀,二模,19,,question,XB2_EXCLUDED,subjective,/Users/wanglifei/Desktop/北京高考政治/reports/必修二三与必修四文化_题源分类准备_20260617_1301/02_text_cache/ocr_cache/2025_海淀_二模/试卷.ocr.txt,ocr-cache,module-boundary-excluded,/Users/wanglifei/Desktop/北京高考政治/reports/必修二三与必修四文化_题源分类准备_20260617_1301/02_text_cache/ocr_absorbed/2025_海淀_二模.txt,"{""target"": ""B4_CULTURE"", ""target_score"": 4, ""boundary"": ""XB2_EXCLUDED"", ""boundary_score"": 2, ""matches"": {""B2_ECONOMICS"": ""消费"", ""B4_CULTURE"": ""文旅,boost:文旅"", ""XB2_EXCLUDED"": ""专利,boost:专利""}, ""explicit_boundary_modules"": {""XB2_EXCLUDED"": [""专利""]}, ""override"": ""explicit_boundary_term""}",exclude_from_three_target_lines,main_matrix_original
2025_海淀_二模,2025,海淀,二模,2,,question,XB1_EXCLUDED,objective,/Users/wanglifei/Desktop/北京高考政治/reports/必修二三与必修四文化_题源分类准备_20260617_1301/02_text_cache/ocr_cache/2025_海淀_二模/试卷.ocr.txt,ocr-cache,module-boundary-excluded,/Users/wanglifei/Desktop/北京高考政治/reports/必修二三与必修四文化_题源分类准备_20260617_1301/02_text_cache/ocr_absorbed/2025_海淀_二模.txt,"{""target"": ""B3_POLITICS_RULE_OF_LAW"", ""target_score"": 1, ""boundary"": ""XB1_EXCLUDED"", ""boundary_score"": 10, ""matches"": {""B3_POLITICS_RULE_OF_LAW"": ""法院"", ""B4_PHILOSOPHY_EXCLUDED"": ""人民群众,boost:人民群众"", ""XB1_EXCLUDED"": ""当代国际政治与经济,联合国,全球治理,boost:当代国际政治与经济,boost:联合国,boost:全球治理"", ""XB2_EXCLUDED"": ""赔偿""}, ""explicit_boundary_modules"": {""XB1_EXCLUDED"": [""当代国际政治与经济"", ""联合国"", ""全球治理""]}, ""override"": ""explicit_boundary_term""}",exclude_from_three_target_lines,main_matrix_original
2025_海淀_二模,2025,海淀,二模,20,,question,XB3_EXCLUDED,subjective,/Users/wanglifei/Desktop/北京高考政治/reports/必修二三与必修四文化_题源分类准备_20260617_1301/02_text_cache/ocr_cache/2025_海淀_二模/试卷.ocr.txt,ocr-cache,module-boundary-excluded,/Users/wanglifei/Desktop/北京高考政治/reports/必修二三与必修四文化_题源分类准备_20260617_1301/02_text_cache/ocr_absorbed/2025_海淀_二模.txt,"{""target"": ""B4_CULTURE"", ""target_score"": 8, ""boundary"": ""XB2_EXCLUDED"", ""boundary_score"": 2, ""matches"": {""B2_ECONOMICS"": ""共同富裕,boost:共同富裕"", ""B4_CULTURE"": ""文化,中华优秀传统文化,优秀传统文化,传统文化,boost:中华优秀传统文化,boost:优秀传统文化,boost:传统文化"", ""B4_PHILOSOPHY_EXCLUDED"": ""实践"", ""XB2_EXCLUDED"": ""继承,boost:继承"", ""XB3_EXCLUDED"": ""辩证思维,boost:辩证思维"", ""B1_EXCLUDED"": ""中国特色社会主义""}, ""explicit_boundary_modules"": {""XB3_EXCLUDED"": [""辩证思维""]}, ""override"": ""explicit_boundary_term""}",exclude_from_three_target_lines,main_matrix_original
2025_海淀_二模,2025,海淀,二模,21,,question,XB1_EXCLUDED,subjective,/Users/wanglifei/Desktop/北京高考政治/reports/必修二三与必修四文化_题源分类准备_20260617_1301/02_text_cache/ocr_cache/2025_海淀_二模/试卷.ocr.txt,ocr-cache,module-boundary-excluded,/Users/wanglifei/Desktop/北京高考政治/reports/必修二三与必修四文化_题源分类准备_20260617_1301/02_text_cache/ocr_absorbed/2025_海淀_二模.txt,"{""target"": ""B2_ECONOMICS"", ""target_score"": 0, ""boundary"": ""XB1_EXCLUDED"", ""boundary_score"": 2, ""matches"": {""XB1_EXCLUDED"": ""联合国,boost:联合国""}, ""explicit_boundary_modules"": {""XB1_EXCLUDED"": [""联合国""]}, ""override"": ""explicit_boundary_term""}",exclude_from_three_target_lines,main_matrix_original
2025_海淀_二模,2025,海淀,二模,3,,question,B3_POLITICS_RULE_OF_LAW,objective,/Users/wanglifei/Desktop/北京高考政治/reports/必修二三与必修四文化_题源分类准备_20260617_1301/02_text_cache/ocr_cache/2025_海淀_二模/试卷.ocr.txt,ocr-cache,included,/Users/wanglifei/Desktop/北京高考政治/reports/必修二三与必修四文化_题源分类准备_20260617_1301/02_text_cache/ocr_absorbed/2025_海淀_二模.txt,"{""target"": ""B3_POLITICS_RULE_OF_LAW"", ""target_score"": 5, ""boundary"": ""B4_PHILOSOPHY_EXCLUDED"", ""boundary_score"": 0, ""matches"": {""B3_POLITICS_RULE_OF_LAW"": ""基层群众自治,基层治理,社区治理,boost:基层群众自治,boost:基层治理""}}",future_baodian_intake,main_matrix_original
2025_海淀_二模,2025,海淀,二模,4,,question,B2_ECONOMICS,objective,/Users/wanglifei/Desktop/北京高考政治/reports/必修二三与必修四文化_题源分类准备_20260617_1301/02_text_cache/ocr_cache/2025_海淀_二模/试卷.ocr.txt,ocr-cache,included,/Users/wanglifei/Desktop/北京高考政治/reports/必修二三与必修四文化_题源分类准备_20260617_1301/02_text_cache/ocr_absorbed/2025_海淀_二模.txt,"{""target"": ""B2_ECONOMICS"", ""target_score"": 2, ""boundary"": ""B4_PHILOSOPHY_EXCLUDED"", ""boundary_score"": 0, ""matches"": {""B2_ECONOMICS"": ""营商环境,boost:营商环境"", ""B3_POLITICS_RULE_OF_LAW"": ""行政处罚""}}",future_baodian_intake,main_matrix_original
2025_海淀_二模,2025,海淀,二模,5,,question,XB2_EXCLUDED,objective,/Users/wanglifei/Desktop/北京高考政治/reports/必修二三与必修四文化_题源分类准备_20260617_1301/02_text_cache/ocr_cache/2025_海淀_二模/试卷.ocr.txt,ocr-cache,module-boundary-excluded,/Users/wanglifei/Desktop/北京高考政治/reports/必修二三与必修四文化_题源分类准备_20260617_1301/02_text_cache/ocr_absorbed/2025_海淀_二模.txt,"{""target"": ""B2_ECONOMICS"", ""target_score"": 8, ""boundary"": ""XB2_EXCLUDED"", ""boundary_score"": 23, ""matches"": {""B2_ECONOMICS"": ""消费"", ""B3_POLITICS_RULE_OF_LAW"": ""法院"", ""XB2_EXCLUDED"": ""合同,侵权,诉讼,举证,民事,民事诉讼,侵权责任,赔偿,违约,上诉,boost:合同,boost:侵权""}, ""explicit_boundary_modules"": {""XB2_EXCLUDED"": [""合同"", ""侵权"", ""诉讼"", ""民事""]}, ""override"": ""explicit_boundary_term""}",exclude_from_three_target_lines,main_matrix_original
2025_海淀_二模,2025,海淀,二模,6,,question,UNKNOWN_OR_MIXED,objective,/Users/wanglifei/Desktop/北京高考政治/reports/必修二三与必修四文化_题源分类准备_20260617_1301/02_text_cache/ocr_cache/2025_海淀_二模/试卷.ocr.txt,ocr-cache,blocked,/Users/wanglifei/Desktop/北京高考政治/reports/必修二三与必修四文化_题源分类准备_20260617_1301/02_text_cache/ocr_absorbed/2025_海淀_二模.txt,"{""target"": ""B3_POLITICS_RULE_OF_LAW"", ""target_score"": 2, ""boundary"": ""B4_PHILOSOPHY_EXCLUDED"", ""boundary_score"": 3, ""matches"": {""B3_POLITICS_RULE_OF_LAW"": ""法院"", ""B4_PHILOSOPHY_EXCLUDED"": ""认识,矛盾,boost:矛盾""}}",manual_review_needed,main_matrix_original
2025_海淀_二模,2025,海淀,二模,7,,question,B2_ECONOMICS,objective,/Users/wanglifei/Desktop/北京高考政治/reports/必修二三与必修四文化_题源分类准备_20260617_1301/02_text_cache/ocr_cache/2025_海淀_二模/试卷.ocr.txt,ocr-cache,included,/Users/wanglifei/Desktop/北京高考政治/reports/必修二三与必修四文化_题源分类准备_20260617_1301/02_text_cache/ocr_absorbed/2025_海淀_二模.txt,"{""target"": ""B2_ECONOMICS"", ""target_score"": 5, ""boundary"": ""B4_PHILOSOPHY_EXCLUDED"", ""boundary_score"": 0, ""matches"": {""B2_ECONOMICS"": ""消费"", ""B3_POLITICS_RULE_OF_LAW"": ""政府"", ""B4_CULTURE"": ""文旅,boost:文旅""}}",future_baodian_intake,main_matrix_original
2025_海淀_二模,2025,海淀,二模,8,,question,B2_ECONOMICS,objective,/Users/wanglifei/Desktop/北京高考政治/reports/必修二三与必修四文化_题源分类准备_20260617_1301/02_text_cache/ocr_cache/2025_海淀_二模/试卷.ocr.txt,ocr-cache,included,/Users/wanglifei/Desktop/北京高考政治/reports/必修二三与必修四文化_题源分类准备_20260617_1301/02_text_cache/ocr_absorbed/2025_海淀_二模.txt,"{""target"": ""B2_ECONOMICS"", ""target_score"": 4, ""boundary"": ""B4_PHILOSOPHY_EXCLUDED"", ""boundary_score"": 0, ""matches"": {""B2_ECONOMICS"": ""公有制,非公有制,boost:公有制,boost:非公有制""}}",future_baodian_intake,main_matrix_original
2025_海淀_二模,2025,海淀,二模,9,,question,B4_CULTURE,objective,/Users/wanglifei/Desktop/北京高考政治/reports/必修二三与必修四文化_题源分类准备_20260617_1301/02_text_cache/ocr_cache/2025_海淀_二模/试卷.ocr.txt,ocr-cache,included,/Users/wanglifei/Desktop/北京高考政治/reports/必修二三与必修四文化_题源分类准备_20260617_1301/02_text_cache/ocr_absorbed/2025_海淀_二模.txt,"{""target"": ""B4_CULTURE"", ""target_score"": 17, ""boundary"": ""B4_PHILOSOPHY_EXCLUDED"", ""boundary_score"": 0, ""matches"": {""B2_ECONOMICS"": ""消费"", ""B4_CULTURE"": ""文化,中华优秀传统文化,优秀传统文化,传统文化,创新性发展,文化创新,文创,boost:中华优秀传统文化,boost:优秀传统文化,boost:传统文化,boost:创新性发展,boost:文化创新""}}",future_baodian_intake,main_matrix_original
2025_海淀_期末,2025,海淀,期末,1,,question,XB2_EXCLUDED,objective,/Users/wanglifei/Desktop/2025模拟题/2025各区期末/2025海淀期中/试卷/试卷.pdf | /Users/wanglifei/Desktop/2025模拟题/2025各区期末/2025海淀期末/试卷/试卷.docx,paper,module-boundary-excluded,/Users/wanglifei/Desktop/北京高考政治/reports/必修二三与必修四文化_题源分类准备_20260617_1301/03_question_index/question_candidates.csv,"{""target"": ""B4_CULTURE"", ""target_score"": 8, ""boundary"": ""XB2_EXCLUDED"", ""boundary_score"": 2, ""matches"": {""B2_ECONOMICS"": ""民营企业,产业链,boost:产业链"", ""B4_CULTURE"": ""文化,民族精神,中轴线,中华文明,boost:民族精神,boost:中轴线,boost:中华文明"", ""XB2_EXCLUDED"": ""知识产权,boost:知识产权""}, ""explicit_boundary_modules"": {""XB2_EXCLUDED"": [""知识产权""]}, ""override"": ""explicit_boundary_term""}",exclude_from_three_target_lines,main_matrix_original
2025_海淀_期末,2025,海淀,期末,10,,question,XB2_EXCLUDED,objective,/Users/wanglifei/Desktop/2025模拟题/2025各区期末/2025海淀期中/试卷/试卷.pdf | /Users/wanglifei/Desktop/2025模拟题/2025各区期末/2025海淀期末/试卷/试卷.docx,paper,module-boundary-excluded,/Users/wanglifei/Desktop/北京高考政治/reports/必修二三与必修四文化_题源分类准备_20260617_1301/03_question_index/question_candidates.csv,"{""target"": ""B3_POLITICS_RULE_OF_LAW"", ""target_score"": 1, ""boundary"": ""XB2_EXCLUDED"", ""boundary_score"": 12, ""matches"": {""B3_POLITICS_RULE_OF_LAW"": ""政府"", ""XB2_EXCLUDED"": ""民法典,合同,诉讼,赔偿,boost:民法典,boost:合同,boost:诉讼""}, ""explicit_boundary_modules"": {""XB2_EXCLUDED"": [""民法典"", ""合同"", ""诉讼""]}, ""override"": ""explicit_boundary_term""}",exclude_from_three_target_lines,main_matrix_original
2025_海淀_期末,2025,海淀,期末,11,,question,XB2_EXCLUDED,objective,/Users/wanglifei/Desktop/2025模拟题/2025各区期末/2025海淀期中/试卷/试卷.pdf | /Users/wanglifei/Desktop/2025模拟题/2025各区期末/2025海淀期末/试卷/试卷.docx,paper,module-boundary-excluded,/Users/wanglifei/Desktop/北京高考政治/reports/必修二三与必修四文化_题源分类准备_20260617_1301/03_question_index/question_candidates.csv,"{""target"": ""B3_POLITICS_RULE_OF_LAW"", ""target_score"": 9, ""boundary"": ""XB2_EXCLUDED"", ""boundary_score"": 9, ""matches"": {""B3_POLITICS_RULE_OF_LAW"": ""协商民主,公正司法,法院,基层治理,社会治理,boost:协商民主,boost:公正司法,boost:基层治理"", ""B4_PHILOSOPHY_EXCLUDED"": ""矛盾,boost:矛盾"", ""XB2_EXCLUDED"": ""民法典,诉讼,赔偿,上诉,boost:民法典,boost:诉讼,boost:上诉""}, ""explicit_boundary_modules"": {""XB2_EXCLUDED"": [""民法典"", ""诉讼""]}, ""override"": ""explicit_boundary_term""}",exclude_from_three_target_lines,main_matrix_original
2025_海淀_期末,2025,海淀,期末,12,,question,XB2_EXCLUDED,objective,/Users/wanglifei/Desktop/2025模拟题/2025各区期末/2025海淀期中/试卷/试卷.pdf | /Users/wanglifei/Desktop/2025模拟题/2025各区期末/2025海淀期末/试卷/试卷.docx,paper,module-boundary-excluded,/Users/wanglifei/Desktop/北京高考政治/reports/必修二三与必修四文化_题源分类准备_20260617_1301/03_question_index/question_candidates.csv,"{""target"": ""B2_ECONOMICS"", ""target_score"": 0, ""boundary"": ""XB2_EXCLUDED"", ""boundary_score"": 8, ""matches"": {""B4_PHILOSOPHY_EXCLUDED"": ""人民群众,boost:人民群众"", ""XB2_EXCLUDED"": ""民法典,继承,仲裁,boost:民法典,boost:继承,boost:仲裁"", ""B1_EXCLUDED"": ""中国梦""}, ""explicit_boundary_modules"": {""XB2_EXCLUDED"": [""民法典""]}, ""override"": ""explicit_boundary_term""}",exclude_from_three_target_lines,main_matrix_original
2025_海淀_期末,2025,海淀,期末,13,,question,B2_ECONOMICS,objective,/Users/wanglifei/Desktop/2025模拟题/2025各区期末/2025海淀期中/试卷/试卷.pdf | /Users/wanglifei/Desktop/2025模拟题/2025各区期末/2025海淀期末/试卷/试卷.docx,paper,included,/Users/wanglifei/Desktop/北京高考政治/reports/必修二三与必修四文化_题源分类准备_20260617_1301/03_question_index/question_candidates.csv,"{""target"": ""B2_ECONOMICS"", ""target_score"": 3, ""boundary"": ""XB1_EXCLUDED"", ""boundary_score"": 2, ""matches"": {""B2_ECONOMICS"": ""劳动者"", ""B3_POLITICS_RULE_OF_LAW"": ""公正司法,法院,boost:公正司法"", ""XB1_EXCLUDED"": ""外交,boost:外交"", ""XB2_EXCLUDED"": ""劳动关系,boost:劳动关系""}}",future_baodian_intake,main_matrix_original
2025_海淀_期末,2025,海淀,期末,14,,question,XB2_EXCLUDED,objective,/Users/wanglifei/Desktop/2025模拟题/2025各区期末/2025海淀期中/试卷/试卷.pdf | /Users/wanglifei/Desktop/2025模拟题/2025各区期末/2025海淀期末/试卷/试卷.docx,paper,module-boundary-excluded,/Users/wanglifei/Desktop/北京高考政治/reports/必修二三与必修四文化_题源分类准备_20260617_1301/03_question_index/question_candidates.csv,"{""target"": ""B3_POLITICS_RULE_OF_LAW"", ""target_score"": 2, ""boundary"": ""XB1_EXCLUDED"", ""boundary_score"": 8, ""matches"": {""B3_POLITICS_RULE_OF_LAW"": ""法院"", ""B4_CULTURE"": ""纹样,boost:纹样"", ""XB1_EXCLUDED"": ""外交,元首外交,上合组织,boost:外交,boost:元首外交,boost:上合组织"", ""XB2_EXCLUDED"": ""侵权,诉讼,调解,举证,boost:侵权,boost:诉讼,boost:调解,boost:举证""}, ""explicit_boundary_modules"": {""XB2_EXCLUDED"": [""侵权"", ""诉讼""]}, ""override"": ""explicit_boundary_term""}",exclude_from_three_target_lines,main_matrix_original
2025_海淀_期末,2025,海淀,期末,15,,question,XB2_EXCLUDED,objective,/Users/wanglifei/Desktop/2025模拟题/2025各区期末/2025海淀期中/试卷/试卷.pdf | /Users/wanglifei/Desktop/2025模拟题/2025各区期末/2025海淀期末/试卷/试卷.docx,paper,module-boundary-excluded,/Users/wanglifei/Desktop/北京高考政治/reports/必修二三与必修四文化_题源分类准备_20260617_1301/03_question_index/question_candidates.csv,"{""target"": ""B2_ECONOMICS"", ""target_score"": 4, ""boundary"": ""XB1_EXCLUDED"", ""boundary_score"": 7, ""matches"": {""B2_ECONOMICS"": ""消费"", ""B3_POLITICS_RULE_OF_LAW"": ""法院,社会治理"", ""B4_PHILOSOPHY_EXCLUDED"": ""实践"", ""XB1_EXCLUDED"": ""APEC,boost:APEC"", ""XB2_EXCLUDED"": ""诉讼,消费者权益,boost:诉讼,boost:消费者权益""}, ""explicit_boundary_modules"": {""XB2_EXCLUDED"": [""诉讼""]}, ""override"": ""explicit_boundary_term""}",exclude_from_three_target_lines,main_matrix_original
2025_海淀_期末,2025,海淀,期末,16(1),16,subquestion,UNKNOWN_OR_MIXED,subjective,/Users/wanglifei/Desktop/2025模拟题/2025各区期末/2025海淀期中/试卷/试卷.pdf,paper,blocked,04_module_classification/subquestion_split_matrix.csv,"{""target"": ""B2_ECONOMICS"", ""target_score"": 0, ""boundary"": ""B4_PHILOSOPHY_EXCLUDED"", ""boundary_score"": 0, ""matches"": {}}",manual_review_needed,subquestion_integrated_blocked
2025_海淀_期末,2025,海淀,期末,16(2),16,subquestion,B2_ECONOMICS,subjective,/Users/wanglifei/Desktop/2025模拟题/2025各区期末/2025海淀期中/试卷/试卷.pdf,paper,included,04_module_classification/subquestion_split_matrix.csv,"{""override"": ""prompt_router"", ""prompt_terms"": [""经济信息/经济角度""], ""classification_text"": ""(2)结合材料三,从经济角度,为中国咖啡企业“出海”提出建议。"", ""base_decision"": ""{\""target\"": \""B2_ECONOMICS\"", \""target_score\"": 0, \""boundary\"": \""B4_PHILOSOPHY_EXCLUDED\"", \""boundary_score\"": 0, \""matches\"": {}}""}",future_baodian_intake,subquestion_integrated_target
2025_海淀_期末,2025,海淀,期末,17,,question,UNKNOWN_OR_MIXED,subjective,/Users/wanglifei/Desktop/2025模拟题/2025各区期末/2025海淀期中/试卷/试卷.pdf | /Users/wanglifei/Desktop/2025模拟题/2025各区期末/2025海淀期末/试卷/试卷.docx,paper,blocked,/Users/wanglifei/Desktop/北京高考政治/reports/必修二三与必修四文化_题源分类准备_20260617_1301/03_question_index/question_candidates.csv,"{""target"": ""B2_ECONOMICS"", ""target_score"": 8, ""boundary"": ""B4_PHILOSOPHY_EXCLUDED"", ""boundary_score"": 7, ""matches"": {""B2_ECONOMICS"": ""经济与社会,财政,税收,boost:经济与社会,boost:财政,boost:税收"", ""B4_PHILOSOPHY_EXCLUDED"": ""认识,真理,发展的观点,boost:真理,boost:发展的观点"", ""XB3_EXCLUDED"": ""科学思维,想象,boost:科学思维,boost:想象""}, ""explicit_target_modules"": {""B2_ECONOMICS"": [""经济与社会""]}, ""explicit_boundary_modules"": {""XB3_EXCLUDED"": [""科学思维"", ""想象""]}, ""override"": ""manual_subquestion_split_needed""}",manual_subquestion_split_needed,main_matrix_original
2025_海淀_期末,2025,海淀,期末,18,,question,XB3_EXCLUDED,subjective,/Users/wanglifei/Desktop/2025模拟题/2025各区期末/2025海淀期中/试卷/试卷.pdf | /Users/wanglifei/Desktop/2025模拟题/2025各区期末/2025海淀期末/试卷/试卷.docx,paper,module-boundary-excluded,/Users/wanglifei/Desktop/北京高考政治/reports/必修二三与必修四文化_题源分类准备_20260617_1301/03_question_index/question_candidates.csv,"{""target"": ""B4_CULTURE"", ""target_score"": 11, ""boundary"": ""XB3_EXCLUDED"", ""boundary_score"": 9, ""matches"": {""B3_POLITICS_RULE_OF_LAW"": ""党的领导,居民自治,民主监督,民主决策,民主协商,党组织,社会治理,公共服务,boost:党的领导,boost:党组织"", ""B4_CULTURE"": ""文化"", ""B4_PHILOSOPHY_EXCLUDED"": ""认识,矛盾,boost:矛盾"", ""XB2_EXCLUDED"": ""民事,boost:民事"", ""XB3_EXCLUDED"": ""创新思维,逆向思维,联想思维,迁移,boost:创新思维,boost:逆向思维,boost:联想思维,boost:迁移""}, ""explicit_boundary_modules"": {""XB2_EXCLUDED"": [""民事""], ""XB3_EXCLUDED"": [""创新思维"", ""迁移""]}, ""override"": ""explicit_boundary_term""}",exclude_from_three_target_lines,main_matrix_original
2025_海淀_期末,2025,海淀,期末,19,,question,UNKNOWN_OR_MIXED,subjective,/Users/wanglifei/Desktop/2025模拟题/2025各区期末/2025海淀期中/试卷/试卷.pdf | /Users/wanglifei/Desktop/2025模拟题/2025各区期末/2025海淀期末/试卷/试卷.docx,paper,blocked,/Users/wanglifei/Desktop/北京高考政治/reports/必修二三与必修四文化_题源分类准备_20260617_1301/03_question_index/question_candidates.csv,"{""target"": ""B3_POLITICS_RULE_OF_LAW"", ""target_score"": 11, ""boundary"": ""XB2_EXCLUDED"", ""boundary_score"": 2, ""matches"": {""B2_ECONOMICS"": ""市场经济,乡村振兴,共同富裕,boost:市场经济,boost:乡村振兴,boost:共同富裕"", ""B3_POLITICS_RULE_OF_LAW"": ""政治与法治,中国共产党,全面从严治党,全面依法治国,国家治理,政府,boost:政治与法治,boost:中国共产党,boost:全面依法治国,boost:国家治理"", ""B4_PHILOSOPHY_EXCLUDED"": ""实践"", ""XB2_EXCLUDED"": ""物权,boost:物权"", ""B1_EXCLUDED"": ""改革开放""}, ""explicit_target_modules"": {""B3_POLITICS_RULE_OF_LAW"": [""政治与法治""]}, ""explicit_boundary_modules"": {""XB2_EXCLUDED"": [""物权""]}, ""override"": ""manual_subquestion_split_needed""}",manual_subquestion_split_needed,main_matrix_original
2025_海淀_期末,2025,海淀,期末,2,,question,XB3_EXCLUDED,objective,/Users/wanglifei/Desktop/2025模拟题/2025各区期末/2025海淀期中/试卷/试卷.pdf | /Users/wanglifei/Desktop/2025模拟题/2025各区期末/2025海淀期末/试卷/试卷.docx,paper,module-boundary-excluded,/Users/wanglifei/Desktop/北京高考政治/reports/必修二三与必修四文化_题源分类准备_20260617_1301/03_question_index/question_candidates.csv,"{""target"": ""B4_CULTURE"", ""target_score"": 5, ""boundary"": ""XB3_EXCLUDED"", ""boundary_score"": 4, ""matches"": {""B2_ECONOMICS"": ""消费"", ""B4_CULTURE"": ""文化,文化遗产,中轴线,boost:文化遗产,boost:中轴线"", ""B4_PHILOSOPHY_EXCLUDED"": ""认识"", ""XB3_EXCLUDED"": ""辩证思维,迁移,boost:辩证思维,boost:迁移""}, ""explicit_boundary_modules"": {""XB3_EXCLUDED"": [""辩证思维"", ""迁移""]}, ""override"": ""explicit_boundary_term""}",exclude_from_three_target_lines,main_matrix_original
2025_海淀_期末,2025,海淀,期末,20,,question,UNKNOWN_OR_MIXED,subjective,/Users/wanglifei/Desktop/2025模拟题/2025各区期末/2025海淀期中/试卷/试卷.pdf | /Users/wanglifei/Desktop/2025模拟题/2025各区期末/2025海淀期末/试卷/试卷.docx,paper,blocked,/Users/wanglifei/Desktop/北京高考政治/reports/必修二三与必修四文化_题源分类准备_20260617_1301/03_question_index/question_candidates.csv,"{""target"": ""B2_ECONOMICS"", ""target_score"": 15, ""boundary"": ""XB2_EXCLUDED"", ""boundary_score"": 27, ""matches"": {""B2_ECONOMICS"": ""经济与社会,高质量发展,共同富裕,财政,消费,区域协调,boost:经济与社会,boost:高质量发展,boost:共同富裕,boost:财政"", ""B3_POLITICS_RULE_OF_LAW"": ""政府,法院"", ""B4_PHILOSOPHY_EXCLUDED"": ""实践,人民群众,boost:人民群众"", ""XB2_EXCLUDED"": ""民法典,侵权,民事,侵权责任,赔偿,监护人,boost:民法典,boost:侵权,boost:民事,boost:侵权责任,boost:监护人""}, ""explicit_target_modules"": {""B2_ECONOMICS"": [""经济与社会""]}, ""explicit_boundary_modules"": {""XB2_EXCLUDED"": [""民法典"", ""侵权"", ""民事""]}, ""override"": ""manual_subquestion_split_needed""}",manual_subquestion_split_needed,main_matrix_original
2025_海淀_期末,2025,海淀,期末,21,,question,XB1_EXCLUDED,subjective,/Users/wanglifei/Desktop/2025模拟题/2025各区期末/2025海淀期中/试卷/试卷.pdf | /Users/wanglifei/Desktop/2025模拟题/2025各区期末/2025海淀期末/试卷/试卷.docx,paper,module-boundary-excluded,/Users/wanglifei/Desktop/北京高考政治/reports/必修二三与必修四文化_题源分类准备_20260617_1301/03_question_index/question_candidates.csv,"{""target"": ""B2_ECONOMICS"", ""target_score"": 11, ""boundary"": ""XB1_EXCLUDED"", ""boundary_score"": 28, ""matches"": {""B2_ECONOMICS"": ""劳动者"", ""B3_POLITICS_RULE_OF_LAW"": ""中国共产党,党的领导,法院,boost:中国共产党,boost:党的领导"", ""B4_CULTURE"": ""文化,中华优秀传统文化,优秀传统文化,传统文化,民族精神,博物馆,boost:中华优秀传统文化,boost:优秀传统文化,boost:传统文化,boost:民族精神,boost:博物馆"", ""B4_PHILOSOPHY_EXCLUDED"": ""实践"", ""XB1_EXCLUDED"": ""中国外交,联合国,经济全球化,和平与发展,人类命运共同体,外交,boost:中国外交,boost:联合国,boost:经济全球化,boost:和平与发展,boost:人类命运共同体,boost:外交"", ""XB2_EXCLUDED"": ""法律与生活,民法典,合同,知识产权,劳动合同,赔偿,违约,boost:法律与生活,boost:民法典,boost:合同,boost:知识产权,boost:劳动合同"", ""B1_EXCLUDED"": ""中国梦""}, ""explicit_boundary_modules"": {""XB1_EXCLUDED"": [""经济全球化"", ""联合国"", ""人类命运共同体""], ""XB2_EXCLUDED"": [""法律与生活"", ""民法典"", ""合同"", ""知识产权"", ""劳动合同""]}, ""override"": ""explicit_boundary_term""}",exclude_from_three_target_lines,main_matrix_original
2025_海淀_期末,2025,海淀,期末,3,,question,B4_CULTURE,objective,/Users/wanglifei/Desktop/2025模拟题/2025各区期末/2025海淀期中/试卷/试卷.pdf | /Users/wanglifei/Desktop/2025模拟题/2025各区期末/2025海淀期末/试卷/试卷.docx,paper,included,/Users/wanglifei/Desktop/北京高考政治/reports/必修二三与必修四文化_题源分类准备_20260617_1301/03_question_index/question_candidates.csv,"{""target"": ""B4_CULTURE"", ""target_score"": 9, ""boundary"": ""B4_PHILOSOPHY_EXCLUDED"", ""boundary_score"": 0, ""matches"": {""B2_ECONOMICS"": ""消费"", ""B3_POLITICS_RULE_OF_LAW"": ""政府"", ""B4_CULTURE"": ""文化,传统文化,非遗,boost:传统文化,boost:非遗""}}",future_baodian_intake,main_matrix_original
2025_海淀_期末,2025,海淀,期末,4,,question,B2_ECONOMICS,objective,/Users/wanglifei/Desktop/2025模拟题/2025各区期末/2025海淀期中/试卷/试卷.pdf | /Users/wanglifei/Desktop/2025模拟题/2025各区期末/2025海淀期末/试卷/试卷.docx,paper,included,/Users/wanglifei/Desktop/北京高考政治/reports/必修二三与必修四文化_题源分类准备_20260617_1301/03_question_index/question_candidates.csv,"{""target"": ""B2_ECONOMICS"", ""target_score"": 5, ""boundary"": ""B4_PHILOSOPHY_EXCLUDED"", ""boundary_score"": 3, ""matches"": {""B2_ECONOMICS"": ""公有制,非公有制,消费,boost:公有制,boost:非公有制"", ""B3_POLITICS_RULE_OF_LAW"": ""政府,公共服务"", ""B4_CULTURE"": ""文化"", ""B4_PHILOSOPHY_EXCLUDED"": ""实践,认识,主观能动性""}}",future_baodian_intake,main_matrix_original
2025_海淀_期末,2025,海淀,期末,5,,question,B2_ECONOMICS,objective,/Users/wanglifei/Desktop/2025模拟题/2025各区期末/2025海淀期中/试卷/试卷.pdf | /Users/wanglifei/Desktop/2025模拟题/2025各区期末/2025海淀期末/试卷/试卷.docx,paper,included,/Users/wanglifei/Desktop/北京高考政治/reports/必修二三与必修四文化_题源分类准备_20260617_1301/03_question_index/question_candidates.csv,"{""target"": ""B2_ECONOMICS"", ""target_score"": 10, ""boundary"": ""B4_PHILOSOPHY_EXCLUDED"", ""boundary_score"": 1, ""matches"": {""B2_ECONOMICS"": ""社会保障,医保,boost:社会保障,boost:医保"", ""B4_PHILOSOPHY_EXCLUDED"": ""主观能动性""}}",future_baodian_intake,main_matrix_original
2025_海淀_期末,2025,海淀,期末,6,,question,UNKNOWN_OR_MIXED,objective,/Users/wanglifei/Desktop/2025模拟题/2025各区期末/2025海淀期中/试卷/试卷.pdf | /Users/wanglifei/Desktop/2025模拟题/2025各区期末/2025海淀期末/试卷/试卷.docx,paper,blocked,/Users/wanglifei/Desktop/北京高考政治/reports/必修二三与必修四文化_题源分类准备_20260617_1301/03_question_index/question_candidates.csv,"{""target"": ""B2_ECONOMICS"", ""target_score"": 8, ""boundary"": ""B4_PHILOSOPHY_EXCLUDED"", ""boundary_score"": 8, ""matches"": {""B2_ECONOMICS"": ""民营企业,高质量发展,社会保障,养老服务,boost:高质量发展,boost:社会保障,boost:养老服务"", ""B4_PHILOSOPHY_EXCLUDED"": ""实践,认识,真理,矛盾,boost:真理,boost:矛盾""}}",manual_review_needed,main_matrix_original
2025_海淀_期末,2025,海淀,期末,7,,question,B2_ECONOMICS,objective,/Users/wanglifei/Desktop/2025模拟题/2025各区期末/2025海淀期中/试卷/试卷.pdf | /Users/wanglifei/Desktop/2025模拟题/2025各区期末/2025海淀期末/试卷/试卷.docx,paper,included,/Users/wanglifei/Desktop/北京高考政治/reports/必修二三与必修四文化_题源分类准备_20260617_1301/03_question_index/question_candidates.csv,"{""target"": ""B2_ECONOMICS"", ""target_score"": 7, ""boundary"": ""B4_PHILOSOPHY_EXCLUDED"", ""boundary_score"": 2, ""matches"": {""B2_ECONOMICS"": ""就业,区域协调,boost:就业"", ""B3_POLITICS_RULE_OF_LAW"": ""政府,党组织,boost:党组织"", ""B4_PHILOSOPHY_EXCLUDED"": ""人民群众,boost:人民群众""}}",future_baodian_intake,main_matrix_original
2025_海淀_期末,2025,海淀,期末,8,,question,XB3_EXCLUDED,objective,/Users/wanglifei/Desktop/2025模拟题/2025各区期末/2025海淀期中/试卷/试卷.pdf | /Users/wanglifei/Desktop/2025模拟题/2025各区期末/2025海淀期末/试卷/试卷.docx,paper,module-boundary-excluded,/Users/wanglifei/Desktop/北京高考政治/reports/必修二三与必修四文化_题源分类准备_20260617_1301/03_question_index/question_candidates.csv,"{""target"": ""B3_POLITICS_RULE_OF_LAW"", ""target_score"": 11, ""boundary"": ""XB3_EXCLUDED"", ""boundary_score"": 7, ""matches"": {""B3_POLITICS_RULE_OF_LAW"": ""宪法,全国人大,全国人大常委会,人大常委会,boost:宪法,boost:全国人大,boost:人大常委会"", ""XB2_EXCLUDED"": ""侵权,侵权责任,boost:侵权,boost:侵权责任"", ""XB3_EXCLUDED"": ""逻辑与思维,推理,充分条件,boost:逻辑与思维,boost:推理,boost:充分条件""}, ""explicit_boundary_modules"": {""XB2_EXCLUDED"": [""侵权""], ""XB3_EXCLUDED"": [""逻辑与思维"", ""推理"", ""假言"", ""充分条件""]}, ""override"": ""explicit_boundary_term""}",exclude_from_three_target_lines,main_matrix_original
2025_海淀_期末,2025,海淀,期末,9,,question,XB2_EXCLUDED,objective,/Users/wanglifei/Desktop/2025模拟题/2025各区期末/2025海淀期中/试卷/试卷.pdf | /Users/wanglifei/Desktop/2025模拟题/2025各区期末/2025海淀期末/试卷/试卷.docx,paper,module-boundary-excluded,/Users/wanglifei/Desktop/北京高考政治/reports/必修二三与必修四文化_题源分类准备_20260617_1301/03_question_index/question_candidates.csv,"{""target"": ""B2_ECONOMICS"", ""target_score"": 0, ""boundary"": ""XB2_EXCLUDED"", ""boundary_score"": 9, ""matches"": {""XB2_EXCLUDED"": ""民法典,物权,所有权,boost:民法典,boost:物权,boost:所有权""}, ""explicit_boundary_modules"": {""XB2_EXCLUDED"": [""民法典"", ""所有权"", ""物权""]}, ""override"": ""explicit_boundary_term""}",exclude_from_three_target_lines,main_matrix_original
2025_石景山_一模,2025,石景山,一模,1,,question,XB2_EXCLUDED,objective,/Users/wanglifei/Desktop/2025模拟题/2025各区一模/2025石景山一模/试卷/试卷.pdf,paper,module-boundary-excluded,/Users/wanglifei/Desktop/北京高考政治/reports/必修二三与必修四文化_题源分类准备_20260617_1301/03_question_index/question_candidates.csv,"{""target"": ""B2_ECONOMICS"", ""target_score"": 2, ""boundary"": ""XB2_EXCLUDED"", ""boundary_score"": 2, ""matches"": {""B2_ECONOMICS"": ""共同富裕,boost:共同富裕"", ""XB2_EXCLUDED"": ""民事,boost:民事"", ""B1_EXCLUDED"": ""改革开放""}, ""explicit_boundary_modules"": {""XB2_EXCLUDED"": [""民事""]}, ""override"": ""explicit_boundary_term""}",exclude_from_three_target_lines,main_matrix_original
2025_石景山_一模,2025,石景山,一模,10,,question,B2_ECONOMICS,objective,/Users/wanglifei/Desktop/2025模拟题/2025各区一模/2025石景山一模/试卷/试卷.pdf,paper,included,/Users/wanglifei/Desktop/北京高考政治/reports/必修二三与必修四文化_题源分类准备_20260617_1301/03_question_index/question_candidates.csv,"{""target"": ""B2_ECONOMICS"", ""target_score"": 4, ""boundary"": ""B4_PHILOSOPHY_EXCLUDED"", ""boundary_score"": 0, ""matches"": {""B2_ECONOMICS"": ""乡村振兴,共同富裕,boost:乡村振兴,boost:共同富裕""}}",future_baodian_intake,main_matrix_original
2025_石景山_一模,2025,石景山,一模,11,,question,XB2_EXCLUDED,objective,/Users/wanglifei/Desktop/2025模拟题/2025各区一模/2025石景山一模/试卷/试卷.pdf,paper,module-boundary-excluded,/Users/wanglifei/Desktop/北京高考政治/reports/必修二三与必修四文化_题源分类准备_20260617_1301/03_question_index/question_candidates.csv,"{""target"": ""B3_POLITICS_RULE_OF_LAW"", ""target_score"": 1, ""boundary"": ""XB2_EXCLUDED"", ""boundary_score"": 14, ""matches"": {""B3_POLITICS_RULE_OF_LAW"": ""法院"", ""XB2_EXCLUDED"": ""合同,劳动合同,诉讼,赔偿,boost:合同,boost:劳动合同,boost:诉讼""}, ""explicit_boundary_modules"": {""XB2_EXCLUDED"": [""合同"", ""诉讼"", ""劳动合同""]}, ""override"": ""explicit_boundary_term""}",exclude_from_three_target_lines,main_matrix_original
2025_石景山_一模,2025,石景山,一模,12,,question,B3_POLITICS_RULE_OF_LAW,objective,/Users/wanglifei/Desktop/2025模拟题/2025各区一模/2025石景山一模/试卷/试卷.pdf,paper,included,/Users/wanglifei/Desktop/北京高考政治/reports/必修二三与必修四文化_题源分类准备_20260617_1301/03_question_index/question_candidates.csv,"{""target"": ""B3_POLITICS_RULE_OF_LAW"", ""target_score"": 2, ""boundary"": ""B4_PHILOSOPHY_EXCLUDED"", ""boundary_score"": 0, ""matches"": {""B3_POLITICS_RULE_OF_LAW"": ""政府,公共服务"", ""B4_CULTURE"": ""文化""}}",future_baodian_intake,main_matrix_original
2025_石景山_一模,2025,石景山,一模,13,,question,B2_ECONOMICS,objective,/Users/wanglifei/Desktop/2025模拟题/2025各区一模/2025石景山一模/试卷/试卷.pdf,paper,included,/Users/wanglifei/Desktop/北京高考政治/reports/必修二三与必修四文化_题源分类准备_20260617_1301/03_question_index/question_candidates.csv,"{""target"": ""B2_ECONOMICS"", ""target_score"": 4, ""boundary"": ""B4_PHILOSOPHY_EXCLUDED"", ""boundary_score"": 0, ""matches"": {""B2_ECONOMICS"": ""宏观调控,供给侧,消费,boost:宏观调控"", ""B3_POLITICS_RULE_OF_LAW"": ""政府""}}",future_baodian_intake,main_matrix_original
2025_石景山_一模,2025,石景山,一模,14,,question,UNKNOWN_OR_MIXED,objective,/Users/wanglifei/Desktop/2025模拟题/2025各区一模/2025石景山一模/试卷/试卷.pdf,paper,blocked,/Users/wanglifei/Desktop/北京高考政治/reports/必修二三与必修四文化_题源分类准备_20260617_1301/03_question_index/question_candidates.csv,"{""target"": ""B2_ECONOMICS"", ""target_score"": 1, ""boundary"": ""B4_PHILOSOPHY_EXCLUDED"", ""boundary_score"": 0, ""matches"": {""B2_ECONOMICS"": ""基础设施""}}",manual_review_needed,main_matrix_original
2025_石景山_一模,2025,石景山,一模,15,,question,B4_CULTURE,objective,/Users/wanglifei/Desktop/2025模拟题/2025各区一模/2025石景山一模/试卷/试卷.pdf,paper,included,/Users/wanglifei/Desktop/北京高考政治/reports/必修二三与必修四文化_题源分类准备_20260617_1301/03_question_index/question_candidates.csv,"{""target"": ""B4_CULTURE"", ""target_score"": 2, ""boundary"": ""B4_PHILOSOPHY_EXCLUDED"", ""boundary_score"": 0, ""matches"": {""B4_CULTURE"": ""文化""}}",future_baodian_intake,main_matrix_original
2025_石景山_一模,2025,石景山,一模,16,,question,B4_CULTURE,subjective,/Users/wanglifei/Desktop/2025模拟题/2025各区一模/2025石景山一模/试卷/试卷.pdf,paper,included,/Users/wanglifei/Desktop/北京高考政治/reports/必修二三与必修四文化_题源分类准备_20260617_1301/03_question_index/question_candidates.csv,"{""target"": ""B4_CULTURE"", ""target_score"": 14, ""boundary"": ""B4_PHILOSOPHY_EXCLUDED"", ""boundary_score"": 4, ""matches"": {""B4_CULTURE"": ""文化,中华优秀传统文化,优秀传统文化,传统文化,文化传承,中华文明,boost:中华优秀传统文化,boost:优秀传统文化,boost:传统文化,boost:文化传承,boost:中华文明"", ""B4_PHILOSOPHY_EXCLUDED"": ""联系的观点,发展的观点,boost:联系的观点,boost:发展的观点""}}",future_baodian_intake,main_matrix_original
2025_石景山_一模,2025,石景山,一模,17,,question,UNKNOWN_OR_MIXED,subjective,/Users/wanglifei/Desktop/2025模拟题/2025各区一模/2025石景山一模/试卷/试卷.pdf,paper,blocked,/Users/wanglifei/Desktop/北京高考政治/reports/必修二三与必修四文化_题源分类准备_20260617_1301/03_question_index/question_candidates.csv,"{""target"": ""B3_POLITICS_RULE_OF_LAW"", ""target_score"": 15, ""boundary"": ""XB1_EXCLUDED"", ""boundary_score"": 15, ""matches"": {""B3_POLITICS_RULE_OF_LAW"": ""政治与法治,全过程人民民主,政府,人大常委会,党组织,基层治理,boost:政治与法治,boost:全过程人民民主,boost:人大常委会,boost:党组织,boost:基层治理"", ""B4_PHILOSOPHY_EXCLUDED"": ""人民群众,boost:人民群众"", ""XB1_EXCLUDED"": ""当代国际政治与经济,国际关系,联合国,全球治理,世界多极化,经济全球化,boost:当代国际政治与经济,boost:国际关系,boost:联合国,boost:全球治理,boost:世界多极化,boost:经济全球化""}, ""explicit_target_modules"": {""B3_POLITICS_RULE_OF_LAW"": [""政治与法治""]}, ""explicit_boundary_modules"": {""XB1_EXCLUDED"": [""当代国际政治与经济"", ""经济全球化"", ""世界多极化"", ""国际关系"", ""联合国"", ""全球治理""]}, ""override"": ""manual_subquestion_split_needed""}",manual_subquestion_split_needed,main_matrix_original
2025_石景山_一模,2025,石景山,一模,18,,question,B2_ECONOMICS,subjective,/Users/wanglifei/Desktop/2025模拟题/2025各区一模/2025石景山一模/试卷/试卷.pdf,paper,included,/Users/wanglifei/Desktop/北京高考政治/reports/必修二三与必修四文化_题源分类准备_20260617_1301/03_question_index/question_candidates.csv,"{""target"": ""B2_ECONOMICS"", ""target_score"": 11, ""boundary"": ""B4_PHILOSOPHY_EXCLUDED"", ""boundary_score"": 0, ""matches"": {""B2_ECONOMICS"": ""经济与社会,有效市场,有为政府,高质量发展,产业链,经济增长,boost:经济与社会,boost:高质量发展,boost:产业链,boost:经济增长"", ""B3_POLITICS_RULE_OF_LAW"": ""政府""}}",future_baodian_intake,main_matrix_original
2025_石景山_一模,2025,石景山,一模,19,,question,XB3_EXCLUDED,subjective,/Users/wanglifei/Desktop/2025模拟题/2025各区一模/2025石景山一模/试卷/试卷.pdf,paper,module-boundary-excluded,/Users/wanglifei/Desktop/北京高考政治/reports/必修二三与必修四文化_题源分类准备_20260617_1301/03_question_index/question_candidates.csv,"{""target"": ""B2_ECONOMICS"", ""target_score"": 0, ""boundary"": ""XB3_EXCLUDED"", ""boundary_score"": 12, ""matches"": {""B4_PHILOSOPHY_EXCLUDED"": ""实践,认识"", ""XB3_EXCLUDED"": ""逻辑与思维,科学思维,创新思维,推理,归纳推理,boost:逻辑与思维,boost:科学思维,boost:创新思维,boost:推理,boost:归纳推理""}, ""explicit_boundary_modules"": {""XB3_EXCLUDED"": [""逻辑与思维"", ""科学思维"", ""创新思维"", ""推理""]}, ""override"": ""explicit_boundary_term""}",exclude_from_three_target_lines,main_matrix_original
2025_石景山_一模,2025,石景山,一模,2,,question,XB1_EXCLUDED,objective,/Users/wanglifei/Desktop/2025模拟题/2025各区一模/2025石景山一模/试卷/试卷.pdf,paper,module-boundary-excluded,/Users/wanglifei/Desktop/北京高考政治/reports/必修二三与必修四文化_题源分类准备_20260617_1301/03_question_index/question_candidates.csv,"{""target"": ""B4_CULTURE"", ""target_score"": 8, ""boundary"": ""B4_PHILOSOPHY_EXCLUDED"", ""boundary_score"": 2, ""matches"": {""B4_CULTURE"": ""文化,文化遗产,boost:文化遗产"", ""B4_PHILOSOPHY_EXCLUDED"": ""实践"", ""XB1_EXCLUDED"": ""联合国,boost:联合国""}, ""explicit_boundary_modules"": {""XB1_EXCLUDED"": [""联合国""]}, ""override"": ""explicit_boundary_term""}",exclude_from_three_target_lines,main_matrix_original
2025_石景山_一模,2025,石景山,一模,20,,question,XB2_EXCLUDED,subjective,/Users/wanglifei/Desktop/2025模拟题/2025各区一模/2025石景山一模/试卷/试卷.pdf,paper,module-boundary-excluded,/Users/wanglifei/Desktop/北京高考政治/reports/必修二三与必修四文化_题源分类准备_20260617_1301/03_question_index/question_candidates.csv,"{""target"": ""B2_ECONOMICS"", ""target_score"": 11, ""boundary"": ""XB2_EXCLUDED"", ""boundary_score"": 19, ""matches"": {""B2_ECONOMICS"": ""高质量发展,数字经济,新质生产力,boost:高质量发展,boost:数字经济,boost:新质生产力"", ""B3_POLITICS_RULE_OF_LAW"": ""法院"", ""XB2_EXCLUDED"": ""民法典,合同,侵权,赔偿,违约,boost:民法典,boost:合同,boost:侵权,boost:违约""}, ""explicit_boundary_modules"": {""XB2_EXCLUDED"": [""民法典"", ""合同"", ""侵权""]}, ""override"": ""explicit_boundary_term""}",exclude_from_three_target_lines,main_matrix_original
2025_石景山_一模,2025,石景山,一模,21,,question,B4_CULTURE,subjective,/Users/wanglifei/Desktop/2025模拟题/2025各区一模/2025石景山一模/试卷/试卷.pdf,paper,included,/Users/wanglifei/Desktop/北京高考政治/reports/必修二三与必修四文化_题源分类准备_20260617_1301/03_question_index/question_candidates.csv,"{""target"": ""B4_CULTURE"", ""target_score"": 7, ""boundary"": ""B1_EXCLUDED"", ""boundary_score"": 3, ""matches"": {""B2_ECONOMICS"": ""新质生产力,boost:新质生产力"", ""B3_POLITICS_RULE_OF_LAW"": ""党的领导,boost:党的领导"", ""B4_CULTURE"": ""文化,中华优秀传统文化,优秀传统文化,传统文化,boost:中华优秀传统文化,boost:优秀传统文化,boost:传统文化"", ""B1_EXCLUDED"": ""中国特色社会主义,改革开放""}}",future_baodian_intake,main_matrix_original
2025_石景山_一模,2025,石景山,一模,3,,question,XB2_EXCLUDED,objective,/Users/wanglifei/Desktop/2025模拟题/2025各区一模/2025石景山一模/试卷/试卷.pdf,paper,module-boundary-excluded,/Users/wanglifei/Desktop/北京高考政治/reports/必修二三与必修四文化_题源分类准备_20260617_1301/03_question_index/question_candidates.csv,"{""target"": ""B3_POLITICS_RULE_OF_LAW"", ""target_score"": 4, ""boundary"": ""XB2_EXCLUDED"", ""boundary_score"": 7, ""matches"": {""B2_ECONOMICS"": ""新质生产力,消费,boost:新质生产力"", ""B3_POLITICS_RULE_OF_LAW"": ""中国共产党,boost:中国共产党"", ""B4_PHILOSOPHY_EXCLUDED"": ""实践,社会存在,boost:社会存在"", ""XB2_EXCLUDED"": ""侵权,民事,侵权责任,赔偿,boost:侵权,boost:民事,boost:侵权责任"", ""B1_EXCLUDED"": ""改革开放""}, ""explicit_boundary_modules"": {""XB2_EXCLUDED"": [""侵权"", ""民事""], ""B4_PHILOSOPHY_EXCLUDED"": [""社会存在""]}, ""override"": ""explicit_boundary_term""}",exclude_from_three_target_lines,main_matrix_original
2025_石景山_一模,2025,石景山,一模,4,,question,UNKNOWN_OR_MIXED,objective,/Users/wanglifei/Desktop/2025模拟题/2025各区一模/2025石景山一模/试卷/试卷.pdf,paper,blocked,/Users/wanglifei/Desktop/北京高考政治/reports/必修二三与必修四文化_题源分类准备_20260617_1301/03_question_index/question_candidates.csv,"{""target"": ""B3_POLITICS_RULE_OF_LAW"", ""target_score"": 1, ""boundary"": ""B4_PHILOSOPHY_EXCLUDED"", ""boundary_score"": 2, ""matches"": {""B3_POLITICS_RULE_OF_LAW"": ""政府"", ""B4_PHILOSOPHY_EXCLUDED"": ""适度原则,boost:适度原则""}}",manual_review_needed,main_matrix_original
2025_石景山_一模,2025,石景山,一模,5,,question,XB3_EXCLUDED,objective,/Users/wanglifei/Desktop/2025模拟题/2025各区一模/2025石景山一模/试卷/试卷.pdf,paper,module-boundary-excluded,/Users/wanglifei/Desktop/北京高考政治/reports/必修二三与必修四文化_题源分类准备_20260617_1301/03_question_index/question_candidates.csv,"{""target"": ""B4_CULTURE"", ""target_score"": 2, ""boundary"": ""XB3_EXCLUDED"", ""boundary_score"": 7, ""matches"": {""B4_CULTURE"": ""文化"", ""B4_PHILOSOPHY_EXCLUDED"": ""社会意识,boost:社会意识"", ""XB3_EXCLUDED"": ""推理,三段论,boost:推理,boost:三段论""}, ""explicit_boundary_modules"": {""XB3_EXCLUDED"": [""三段论"", ""推理""], ""B4_PHILOSOPHY_EXCLUDED"": [""社会意识""]}, ""override"": ""explicit_boundary_term""}",exclude_from_three_target_lines,main_matrix_original
2025_石景山_一模,2025,石景山,一模,6,,question,XB3_EXCLUDED,objective,/Users/wanglifei/Desktop/2025模拟题/2025各区一模/2025石景山一模/试卷/试卷.pdf,paper,module-boundary-excluded,/Users/wanglifei/Desktop/北京高考政治/reports/必修二三与必修四文化_题源分类准备_20260617_1301/03_question_index/question_candidates.csv,"{""target"": ""B2_ECONOMICS"", ""target_score"": 0, ""boundary"": ""XB3_EXCLUDED"", ""boundary_score"": 9, ""matches"": {""B4_PHILOSOPHY_EXCLUDED"": ""矛盾,boost:矛盾"", ""XB3_EXCLUDED"": ""推理,周延,boost:推理,boost:周延""}, ""explicit_boundary_modules"": {""XB3_EXCLUDED"": [""推理""]}, ""override"": ""explicit_boundary_term""}",exclude_from_three_target_lines,main_matrix_original
2025_石景山_一模,2025,石景山,一模,7,,question,XB3_EXCLUDED,objective,/Users/wanglifei/Desktop/2025模拟题/2025各区一模/2025石景山一模/试卷/试卷.pdf,paper,module-boundary-excluded,/Users/wanglifei/Desktop/北京高考政治/reports/必修二三与必修四文化_题源分类准备_20260617_1301/03_question_index/question_candidates.csv,"{""target"": ""B2_ECONOMICS"", ""target_score"": 1, ""boundary"": ""XB3_EXCLUDED"", ""boundary_score"": 10, ""matches"": {""B2_ECONOMICS"": ""消费"", ""XB3_EXCLUDED"": ""超前思维,发散思维,逆向思维,联想思维,想象,boost:超前思维,boost:发散思维,boost:逆向思维,boost:联想思维,boost:想象""}, ""explicit_boundary_modules"": {""XB3_EXCLUDED"": [""超前思维"", ""想象""]}, ""override"": ""explicit_boundary_term""}",exclude_from_three_target_lines,main_matrix_original
2025_石景山_一模,2025,石景山,一模,8,,question,B3_POLITICS_RULE_OF_LAW,objective,/Users/wanglifei/Desktop/2025模拟题/2025各区一模/2025石景山一模/试卷/试卷.pdf,paper,included,/Users/wanglifei/Desktop/北京高考政治/reports/必修二三与必修四文化_题源分类准备_20260617_1301/03_question_index/question_candidates.csv,"{""target"": ""B3_POLITICS_RULE_OF_LAW"", ""target_score"": 3, ""boundary"": ""B4_PHILOSOPHY_EXCLUDED"", ""boundary_score"": 0, ""matches"": {""B3_POLITICS_RULE_OF_LAW"": ""中国共产党,boost:中国共产党"", ""B4_CULTURE"": ""红色基因,boost:红色基因""}}",future_baodian_intake,main_matrix_original
2025_石景山_一模,2025,石景山,一模,9,,question,B3_POLITICS_RULE_OF_LAW,objective,/Users/wanglifei/Desktop/2025模拟题/2025各区一模/2025石景山一模/试卷/试卷.pdf,paper,included,/Users/wanglifei/Desktop/北京高考政治/reports/必修二三与必修四文化_题源分类准备_20260617_1301/03_question_index/question_candidates.csv,"{""target"": ""B3_POLITICS_RULE_OF_LAW"", ""target_score"": 11, ""boundary"": ""B4_PHILOSOPHY_EXCLUDED"", ""boundary_score"": 0, ""matches"": {""B3_POLITICS_RULE_OF_LAW"": ""宪法,国家治理,全国人大,全国人大常委会,人大常委会,boost:宪法,boost:国家治理,boost:全国人大,boost:人大常委会""}}",future_baodian_intake,main_matrix_original
2025_西城_一模,2025,西城,一模,1,,question,UNKNOWN_OR_MIXED,objective,/Users/wanglifei/Desktop/2025模拟题/2025各区一模/2025西城一模/试卷/试卷.pdf,paper,blocked,/Users/wanglifei/Desktop/北京高考政治/reports/必修二三与必修四文化_题源分类准备_20260617_1301/03_question_index/question_candidates.csv,"{""target"": ""B2_ECONOMICS"", ""target_score"": 2, ""boundary"": ""B1_EXCLUDED"", ""boundary_score"": 3, ""matches"": {""B2_ECONOMICS"": ""乡村振兴,boost:乡村振兴"", ""B1_EXCLUDED"": ""改革开放""}}",manual_review_needed,main_matrix_original
2025_西城_一模,2025,西城,一模,10,,question,XB2_EXCLUDED,objective,/Users/wanglifei/Desktop/2025模拟题/2025各区一模/2025西城一模/试卷/试卷.pdf,paper,module-boundary-excluded,/Users/wanglifei/Desktop/北京高考政治/reports/必修二三与必修四文化_题源分类准备_20260617_1301/03_question_index/question_candidates.csv,"{""target"": ""B2_ECONOMICS"", ""target_score"": 0, ""boundary"": ""XB2_EXCLUDED"", ""boundary_score"": 2, ""matches"": {""XB2_EXCLUDED"": ""侵权,boost:侵权""}, ""explicit_boundary_modules"": {""XB2_EXCLUDED"": [""侵权""]}, ""override"": ""explicit_boundary_term""}",exclude_from_three_target_lines,main_matrix_original
2025_西城_一模,2025,西城,一模,11,,question,XB2_EXCLUDED,objective,/Users/wanglifei/Desktop/2025模拟题/2025各区一模/2025西城一模/试卷/试卷.pdf,paper,module-boundary-excluded,/Users/wanglifei/Desktop/北京高考政治/reports/必修二三与必修四文化_题源分类准备_20260617_1301/03_question_index/question_candidates.csv,"{""target"": ""B2_ECONOMICS"", ""target_score"": 0, ""boundary"": ""XB2_EXCLUDED"", ""boundary_score"": 9, ""matches"": {""XB2_EXCLUDED"": ""合同,民事,民事行为能力,赔偿,违约,boost:合同,boost:民事,boost:民事行为能力,boost:违约""}, ""explicit_boundary_modules"": {""XB2_EXCLUDED"": [""合同"", ""民事""]}, ""override"": ""explicit_boundary_term""}",exclude_from_three_target_lines,main_matrix_original
2025_西城_一模,2025,西城,一模,12,,question,B2_ECONOMICS,objective,/Users/wanglifei/Desktop/2025模拟题/2025各区一模/2025西城一模/试卷/试卷.pdf,paper,included,/Users/wanglifei/Desktop/北京高考政治/reports/必修二三与必修四文化_题源分类准备_20260617_1301/03_question_index/question_candidates.csv,"{""target"": ""B2_ECONOMICS"", ""target_score"": 5, ""boundary"": ""B4_PHILOSOPHY_EXCLUDED"", ""boundary_score"": 0, ""matches"": {""B2_ECONOMICS"": ""高质量发展,收入分配,按劳分配,boost:高质量发展,boost:收入分配""}}",future_baodian_intake,main_matrix_original
2025_西城_一模,2025,西城,一模,13,,question,XB2_EXCLUDED,objective,/Users/wanglifei/Desktop/2025模拟题/2025各区一模/2025西城一模/试卷/试卷.pdf,paper,module-boundary-excluded,/Users/wanglifei/Desktop/北京高考政治/reports/必修二三与必修四文化_题源分类准备_20260617_1301/03_question_index/question_candidates.csv,"{""target"": ""B2_ECONOMICS"", ""target_score"": 1, ""boundary"": ""XB2_EXCLUDED"", ""boundary_score"": 5, ""matches"": {""B2_ECONOMICS"": ""产业发展"", ""B3_POLITICS_RULE_OF_LAW"": ""政府"", ""XB2_EXCLUDED"": ""专利,所有权,boost:专利,boost:所有权""}, ""explicit_boundary_modules"": {""XB2_EXCLUDED"": [""专利"", ""所有权""]}, ""override"": ""explicit_boundary_term""}",exclude_from_three_target_lines,main_matrix_original
2025_西城_一模,2025,西城,一模,14,,question,XB1_EXCLUDED,objective,/Users/wanglifei/Desktop/2025模拟题/2025各区一模/2025西城一模/试卷/试卷.pdf,paper,module-boundary-excluded,/Users/wanglifei/Desktop/北京高考政治/reports/必修二三与必修四文化_题源分类准备_20260617_1301/03_question_index/question_candidates.csv,"{""target"": ""B3_POLITICS_RULE_OF_LAW"", ""target_score"": 1, ""boundary"": ""XB1_EXCLUDED"", ""boundary_score"": 2, ""matches"": {""B3_POLITICS_RULE_OF_LAW"": ""法院"", ""XB1_EXCLUDED"": ""联合国,boost:联合国""}, ""explicit_boundary_modules"": {""XB1_EXCLUDED"": [""联合国""]}, ""override"": ""explicit_boundary_term""}",exclude_from_three_target_lines,main_matrix_original
2025_西城_一模,2025,西城,一模,15,,question,XB1_EXCLUDED,objective,/Users/wanglifei/Desktop/2025模拟题/2025各区一模/2025西城一模/试卷/试卷.pdf,paper,module-boundary-excluded,/Users/wanglifei/Desktop/北京高考政治/reports/必修二三与必修四文化_题源分类准备_20260617_1301/03_question_index/question_candidates.csv,"{""target"": ""B2_ECONOMICS"", ""target_score"": 0, ""boundary"": ""XB1_EXCLUDED"", ""boundary_score"": 7, ""matches"": {""XB1_EXCLUDED"": ""全球治理,外交,金砖,boost:全球治理,boost:外交,boost:金砖""}, ""explicit_boundary_modules"": {""XB1_EXCLUDED"": [""全球治理""]}, ""override"": ""explicit_boundary_term""}",exclude_from_three_target_lines,main_matrix_original
2025_西城_一模,2025,西城,一模,16,,question,B4_CULTURE,subjective,/Users/wanglifei/Desktop/2025模拟题/2025各区一模/2025西城一模/试卷/试卷.pdf,paper,included,/Users/wanglifei/Desktop/北京高考政治/reports/必修二三与必修四文化_题源分类准备_20260617_1301/03_question_index/question_candidates.csv,"{""target"": ""B4_CULTURE"", ""target_score"": 18, ""boundary"": ""XB2_EXCLUDED"", ""boundary_score"": 2, ""matches"": {""B4_CULTURE"": ""文化,中华优秀传统文化,优秀传统文化,传统文化,文旅,boost:中华优秀传统文化,boost:优秀传统文化,boost:传统文化,boost:文旅"", ""B4_PHILOSOPHY_EXCLUDED"": ""实践"", ""XB2_EXCLUDED"": ""继承,boost:继承""}}",future_baodian_intake,main_matrix_original
2025_西城_一模,2025,西城,一模,17,,question,XB3_EXCLUDED,subjective,/Users/wanglifei/Desktop/2025模拟题/2025各区一模/2025西城一模/试卷/试卷.pdf,paper,module-boundary-excluded,/Users/wanglifei/Desktop/北京高考政治/reports/必修二三与必修四文化_题源分类准备_20260617_1301/03_question_index/question_candidates.csv,"{""target"": ""B2_ECONOMICS"", ""target_score"": 0, ""boundary"": ""XB3_EXCLUDED"", ""boundary_score"": 4, ""matches"": {""B4_PHILOSOPHY_EXCLUDED"": ""认识"", ""XB3_EXCLUDED"": ""科学思维,辩证思维,boost:科学思维,boost:辩证思维""}, ""explicit_boundary_modules"": {""XB3_EXCLUDED"": [""科学思维"", ""辩证思维""]}, ""override"": ""explicit_boundary_term""}",exclude_from_three_target_lines,main_matrix_original
2025_西城_一模,2025,西城,一模,18,,question,B2_ECONOMICS,subjective,/Users/wanglifei/Desktop/2025模拟题/2025各区一模/2025西城一模/试卷/试卷.pdf,paper,included,/Users/wanglifei/Desktop/北京高考政治/reports/必修二三与必修四文化_题源分类准备_20260617_1301/03_question_index/question_candidates.csv,"{""target"": ""B2_ECONOMICS"", ""target_score"": 8, ""boundary"": ""B4_PHILOSOPHY_EXCLUDED"", ""boundary_score"": 0, ""matches"": {""B2_ECONOMICS"": ""经济与社会,产业链,产业发展,基础设施,经济增长,boost:经济与社会,boost:产业链,boost:经济增长""}}",future_baodian_intake,main_matrix_original
2025_西城_一模,2025,西城,一模,19,,question,B3_POLITICS_RULE_OF_LAW,subjective,/Users/wanglifei/Desktop/2025模拟题/2025各区一模/2025西城一模/试卷/试卷.pdf,paper,included,/Users/wanglifei/Desktop/北京高考政治/reports/必修二三与必修四文化_题源分类准备_20260617_1301/03_question_index/question_candidates.csv,"{""target"": ""B3_POLITICS_RULE_OF_LAW"", ""target_score"": 16, ""boundary"": ""B4_PHILOSOPHY_EXCLUDED"", ""boundary_score"": 0, ""matches"": {""B2_ECONOMICS"": ""高质量发展,boost:高质量发展"", ""B3_POLITICS_RULE_OF_LAW"": ""人大代表,全过程人民民主,全国人大,全国人大常委会,人大常委会,boost:人大代表,boost:全过程人民民主,boost:全国人大,boost:人大常委会""}}",future_baodian_intake,main_matrix_original
2025_西城_一模,2025,西城,一模,2,,question,B4_CULTURE,objective,/Users/wanglifei/Desktop/2025模拟题/2025各区一模/2025西城一模/试卷/试卷.pdf,paper,included,/Users/wanglifei/Desktop/北京高考政治/reports/必修二三与必修四文化_题源分类准备_20260617_1301/03_question_index/question_candidates.csv,"{""target"": ""B4_CULTURE"", ""target_score"": 8, ""boundary"": ""B4_PHILOSOPHY_EXCLUDED"", ""boundary_score"": 1, ""matches"": {""B2_ECONOMICS"": ""高质量发展,boost:高质量发展"", ""B4_CULTURE"": ""文化,中华优秀传统文化,优秀传统文化,传统文化,boost:中华优秀传统文化,boost:优秀传统文化,boost:传统文化"", ""B4_PHILOSOPHY_EXCLUDED"": ""实践""}}",future_baodian_intake,main_matrix_original
2025_西城_一模,2025,西城,一模,20,,question,XB2_EXCLUDED,subjective,/Users/wanglifei/Desktop/2025模拟题/2025各区一模/2025西城一模/试卷/试卷.pdf,paper,module-boundary-excluded,/Users/wanglifei/Desktop/北京高考政治/reports/必修二三与必修四文化_题源分类准备_20260617_1301/03_question_index/question_candidates.csv,"{""target"": ""B2_ECONOMICS"", ""target_score"": 8, ""boundary"": ""XB2_EXCLUDED"", ""boundary_score"": 2, ""matches"": {""B2_ECONOMICS"": ""社会保障,劳动者,人力资源,boost:社会保障"", ""XB2_EXCLUDED"": ""合同,boost:合同""}, ""explicit_boundary_modules"": {""XB2_EXCLUDED"": [""合同""]}, ""override"": ""explicit_boundary_term""}",exclude_from_three_target_lines,main_matrix_original
2025_西城_一模,2025,西城,一模,21,,question,XB1_EXCLUDED,subjective,/Users/wanglifei/Desktop/2025模拟题/2025各区一模/2025西城一模/试卷/试卷.pdf,paper,module-boundary-excluded,/Users/wanglifei/Desktop/北京高考政治/reports/必修二三与必修四文化_题源分类准备_20260617_1301/03_question_index/question_candidates.csv,"{""target"": ""B4_CULTURE"", ""target_score"": 5, ""boundary"": ""XB1_EXCLUDED"", ""boundary_score"": 4, ""matches"": {""B2_ECONOMICS"": ""新发展理念,boost:新发展理念"", ""B3_POLITICS_RULE_OF_LAW"": ""党的领导,政府,boost:党的领导"", ""B4_CULTURE"": ""文化,民族精神,文化基因,boost:民族精神,boost:文化基因"", ""B4_PHILOSOPHY_EXCLUDED"": ""实践"", ""XB1_EXCLUDED"": ""联合国,经济全球化,boost:联合国,boost:经济全球化""}, ""explicit_boundary_modules"": {""XB1_EXCLUDED"": [""经济全球化"", ""联合国""]}, ""override"": ""explicit_boundary_term""}",exclude_from_three_target_lines,main_matrix_original
2025_西城_一模,2025,西城,一模,3,,question,B4_PHILOSOPHY_EXCLUDED,objective,/Users/wanglifei/Desktop/2025模拟题/2025各区一模/2025西城一模/试卷/试卷.pdf,paper,module-boundary-excluded,/Users/wanglifei/Desktop/北京高考政治/reports/必修二三与必修四文化_题源分类准备_20260617_1301/03_question_index/question_candidates.csv,"{""target"": ""B2_ECONOMICS"", ""target_score"": 0, ""boundary"": ""B4_PHILOSOPHY_EXCLUDED"", ""boundary_score"": 7, ""matches"": {""B4_PHILOSOPHY_EXCLUDED"": ""认识,真理,boost:真理""}}",exclude_from_three_target_lines,main_matrix_original
2025_西城_一模,2025,西城,一模,4,,question,UNKNOWN_OR_MIXED,objective,/Users/wanglifei/Desktop/2025模拟题/2025各区一模/2025西城一模/试卷/试卷.pdf,paper,blocked,/Users/wanglifei/Desktop/北京高考政治/reports/必修二三与必修四文化_题源分类准备_20260617_1301/03_question_index/question_candidates.csv,"{""target"": ""B3_POLITICS_RULE_OF_LAW"", ""target_score"": 1, ""boundary"": ""B4_PHILOSOPHY_EXCLUDED"", ""boundary_score"": 2, ""matches"": {""B3_POLITICS_RULE_OF_LAW"": ""政府"", ""B4_PHILOSOPHY_EXCLUDED"": ""矛盾,boost:矛盾""}}",manual_review_needed,main_matrix_original
2025_西城_一模,2025,西城,一模,5,,question,B4_PHILOSOPHY_EXCLUDED,objective,/Users/wanglifei/Desktop/2025模拟题/2025各区一模/2025西城一模/试卷/试卷.pdf,paper,module-boundary-excluded,/Users/wanglifei/Desktop/北京高考政治/reports/必修二三与必修四文化_题源分类准备_20260617_1301/03_question_index/question_candidates.csv,"{""target"": ""B2_ECONOMICS"", ""target_score"": 0, ""boundary"": ""B4_PHILOSOPHY_EXCLUDED"", ""boundary_score"": 2, ""matches"": {""B4_PHILOSOPHY_EXCLUDED"": ""矛盾,boost:矛盾""}}",exclude_from_three_target_lines,main_matrix_original
2025_西城_一模,2025,西城,一模,6,,question,B4_CULTURE,objective,/Users/wanglifei/Desktop/2025模拟题/2025各区一模/2025西城一模/试卷/试卷.pdf,paper,included,/Users/wanglifei/Desktop/北京高考政治/reports/必修二三与必修四文化_题源分类准备_20260617_1301/03_question_index/question_candidates.csv,"{""target"": ""B4_CULTURE"", ""target_score"": 11, ""boundary"": ""B4_PHILOSOPHY_EXCLUDED"", ""boundary_score"": 0, ""matches"": {""B4_CULTURE"": ""文化,传统文化,博物馆,文物,boost:传统文化,boost:博物馆,boost:文物""}}",future_baodian_intake,main_matrix_original
2025_西城_一模,2025,西城,一模,7,,question,XB3_EXCLUDED,objective,/Users/wanglifei/Desktop/2025模拟题/2025各区一模/2025西城一模/试卷/试卷.pdf,paper,module-boundary-excluded,/Users/wanglifei/Desktop/北京高考政治/reports/必修二三与必修四文化_题源分类准备_20260617_1301/03_question_index/question_candidates.csv,"{""target"": ""B2_ECONOMICS"", ""target_score"": 0, ""boundary"": ""XB3_EXCLUDED"", ""boundary_score"": 2, ""matches"": {""XB3_EXCLUDED"": ""辩证思维,boost:辩证思维""}, ""explicit_boundary_modules"": {""XB3_EXCLUDED"": [""辩证思维""]}, ""override"": ""explicit_boundary_term""}",exclude_from_three_target_lines,main_matrix_original
2025_西城_一模,2025,西城,一模,8,,question,B2_ECONOMICS,objective,/Users/wanglifei/Desktop/2025模拟题/2025各区一模/2025西城一模/试卷/试卷.pdf,paper,included,/Users/wanglifei/Desktop/北京高考政治/reports/必修二三与必修四文化_题源分类准备_20260617_1301/03_question_index/question_candidates.csv,"{""target"": ""B2_ECONOMICS"", ""target_score"": 2, ""boundary"": ""B4_PHILOSOPHY_EXCLUDED"", ""boundary_score"": 0, ""matches"": {""B2_ECONOMICS"": ""宏观调控,boost:宏观调控""}}",future_baodian_intake,main_matrix_original
2025_西城_一模,2025,西城,一模,9,,question,XB2_EXCLUDED,objective,/Users/wanglifei/Desktop/2025模拟题/2025各区一模/2025西城一模/试卷/试卷.pdf,paper,module-boundary-excluded,/Users/wanglifei/Desktop/北京高考政治/reports/必修二三与必修四文化_题源分类准备_20260617_1301/03_question_index/question_candidates.csv,"{""target"": ""B3_POLITICS_RULE_OF_LAW"", ""target_score"": 6, ""boundary"": ""XB2_EXCLUDED"", ""boundary_score"": 2, ""matches"": {""B3_POLITICS_RULE_OF_LAW"": ""政府,法院,行政处罚"", ""XB2_EXCLUDED"": ""民事,boost:民事""}, ""explicit_boundary_modules"": {""XB2_EXCLUDED"": [""民事""]}, ""override"": ""explicit_boundary_term""}",exclude_from_three_target_lines,main_matrix_original
2025_西城_二模,2025,西城,二模,1,,question,B4_CULTURE,objective,/Users/wanglifei/Desktop/2025模拟题/2025各区二模/2025西城二模/试卷/试卷.pdf,paper,included,/Users/wanglifei/Desktop/北京高考政治/reports/必修二三与必修四文化_题源分类准备_20260617_1301/03_question_index/question_candidates.csv,"{""target"": ""B4_CULTURE"", ""target_score"": 4, ""boundary"": ""B4_PHILOSOPHY_EXCLUDED"", ""boundary_score"": 0, ""matches"": {""B4_CULTURE"": ""文化,民族精神,boost:民族精神""}}",future_baodian_intake,main_matrix_original
2025_西城_二模,2025,西城,二模,10,,question,XB2_EXCLUDED,objective,/Users/wanglifei/Desktop/2025模拟题/2025各区二模/2025西城二模/试卷/试卷.pdf,paper,module-boundary-excluded,/Users/wanglifei/Desktop/北京高考政治/reports/必修二三与必修四文化_题源分类准备_20260617_1301/03_question_index/question_candidates.csv,"{""target"": ""B2_ECONOMICS"", ""target_score"": 2, ""boundary"": ""XB2_EXCLUDED"", ""boundary_score"": 4, ""matches"": {""B2_ECONOMICS"": ""消费"", ""XB2_EXCLUDED"": ""合同,boost:合同""}, ""explicit_boundary_modules"": {""XB2_EXCLUDED"": [""合同""]}, ""override"": ""explicit_boundary_term""}",exclude_from_three_target_lines,main_matrix_original
2025_西城_二模,2025,西城,二模,11,,question,UNKNOWN_OR_MIXED,objective,/Users/wanglifei/Desktop/2025模拟题/2025各区二模/2025西城二模/试卷/试卷.pdf,paper,blocked,/Users/wanglifei/Desktop/北京高考政治/reports/必修二三与必修四文化_题源分类准备_20260617_1301/03_question_index/question_candidates.csv,"{""target"": ""B2_ECONOMICS"", ""target_score"": 0, ""boundary"": ""B4_PHILOSOPHY_EXCLUDED"", ""boundary_score"": 0, ""matches"": {}}",manual_review_needed,main_matrix_original
2025_西城_二模,2025,西城,二模,12,,question,B2_ECONOMICS,objective,/Users/wanglifei/Desktop/2025模拟题/2025各区二模/2025西城二模/试卷/试卷.pdf,paper,included,/Users/wanglifei/Desktop/北京高考政治/reports/必修二三与必修四文化_题源分类准备_20260617_1301/03_question_index/question_candidates.csv,"{""target"": ""B2_ECONOMICS"", ""target_score"": 6, ""boundary"": ""B4_PHILOSOPHY_EXCLUDED"", ""boundary_score"": 0, ""matches"": {""B2_ECONOMICS"": ""实体经济,消费,扩大内需,boost:实体经济,boost:扩大内需"", ""B4_CULTURE"": ""文旅,boost:文旅""}}",future_baodian_intake,main_matrix_original
2025_西城_二模,2025,西城,二模,13,,question,B2_ECONOMICS,objective,/Users/wanglifei/Desktop/2025模拟题/2025各区二模/2025西城二模/试卷/试卷.pdf,paper,included,/Users/wanglifei/Desktop/北京高考政治/reports/必修二三与必修四文化_题源分类准备_20260617_1301/03_question_index/question_candidates.csv,"{""target"": ""B2_ECONOMICS"", ""target_score"": 6, ""boundary"": ""B4_PHILOSOPHY_EXCLUDED"", ""boundary_score"": 0, ""matches"": {""B2_ECONOMICS"": ""社会保障,就业,boost:社会保障,boost:就业""}}",future_baodian_intake,main_matrix_original
2025_西城_二模,2025,西城,二模,14,,question,UNKNOWN_OR_MIXED,objective,/Users/wanglifei/Desktop/2025模拟题/2025各区二模/2025西城二模/试卷/试卷.pdf,paper,blocked,/Users/wanglifei/Desktop/北京高考政治/reports/必修二三与必修四文化_题源分类准备_20260617_1301/03_question_index/question_candidates.csv,"{""target"": ""B2_ECONOMICS"", ""target_score"": 0, ""boundary"": ""B4_PHILOSOPHY_EXCLUDED"", ""boundary_score"": 0, ""matches"": {}}",manual_review_needed,main_matrix_original
2025_西城_二模,2025,西城,二模,15,,question,B2_ECONOMICS,objective,/Users/wanglifei/Desktop/2025模拟题/2025各区二模/2025西城二模/试卷/试卷.pdf,paper,included,/Users/wanglifei/Desktop/北京高考政治/reports/必修二三与必修四文化_题源分类准备_20260617_1301/03_question_index/question_candidates.csv,"{""target"": ""B2_ECONOMICS"", ""target_score"": 4, ""boundary"": ""B4_PHILOSOPHY_EXCLUDED"", ""boundary_score"": 2, ""matches"": {""B2_ECONOMICS"": ""产业链,供应链,boost:产业链,boost:供应链"", ""B4_PHILOSOPHY_EXCLUDED"": ""矛盾,boost:矛盾"", ""XB1_EXCLUDED"": ""外交,boost:外交""}}",future_baodian_intake,main_matrix_original
2025_西城_二模,2025,西城,二模,16,,question,XB3_EXCLUDED,subjective,/Users/wanglifei/Desktop/2025模拟题/2025各区二模/2025西城二模/试卷/试卷.pdf,paper,module-boundary-excluded,/Users/wanglifei/Desktop/北京高考政治/reports/必修二三与必修四文化_题源分类准备_20260617_1301/03_question_index/question_candidates.csv,"{""target"": ""B2_ECONOMICS"", ""target_score"": 0, ""boundary"": ""XB3_EXCLUDED"", ""boundary_score"": 8, ""matches"": {""B4_PHILOSOPHY_EXCLUDED"": ""矛盾,主观能动性,boost:矛盾"", ""XB3_EXCLUDED"": ""创新思维,推理,假言判断,充分条件,boost:创新思维,boost:推理,boost:假言判断,boost:充分条件""}, ""explicit_boundary_modules"": {""XB3_EXCLUDED"": [""创新思维"", ""推理"", ""假言"", ""充分条件""]}, ""override"": ""explicit_boundary_term""}",exclude_from_three_target_lines,main_matrix_original
2025_西城_二模,2025,西城,二模,17,,question,B3_POLITICS_RULE_OF_LAW,subjective,/Users/wanglifei/Desktop/2025模拟题/2025各区二模/2025西城二模/试卷/试卷.pdf,paper,included,/Users/wanglifei/Desktop/北京高考政治/reports/必修二三与必修四文化_题源分类准备_20260617_1301/03_question_index/question_candidates.csv,"{""target"": ""B3_POLITICS_RULE_OF_LAW"", ""target_score"": 12, ""boundary"": ""B4_PHILOSOPHY_EXCLUDED"", ""boundary_score"": 0, ""matches"": {""B2_ECONOMICS"": ""经济与社会,有效市场,有为政府,数字经济,boost:经济与社会,boost:数字经济"", ""B3_POLITICS_RULE_OF_LAW"": ""政治与法治,党的领导,政府,公共服务,boost:政治与法治,boost:党的领导""}}",future_baodian_intake,main_matrix_original
2025_西城_二模,2025,西城,二模,18,,question,XB2_EXCLUDED,subjective,/Users/wanglifei/Desktop/2025模拟题/2025各区二模/2025西城二模/试卷/试卷.pdf,paper,module-boundary-excluded,/Users/wanglifei/Desktop/北京高考政治/reports/必修二三与必修四文化_题源分类准备_20260617_1301/03_question_index/question_candidates.csv,"{""target"": ""B3_POLITICS_RULE_OF_LAW"", ""target_score"": 5, ""boundary"": ""XB2_EXCLUDED"", ""boundary_score"": 13, ""matches"": {""B2_ECONOMICS"": ""消费"", ""B3_POLITICS_RULE_OF_LAW"": ""法院"", ""XB2_EXCLUDED"": ""法律与生活,民法典,民事,民事行为能力,监护人,上诉,boost:法律与生活,boost:民法典,boost:民事,boost:民事行为能力,boost:监护人,boost:上诉""}, ""explicit_boundary_modules"": {""XB2_EXCLUDED"": [""法律与生活"", ""民法典"", ""民事""]}, ""override"": ""explicit_boundary_term""}",exclude_from_three_target_lines,main_matrix_original
2025_西城_二模,2025,西城,二模,19,,question,XB2_EXCLUDED,subjective,/Users/wanglifei/Desktop/2025模拟题/2025各区二模/2025西城二模/试卷/试卷.pdf,paper,module-boundary-excluded,/Users/wanglifei/Desktop/北京高考政治/reports/必修二三与必修四文化_题源分类准备_20260617_1301/03_question_index/question_candidates.csv,"{""target"": ""B2_ECONOMICS"", ""target_score"": 5, ""boundary"": ""XB2_EXCLUDED"", ""boundary_score"": 5, ""matches"": {""B2_ECONOMICS"": ""市场经济,劳动者,基础设施,boost:市场经济"", ""XB1_EXCLUDED"": ""当代国际政治与经济,boost:当代国际政治与经济"", ""XB2_EXCLUDED"": ""民法典,民事,赔偿,boost:民法典,boost:民事""}, ""explicit_boundary_modules"": {""XB1_EXCLUDED"": [""当代国际政治与经济""], ""XB2_EXCLUDED"": [""民法典"", ""民事""]}, ""override"": ""explicit_boundary_term""}",exclude_from_three_target_lines,main_matrix_original
2025_西城_二模,2025,西城,二模,2,,question,UNKNOWN_OR_MIXED,objective,/Users/wanglifei/Desktop/2025模拟题/2025各区二模/2025西城二模/试卷/试卷.pdf,paper,blocked,/Users/wanglifei/Desktop/北京高考政治/reports/必修二三与必修四文化_题源分类准备_20260617_1301/03_question_index/question_candidates.csv,"{""target"": ""B2_ECONOMICS"", ""target_score"": 0, ""boundary"": ""B4_PHILOSOPHY_EXCLUDED"", ""boundary_score"": 1, ""matches"": {""B4_PHILOSOPHY_EXCLUDED"": ""认识""}}",manual_review_needed,main_matrix_original
2025_西城_二模,2025,西城,二模,20,,question,B4_CULTURE,subjective,/Users/wanglifei/Desktop/2025模拟题/2025各区二模/2025西城二模/试卷/试卷.pdf,paper,included,/Users/wanglifei/Desktop/北京高考政治/reports/必修二三与必修四文化_题源分类准备_20260617_1301/03_question_index/question_candidates.csv,"{""target"": ""B4_CULTURE"", ""target_score"": 35, ""boundary"": ""B4_PHILOSOPHY_EXCLUDED"", ""boundary_score"": 0, ""matches"": {""B3_POLITICS_RULE_OF_LAW"": ""中国共产党,boost:中国共产党"", ""B4_CULTURE"": ""文化,文化创新,文化强国,文化遗产,非遗,文艺,boost:文化创新,boost:文化强国,boost:文化遗产,boost:非遗""}}",future_baodian_intake,main_matrix_original
2025_西城_二模,2025,西城,二模,3,,question,UNKNOWN_OR_MIXED,objective,/Users/wanglifei/Desktop/2025模拟题/2025各区二模/2025西城二模/试卷/试卷.pdf,paper,blocked,/Users/wanglifei/Desktop/北京高考政治/reports/必修二三与必修四文化_题源分类准备_20260617_1301/03_question_index/question_candidates.csv,"{""target"": ""B2_ECONOMICS"", ""target_score"": 2, ""boundary"": ""B4_PHILOSOPHY_EXCLUDED"", ""boundary_score"": 2, ""matches"": {""B2_ECONOMICS"": ""高质量发展,boost:高质量发展"", ""B4_PHILOSOPHY_EXCLUDED"": ""实践,认识""}}",manual_review_needed,main_matrix_original
2025_西城_二模,2025,西城,二模,4,,question,B4_PHILOSOPHY_EXCLUDED,objective,/Users/wanglifei/Desktop/2025模拟题/2025各区二模/2025西城二模/试卷/试卷.pdf,paper,module-boundary-excluded,/Users/wanglifei/Desktop/北京高考政治/reports/必修二三与必修四文化_题源分类准备_20260617_1301/03_question_index/question_candidates.csv,"{""target"": ""B2_ECONOMICS"", ""target_score"": 0, ""boundary"": ""B4_PHILOSOPHY_EXCLUDED"", ""boundary_score"": 7, ""matches"": {""B4_PHILOSOPHY_EXCLUDED"": ""实践,认识,真理,boost:真理""}}",exclude_from_three_target_lines,main_matrix_original
2025_西城_二模,2025,西城,二模,5,,question,UNKNOWN_OR_MIXED,objective,/Users/wanglifei/Desktop/2025模拟题/2025各区二模/2025西城二模/试卷/试卷.pdf,paper,blocked,/Users/wanglifei/Desktop/北京高考政治/reports/必修二三与必修四文化_题源分类准备_20260617_1301/03_question_index/question_candidates.csv,"{""target"": ""B2_ECONOMICS"", ""target_score"": 0, ""boundary"": ""B4_PHILOSOPHY_EXCLUDED"", ""boundary_score"": 0, ""matches"": {}}",manual_review_needed,main_matrix_original
2025_西城_二模,2025,西城,二模,6,,question,UNKNOWN_OR_MIXED,objective,/Users/wanglifei/Desktop/2025模拟题/2025各区二模/2025西城二模/试卷/试卷.pdf,paper,blocked,/Users/wanglifei/Desktop/北京高考政治/reports/必修二三与必修四文化_题源分类准备_20260617_1301/03_question_index/question_candidates.csv,"{""target"": ""B2_ECONOMICS"", ""target_score"": 0, ""boundary"": ""B4_PHILOSOPHY_EXCLUDED"", ""boundary_score"": 0, ""matches"": {}}",manual_review_needed,main_matrix_original
2025_西城_二模,2025,西城,二模,7,,question,XB3_EXCLUDED,objective,/Users/wanglifei/Desktop/2025模拟题/2025各区二模/2025西城二模/试卷/试卷.pdf,paper,module-boundary-excluded,/Users/wanglifei/Desktop/北京高考政治/reports/必修二三与必修四文化_题源分类准备_20260617_1301/03_question_index/question_candidates.csv,"{""target"": ""B2_ECONOMICS"", ""target_score"": 0, ""boundary"": ""XB3_EXCLUDED"", ""boundary_score"": 4, ""matches"": {""XB3_EXCLUDED"": ""推理,boost:推理""}, ""explicit_boundary_modules"": {""XB3_EXCLUDED"": [""推理""]}, ""override"": ""explicit_boundary_term""}",exclude_from_three_target_lines,main_matrix_original
2025_西城_二模,2025,西城,二模,8,,question,B3_POLITICS_RULE_OF_LAW,objective,/Users/wanglifei/Desktop/2025模拟题/2025各区二模/2025西城二模/试卷/试卷.pdf,paper,included,/Users/wanglifei/Desktop/北京高考政治/reports/必修二三与必修四文化_题源分类准备_20260617_1301/03_question_index/question_candidates.csv,"{""target"": ""B3_POLITICS_RULE_OF_LAW"", ""target_score"": 9, ""boundary"": ""B4_PHILOSOPHY_EXCLUDED"", ""boundary_score"": 2, ""matches"": {""B3_POLITICS_RULE_OF_LAW"": ""人民代表大会,人大代表,国家治理,boost:人民代表大会,boost:人大代表,boost:国家治理"", ""B4_PHILOSOPHY_EXCLUDED"": ""人民群众,boost:人民群众""}}",future_baodian_intake,main_matrix_original
2025_西城_二模,2025,西城,二模,9,,question,B4_CULTURE,objective,/Users/wanglifei/Desktop/2025模拟题/2025各区二模/2025西城二模/试卷/试卷.pdf,paper,included,/Users/wanglifei/Desktop/北京高考政治/reports/必修二三与必修四文化_题源分类准备_20260617_1301/03_question_index/question_candidates.csv,"{""target"": ""B4_CULTURE"", ""target_score"": 14, ""boundary"": ""B4_PHILOSOPHY_EXCLUDED"", ""boundary_score"": 0, ""matches"": {""B3_POLITICS_RULE_OF_LAW"": ""中国共产党,民族区域自治,boost:中国共产党,boost:民族区域自治"", ""B4_CULTURE"": ""文化,文化传承,博物馆,文物,古籍,boost:文化传承,boost:博物馆,boost:文物,boost:古籍""}}",future_baodian_intake,main_matrix_original
2025_西城_期末,2025,西城,期末,1,,question,B4_PHILOSOPHY_EXCLUDED,objective,/Users/wanglifei/Desktop/2025模拟题/2025各区期末/2025西城期末/试卷/试卷.pdf,paper,module-boundary-excluded,/Users/wanglifei/Desktop/北京高考政治/reports/必修二三与必修四文化_题源分类准备_20260617_1301/03_question_index/question_candidates.csv,"{""target"": ""B3_POLITICS_RULE_OF_LAW"", ""target_score"": 1, ""boundary"": ""B4_PHILOSOPHY_EXCLUDED"", ""boundary_score"": 5, ""matches"": {""B3_POLITICS_RULE_OF_LAW"": ""社会治理"", ""B4_PHILOSOPHY_EXCLUDED"": ""实践,人民群众,boost:人民群众""}}",exclude_from_three_target_lines,main_matrix_original
2025_西城_期末,2025,西城,期末,10,,question,UNKNOWN_OR_MIXED,objective,/Users/wanglifei/Desktop/2025模拟题/2025各区期末/2025西城期末/试卷/试卷.pdf,paper,blocked,/Users/wanglifei/Desktop/北京高考政治/reports/必修二三与必修四文化_题源分类准备_20260617_1301/03_question_index/question_candidates.csv,"{""target"": ""B2_ECONOMICS"", ""target_score"": 0, ""boundary"": ""B4_PHILOSOPHY_EXCLUDED"", ""boundary_score"": 0, ""matches"": {}}",manual_review_needed,main_matrix_original
2025_西城_期末,2025,西城,期末,11,,question,B3_POLITICS_RULE_OF_LAW,objective,/Users/wanglifei/Desktop/2025模拟题/2025各区期末/2025西城期末/试卷/试卷.pdf,paper,included,/Users/wanglifei/Desktop/北京高考政治/reports/必修二三与必修四文化_题源分类准备_20260617_1301/03_question_index/question_candidates.csv,"{""target"": ""B3_POLITICS_RULE_OF_LAW"", ""target_score"": 7, ""boundary"": ""B4_PHILOSOPHY_EXCLUDED"", ""boundary_score"": 0, ""matches"": {""B3_POLITICS_RULE_OF_LAW"": ""政协,模拟政协,boost:政协,boost:模拟政协""}}",future_baodian_intake,main_matrix_original
2025_西城_期末,2025,西城,期末,12,,question,XB2_EXCLUDED,objective,/Users/wanglifei/Desktop/2025模拟题/2025各区期末/2025西城期末/试卷/试卷.pdf,paper,module-boundary-excluded,/Users/wanglifei/Desktop/北京高考政治/reports/必修二三与必修四文化_题源分类准备_20260617_1301/03_question_index/question_candidates.csv,"{""target"": ""B2_ECONOMICS"", ""target_score"": 4, ""boundary"": ""XB2_EXCLUDED"", ""boundary_score"": 4, ""matches"": {""B2_ECONOMICS"": ""消费"", ""XB2_EXCLUDED"": ""合同,民事,boost:合同,boost:民事""}, ""explicit_boundary_modules"": {""XB2_EXCLUDED"": [""合同"", ""民事""]}, ""override"": ""explicit_boundary_term""}",exclude_from_three_target_lines,main_matrix_original
2025_西城_期末,2025,西城,期末,13,,question,XB2_EXCLUDED,objective,/Users/wanglifei/Desktop/2025模拟题/2025各区期末/2025西城期末/试卷/试卷.pdf,paper,module-boundary-excluded,/Users/wanglifei/Desktop/北京高考政治/reports/必修二三与必修四文化_题源分类准备_20260617_1301/03_question_index/question_candidates.csv,"{""target"": ""B3_POLITICS_RULE_OF_LAW"", ""target_score"": 1, ""boundary"": ""XB2_EXCLUDED"", ""boundary_score"": 10, ""matches"": {""B3_POLITICS_RULE_OF_LAW"": ""法院"", ""XB2_EXCLUDED"": ""侵权,民事,侵权责任,boost:侵权,boost:民事,boost:侵权责任""}, ""explicit_boundary_modules"": {""XB2_EXCLUDED"": [""侵权"", ""民事""]}, ""override"": ""explicit_boundary_term""}",exclude_from_three_target_lines,main_matrix_original
2025_西城_期末,2025,西城,期末,14,,question,UNKNOWN_OR_MIXED,objective,/Users/wanglifei/Desktop/2025模拟题/2025各区期末/2025西城期末/试卷/试卷.pdf,paper,blocked,/Users/wanglifei/Desktop/北京高考政治/reports/必修二三与必修四文化_题源分类准备_20260617_1301/03_question_index/question_candidates.csv,"{""target"": ""B2_ECONOMICS"", ""target_score"": 0, ""boundary"": ""B4_PHILOSOPHY_EXCLUDED"", ""boundary_score"": 0, ""matches"": {}}",manual_review_needed,main_matrix_original
2025_西城_期末,2025,西城,期末,15,,question,B4_CULTURE,objective,/Users/wanglifei/Desktop/2025模拟题/2025各区期末/2025西城期末/试卷/试卷.pdf,paper,included,/Users/wanglifei/Desktop/北京高考政治/reports/必修二三与必修四文化_题源分类准备_20260617_1301/03_question_index/question_candidates.csv,"{""target"": ""B4_CULTURE"", ""target_score"": 16, ""boundary"": ""B4_PHILOSOPHY_EXCLUDED"", ""boundary_score"": 0, ""matches"": {""B3_POLITICS_RULE_OF_LAW"": ""政府"", ""B4_CULTURE"": ""文化,博物馆,中轴线,文物,boost:博物馆,boost:中轴线,boost:文物""}}",future_baodian_intake,main_matrix_original
2025_西城_期末,2025,西城,期末,16,,question,B4_CULTURE,subjective,/Users/wanglifei/Desktop/2025模拟题/2025各区期末/2025西城期末/试卷/试卷.pdf,paper,included,/Users/wanglifei/Desktop/北京高考政治/reports/必修二三与必修四文化_题源分类准备_20260617_1301/03_question_index/question_candidates.csv,"{""target"": ""B4_CULTURE"", ""target_score"": 18, ""boundary"": ""B4_PHILOSOPHY_EXCLUDED"", ""boundary_score"": 2, ""matches"": {""B2_ECONOMICS"": ""消费"", ""B4_CULTURE"": ""文化,中华优秀传统文化,优秀传统文化,传统文化,创造性转化,创新性发展,文化产业,文物,boost:中华优秀传统文化,boost:优秀传统文化,boost:传统文化,boost:创造性转化"", ""B4_PHILOSOPHY_EXCLUDED"": ""人民群众,boost:人民群众""}}",future_baodian_intake,main_matrix_original
2025_西城_期末,2025,西城,期末,17,,question,XB3_EXCLUDED,subjective,/Users/wanglifei/Desktop/2025模拟题/2025各区期末/2025西城期末/试卷/试卷.pdf,paper,module-boundary-excluded,/Users/wanglifei/Desktop/北京高考政治/reports/必修二三与必修四文化_题源分类准备_20260617_1301/03_question_index/question_candidates.csv,"{""target"": ""B2_ECONOMICS"", ""target_score"": 5, ""boundary"": ""XB3_EXCLUDED"", ""boundary_score"": 3, ""matches"": {""B2_ECONOMICS"": ""国有经济,高质量发展,消费,boost:国有经济,boost:高质量发展"", ""XB3_EXCLUDED"": ""三段论,boost:三段论""}, ""explicit_boundary_modules"": {""XB3_EXCLUDED"": [""三段论""]}, ""override"": ""explicit_boundary_term""}",exclude_from_three_target_lines,main_matrix_original
2025_西城_期末,2025,西城,期末,18,,question,B4_PHILOSOPHY_EXCLUDED,subjective,/Users/wanglifei/Desktop/2025模拟题/2025各区期末/2025西城期末/试卷/试卷.pdf,paper,module-boundary-excluded,/Users/wanglifei/Desktop/北京高考政治/reports/必修二三与必修四文化_题源分类准备_20260617_1301/03_question_index/question_candidates.csv,"{""target"": ""B2_ECONOMICS"", ""target_score"": 0, ""boundary"": ""B4_PHILOSOPHY_EXCLUDED"", ""boundary_score"": 3, ""matches"": {""B4_PHILOSOPHY_EXCLUDED"": ""认识,矛盾,boost:矛盾""}}",exclude_from_three_target_lines,main_matrix_original
2025_西城_期末,2025,西城,期末,19,,question,XB2_EXCLUDED,subjective,/Users/wanglifei/Desktop/2025模拟题/2025各区期末/2025西城期末/试卷/试卷.pdf,paper,module-boundary-excluded,/Users/wanglifei/Desktop/北京高考政治/reports/必修二三与必修四文化_题源分类准备_20260617_1301/03_question_index/question_candidates.csv,"{""target"": ""B2_ECONOMICS"", ""target_score"": 4, ""boundary"": ""XB2_EXCLUDED"", ""boundary_score"": 7, ""matches"": {""B2_ECONOMICS"": ""数字经济,营商环境,boost:数字经济,boost:营商环境"", ""B3_POLITICS_RULE_OF_LAW"": ""法院"", ""XB2_EXCLUDED"": ""侵权,诉讼,赔偿,上诉,boost:侵权,boost:诉讼,boost:上诉""}, ""explicit_boundary_modules"": {""XB2_EXCLUDED"": [""侵权"", ""诉讼""]}, ""override"": ""explicit_boundary_term""}",exclude_from_three_target_lines,main_matrix_original
2025_西城_期末,2025,西城,期末,2,,question,UNKNOWN_OR_MIXED,objective,/Users/wanglifei/Desktop/2025模拟题/2025各区期末/2025西城期末/试卷/试卷.pdf,paper,blocked,/Users/wanglifei/Desktop/北京高考政治/reports/必修二三与必修四文化_题源分类准备_20260617_1301/03_question_index/question_candidates.csv,"{""target"": ""B2_ECONOMICS"", ""target_score"": 0, ""boundary"": ""B4_PHILOSOPHY_EXCLUDED"", ""boundary_score"": 1, ""matches"": {""B4_PHILOSOPHY_EXCLUDED"": ""实践""}}",manual_review_needed,main_matrix_original
2025_西城_期末,2025,西城,期末,20,,question,XB1_EXCLUDED,subjective,/Users/wanglifei/Desktop/2025模拟题/2025各区期末/2025西城期末/试卷/试卷.pdf,paper,module-boundary-excluded,/Users/wanglifei/Desktop/北京高考政治/reports/必修二三与必修四文化_题源分类准备_20260617_1301/03_question_index/question_candidates.csv,"{""target"": ""B2_ECONOMICS"", ""target_score"": 2, ""boundary"": ""XB1_EXCLUDED"", ""boundary_score"": 2, ""matches"": {""B2_ECONOMICS"": ""产业链,boost:产业链"", ""XB1_EXCLUDED"": ""国际组织,boost:国际组织""}, ""explicit_boundary_modules"": {""XB1_EXCLUDED"": [""国际组织""]}, ""override"": ""explicit_boundary_term""}",exclude_from_three_target_lines,main_matrix_original
2025_西城_期末,2025,西城,期末,21,,question,B3_POLITICS_RULE_OF_LAW,subjective,/Users/wanglifei/Desktop/2025模拟题/2025各区期末/2025西城期末/试卷/试卷.pdf,paper,included,/Users/wanglifei/Desktop/北京高考政治/reports/必修二三与必修四文化_题源分类准备_20260617_1301/03_question_index/question_candidates.csv,"{""target"": ""B3_POLITICS_RULE_OF_LAW"", ""target_score"": 4, ""boundary"": ""B1_EXCLUDED"", ""boundary_score"": 1, ""matches"": {""B3_POLITICS_RULE_OF_LAW"": ""党的领导,国家治理,boost:党的领导,boost:国家治理"", ""B1_EXCLUDED"": ""中国特色社会主义""}}",future_baodian_intake,main_matrix_original
2025_西城_期末,2025,西城,期末,3,,question,XB3_EXCLUDED,objective,/Users/wanglifei/Desktop/2025模拟题/2025各区期末/2025西城期末/试卷/试卷.pdf,paper,module-boundary-excluded,/Users/wanglifei/Desktop/北京高考政治/reports/必修二三与必修四文化_题源分类准备_20260617_1301/03_question_index/question_candidates.csv,"{""target"": ""B4_CULTURE"", ""target_score"": 1, ""boundary"": ""XB3_EXCLUDED"", ""boundary_score"": 3, ""matches"": {""B4_CULTURE"": ""文化"", ""XB3_EXCLUDED"": ""想象,boost:想象""}, ""explicit_boundary_modules"": {""XB3_EXCLUDED"": [""想象""]}, ""override"": ""explicit_boundary_term""}",exclude_from_three_target_lines,main_matrix_original
2025_西城_期末,2025,西城,期末,4,,question,B4_PHILOSOPHY_EXCLUDED,objective,/Users/wanglifei/Desktop/2025模拟题/2025各区期末/2025西城期末/试卷/试卷.pdf,paper,module-boundary-excluded,/Users/wanglifei/Desktop/北京高考政治/reports/必修二三与必修四文化_题源分类准备_20260617_1301/03_question_index/question_candidates.csv,"{""target"": ""B2_ECONOMICS"", ""target_score"": 0, ""boundary"": ""B4_PHILOSOPHY_EXCLUDED"", ""boundary_score"": 2, ""matches"": {""B4_PHILOSOPHY_EXCLUDED"": ""矛盾,boost:矛盾""}}",exclude_from_three_target_lines,main_matrix_original
2025_西城_期末,2025,西城,期末,5,,question,XB3_EXCLUDED,objective,/Users/wanglifei/Desktop/2025模拟题/2025各区期末/2025西城期末/试卷/试卷.pdf,paper,module-boundary-excluded,/Users/wanglifei/Desktop/北京高考政治/reports/必修二三与必修四文化_题源分类准备_20260617_1301/03_question_index/question_candidates.csv,"{""target"": ""B2_ECONOMICS"", ""target_score"": 0, ""boundary"": ""XB3_EXCLUDED"", ""boundary_score"": 2, ""matches"": {""XB3_EXCLUDED"": ""必要条件,boost:必要条件""}, ""explicit_boundary_modules"": {""XB3_EXCLUDED"": [""必要条件""]}, ""override"": ""explicit_boundary_term""}",exclude_from_three_target_lines,main_matrix_original
2025_西城_期末,2025,西城,期末,6,,question,XB3_EXCLUDED,objective,/Users/wanglifei/Desktop/2025模拟题/2025各区期末/2025西城期末/试卷/试卷.pdf,paper,module-boundary-excluded,/Users/wanglifei/Desktop/北京高考政治/reports/必修二三与必修四文化_题源分类准备_20260617_1301/03_question_index/question_candidates.csv,"{""target"": ""B2_ECONOMICS"", ""target_score"": 2, ""boundary"": ""XB3_EXCLUDED"", ""boundary_score"": 2, ""matches"": {""B2_ECONOMICS"": ""民营经济,boost:民营经济"", ""XB3_EXCLUDED"": ""推理,boost:推理""}, ""explicit_boundary_modules"": {""XB3_EXCLUDED"": [""推理""]}, ""override"": ""explicit_boundary_term""}",exclude_from_three_target_lines,main_matrix_original
2025_西城_期末,2025,西城,期末,7,,question,XB3_EXCLUDED,objective,/Users/wanglifei/Desktop/2025模拟题/2025各区期末/2025西城期末/试卷/试卷.pdf,paper,module-boundary-excluded,/Users/wanglifei/Desktop/北京高考政治/reports/必修二三与必修四文化_题源分类准备_20260617_1301/03_question_index/question_candidates.csv,"{""target"": ""B2_ECONOMICS"", ""target_score"": 2, ""boundary"": ""XB3_EXCLUDED"", ""boundary_score"": 2, ""matches"": {""B2_ECONOMICS"": ""高质量发展,boost:高质量发展"", ""XB3_EXCLUDED"": ""超前思维,boost:超前思维""}, ""explicit_boundary_modules"": {""XB3_EXCLUDED"": [""超前思维""]}, ""override"": ""explicit_boundary_term""}",exclude_from_three_target_lines,main_matrix_original
2025_西城_期末,2025,西城,期末,8,,question,UNKNOWN_OR_MIXED,objective,/Users/wanglifei/Desktop/2025模拟题/2025各区期末/2025西城期末/试卷/试卷.pdf,paper,blocked,/Users/wanglifei/Desktop/北京高考政治/reports/必修二三与必修四文化_题源分类准备_20260617_1301/03_question_index/question_candidates.csv,"{""target"": ""B2_ECONOMICS"", ""target_score"": 1, ""boundary"": ""B4_PHILOSOPHY_EXCLUDED"", ""boundary_score"": 0, ""matches"": {""B2_ECONOMICS"": ""市场机制""}}",manual_review_needed,main_matrix_original
2025_西城_期末,2025,西城,期末,9,,question,XB2_EXCLUDED,objective,/Users/wanglifei/Desktop/2025模拟题/2025各区期末/2025西城期末/试卷/试卷.pdf,paper,module-boundary-excluded,/Users/wanglifei/Desktop/北京高考政治/reports/必修二三与必修四文化_题源分类准备_20260617_1301/03_question_index/question_candidates.csv,"{""target"": ""B2_ECONOMICS"", ""target_score"": 2, ""boundary"": ""XB2_EXCLUDED"", ""boundary_score"": 2, ""matches"": {""B2_ECONOMICS"": ""乡村振兴,boost:乡村振兴"", ""XB2_EXCLUDED"": ""所有权,boost:所有权""}, ""explicit_boundary_modules"": {""XB2_EXCLUDED"": [""所有权""]}, ""override"": ""explicit_boundary_term""}",exclude_from_three_target_lines,main_matrix_original
2025_门头沟_一模,2025,门头沟,一模,1,,question,B2_ECONOMICS,objective,/Users/wanglifei/Desktop/2025模拟题/2025各区一模/2025门头沟一模/试卷/试卷.pdf,paper,included,/Users/wanglifei/Desktop/北京高考政治/reports/必修二三与必修四文化_题源分类准备_20260617_1301/03_question_index/question_candidates.csv,"{""target"": ""B2_ECONOMICS"", ""target_score"": 5, ""boundary"": ""B4_PHILOSOPHY_EXCLUDED"", ""boundary_score"": 2, ""matches"": {""B2_ECONOMICS"": ""市场经济,新发展理念,boost:市场经济,boost:新发展理念"", ""B4_PHILOSOPHY_EXCLUDED"": ""实践,认识""}}",future_baodian_intake,main_matrix_original
2025_门头沟_一模,2025,门头沟,一模,10,,question,XB1_EXCLUDED,objective,/Users/wanglifei/Desktop/2025模拟题/2025各区一模/2025门头沟一模/试卷/试卷.pdf,paper,module-boundary-excluded,/Users/wanglifei/Desktop/北京高考政治/reports/必修二三与必修四文化_题源分类准备_20260617_1301/03_question_index/question_candidates.csv,"{""target"": ""B2_ECONOMICS"", ""target_score"": 2, ""boundary"": ""XB1_EXCLUDED"", ""boundary_score"": 18, ""matches"": {""B2_ECONOMICS"": ""经济增长,boost:经济增长"", ""B3_POLITICS_RULE_OF_LAW"": ""政府"", ""XB1_EXCLUDED"": ""联合国,全球治理,和平与发展,国际组织,外交,多边外交,boost:联合国,boost:全球治理,boost:和平与发展,boost:国际组织,boost:外交,boost:多边外交""}, ""explicit_boundary_modules"": {""XB1_EXCLUDED"": [""联合国"", ""全球治理"", ""国际组织""]}, ""override"": ""explicit_boundary_term""}",exclude_from_three_target_lines,main_matrix_original
2025_门头沟_一模,2025,门头沟,一模,11,,question,B2_ECONOMICS,objective,/Users/wanglifei/Desktop/2025模拟题/2025各区一模/2025门头沟一模/试卷/试卷.pdf,paper,included,/Users/wanglifei/Desktop/北京高考政治/reports/必修二三与必修四文化_题源分类准备_20260617_1301/03_question_index/question_candidates.csv,"{""target"": ""B2_ECONOMICS"", ""target_score"": 5, ""boundary"": ""XB1_EXCLUDED"", ""boundary_score"": 2, ""matches"": {""B2_ECONOMICS"": ""产业链,供应链,boost:产业链,boost:供应链"", ""XB1_EXCLUDED"": ""国际贸易,boost:国际贸易""}}",future_baodian_intake,main_matrix_original
2025_门头沟_一模,2025,门头沟,一模,12,,question,XB2_EXCLUDED,objective,/Users/wanglifei/Desktop/2025模拟题/2025各区一模/2025门头沟一模/试卷/试卷.pdf,paper,module-boundary-excluded,/Users/wanglifei/Desktop/北京高考政治/reports/必修二三与必修四文化_题源分类准备_20260617_1301/03_question_index/question_candidates.csv,"{""target"": ""B3_POLITICS_RULE_OF_LAW"", ""target_score"": 2, ""boundary"": ""XB2_EXCLUDED"", ""boundary_score"": 10, ""matches"": {""B3_POLITICS_RULE_OF_LAW"": ""法院"", ""XB2_EXCLUDED"": ""侵权,诉讼,民事,民事诉讼,侵权责任,boost:侵权,boost:诉讼,boost:民事,boost:民事诉讼,boost:侵权责任""}, ""explicit_boundary_modules"": {""XB2_EXCLUDED"": [""侵权"", ""诉讼"", ""民事""]}, ""override"": ""explicit_boundary_term""}",exclude_from_three_target_lines,main_matrix_original
2025_门头沟_一模,2025,门头沟,一模,13,,question,XB2_EXCLUDED,objective,/Users/wanglifei/Desktop/2025模拟题/2025各区一模/2025门头沟一模/试卷/试卷.pdf,paper,module-boundary-excluded,/Users/wanglifei/Desktop/北京高考政治/reports/必修二三与必修四文化_题源分类准备_20260617_1301/03_question_index/question_candidates.csv,"{""target"": ""B2_ECONOMICS"", ""target_score"": 1, ""boundary"": ""XB2_EXCLUDED"", ""boundary_score"": 9, ""matches"": {""B2_ECONOMICS"": ""劳动者"", ""B4_PHILOSOPHY_EXCLUDED"": ""实践"", ""XB2_EXCLUDED"": ""诉讼,调解,仲裁,boost:诉讼,boost:调解,boost:仲裁""}, ""explicit_boundary_modules"": {""XB2_EXCLUDED"": [""诉讼""]}, ""override"": ""explicit_boundary_term""}",exclude_from_three_target_lines,main_matrix_original
2025_门头沟_一模,2025,门头沟,一模,14,,question,XB3_EXCLUDED,objective,/Users/wanglifei/Desktop/2025模拟题/2025各区一模/2025门头沟一模/试卷/试卷.pdf,paper,module-boundary-excluded,/Users/wanglifei/Desktop/北京高考政治/reports/必修二三与必修四文化_题源分类准备_20260617_1301/03_question_index/question_candidates.csv,"{""target"": ""B2_ECONOMICS"", ""target_score"": 0, ""boundary"": ""XB3_EXCLUDED"", ""boundary_score"": 2, ""matches"": {""XB3_EXCLUDED"": ""推理,boost:推理""}, ""explicit_boundary_modules"": {""XB3_EXCLUDED"": [""推理""]}, ""override"": ""explicit_boundary_term""}",exclude_from_three_target_lines,main_matrix_original
2025_门头沟_一模,2025,门头沟,一模,15,,question,XB3_EXCLUDED,objective,/Users/wanglifei/Desktop/2025模拟题/2025各区一模/2025门头沟一模/试卷/试卷.pdf,paper,module-boundary-excluded,/Users/wanglifei/Desktop/北京高考政治/reports/必修二三与必修四文化_题源分类准备_20260617_1301/03_question_index/question_candidates.csv,"{""target"": ""B2_ECONOMICS"", ""target_score"": 2, ""boundary"": ""B4_PHILOSOPHY_EXCLUDED"", ""boundary_score"": 3, ""matches"": {""B2_ECONOMICS"": ""消费"", ""B3_POLITICS_RULE_OF_LAW"": ""政府"", ""B4_PHILOSOPHY_EXCLUDED"": ""认识,质变,boost:质变"", ""XB3_EXCLUDED"": ""创新思维,boost:创新思维""}, ""explicit_boundary_modules"": {""XB3_EXCLUDED"": [""创新思维""]}, ""override"": ""explicit_boundary_term""}",exclude_from_three_target_lines,main_matrix_original
2025_门头沟_一模,2025,门头沟,一模,16,,question,B4_PHILOSOPHY_EXCLUDED,subjective,/Users/wanglifei/Desktop/2025模拟题/2025各区一模/2025门头沟一模/试卷/试卷.pdf,paper,module-boundary-excluded,/Users/wanglifei/Desktop/北京高考政治/reports/必修二三与必修四文化_题源分类准备_20260617_1301/03_question_index/question_candidates.csv,"{""target"": ""B4_CULTURE"", ""target_score"": 29, ""boundary"": ""B4_PHILOSOPHY_EXCLUDED"", ""boundary_score"": 4, ""matches"": {""B4_CULTURE"": ""文化,中华优秀传统文化,优秀传统文化,传统文化,创造性转化,创新性发展,文化自信,文化遗产,文旅,文物,boost:中华优秀传统文化,boost:优秀传统文化"", ""B4_PHILOSOPHY_EXCLUDED"": ""实践,认识,价值判断,boost:价值判断""}, ""explicit_boundary_modules"": {""B4_PHILOSOPHY_EXCLUDED"": [""价值判断""]}, ""override"": ""explicit_boundary_term""}",exclude_from_three_target_lines,main_matrix_original
2025_门头沟_一模,2025,门头沟,一模,17,,question,B3_POLITICS_RULE_OF_LAW,subjective,/Users/wanglifei/Desktop/2025模拟题/2025各区一模/2025门头沟一模/试卷/试卷.pdf,paper,included,/Users/wanglifei/Desktop/北京高考政治/reports/必修二三与必修四文化_题源分类准备_20260617_1301/03_question_index/question_candidates.csv,"{""target"": ""B3_POLITICS_RULE_OF_LAW"", ""target_score"": 19, ""boundary"": ""B4_PHILOSOPHY_EXCLUDED"", ""boundary_score"": 2, ""matches"": {""B3_POLITICS_RULE_OF_LAW"": ""政治与法治,人民当家作主,人民代表大会,人大代表,政协,协商民主,全过程人民民主,政府,民主监督,boost:政治与法治,boost:人民代表大会,boost:人大代表"", ""B4_CULTURE"": ""文化,中轴线,boost:中轴线"", ""B4_PHILOSOPHY_EXCLUDED"": ""人民群众,boost:人民群众""}}",future_baodian_intake,main_matrix_original
2025_门头沟_一模,2025,门头沟,一模,18,,question,B2_ECONOMICS,subjective,/Users/wanglifei/Desktop/2025模拟题/2025各区一模/2025门头沟一模/试卷/试卷.pdf,paper,included,/Users/wanglifei/Desktop/北京高考政治/reports/必修二三与必修四文化_题源分类准备_20260617_1301/03_question_index/question_candidates.csv,"{""target"": ""B2_ECONOMICS"", ""target_score"": 27, ""boundary"": ""B1_EXCLUDED"", ""boundary_score"": 1, ""matches"": {""B2_ECONOMICS"": ""经济与社会,民营经济,民营企业,高质量发展,基础设施,boost:经济与社会,boost:民营经济,boost:高质量发展"", ""B3_POLITICS_RULE_OF_LAW"": ""公共服务"", ""B1_EXCLUDED"": ""改革开放""}}",future_baodian_intake,main_matrix_original
2025_门头沟_一模,2025,门头沟,一模,19,,question,XB1_EXCLUDED,subjective,/Users/wanglifei/Desktop/2025模拟题/2025各区一模/2025门头沟一模/试卷/试卷.pdf,paper,module-boundary-excluded,/Users/wanglifei/Desktop/北京高考政治/reports/必修二三与必修四文化_题源分类准备_20260617_1301/03_question_index/question_candidates.csv,"{""target"": ""B2_ECONOMICS"", ""target_score"": 4, ""boundary"": ""XB1_EXCLUDED"", ""boundary_score"": 4, ""matches"": {""B2_ECONOMICS"": ""消费,营商环境,boost:营商环境"", ""XB1_EXCLUDED"": ""当代国际政治与经济,人类命运共同体,boost:当代国际政治与经济,boost:人类命运共同体""}, ""explicit_boundary_modules"": {""XB1_EXCLUDED"": [""当代国际政治与经济"", ""人类命运共同体""]}, ""override"": ""explicit_boundary_term""}",exclude_from_three_target_lines,main_matrix_original
2025_门头沟_一模,2025,门头沟,一模,2,,question,B4_PHILOSOPHY_EXCLUDED,objective,/Users/wanglifei/Desktop/2025模拟题/2025各区一模/2025门头沟一模/试卷/试卷.pdf,paper,module-boundary-excluded,/Users/wanglifei/Desktop/北京高考政治/reports/必修二三与必修四文化_题源分类准备_20260617_1301/03_question_index/question_candidates.csv,"{""target"": ""B2_ECONOMICS"", ""target_score"": 2, ""boundary"": ""B4_PHILOSOPHY_EXCLUDED"", ""boundary_score"": 4, ""matches"": {""B2_ECONOMICS"": ""乡村振兴,boost:乡村振兴"", ""B3_POLITICS_RULE_OF_LAW"": ""党组织,boost:党组织"", ""B4_PHILOSOPHY_EXCLUDED"": ""实践,认识""}}",exclude_from_three_target_lines,main_matrix_original
2025_门头沟_一模,2025,门头沟,一模,20,,question,XB2_EXCLUDED,subjective,/Users/wanglifei/Desktop/2025模拟题/2025各区一模/2025门头沟一模/试卷/试卷.pdf,paper,module-boundary-excluded,/Users/wanglifei/Desktop/北京高考政治/reports/必修二三与必修四文化_题源分类准备_20260617_1301/03_question_index/question_candidates.csv,"{""target"": ""B3_POLITICS_RULE_OF_LAW"", ""target_score"": 4, ""boundary"": ""XB2_EXCLUDED"", ""boundary_score"": 26, ""matches"": {""B2_ECONOMICS"": ""劳动者"", ""B3_POLITICS_RULE_OF_LAW"": ""法院"", ""B4_CULTURE"": ""社会主义核心价值观,boost:社会主义核心价值观"", ""XB2_EXCLUDED"": ""合同,侵权,劳动合同,劳动关系,诉讼,侵权责任,赔偿,boost:合同,boost:侵权,boost:劳动合同,boost:劳动关系,boost:诉讼""}, ""explicit_boundary_modules"": {""XB2_EXCLUDED"": [""合同"", ""侵权"", ""诉讼"", ""劳动合同""]}, ""override"": ""explicit_boundary_term""}",exclude_from_three_target_lines,main_matrix_original
2025_门头沟_一模,2025,门头沟,一模,21,,question,XB3_EXCLUDED,subjective,/Users/wanglifei/Desktop/2025模拟题/2025各区一模/2025门头沟一模/试卷/试卷.pdf,paper,module-boundary-excluded,/Users/wanglifei/Desktop/北京高考政治/reports/必修二三与必修四文化_题源分类准备_20260617_1301/03_question_index/question_candidates.csv,"{""target"": ""B2_ECONOMICS"", ""target_score"": 11, ""boundary"": ""XB3_EXCLUDED"", ""boundary_score"": 11, ""matches"": {""B2_ECONOMICS"": ""新发展理念,高质量发展,新质生产力,消费,经济增长,boost:新发展理念,boost:高质量发展,boost:新质生产力,boost:经济增长"", ""B4_CULTURE"": ""文化,文旅,boost:文旅"", ""B4_PHILOSOPHY_EXCLUDED"": ""实践,认识,矛盾,辩证否定,价值判断,boost:矛盾,boost:辩证否定,boost:价值判断"", ""XB3_EXCLUDED"": ""科学思维,辩证思维,创新思维,超前思维,发散思维,boost:科学思维,boost:辩证思维,boost:创新思维,boost:超前思维,boost:发散思维""}, ""explicit_boundary_modules"": {""XB3_EXCLUDED"": [""科学思维"", ""辩证思维"", ""创新思维"", ""超前思维""], ""B4_PHILOSOPHY_EXCLUDED"": [""价值判断"", ""辩证否定""]}, ""override"": ""explicit_boundary_term""}",exclude_from_three_target_lines,main_matrix_original
2025_门头沟_一模,2025,门头沟,一模,3,,question,XB2_EXCLUDED,objective,/Users/wanglifei/Desktop/2025模拟题/2025各区一模/2025门头沟一模/试卷/试卷.pdf,paper,module-boundary-excluded,/Users/wanglifei/Desktop/北京高考政治/reports/必修二三与必修四文化_题源分类准备_20260617_1301/03_question_index/question_candidates.csv,"{""target"": ""B2_ECONOMICS"", ""target_score"": 0, ""boundary"": ""XB2_EXCLUDED"", ""boundary_score"": 5, ""matches"": {""XB2_EXCLUDED"": ""侵权,监护人,boost:侵权,boost:监护人""}, ""explicit_boundary_modules"": {""XB2_EXCLUDED"": [""侵权""]}, ""override"": ""explicit_boundary_term""}",exclude_from_three_target_lines,main_matrix_original
2025_门头沟_一模,2025,门头沟,一模,4,,question,B3_POLITICS_RULE_OF_LAW,objective,/Users/wanglifei/Desktop/2025模拟题/2025各区一模/2025门头沟一模/试卷/试卷.pdf,paper,included,/Users/wanglifei/Desktop/北京高考政治/reports/必修二三与必修四文化_题源分类准备_20260617_1301/03_question_index/question_candidates.csv,"{""target"": ""B3_POLITICS_RULE_OF_LAW"", ""target_score"": 2, ""boundary"": ""B4_PHILOSOPHY_EXCLUDED"", ""boundary_score"": 0, ""matches"": {""B2_ECONOMICS"": ""基础设施"", ""B3_POLITICS_RULE_OF_LAW"": ""民族区域自治,boost:民族区域自治"", ""B4_CULTURE"": ""文化""}}",future_baodian_intake,main_matrix_original
2025_门头沟_一模,2025,门头沟,一模,5,,question,B4_CULTURE,objective,/Users/wanglifei/Desktop/2025模拟题/2025各区一模/2025门头沟一模/试卷/试卷.pdf,paper,included,/Users/wanglifei/Desktop/北京高考政治/reports/必修二三与必修四文化_题源分类准备_20260617_1301/03_question_index/question_candidates.csv,"{""target"": ""B4_CULTURE"", ""target_score"": 4, ""boundary"": ""B4_PHILOSOPHY_EXCLUDED"", ""boundary_score"": 0, ""matches"": {""B4_CULTURE"": ""文化""}}",future_baodian_intake,main_matrix_original
2025_门头沟_一模,2025,门头沟,一模,6,,question,B4_PHILOSOPHY_EXCLUDED,objective,/Users/wanglifei/Desktop/2025模拟题/2025各区一模/2025门头沟一模/试卷/试卷.pdf,paper,module-boundary-excluded,/Users/wanglifei/Desktop/北京高考政治/reports/必修二三与必修四文化_题源分类准备_20260617_1301/03_question_index/question_candidates.csv,"{""target"": ""B2_ECONOMICS"", ""target_score"": 0, ""boundary"": ""B4_PHILOSOPHY_EXCLUDED"", ""boundary_score"": 6, ""matches"": {""B4_PHILOSOPHY_EXCLUDED"": ""认识,真理,事物发展,矛盾,boost:真理,boost:矛盾""}}",exclude_from_three_target_lines,main_matrix_original
2025_门头沟_一模,2025,门头沟,一模,7,,question,B4_PHILOSOPHY_EXCLUDED,objective,/Users/wanglifei/Desktop/2025模拟题/2025各区一模/2025门头沟一模/试卷/试卷.pdf,paper,module-boundary-excluded,/Users/wanglifei/Desktop/北京高考政治/reports/必修二三与必修四文化_题源分类准备_20260617_1301/03_question_index/question_candidates.csv,"{""target"": ""B2_ECONOMICS"", ""target_score"": 0, ""boundary"": ""B4_PHILOSOPHY_EXCLUDED"", ""boundary_score"": 5, ""matches"": {""B4_PHILOSOPHY_EXCLUDED"": ""人生价值,主观能动性,boost:人生价值""}}",exclude_from_three_target_lines,main_matrix_original
2025_门头沟_一模,2025,门头沟,一模,8,,question,B2_ECONOMICS,objective,/Users/wanglifei/Desktop/2025模拟题/2025各区一模/2025门头沟一模/试卷/试卷.pdf,paper,included,/Users/wanglifei/Desktop/北京高考政治/reports/必修二三与必修四文化_题源分类准备_20260617_1301/03_question_index/question_candidates.csv,"{""target"": ""B2_ECONOMICS"", ""target_score"": 4, ""boundary"": ""B4_PHILOSOPHY_EXCLUDED"", ""boundary_score"": 0, ""matches"": {""B2_ECONOMICS"": ""高质量发展,社会保障,boost:高质量发展,boost:社会保障"", ""B3_POLITICS_RULE_OF_LAW"": ""政府""}}",future_baodian_intake,main_matrix_original
2025_门头沟_一模,2025,门头沟,一模,9,,question,B2_ECONOMICS,objective,/Users/wanglifei/Desktop/2025模拟题/2025各区一模/2025门头沟一模/试卷/试卷.pdf,paper,included,/Users/wanglifei/Desktop/北京高考政治/reports/必修二三与必修四文化_题源分类准备_20260617_1301/03_question_index/question_candidates.csv,"{""target"": ""B2_ECONOMICS"", ""target_score"": 5, ""boundary"": ""XB1_EXCLUDED"", ""boundary_score"": 1, ""matches"": {""B2_ECONOMICS"": ""实体经济,财政,基础设施,boost:实体经济,boost:财政"", ""XB1_EXCLUDED"": ""对外开放""}}",future_baodian_intake,main_matrix_original
2025_顺义_一模,2025,顺义,一模,1,,question,B3_POLITICS_RULE_OF_LAW,objective,/Users/wanglifei/Desktop/2025模拟题/2025各区一模/2025顺义一模/试卷/试卷.pdf,paper,included,/Users/wanglifei/Desktop/北京高考政治/reports/必修二三与必修四文化_题源分类准备_20260617_1301/03_question_index/question_candidates.csv,"{""target"": ""B3_POLITICS_RULE_OF_LAW"", ""target_score"": 5, ""boundary"": ""B1_EXCLUDED"", ""boundary_score"": 1, ""matches"": {""B3_POLITICS_RULE_OF_LAW"": ""中国共产党,全面从严治党,政府,boost:中国共产党"", ""B1_EXCLUDED"": ""中国特色社会主义""}}",future_baodian_intake,main_matrix_original
2025_顺义_一模,2025,顺义,一模,10,,question,XB2_EXCLUDED,objective,/Users/wanglifei/Desktop/2025模拟题/2025各区一模/2025顺义一模/试卷/试卷.pdf,paper,module-boundary-excluded,/Users/wanglifei/Desktop/北京高考政治/reports/必修二三与必修四文化_题源分类准备_20260617_1301/03_question_index/question_candidates.csv,"{""target"": ""B2_ECONOMICS"", ""target_score"": 1, ""boundary"": ""XB2_EXCLUDED"", ""boundary_score"": 18, ""matches"": {""B2_ECONOMICS"": ""劳动者"", ""XB2_EXCLUDED"": ""合同,劳动合同,仲裁,违约,boost:合同,boost:劳动合同,boost:仲裁,boost:违约""}, ""explicit_boundary_modules"": {""XB2_EXCLUDED"": [""合同"", ""劳动合同""]}, ""override"": ""explicit_boundary_term""}",exclude_from_three_target_lines,main_matrix_original
2025_顺义_一模,2025,顺义,一模,11,,question,XB2_EXCLUDED,objective,/Users/wanglifei/Desktop/2025模拟题/2025各区一模/2025顺义一模/试卷/试卷.pdf,paper,module-boundary-excluded,/Users/wanglifei/Desktop/北京高考政治/reports/必修二三与必修四文化_题源分类准备_20260617_1301/03_question_index/question_candidates.csv,"{""target"": ""B3_POLITICS_RULE_OF_LAW"", ""target_score"": 6, ""boundary"": ""XB2_EXCLUDED"", ""boundary_score"": 15, ""matches"": {""B3_POLITICS_RULE_OF_LAW"": ""法院"", ""XB2_EXCLUDED"": ""民法典,侵权,民事,赔偿,boost:民法典,boost:侵权,boost:民事""}, ""explicit_boundary_modules"": {""XB2_EXCLUDED"": [""民法典"", ""侵权"", ""民事""]}, ""override"": ""explicit_boundary_term""}",exclude_from_three_target_lines,main_matrix_original
2025_顺义_一模,2025,顺义,一模,12,,question,B2_ECONOMICS,objective,/Users/wanglifei/Desktop/2025模拟题/2025各区一模/2025顺义一模/试卷/试卷.pdf,paper,included,/Users/wanglifei/Desktop/北京高考政治/reports/必修二三与必修四文化_题源分类准备_20260617_1301/03_question_index/question_candidates.csv,"{""target"": ""B2_ECONOMICS"", ""target_score"": 6, ""boundary"": ""B4_PHILOSOPHY_EXCLUDED"", ""boundary_score"": 1, ""matches"": {""B2_ECONOMICS"": ""新质生产力,数据要素,boost:新质生产力,boost:数据要素"", ""B4_PHILOSOPHY_EXCLUDED"": ""认识""}}",future_baodian_intake,main_matrix_original
2025_顺义_一模,2025,顺义,一模,13,,question,B2_ECONOMICS,objective,/Users/wanglifei/Desktop/2025模拟题/2025各区一模/2025顺义一模/试卷/试卷.pdf,paper,included,/Users/wanglifei/Desktop/北京高考政治/reports/必修二三与必修四文化_题源分类准备_20260617_1301/03_question_index/question_candidates.csv,"{""target"": ""B2_ECONOMICS"", ""target_score"": 3, ""boundary"": ""B4_PHILOSOPHY_EXCLUDED"", ""boundary_score"": 1, ""matches"": {""B2_ECONOMICS"": ""国有经济,boost:国有经济"", ""B4_PHILOSOPHY_EXCLUDED"": ""认识""}}",future_baodian_intake,main_matrix_original
2025_顺义_一模,2025,顺义,一模,14,,question,UNKNOWN_OR_MIXED,objective,/Users/wanglifei/Desktop/2025模拟题/2025各区一模/2025顺义一模/试卷/试卷.pdf,paper,blocked,/Users/wanglifei/Desktop/北京高考政治/reports/必修二三与必修四文化_题源分类准备_20260617_1301/03_question_index/question_candidates.csv,"{""target"": ""B2_ECONOMICS"", ""target_score"": 0, ""boundary"": ""B4_PHILOSOPHY_EXCLUDED"", ""boundary_score"": 0, ""matches"": {}}",manual_review_needed,main_matrix_original
2025_顺义_一模,2025,顺义,一模,15,,question,XB1_EXCLUDED,objective,/Users/wanglifei/Desktop/2025模拟题/2025各区一模/2025顺义一模/试卷/试卷.pdf,paper,module-boundary-excluded,/Users/wanglifei/Desktop/北京高考政治/reports/必修二三与必修四文化_题源分类准备_20260617_1301/03_question_index/question_candidates.csv,"{""target"": ""B2_ECONOMICS"", ""target_score"": 0, ""boundary"": ""XB1_EXCLUDED"", ""boundary_score"": 14, ""matches"": {""XB1_EXCLUDED"": ""国际关系,国家利益,和平与发展,外交,boost:国际关系,boost:国家利益,boost:和平与发展,boost:外交""}, ""explicit_boundary_modules"": {""XB1_EXCLUDED"": [""国际关系"", ""国家利益""]}, ""override"": ""explicit_boundary_term""}",exclude_from_three_target_lines,main_matrix_original
2025_顺义_一模,2025,顺义,一模,16,,question,B4_PHILOSOPHY_EXCLUDED,subjective,/Users/wanglifei/Desktop/2025模拟题/2025各区一模/2025顺义一模/试卷/试卷.pdf,paper,module-boundary-excluded,/Users/wanglifei/Desktop/北京高考政治/reports/必修二三与必修四文化_题源分类准备_20260617_1301/03_question_index/question_candidates.csv,"{""target"": ""B4_CULTURE"", ""target_score"": 45, ""boundary"": ""B4_PHILOSOPHY_EXCLUDED"", ""boundary_score"": 9, ""matches"": {""B4_CULTURE"": ""文化,中华优秀传统文化,优秀传统文化,传统文化,创造性转化,创新性发展,文化自信,boost:中华优秀传统文化,boost:优秀传统文化,boost:传统文化,boost:创造性转化,boost:创新性发展"", ""B4_PHILOSOPHY_EXCLUDED"": ""联系的观点,辩证否定,价值观的导向,boost:联系的观点,boost:辩证否定,boost:价值观的导向"", ""XB2_EXCLUDED"": ""继承,boost:继承""}, ""explicit_boundary_modules"": {""B4_PHILOSOPHY_EXCLUDED"": [""辩证否定""]}, ""override"": ""explicit_boundary_term""}",exclude_from_three_target_lines,main_matrix_original
2025_顺义_一模,2025,顺义,一模,17(1),17,subquestion,XB3_EXCLUDED,subjective,/Users/wanglifei/Desktop/2025模拟题/2025各区一模/2025顺义一模/试卷/试卷.pdf,paper,module-boundary-excluded,04_module_classification/subquestion_split_matrix.csv,"{""target"": ""B2_ECONOMICS"", ""target_score"": 0, ""boundary"": ""XB3_EXCLUDED"", ""boundary_score"": 2, ""matches"": {""XB3_EXCLUDED"": ""逻辑与思维,boost:逻辑与思维""}, ""explicit_boundary_modules"": {""XB3_EXCLUDED"": [""逻辑与思维""]}, ""override"": ""explicit_boundary_term""}",exclude_from_three_target_lines,subquestion_integrated_boundary
2025_顺义_一模,2025,顺义,一模,17(2),17,subquestion,B3_POLITICS_RULE_OF_LAW,subjective,/Users/wanglifei/Desktop/2025模拟题/2025各区一模/2025顺义一模/试卷/试卷.pdf,paper,included,04_module_classification/subquestion_split_matrix.csv,"{""target"": ""B3_POLITICS_RULE_OF_LAW"", ""target_score"": 2, ""boundary"": ""B4_PHILOSOPHY_EXCLUDED"", ""boundary_score"": 0, ""matches"": {""B3_POLITICS_RULE_OF_LAW"": ""政治与法治,boost:政治与法治""}}",future_baodian_intake,subquestion_integrated_target
2025_顺义_一模,2025,顺义,一模,18,,question,B2_ECONOMICS,subjective,/Users/wanglifei/Desktop/2025模拟题/2025各区一模/2025顺义一模/试卷/试卷.pdf,paper,included,/Users/wanglifei/Desktop/北京高考政治/reports/必修二三与必修四文化_题源分类准备_20260617_1301/03_question_index/question_candidates.csv,"{""target"": ""B2_ECONOMICS"", ""target_score"": 20, ""boundary"": ""B4_PHILOSOPHY_EXCLUDED"", ""boundary_score"": 0, ""matches"": {""B2_ECONOMICS"": ""经济与社会,新发展理念,高质量发展,实体经济,新质生产力,供给侧,boost:经济与社会,boost:新发展理念,boost:高质量发展,boost:实体经济,boost:新质生产力""}}",future_baodian_intake,main_matrix_original
2025_顺义_一模,2025,顺义,一模,19,,question,XB2_EXCLUDED,subjective,/Users/wanglifei/Desktop/2025模拟题/2025各区一模/2025顺义一模/试卷/试卷.pdf,paper,module-boundary-excluded,/Users/wanglifei/Desktop/北京高考政治/reports/必修二三与必修四文化_题源分类准备_20260617_1301/03_question_index/question_candidates.csv,"{""target"": ""B3_POLITICS_RULE_OF_LAW"", ""target_score"": 5, ""boundary"": ""XB2_EXCLUDED"", ""boundary_score"": 23, ""matches"": {""B2_ECONOMICS"": ""市场主体"", ""B3_POLITICS_RULE_OF_LAW"": ""法院"", ""B4_PHILOSOPHY_EXCLUDED"": ""矛盾,boost:矛盾"", ""XB2_EXCLUDED"": ""法律与生活,民法典,侵权,诉讼,调解,相邻关系,boost:法律与生活,boost:民法典,boost:侵权,boost:诉讼,boost:调解,boost:相邻关系""}, ""explicit_boundary_modules"": {""XB2_EXCLUDED"": [""法律与生活"", ""民法典"", ""侵权"", ""诉讼""]}, ""override"": ""explicit_boundary_term""}",exclude_from_three_target_lines,main_matrix_original
2025_顺义_一模,2025,顺义,一模,2,,question,UNKNOWN_OR_MIXED,objective,/Users/wanglifei/Desktop/2025模拟题/2025各区一模/2025顺义一模/试卷/试卷.pdf,paper,blocked,/Users/wanglifei/Desktop/北京高考政治/reports/必修二三与必修四文化_题源分类准备_20260617_1301/03_question_index/question_candidates.csv,"{""target"": ""B3_POLITICS_RULE_OF_LAW"", ""target_score"": 1, ""boundary"": ""B4_PHILOSOPHY_EXCLUDED"", ""boundary_score"": 0, ""matches"": {""B3_POLITICS_RULE_OF_LAW"": ""政府""}}",manual_review_needed,main_matrix_original
2025_顺义_一模,2025,顺义,一模,20,,question,XB1_EXCLUDED,subjective,/Users/wanglifei/Desktop/2025模拟题/2025各区一模/2025顺义一模/试卷/试卷.pdf,paper,module-boundary-excluded,/Users/wanglifei/Desktop/北京高考政治/reports/必修二三与必修四文化_题源分类准备_20260617_1301/03_question_index/question_candidates.csv,"{""target"": ""B2_ECONOMICS"", ""target_score"": 0, ""boundary"": ""XB1_EXCLUDED"", ""boundary_score"": 17, ""matches"": {""XB1_EXCLUDED"": ""当代国际政治与经济,国际关系,世界多极化,经济全球化,人类命运共同体,boost:当代国际政治与经济,boost:国际关系,boost:世界多极化,boost:经济全球化,boost:人类命运共同体""}, ""explicit_boundary_modules"": {""XB1_EXCLUDED"": [""当代国际政治与经济"", ""经济全球化"", ""世界多极化"", ""国际关系"", ""人类命运共同体""]}, ""override"": ""explicit_boundary_term""}",exclude_from_three_target_lines,main_matrix_original
2025_顺义_一模,2025,顺义,一模,21,,question,XB2_EXCLUDED,subjective,/Users/wanglifei/Desktop/2025模拟题/2025各区一模/2025顺义一模/试卷/试卷.pdf,paper,module-boundary-excluded,/Users/wanglifei/Desktop/北京高考政治/reports/必修二三与必修四文化_题源分类准备_20260617_1301/03_question_index/question_candidates.csv,"{""target"": ""B4_CULTURE"", ""target_score"": 26, ""boundary"": ""XB2_EXCLUDED"", ""boundary_score"": 7, ""matches"": {""B3_POLITICS_RULE_OF_LAW"": ""中国共产党,党的领导,国家治理,boost:中国共产党,boost:党的领导,boost:国家治理"", ""B4_CULTURE"": ""文化,文化传承,文化创新,民族精神,boost:文化传承,boost:文化创新,boost:民族精神"", ""B4_PHILOSOPHY_EXCLUDED"": ""认识"", ""XB2_EXCLUDED"": ""民法典,继承,boost:民法典,boost:继承""}, ""explicit_boundary_modules"": {""XB2_EXCLUDED"": [""民法典""]}, ""override"": ""explicit_boundary_term""}",exclude_from_three_target_lines,main_matrix_original
2025_顺义_一模,2025,顺义,一模,3,,question,XB3_EXCLUDED,objective,/Users/wanglifei/Desktop/2025模拟题/2025各区一模/2025顺义一模/试卷/试卷.pdf,paper,module-boundary-excluded,/Users/wanglifei/Desktop/北京高考政治/reports/必修二三与必修四文化_题源分类准备_20260617_1301/03_question_index/question_candidates.csv,"{""target"": ""B4_CULTURE"", ""target_score"": 15, ""boundary"": ""XB3_EXCLUDED"", ""boundary_score"": 5, ""matches"": {""B4_CULTURE"": ""文化"", ""B4_PHILOSOPHY_EXCLUDED"": ""认识,矛盾,boost:矛盾"", ""XB3_EXCLUDED"": ""逆向思维,想象,boost:逆向思维,boost:想象""}, ""explicit_boundary_modules"": {""XB3_EXCLUDED"": [""想象""]}, ""override"": ""explicit_boundary_term""}",exclude_from_three_target_lines,main_matrix_original
2025_顺义_一模,2025,顺义,一模,4,,question,B4_PHILOSOPHY_EXCLUDED,objective,/Users/wanglifei/Desktop/2025模拟题/2025各区一模/2025顺义一模/试卷/试卷.pdf,paper,module-boundary-excluded,/Users/wanglifei/Desktop/北京高考政治/reports/必修二三与必修四文化_题源分类准备_20260617_1301/03_question_index/question_candidates.csv,"{""target"": ""B3_POLITICS_RULE_OF_LAW"", ""target_score"": 2, ""boundary"": ""B4_PHILOSOPHY_EXCLUDED"", ""boundary_score"": 12, ""matches"": {""B3_POLITICS_RULE_OF_LAW"": ""政府"", ""B4_PHILOSOPHY_EXCLUDED"": ""实践,认识,价值判断,价值选择,物质决定意识,boost:价值判断,boost:价值选择,boost:物质决定意识""}, ""explicit_boundary_modules"": {""B4_PHILOSOPHY_EXCLUDED"": [""价值判断"", ""价值选择"", ""物质决定意识""]}, ""override"": ""explicit_boundary_term""}",exclude_from_three_target_lines,main_matrix_original
2025_顺义_一模,2025,顺义,一模,5,,question,XB3_EXCLUDED,objective,/Users/wanglifei/Desktop/2025模拟题/2025各区一模/2025顺义一模/试卷/试卷.pdf,paper,module-boundary-excluded,/Users/wanglifei/Desktop/北京高考政治/reports/必修二三与必修四文化_题源分类准备_20260617_1301/03_question_index/question_candidates.csv,"{""target"": ""B2_ECONOMICS"", ""target_score"": 0, ""boundary"": ""B4_PHILOSOPHY_EXCLUDED"", ""boundary_score"": 7, ""matches"": {""B4_PHILOSOPHY_EXCLUDED"": ""矛盾,boost:矛盾"", ""XB3_EXCLUDED"": ""必要条件,boost:必要条件""}, ""explicit_boundary_modules"": {""XB3_EXCLUDED"": [""必要条件""]}, ""override"": ""explicit_boundary_term""}",exclude_from_three_target_lines,main_matrix_original
2025_顺义_一模,2025,顺义,一模,6,,question,B2_ECONOMICS,objective,/Users/wanglifei/Desktop/2025模拟题/2025各区一模/2025顺义一模/试卷/试卷.pdf,paper,included,/Users/wanglifei/Desktop/北京高考政治/reports/必修二三与必修四文化_题源分类准备_20260617_1301/03_question_index/question_candidates.csv,"{""target"": ""B2_ECONOMICS"", ""target_score"": 7, ""boundary"": ""XB3_EXCLUDED"", ""boundary_score"": 2, ""matches"": {""B2_ECONOMICS"": ""宏观调控,财政,boost:宏观调控,boost:财政"", ""B3_POLITICS_RULE_OF_LAW"": ""政府"", ""XB3_EXCLUDED"": ""关系判断,boost:关系判断""}}",future_baodian_intake,main_matrix_original
2025_顺义_一模,2025,顺义,一模,7,,question,XB3_EXCLUDED,objective,/Users/wanglifei/Desktop/2025模拟题/2025各区一模/2025顺义一模/试卷/试卷.pdf,paper,module-boundary-excluded,/Users/wanglifei/Desktop/北京高考政治/reports/必修二三与必修四文化_题源分类准备_20260617_1301/03_question_index/question_candidates.csv,"{""target"": ""B2_ECONOMICS"", ""target_score"": 0, ""boundary"": ""XB3_EXCLUDED"", ""boundary_score"": 20, ""matches"": {""XB3_EXCLUDED"": ""三段论,周延,boost:三段论,boost:周延""}, ""explicit_boundary_modules"": {""XB3_EXCLUDED"": [""三段论""]}, ""override"": ""explicit_boundary_term""}",exclude_from_three_target_lines,main_matrix_original
2025_顺义_一模,2025,顺义,一模,8,,question,B3_POLITICS_RULE_OF_LAW,objective,/Users/wanglifei/Desktop/2025模拟题/2025各区一模/2025顺义一模/试卷/试卷.pdf,paper,included,/Users/wanglifei/Desktop/北京高考政治/reports/必修二三与必修四文化_题源分类准备_20260617_1301/03_question_index/question_candidates.csv,"{""target"": ""B3_POLITICS_RULE_OF_LAW"", ""target_score"": 16, ""boundary"": ""B4_PHILOSOPHY_EXCLUDED"", ""boundary_score"": 3, ""matches"": {""B3_POLITICS_RULE_OF_LAW"": ""人民代表大会,人大代表,宪法,全国人大,boost:人民代表大会,boost:人大代表,boost:宪法,boost:全国人大"", ""B4_PHILOSOPHY_EXCLUDED"": ""人民群众,boost:人民群众""}}",future_baodian_intake,main_matrix_original
2025_顺义_一模,2025,顺义,一模,9,,question,B3_POLITICS_RULE_OF_LAW,objective,/Users/wanglifei/Desktop/2025模拟题/2025各区一模/2025顺义一模/试卷/试卷.pdf,paper,included,/Users/wanglifei/Desktop/北京高考政治/reports/必修二三与必修四文化_题源分类准备_20260617_1301/03_question_index/question_candidates.csv,"{""target"": ""B3_POLITICS_RULE_OF_LAW"", ""target_score"": 2, ""boundary"": ""B4_PHILOSOPHY_EXCLUDED"", ""boundary_score"": 0, ""matches"": {""B3_POLITICS_RULE_OF_LAW"": ""政府""}}",future_baodian_intake,main_matrix_original
2026_东城_一模,2026,东城,一模,1,,question,UNKNOWN_OR_MIXED,objective,/Users/wanglifei/Desktop/2026模拟题/2026各区一模/2026东城一模/试卷/试卷.pdf,paper,blocked,/Users/wanglifei/Desktop/北京高考政治/reports/必修二三与必修四文化_题源分类准备_20260617_1301/03_question_index/question_candidates.csv,"{""target"": ""B2_ECONOMICS"", ""target_score"": 0, ""boundary"": ""B4_PHILOSOPHY_EXCLUDED"", ""boundary_score"": 0, ""matches"": {}}",manual_review_needed,main_matrix_original
2026_东城_一模,2026,东城,一模,10,,question,XB2_EXCLUDED,objective,/Users/wanglifei/Desktop/2026模拟题/2026各区一模/2026东城一模/试卷/试卷.pdf,paper,module-boundary-excluded,/Users/wanglifei/Desktop/北京高考政治/reports/必修二三与必修四文化_题源分类准备_20260617_1301/03_question_index/question_candidates.csv,"{""target"": ""B2_ECONOMICS"", ""target_score"": 0, ""boundary"": ""XB2_EXCLUDED"", ""boundary_score"": 2, ""matches"": {""XB2_EXCLUDED"": ""所有权,boost:所有权""}, ""explicit_boundary_modules"": {""XB2_EXCLUDED"": [""所有权""]}, ""override"": ""explicit_boundary_term""}",exclude_from_three_target_lines,main_matrix_original
2026_东城_一模,2026,东城,一模,11,,question,XB2_EXCLUDED,objective,/Users/wanglifei/Desktop/2026模拟题/2026各区一模/2026东城一模/试卷/试卷.pdf,paper,module-boundary-excluded,/Users/wanglifei/Desktop/北京高考政治/reports/必修二三与必修四文化_题源分类准备_20260617_1301/03_question_index/question_candidates.csv,"{""target"": ""B2_ECONOMICS"", ""target_score"": 1, ""boundary"": ""XB2_EXCLUDED"", ""boundary_score"": 3, ""matches"": {""B2_ECONOMICS"": ""消费"", ""XB2_EXCLUDED"": ""举证,赔偿,boost:举证""}}",exclude_from_three_target_lines,main_matrix_original
2026_东城_一模,2026,东城,一模,12,,question,B2_ECONOMICS,objective,/Users/wanglifei/Desktop/2026模拟题/2026各区一模/2026东城一模/试卷/试卷.pdf,paper,included,/Users/wanglifei/Desktop/北京高考政治/reports/必修二三与必修四文化_题源分类准备_20260617_1301/03_question_index/question_candidates.csv,"{""target"": ""B2_ECONOMICS"", ""target_score"": 3, ""boundary"": ""B4_PHILOSOPHY_EXCLUDED"", ""boundary_score"": 0, ""matches"": {""B2_ECONOMICS"": ""产业链,boost:产业链""}}",future_baodian_intake,main_matrix_original
2026_东城_一模,2026,东城,一模,13,,question,B2_ECONOMICS,objective,/Users/wanglifei/Desktop/2026模拟题/2026各区一模/2026东城一模/试卷/试卷.pdf,paper,included,/Users/wanglifei/Desktop/北京高考政治/reports/必修二三与必修四文化_题源分类准备_20260617_1301/03_question_index/question_candidates.csv,"{""target"": ""B2_ECONOMICS"", ""target_score"": 3, ""boundary"": ""B4_PHILOSOPHY_EXCLUDED"", ""boundary_score"": 0, ""matches"": {""B2_ECONOMICS"": ""高质量发展,消费,boost:高质量发展""}}",future_baodian_intake,main_matrix_original
2026_东城_一模,2026,东城,一模,14,,question,UNKNOWN_OR_MIXED,objective,/Users/wanglifei/Desktop/2026模拟题/2026各区一模/2026东城一模/试卷/试卷.pdf,paper,blocked,/Users/wanglifei/Desktop/北京高考政治/reports/必修二三与必修四文化_题源分类准备_20260617_1301/03_question_index/question_candidates.csv,"{""target"": ""B4_CULTURE"", ""target_score"": 1, ""boundary"": ""XB1_EXCLUDED"", ""boundary_score"": 2, ""matches"": {""B4_CULTURE"": ""文化"", ""B4_PHILOSOPHY_EXCLUDED"": ""认识"", ""XB1_EXCLUDED"": ""外交,boost:外交""}}",manual_review_needed,main_matrix_original
2026_东城_一模,2026,东城,一模,15,,question,XB1_EXCLUDED,objective,/Users/wanglifei/Desktop/2026模拟题/2026各区一模/2026东城一模/试卷/试卷.pdf,paper,module-boundary-excluded,/Users/wanglifei/Desktop/北京高考政治/reports/必修二三与必修四文化_题源分类准备_20260617_1301/03_question_index/question_candidates.csv,"{""target"": ""B4_CULTURE"", ""target_score"": 2, ""boundary"": ""XB1_EXCLUDED"", ""boundary_score"": 10, ""matches"": {""B4_CULTURE"": ""文明交流互鉴,boost:文明交流互鉴"", ""XB1_EXCLUDED"": ""中国外交,全球治理,世界多极化,人类命运共同体,外交,boost:中国外交,boost:全球治理,boost:世界多极化,boost:人类命运共同体,boost:外交""}, ""explicit_boundary_modules"": {""XB1_EXCLUDED"": [""世界多极化"", ""全球治理"", ""人类命运共同体""]}, ""override"": ""explicit_boundary_term""}",exclude_from_three_target_lines,main_matrix_original
2026_东城_一模,2026,东城,一模,16,,question,B4_CULTURE,subjective,/Users/wanglifei/Desktop/2026模拟题/2026各区一模/2026东城一模/试卷/试卷.pdf,paper,included,/Users/wanglifei/Desktop/北京高考政治/reports/必修二三与必修四文化_题源分类准备_20260617_1301/03_question_index/question_candidates.csv,"{""target"": ""B4_CULTURE"", ""target_score"": 11, ""boundary"": ""B1_EXCLUDED"", ""boundary_score"": 1, ""matches"": {""B2_ECONOMICS"": ""劳动者"", ""B4_CULTURE"": ""文化,民族精神,文艺,boost:民族精神"", ""B1_EXCLUDED"": ""中国特色社会主义""}}",future_baodian_intake,main_matrix_original
2026_东城_一模,2026,东城,一模,17,,question,B3_POLITICS_RULE_OF_LAW,subjective,/Users/wanglifei/Desktop/2026模拟题/2026各区一模/2026东城一模/试卷/试卷.pdf,paper,included,/Users/wanglifei/Desktop/北京高考政治/reports/必修二三与必修四文化_题源分类准备_20260617_1301/03_question_index/question_candidates.csv,"{""target"": ""B3_POLITICS_RULE_OF_LAW"", ""target_score"": 18, ""boundary"": ""B4_PHILOSOPHY_EXCLUDED"", ""boundary_score"": 1, ""matches"": {""B2_ECONOMICS"": ""就业,boost:就业"", ""B3_POLITICS_RULE_OF_LAW"": ""政治与法治,人大代表,政协,全过程人民民主,政府,公共服务,模拟政协,boost:政治与法治,boost:人大代表,boost:政协,boost:全过程人民民主,boost:模拟政协"", ""B4_PHILOSOPHY_EXCLUDED"": ""实践""}}",future_baodian_intake,main_matrix_original
2026_东城_一模,2026,东城,一模,18,,question,XB2_EXCLUDED,subjective,/Users/wanglifei/Desktop/2026模拟题/2026各区一模/2026东城一模/试卷/试卷.pdf,paper,module-boundary-excluded,/Users/wanglifei/Desktop/北京高考政治/reports/必修二三与必修四文化_题源分类准备_20260617_1301/03_question_index/question_candidates.csv,"{""target"": ""B3_POLITICS_RULE_OF_LAW"", ""target_score"": 9, ""boundary"": ""XB2_EXCLUDED"", ""boundary_score"": 25, ""matches"": {""B3_POLITICS_RULE_OF_LAW"": ""公正司法,法院,boost:公正司法"", ""B4_PHILOSOPHY_EXCLUDED"": ""矛盾,boost:矛盾"", ""XB2_EXCLUDED"": ""法律与生活,侵权,知识产权,诉讼,调解,赔偿,专利,boost:法律与生活,boost:侵权,boost:知识产权,boost:诉讼,boost:调解""}, ""explicit_boundary_modules"": {""XB2_EXCLUDED"": [""法律与生活"", ""侵权"", ""知识产权"", ""诉讼"", ""专利""]}, ""override"": ""explicit_boundary_term""}",exclude_from_three_target_lines,main_matrix_original
2026_东城_一模,2026,东城,一模,19,,question,XB1_EXCLUDED,subjective,/Users/wanglifei/Desktop/2026模拟题/2026各区一模/2026东城一模/试卷/试卷.pdf,paper,module-boundary-excluded,/Users/wanglifei/Desktop/北京高考政治/reports/必修二三与必修四文化_题源分类准备_20260617_1301/03_question_index/question_candidates.csv,"{""target"": ""B2_ECONOMICS"", ""target_score"": 18, ""boundary"": ""XB1_EXCLUDED"", ""boundary_score"": 4, ""matches"": {""B2_ECONOMICS"": ""高质量发展,实体经济,数字经济,新质生产力,产业链,产业发展,boost:高质量发展,boost:实体经济,boost:数字经济,boost:新质生产力,boost:产业链"", ""XB1_EXCLUDED"": ""当代国际政治与经济,对外开放,boost:当代国际政治与经济"", ""XB3_EXCLUDED"": ""创新思维,boost:创新思维""}, ""explicit_boundary_modules"": {""XB1_EXCLUDED"": [""当代国际政治与经济""], ""XB3_EXCLUDED"": [""创新思维""]}, ""override"": ""explicit_boundary_term""}",exclude_from_three_target_lines,main_matrix_original
2026_东城_一模,2026,东城,一模,2,,question,B4_CULTURE,objective,/Users/wanglifei/Desktop/2026模拟题/2026各区一模/2026东城一模/试卷/试卷.pdf,paper,included,/Users/wanglifei/Desktop/北京高考政治/reports/必修二三与必修四文化_题源分类准备_20260617_1301/03_question_index/question_candidates.csv,"{""target"": ""B4_CULTURE"", ""target_score"": 12, ""boundary"": ""B4_PHILOSOPHY_EXCLUDED"", ""boundary_score"": 0, ""matches"": {""B2_ECONOMICS"": ""消费"", ""B4_CULTURE"": ""文化,传统文化,文化传承,非遗,文创,boost:传统文化,boost:文化传承,boost:非遗,boost:文创""}}",future_baodian_intake,main_matrix_original
2026_东城_一模,2026,东城,一模,20,,question,B3_POLITICS_RULE_OF_LAW,subjective,/Users/wanglifei/Desktop/2026模拟题/2026各区一模/2026东城一模/试卷/试卷.pdf,paper,included,/Users/wanglifei/Desktop/北京高考政治/reports/必修二三与必修四文化_题源分类准备_20260617_1301/03_question_index/question_candidates.csv,"{""target"": ""B3_POLITICS_RULE_OF_LAW"", ""target_score"": 8, ""boundary"": ""B4_PHILOSOPHY_EXCLUDED"", ""boundary_score"": 4, ""matches"": {""B3_POLITICS_RULE_OF_LAW"": ""中国共产党,党的领导,全面依法治国,boost:中国共产党,boost:党的领导,boost:全面依法治国"", ""B4_CULTURE"": ""中华文明,boost:中华文明"", ""B4_PHILOSOPHY_EXCLUDED"": ""实践,认识""}}",future_baodian_intake,main_matrix_original
2026_东城_一模,2026,东城,一模,3,,question,UNKNOWN_OR_MIXED,objective,/Users/wanglifei/Desktop/2026模拟题/2026各区一模/2026东城一模/试卷/试卷.pdf,paper,blocked,/Users/wanglifei/Desktop/北京高考政治/reports/必修二三与必修四文化_题源分类准备_20260617_1301/03_question_index/question_candidates.csv,"{""target"": ""B2_ECONOMICS"", ""target_score"": 0, ""boundary"": ""XB1_EXCLUDED"", ""boundary_score"": 1, ""matches"": {""XB1_EXCLUDED"": ""对外开放""}}",manual_review_needed,main_matrix_original
2026_东城_一模,2026,东城,一模,4,,question,B4_CULTURE,objective,/Users/wanglifei/Desktop/2026模拟题/2026各区一模/2026东城一模/试卷/试卷.pdf,paper,included,/Users/wanglifei/Desktop/北京高考政治/reports/必修二三与必修四文化_题源分类准备_20260617_1301/03_question_index/question_candidates.csv,"{""target"": ""B4_CULTURE"", ""target_score"": 7, ""boundary"": ""B4_PHILOSOPHY_EXCLUDED"", ""boundary_score"": 0, ""matches"": {""B4_CULTURE"": ""文化,传统文化,文物,boost:传统文化,boost:文物""}}",future_baodian_intake,main_matrix_original
2026_东城_一模,2026,东城,一模,5,,question,B4_PHILOSOPHY_EXCLUDED,objective,/Users/wanglifei/Desktop/2026模拟题/2026各区一模/2026东城一模/试卷/试卷.pdf,paper,module-boundary-excluded,/Users/wanglifei/Desktop/北京高考政治/reports/必修二三与必修四文化_题源分类准备_20260617_1301/03_question_index/question_candidates.csv,"{""target"": ""B2_ECONOMICS"", ""target_score"": 0, ""boundary"": ""B4_PHILOSOPHY_EXCLUDED"", ""boundary_score"": 3, ""matches"": {""B4_PHILOSOPHY_EXCLUDED"": ""认识,真理,boost:真理""}}",exclude_from_three_target_lines,main_matrix_original
2026_东城_一模,2026,东城,一模,6,,question,B4_PHILOSOPHY_EXCLUDED,objective,/Users/wanglifei/Desktop/2026模拟题/2026各区一模/2026东城一模/试卷/试卷.pdf,paper,module-boundary-excluded,/Users/wanglifei/Desktop/北京高考政治/reports/必修二三与必修四文化_题源分类准备_20260617_1301/03_question_index/question_candidates.csv,"{""target"": ""B2_ECONOMICS"", ""target_score"": 0, ""boundary"": ""B4_PHILOSOPHY_EXCLUDED"", ""boundary_score"": 3, ""matches"": {""B4_PHILOSOPHY_EXCLUDED"": ""认识,辩证否定,boost:辩证否定""}, ""explicit_boundary_modules"": {""B4_PHILOSOPHY_EXCLUDED"": [""辩证否定""]}, ""override"": ""explicit_boundary_term""}",exclude_from_three_target_lines,main_matrix_original
2026_东城_一模,2026,东城,一模,7,,question,UNKNOWN_OR_MIXED,objective,/Users/wanglifei/Desktop/2026模拟题/2026各区一模/2026东城一模/试卷/试卷.pdf,paper,blocked,/Users/wanglifei/Desktop/北京高考政治/reports/必修二三与必修四文化_题源分类准备_20260617_1301/03_question_index/question_candidates.csv,"{""target"": ""B2_ECONOMICS"", ""target_score"": 0, ""boundary"": ""B4_PHILOSOPHY_EXCLUDED"", ""boundary_score"": 0, ""matches"": {}}",manual_review_needed,main_matrix_original
2026_东城_一模,2026,东城,一模,8,,question,B2_ECONOMICS,objective,/Users/wanglifei/Desktop/2026模拟题/2026各区一模/2026东城一模/试卷/试卷.pdf,paper,included,/Users/wanglifei/Desktop/北京高考政治/reports/必修二三与必修四文化_题源分类准备_20260617_1301/03_question_index/question_candidates.csv,"{""target"": ""B2_ECONOMICS"", ""target_score"": 17, ""boundary"": ""B4_PHILOSOPHY_EXCLUDED"", ""boundary_score"": 0, ""matches"": {""B2_ECONOMICS"": ""有效市场,有为政府,高质量发展,养老服务,boost:高质量发展,boost:养老服务"", ""B3_POLITICS_RULE_OF_LAW"": ""政府""}}",future_baodian_intake,main_matrix_original
2026_东城_一模,2026,东城,一模,9,,question,UNKNOWN_OR_MIXED,objective,/Users/wanglifei/Desktop/2026模拟题/2026各区一模/2026东城一模/试卷/试卷.pdf,paper,blocked,/Users/wanglifei/Desktop/北京高考政治/reports/必修二三与必修四文化_题源分类准备_20260617_1301/03_question_index/question_candidates.csv,"{""target"": ""B2_ECONOMICS"", ""target_score"": 0, ""boundary"": ""B4_PHILOSOPHY_EXCLUDED"", ""boundary_score"": 0, ""matches"": {}}",manual_review_needed,main_matrix_original
2026_东城_二模,2026,东城,二模,1,,question,B2_ECONOMICS,objective,/Users/wanglifei/Desktop/2026模拟题/2026各区二模/2026东城二模/试卷/2026北京东城高三二模政治（教师版）.docx,paper,included,/Users/wanglifei/Desktop/北京高考政治/reports/必修二三与必修四文化_题源分类准备_20260617_1301/03_question_index/question_candidates.csv,"{""target"": ""B2_ECONOMICS"", ""target_score"": 4, ""boundary"": ""B1_EXCLUDED"", ""boundary_score"": 2, ""matches"": {""B2_ECONOMICS"": ""现代化经济体系,共同富裕,boost:现代化经济体系,boost:共同富裕"", ""B3_POLITICS_RULE_OF_LAW"": ""中国共产党,党的领导,boost:中国共产党,boost:党的领导"", ""B1_EXCLUDED"": ""中国特色社会主义""}}",future_baodian_intake,main_matrix_original
2026_东城_二模,2026,东城,二模,10,,question,XB2_EXCLUDED,objective,/Users/wanglifei/Desktop/2026模拟题/2026各区二模/2026东城二模/试卷/2026北京东城高三二模政治（教师版）.docx,paper,module-boundary-excluded,/Users/wanglifei/Desktop/北京高考政治/reports/必修二三与必修四文化_题源分类准备_20260617_1301/03_question_index/question_candidates.csv,"{""target"": ""B2_ECONOMICS"", ""target_score"": 0, ""boundary"": ""XB2_EXCLUDED"", ""boundary_score"": 14, ""matches"": {""XB2_EXCLUDED"": ""合同,民事,民事行为能力,违约,boost:合同,boost:民事,boost:民事行为能力,boost:违约""}, ""explicit_boundary_modules"": {""XB2_EXCLUDED"": [""合同"", ""民事""]}, ""override"": ""explicit_boundary_term""}",exclude_from_three_target_lines,main_matrix_original
2026_东城_二模,2026,东城,二模,11,,question,B3_POLITICS_RULE_OF_LAW,objective,/Users/wanglifei/Desktop/2026模拟题/2026各区二模/2026东城二模/试卷/2026北京东城高三二模政治（教师版）.docx,paper,included,/Users/wanglifei/Desktop/北京高考政治/reports/必修二三与必修四文化_题源分类准备_20260617_1301/03_question_index/question_candidates.csv,"{""target"": ""B3_POLITICS_RULE_OF_LAW"", ""target_score"": 4, ""boundary"": ""XB2_EXCLUDED"", ""boundary_score"": 1, ""matches"": {""B2_ECONOMICS"": ""劳动者"", ""B3_POLITICS_RULE_OF_LAW"": ""法院"", ""XB2_EXCLUDED"": ""赔偿""}}",future_baodian_intake,main_matrix_original
2026_东城_二模,2026,东城,二模,12,,question,XB3_EXCLUDED,objective,/Users/wanglifei/Desktop/2026模拟题/2026各区二模/2026东城二模/试卷/2026北京东城高三二模政治（教师版）.docx,paper,module-boundary-excluded,/Users/wanglifei/Desktop/北京高考政治/reports/必修二三与必修四文化_题源分类准备_20260617_1301/03_question_index/question_candidates.csv,"{""target"": ""B2_ECONOMICS"", ""target_score"": 0, ""boundary"": ""XB3_EXCLUDED"", ""boundary_score"": 6, ""matches"": {""XB3_EXCLUDED"": ""推理,三段论,关系判断,boost:推理,boost:三段论,boost:关系判断""}, ""explicit_boundary_modules"": {""XB3_EXCLUDED"": [""三段论"", ""推理""]}, ""override"": ""explicit_boundary_term""}",exclude_from_three_target_lines,main_matrix_original
2026_东城_二模,2026,东城,二模,13,,question,UNKNOWN_OR_MIXED,objective,/Users/wanglifei/Desktop/2026模拟题/2026各区二模/2026东城二模/试卷/2026北京东城高三二模政治（教师版）.docx,paper,blocked,/Users/wanglifei/Desktop/北京高考政治/reports/必修二三与必修四文化_题源分类准备_20260617_1301/03_question_index/question_candidates.csv,"{""target"": ""B2_ECONOMICS"", ""target_score"": 0, ""boundary"": ""B4_PHILOSOPHY_EXCLUDED"", ""boundary_score"": 0, ""matches"": {}}",manual_review_needed,main_matrix_original
2026_东城_二模,2026,东城,二模,14,,question,XB1_EXCLUDED,objective,/Users/wanglifei/Desktop/2026模拟题/2026各区二模/2026东城二模/试卷/2026北京东城高三二模政治（教师版）.docx,paper,module-boundary-excluded,/Users/wanglifei/Desktop/北京高考政治/reports/必修二三与必修四文化_题源分类准备_20260617_1301/03_question_index/question_candidates.csv,"{""target"": ""B2_ECONOMICS"", ""target_score"": 3, ""boundary"": ""XB1_EXCLUDED"", ""boundary_score"": 2, ""matches"": {""B2_ECONOMICS"": ""生产要素,基础设施,boost:生产要素"", ""XB1_EXCLUDED"": ""世界多极化,boost:世界多极化""}, ""explicit_boundary_modules"": {""XB1_EXCLUDED"": [""世界多极化""]}, ""override"": ""explicit_boundary_term""}",exclude_from_three_target_lines,main_matrix_original
2026_东城_二模,2026,东城,二模,15,,question,XB1_EXCLUDED,objective,/Users/wanglifei/Desktop/2026模拟题/2026各区二模/2026东城二模/试卷/2026北京东城高三二模政治（教师版）.docx,paper,module-boundary-excluded,/Users/wanglifei/Desktop/北京高考政治/reports/必修二三与必修四文化_题源分类准备_20260617_1301/03_question_index/question_candidates.csv,"{""target"": ""B2_ECONOMICS"", ""target_score"": 0, ""boundary"": ""XB1_EXCLUDED"", ""boundary_score"": 3, ""matches"": {""XB1_EXCLUDED"": ""联合国,boost:联合国""}, ""explicit_boundary_modules"": {""XB1_EXCLUDED"": [""联合国""]}, ""override"": ""explicit_boundary_term""}",exclude_from_three_target_lines,main_matrix_original
2026_东城_二模,2026,东城,二模,16,,question,B4_CULTURE,subjective,/Users/wanglifei/Desktop/2026模拟题/2026各区二模/2026东城二模/试卷/2026北京东城高三二模政治（教师版）.docx,paper,included,/Users/wanglifei/Desktop/北京高考政治/reports/必修二三与必修四文化_题源分类准备_20260617_1301/03_question_index/question_candidates.csv,"{""target"": ""B4_CULTURE"", ""target_score"": 8, ""boundary"": ""B4_PHILOSOPHY_EXCLUDED"", ""boundary_score"": 2, ""matches"": {""B4_CULTURE"": ""文化,文化创新,中轴线,boost:文化创新,boost:中轴线"", ""B4_PHILOSOPHY_EXCLUDED"": ""实践,认识""}}",future_baodian_intake,main_matrix_original
2026_东城_二模,2026,东城,二模,17,,question,B3_POLITICS_RULE_OF_LAW,subjective,/Users/wanglifei/Desktop/2026模拟题/2026各区二模/2026东城二模/试卷/2026北京东城高三二模政治（教师版）.docx,paper,included,/Users/wanglifei/Desktop/北京高考政治/reports/必修二三与必修四文化_题源分类准备_20260617_1301/03_question_index/question_candidates.csv,"{""target"": ""B3_POLITICS_RULE_OF_LAW"", ""target_score"": 3, ""boundary"": ""B4_PHILOSOPHY_EXCLUDED"", ""boundary_score"": 0, ""matches"": {""B3_POLITICS_RULE_OF_LAW"": ""政治与法治,民主决策,boost:政治与法治""}}",future_baodian_intake,main_matrix_original
2026_东城_二模,2026,东城,二模,18,,question,XB3_EXCLUDED,subjective,/Users/wanglifei/Desktop/2026模拟题/2026各区二模/2026东城二模/试卷/2026北京东城高三二模政治（教师版）.docx,paper,module-boundary-excluded,/Users/wanglifei/Desktop/北京高考政治/reports/必修二三与必修四文化_题源分类准备_20260617_1301/03_question_index/question_candidates.csv,"{""target"": ""B2_ECONOMICS"", ""target_score"": 0, ""boundary"": ""XB3_EXCLUDED"", ""boundary_score"": 12, ""matches"": {""XB3_EXCLUDED"": ""逻辑与思维,超前思维,推理,类比推理,boost:逻辑与思维,boost:超前思维,boost:推理,boost:类比推理""}, ""explicit_boundary_modules"": {""XB3_EXCLUDED"": [""逻辑与思维"", ""超前思维"", ""推理""]}, ""override"": ""explicit_boundary_term""}",exclude_from_three_target_lines,main_matrix_original
2026_东城_二模,2026,东城,二模,19,,question,XB2_EXCLUDED,subjective,/Users/wanglifei/Desktop/2026模拟题/2026各区二模/2026东城二模/试卷/2026北京东城高三二模政治（教师版）.docx,paper,module-boundary-excluded,/Users/wanglifei/Desktop/北京高考政治/reports/必修二三与必修四文化_题源分类准备_20260617_1301/03_question_index/question_candidates.csv,"{""target"": ""B2_ECONOMICS"", ""target_score"": 6, ""boundary"": ""XB2_EXCLUDED"", ""boundary_score"": 10, ""matches"": {""B2_ECONOMICS"": ""市场经济,营商环境,劳动者,市场主体,boost:市场经济,boost:营商环境"", ""XB2_EXCLUDED"": ""法律与生活,合同,赔偿,违约,boost:法律与生活,boost:合同,boost:违约""}, ""explicit_boundary_modules"": {""XB2_EXCLUDED"": [""法律与生活"", ""合同""]}, ""override"": ""explicit_boundary_term""}",exclude_from_three_target_lines,main_matrix_original
2026_东城_二模,2026,东城,二模,2,,question,B4_CULTURE,objective,/Users/wanglifei/Desktop/2026模拟题/2026各区二模/2026东城二模/试卷/2026北京东城高三二模政治（教师版）.docx,paper,included,/Users/wanglifei/Desktop/北京高考政治/reports/必修二三与必修四文化_题源分类准备_20260617_1301/03_question_index/question_candidates.csv,"{""target"": ""B4_CULTURE"", ""target_score"": 10, ""boundary"": ""B4_PHILOSOPHY_EXCLUDED"", ""boundary_score"": 0, ""matches"": {""B4_CULTURE"": ""文化,中华优秀传统文化,优秀传统文化,传统文化,中华文明,boost:中华优秀传统文化,boost:优秀传统文化,boost:传统文化,boost:中华文明""}}",future_baodian_intake,main_matrix_original
2026_东城_二模,2026,东城,二模,20(1),20,subquestion,B2_ECONOMICS,subjective,/Users/wanglifei/Desktop/2026模拟题/2026各区二模/2026东城二模/试卷/2026北京东城高三二模政治（教师版）.docx,paper,included,04_module_classification/subquestion_split_matrix.csv,"{""override"": ""prompt_router"", ""prompt_terms"": [""经济信息/经济角度""], ""classification_text"": ""(1)概括材料一反映的经济信息。(4分)"", ""base_decision"": ""{\""target\"": \""B2_ECONOMICS\"", \""target_score\"": 0, \""boundary\"": \""B4_PHILOSOPHY_EXCLUDED\"", \""boundary_score\"": 0, \""matches\"": {}}""}",future_baodian_intake,subquestion_integrated_target
2026_东城_二模,2026,东城,二模,20(2),20,subquestion,B2_ECONOMICS,subjective,/Users/wanglifei/Desktop/2026模拟题/2026各区二模/2026东城二模/试卷/2026北京东城高三二模政治（教师版）.docx,paper,included,04_module_classification/subquestion_split_matrix.csv,"{""target"": ""B2_ECONOMICS"", ""target_score"": 2, ""boundary"": ""B4_PHILOSOPHY_EXCLUDED"", ""boundary_score"": 0, ""matches"": {""B2_ECONOMICS"": ""经济与社会,boost:经济与社会""}}",future_baodian_intake,subquestion_integrated_target
2026_东城_二模,2026,东城,二模,20(3),20,subquestion,XB1_EXCLUDED,subjective,/Users/wanglifei/Desktop/2026模拟题/2026各区二模/2026东城二模/试卷/2026北京东城高三二模政治（教师版）.docx,paper,module-boundary-excluded,04_module_classification/subquestion_split_matrix.csv,"{""target"": ""B2_ECONOMICS"", ""target_score"": 0, ""boundary"": ""XB1_EXCLUDED"", ""boundary_score"": 2, ""matches"": {""XB1_EXCLUDED"": ""当代国际政治与经济,boost:当代国际政治与经济""}, ""explicit_boundary_modules"": {""XB1_EXCLUDED"": [""当代国际政治与经济""]}, ""override"": ""explicit_boundary_term""}",exclude_from_three_target_lines,subquestion_integrated_boundary
2026_东城_二模,2026,东城,二模,21,,question,XB2_EXCLUDED,subjective,/Users/wanglifei/Desktop/2026模拟题/2026各区二模/2026东城二模/试卷/2026北京东城高三二模政治（教师版）.docx,paper,module-boundary-excluded,/Users/wanglifei/Desktop/北京高考政治/reports/必修二三与必修四文化_题源分类准备_20260617_1301/03_question_index/question_candidates.csv,"{""target"": ""B3_POLITICS_RULE_OF_LAW"", ""target_score"": 6, ""boundary"": ""XB2_EXCLUDED"", ""boundary_score"": 8, ""matches"": {""B2_ECONOMICS"": ""经济职能,高质量发展,消费,boost:经济职能,boost:高质量发展"", ""B3_POLITICS_RULE_OF_LAW"": ""中国共产党,党的领导,政府,法院,boost:中国共产党,boost:党的领导"", ""B4_CULTURE"": ""文化,中华文明,boost:中华文明"", ""XB1_EXCLUDED"": ""国际组织,boost:国际组织"", ""XB2_EXCLUDED"": ""合同,侵权,劳动合同,人格权,boost:合同,boost:侵权,boost:劳动合同,boost:人格权"", ""XB3_EXCLUDED"": ""辩证思维,boost:辩证思维""}, ""explicit_boundary_modules"": {""XB1_EXCLUDED"": [""国际组织""], ""XB2_EXCLUDED"": [""合同"", ""侵权"", ""人格权"", ""劳动合同""], ""XB3_EXCLUDED"": [""辩证思维""]}, ""override"": ""explicit_boundary_term""}",exclude_from_three_target_lines,main_matrix_original
2026_东城_二模,2026,东城,二模,3,,question,XB3_EXCLUDED,objective,/Users/wanglifei/Desktop/2026模拟题/2026各区二模/2026东城二模/试卷/2026北京东城高三二模政治（教师版）.docx,paper,module-boundary-excluded,/Users/wanglifei/Desktop/北京高考政治/reports/必修二三与必修四文化_题源分类准备_20260617_1301/03_question_index/question_candidates.csv,"{""target"": ""B4_CULTURE"", ""target_score"": 2, ""boundary"": ""XB3_EXCLUDED"", ""boundary_score"": 4, ""matches"": {""B2_ECONOMICS"": ""消费"", ""B4_CULTURE"": ""文旅,boost:文旅"", ""XB3_EXCLUDED"": ""辩证思维,逆向思维,boost:辩证思维,boost:逆向思维""}, ""explicit_boundary_modules"": {""XB3_EXCLUDED"": [""辩证思维""]}, ""override"": ""explicit_boundary_term""}",exclude_from_three_target_lines,main_matrix_original
2026_东城_二模,2026,东城,二模,4,,question,UNKNOWN_OR_MIXED,objective,/Users/wanglifei/Desktop/2026模拟题/2026各区二模/2026东城二模/试卷/2026北京东城高三二模政治（教师版）.docx,paper,blocked,/Users/wanglifei/Desktop/北京高考政治/reports/必修二三与必修四文化_题源分类准备_20260617_1301/03_question_index/question_candidates.csv,"{""target"": ""B2_ECONOMICS"", ""target_score"": 2, ""boundary"": ""XB3_EXCLUDED"", ""boundary_score"": 2, ""matches"": {""B2_ECONOMICS"": ""数据要素,boost:数据要素"", ""B4_PHILOSOPHY_EXCLUDED"": ""认识"", ""XB3_EXCLUDED"": ""聚合思维,boost:聚合思维""}}",manual_review_needed,main_matrix_original
2026_东城_二模,2026,东城,二模,5,,question,XB3_EXCLUDED,objective,/Users/wanglifei/Desktop/2026模拟题/2026各区二模/2026东城二模/试卷/2026北京东城高三二模政治（教师版）.docx,paper,module-boundary-excluded,/Users/wanglifei/Desktop/北京高考政治/reports/必修二三与必修四文化_题源分类准备_20260617_1301/03_question_index/question_candidates.csv,"{""target"": ""B2_ECONOMICS"", ""target_score"": 0, ""boundary"": ""B4_PHILOSOPHY_EXCLUDED"", ""boundary_score"": 4, ""matches"": {""B4_PHILOSOPHY_EXCLUDED"": ""认识"", ""XB3_EXCLUDED"": ""科学思维,boost:科学思维""}, ""explicit_boundary_modules"": {""XB3_EXCLUDED"": [""科学思维""]}, ""override"": ""explicit_boundary_term""}",exclude_from_three_target_lines,main_matrix_original
2026_东城_二模,2026,东城,二模,6,,question,B2_ECONOMICS,objective,/Users/wanglifei/Desktop/2026模拟题/2026各区二模/2026东城二模/试卷/2026北京东城高三二模政治（教师版）.docx,paper,included,/Users/wanglifei/Desktop/北京高考政治/reports/必修二三与必修四文化_题源分类准备_20260617_1301/03_question_index/question_candidates.csv,"{""target"": ""B2_ECONOMICS"", ""target_score"": 2, ""boundary"": ""B4_PHILOSOPHY_EXCLUDED"", ""boundary_score"": 0, ""matches"": {""B2_ECONOMICS"": ""新质生产力,boost:新质生产力""}}",future_baodian_intake,main_matrix_original
2026_东城_二模,2026,东城,二模,7,,question,B2_ECONOMICS,objective,/Users/wanglifei/Desktop/2026模拟题/2026各区二模/2026东城二模/试卷/2026北京东城高三二模政治（教师版）.docx,paper,included,/Users/wanglifei/Desktop/北京高考政治/reports/必修二三与必修四文化_题源分类准备_20260617_1301/03_question_index/question_candidates.csv,"{""target"": ""B2_ECONOMICS"", ""target_score"": 10, ""boundary"": ""B4_PHILOSOPHY_EXCLUDED"", ""boundary_score"": 0, ""matches"": {""B2_ECONOMICS"": ""宏观调控,社会保障,就业,boost:宏观调控,boost:社会保障,boost:就业"", ""B3_POLITICS_RULE_OF_LAW"": ""政府""}}",future_baodian_intake,main_matrix_original
2026_东城_二模,2026,东城,二模,8,,question,B3_POLITICS_RULE_OF_LAW,objective,/Users/wanglifei/Desktop/2026模拟题/2026各区二模/2026东城二模/试卷/2026北京东城高三二模政治（教师版）.docx,paper,included,/Users/wanglifei/Desktop/北京高考政治/reports/必修二三与必修四文化_题源分类准备_20260617_1301/03_question_index/question_candidates.csv,"{""target"": ""B3_POLITICS_RULE_OF_LAW"", ""target_score"": 6, ""boundary"": ""B4_PHILOSOPHY_EXCLUDED"", ""boundary_score"": 0, ""matches"": {""B2_ECONOMICS"": ""高质量发展,boost:高质量发展"", ""B3_POLITICS_RULE_OF_LAW"": ""政府,人大常委会,公共服务,boost:人大常委会""}}",future_baodian_intake,main_matrix_original
2026_东城_二模,2026,东城,二模,9,,question,UNKNOWN_OR_MIXED,objective,/Users/wanglifei/Desktop/2026模拟题/2026各区二模/2026东城二模/试卷/2026北京东城高三二模政治（教师版）.docx,paper,blocked,/Users/wanglifei/Desktop/北京高考政治/reports/必修二三与必修四文化_题源分类准备_20260617_1301/03_question_index/question_candidates.csv,"{""target"": ""B3_POLITICS_RULE_OF_LAW"", ""target_score"": 1, ""boundary"": ""B4_PHILOSOPHY_EXCLUDED"", ""boundary_score"": 0, ""matches"": {""B3_POLITICS_RULE_OF_LAW"": ""社会治理""}}",manual_review_needed,main_matrix_original
2026_东城_期末,2026,东城,期末,1,,question,UNKNOWN_OR_MIXED,objective,/Users/wanglifei/Desktop/2026模拟题/2026各区期末和期中/2026东城期末/试卷/试卷.pdf,paper,blocked,/Users/wanglifei/Desktop/北京高考政治/reports/必修二三与必修四文化_题源分类准备_20260617_1301/03_question_index/question_candidates.csv,"{""target"": ""B2_ECONOMICS"", ""target_score"": 0, ""boundary"": ""B4_PHILOSOPHY_EXCLUDED"", ""boundary_score"": 1, ""matches"": {""B4_PHILOSOPHY_EXCLUDED"": ""实践"", ""B1_EXCLUDED"": ""中国特色社会主义""}}",manual_review_needed,main_matrix_original
2026_东城_期末,2026,东城,期末,10,,question,XB2_EXCLUDED,objective,/Users/wanglifei/Desktop/2026模拟题/2026各区期末和期中/2026东城期末/试卷/试卷.pdf,paper,module-boundary-excluded,/Users/wanglifei/Desktop/北京高考政治/reports/必修二三与必修四文化_题源分类准备_20260617_1301/03_question_index/question_candidates.csv,"{""target"": ""B2_ECONOMICS"", ""target_score"": 1, ""boundary"": ""XB2_EXCLUDED"", ""boundary_score"": 8, ""matches"": {""B2_ECONOMICS"": ""消费"", ""XB2_EXCLUDED"": ""侵权,物权,侵权责任,专利,boost:侵权,boost:物权,boost:侵权责任,boost:专利""}, ""explicit_boundary_modules"": {""XB2_EXCLUDED"": [""侵权"", ""专利"", ""物权""]}, ""override"": ""explicit_boundary_term""}",exclude_from_three_target_lines,main_matrix_original
2026_东城_期末,2026,东城,期末,11,,question,XB2_EXCLUDED,objective,/Users/wanglifei/Desktop/2026模拟题/2026各区期末和期中/2026东城期末/试卷/试卷.pdf,paper,module-boundary-excluded,/Users/wanglifei/Desktop/北京高考政治/reports/必修二三与必修四文化_题源分类准备_20260617_1301/03_question_index/question_candidates.csv,"{""target"": ""B2_ECONOMICS"", ""target_score"": 1, ""boundary"": ""XB2_EXCLUDED"", ""boundary_score"": 10, ""matches"": {""B2_ECONOMICS"": ""劳动者"", ""XB2_EXCLUDED"": ""合同,劳动合同,劳动关系,boost:合同,boost:劳动合同,boost:劳动关系""}, ""explicit_boundary_modules"": {""XB2_EXCLUDED"": [""合同"", ""劳动合同""]}, ""override"": ""explicit_boundary_term""}",exclude_from_three_target_lines,main_matrix_original
2026_东城_期末,2026,东城,期末,12,,question,XB2_EXCLUDED,objective,/Users/wanglifei/Desktop/2026模拟题/2026各区期末和期中/2026东城期末/试卷/试卷.pdf,paper,module-boundary-excluded,/Users/wanglifei/Desktop/北京高考政治/reports/必修二三与必修四文化_题源分类准备_20260617_1301/03_question_index/question_candidates.csv,"{""target"": ""B2_ECONOMICS"", ""target_score"": 5, ""boundary"": ""XB2_EXCLUDED"", ""boundary_score"": 2, ""matches"": {""B2_ECONOMICS"": ""市场机制,产业链,生产要素,boost:产业链,boost:生产要素"", ""XB2_EXCLUDED"": ""所有权,boost:所有权""}, ""explicit_boundary_modules"": {""XB2_EXCLUDED"": [""所有权""]}, ""override"": ""explicit_boundary_term""}",exclude_from_three_target_lines,main_matrix_original
2026_东城_期末,2026,东城,期末,13,,question,B2_ECONOMICS,objective,/Users/wanglifei/Desktop/2026模拟题/2026各区期末和期中/2026东城期末/试卷/试卷.pdf,paper,included,/Users/wanglifei/Desktop/北京高考政治/reports/必修二三与必修四文化_题源分类准备_20260617_1301/03_question_index/question_candidates.csv,"{""target"": ""B2_ECONOMICS"", ""target_score"": 11, ""boundary"": ""B4_PHILOSOPHY_EXCLUDED"", ""boundary_score"": 0, ""matches"": {""B2_ECONOMICS"": ""高质量发展,新质生产力,消费,就业,人力资源,数据要素,boost:高质量发展,boost:新质生产力,boost:就业,boost:数据要素""}}",future_baodian_intake,main_matrix_original
2026_东城_期末,2026,东城,期末,14,,question,UNKNOWN_OR_MIXED,objective,/Users/wanglifei/Desktop/2026模拟题/2026各区期末和期中/2026东城期末/试卷/试卷.pdf,paper,blocked,/Users/wanglifei/Desktop/北京高考政治/reports/必修二三与必修四文化_题源分类准备_20260617_1301/03_question_index/question_candidates.csv,"{""target"": ""B2_ECONOMICS"", ""target_score"": 0, ""boundary"": ""B4_PHILOSOPHY_EXCLUDED"", ""boundary_score"": 1, ""matches"": {""B4_PHILOSOPHY_EXCLUDED"": ""认识""}}",manual_review_needed,main_matrix_original
2026_东城_期末,2026,东城,期末,15,,question,B2_ECONOMICS,objective,/Users/wanglifei/Desktop/2026模拟题/2026各区期末和期中/2026东城期末/试卷/试卷.pdf,paper,included,/Users/wanglifei/Desktop/北京高考政治/reports/必修二三与必修四文化_题源分类准备_20260617_1301/03_question_index/question_candidates.csv,"{""target"": ""B2_ECONOMICS"", ""target_score"": 2, ""boundary"": ""B4_PHILOSOPHY_EXCLUDED"", ""boundary_score"": 0, ""matches"": {""B2_ECONOMICS"": ""产业链,boost:产业链""}}",future_baodian_intake,main_matrix_original
2026_东城_期末,2026,东城,期末,16,,question,XB3_EXCLUDED,subjective,/Users/wanglifei/Desktop/2026模拟题/2026各区期末和期中/2026东城期末/试卷/试卷.pdf,paper,module-boundary-excluded,/Users/wanglifei/Desktop/北京高考政治/reports/必修二三与必修四文化_题源分类准备_20260617_1301/03_question_index/question_candidates.csv,"{""target"": ""B4_CULTURE"", ""target_score"": 8, ""boundary"": ""XB3_EXCLUDED"", ""boundary_score"": 9, ""matches"": {""B2_ECONOMICS"": ""市场主体,数据要素,boost:数据要素"", ""B4_CULTURE"": ""文化,中华优秀传统文化,优秀传统文化,传统文化,boost:中华优秀传统文化,boost:优秀传统文化,boost:传统文化"", ""B4_PHILOSOPHY_EXCLUDED"": ""矛盾,boost:矛盾"", ""XB3_EXCLUDED"": ""推理,必要条件,充分条件,逻辑规则,boost:推理,boost:必要条件,boost:充分条件,boost:逻辑规则""}, ""explicit_boundary_modules"": {""XB3_EXCLUDED"": [""推理"", ""假言"", ""充分条件"", ""必要条件""]}, ""override"": ""explicit_boundary_term""}",exclude_from_three_target_lines,main_matrix_original
2026_东城_期末,2026,东城,期末,17,,question,B2_ECONOMICS,subjective,/Users/wanglifei/Desktop/2026模拟题/2026各区期末和期中/2026东城期末/试卷/试卷.pdf,paper,included,/Users/wanglifei/Desktop/北京高考政治/reports/必修二三与必修四文化_题源分类准备_20260617_1301/03_question_index/question_candidates.csv,"{""target"": ""B2_ECONOMICS"", ""target_score"": 5, ""boundary"": ""B4_PHILOSOPHY_EXCLUDED"", ""boundary_score"": 0, ""matches"": {""B2_ECONOMICS"": ""经济与社会,民营企业,新质生产力,boost:经济与社会,boost:新质生产力"", ""B3_POLITICS_RULE_OF_LAW"": ""政府""}}",future_baodian_intake,main_matrix_original
2026_东城_期末,2026,东城,期末,18,,question,XB2_EXCLUDED,subjective,/Users/wanglifei/Desktop/2026模拟题/2026各区期末和期中/2026东城期末/试卷/试卷.pdf,paper,module-boundary-excluded,/Users/wanglifei/Desktop/北京高考政治/reports/必修二三与必修四文化_题源分类准备_20260617_1301/03_question_index/question_candidates.csv,"{""target"": ""B2_ECONOMICS"", ""target_score"": 0, ""boundary"": ""XB2_EXCLUDED"", ""boundary_score"": 14, ""matches"": {""XB2_EXCLUDED"": ""法律与生活,合同,侵权,侵权责任,赔偿,违约,boost:法律与生活,boost:合同,boost:侵权,boost:侵权责任,boost:违约""}, ""explicit_boundary_modules"": {""XB2_EXCLUDED"": [""法律与生活"", ""合同"", ""侵权""]}, ""override"": ""explicit_boundary_term""}",exclude_from_three_target_lines,main_matrix_original
2026_东城_期末,2026,东城,期末,19,,question,UNKNOWN_OR_MIXED,subjective,/Users/wanglifei/Desktop/2026模拟题/2026各区期末和期中/2026东城期末/试卷/试卷.pdf,paper,blocked,/Users/wanglifei/Desktop/北京高考政治/reports/必修二三与必修四文化_题源分类准备_20260617_1301/03_question_index/question_candidates.csv,"{""target"": ""B3_POLITICS_RULE_OF_LAW"", ""target_score"": 18, ""boundary"": ""XB2_EXCLUDED"", ""boundary_score"": 4, ""matches"": {""B2_ECONOMICS"": ""乡村振兴,boost:乡村振兴"", ""B3_POLITICS_RULE_OF_LAW"": ""政治与法治,法治政府,法治国家,法治社会,国家治理,政府,全国人大,全国人大常委会,人大常委会,boost:政治与法治,boost:法治政府,boost:法治国家"", ""B4_PHILOSOPHY_EXCLUDED"": ""实践"", ""XB2_EXCLUDED"": ""民法典,民事,boost:民法典,boost:民事""}, ""explicit_target_modules"": {""B3_POLITICS_RULE_OF_LAW"": [""政治与法治""]}, ""explicit_boundary_modules"": {""XB2_EXCLUDED"": [""民法典"", ""民事""]}, ""override"": ""manual_subquestion_split_needed""}",manual_subquestion_split_needed,main_matrix_original
2026_东城_期末,2026,东城,期末,2,,question,B4_CULTURE,objective,/Users/wanglifei/Desktop/2026模拟题/2026各区期末和期中/2026东城期末/试卷/试卷.pdf,paper,included,/Users/wanglifei/Desktop/北京高考政治/reports/必修二三与必修四文化_题源分类准备_20260617_1301/03_question_index/question_candidates.csv,"{""target"": ""B4_CULTURE"", ""target_score"": 7, ""boundary"": ""B4_PHILOSOPHY_EXCLUDED"", ""boundary_score"": 2, ""matches"": {""B4_CULTURE"": ""文化,传统文化,boost:传统文化"", ""B4_PHILOSOPHY_EXCLUDED"": ""矛盾,boost:矛盾""}}",future_baodian_intake,main_matrix_original
2026_东城_期末,2026,东城,期末,20,,question,XB1_EXCLUDED,subjective,/Users/wanglifei/Desktop/2026模拟题/2026各区期末和期中/2026东城期末/试卷/试卷.pdf,paper,module-boundary-excluded,/Users/wanglifei/Desktop/北京高考政治/reports/必修二三与必修四文化_题源分类准备_20260617_1301/03_question_index/question_candidates.csv,"{""target"": ""B2_ECONOMICS"", ""target_score"": 0, ""boundary"": ""XB1_EXCLUDED"", ""boundary_score"": 14, ""matches"": {""XB1_EXCLUDED"": ""当代国际政治与经济,全球治理,人类命运共同体,国际组织,boost:当代国际政治与经济,boost:全球治理,boost:人类命运共同体,boost:国际组织"", ""XB2_EXCLUDED"": ""调解,boost:调解""}, ""explicit_boundary_modules"": {""XB1_EXCLUDED"": [""当代国际政治与经济"", ""全球治理"", ""人类命运共同体"", ""国际组织""]}, ""override"": ""explicit_boundary_term""}",exclude_from_three_target_lines,main_matrix_original
2026_东城_期末,2026,东城,期末,21,,question,B2_ECONOMICS,subjective,/Users/wanglifei/Desktop/2026模拟题/2026各区期末和期中/2026东城期末/试卷/试卷.pdf,paper,included,/Users/wanglifei/Desktop/北京高考政治/reports/必修二三与必修四文化_题源分类准备_20260617_1301/03_question_index/question_candidates.csv,"{""target"": ""B2_ECONOMICS"", ""target_score"": 4, ""boundary"": ""B4_PHILOSOPHY_EXCLUDED"", ""boundary_score"": 1, ""matches"": {""B2_ECONOMICS"": ""新发展理念,高质量发展,boost:新发展理念,boost:高质量发展"", ""B3_POLITICS_RULE_OF_LAW"": ""中国共产党,党的领导,boost:中国共产党,boost:党的领导"", ""B4_PHILOSOPHY_EXCLUDED"": ""实践"", ""B1_EXCLUDED"": ""改革开放""}}",future_baodian_intake,main_matrix_original
2026_东城_期末,2026,东城,期末,3,,question,UNKNOWN_OR_MIXED,objective,/Users/wanglifei/Desktop/2026模拟题/2026各区期末和期中/2026东城期末/试卷/试卷.pdf,paper,blocked,/Users/wanglifei/Desktop/北京高考政治/reports/必修二三与必修四文化_题源分类准备_20260617_1301/03_question_index/question_candidates.csv,"{""target"": ""B3_POLITICS_RULE_OF_LAW"", ""target_score"": 1, ""boundary"": ""B4_PHILOSOPHY_EXCLUDED"", ""boundary_score"": 2, ""matches"": {""B3_POLITICS_RULE_OF_LAW"": ""政府"", ""B4_PHILOSOPHY_EXCLUDED"": ""矛盾,boost:矛盾""}}",manual_review_needed,main_matrix_original
2026_东城_期末,2026,东城,期末,4,,question,UNKNOWN_OR_MIXED,objective,/Users/wanglifei/Desktop/2026模拟题/2026各区期末和期中/2026东城期末/试卷/试卷.pdf,paper,blocked,/Users/wanglifei/Desktop/北京高考政治/reports/必修二三与必修四文化_题源分类准备_20260617_1301/03_question_index/question_candidates.csv,"{""target"": ""B2_ECONOMICS"", ""target_score"": 0, ""boundary"": ""B4_PHILOSOPHY_EXCLUDED"", ""boundary_score"": 1, ""matches"": {""B4_PHILOSOPHY_EXCLUDED"": ""认识""}}",manual_review_needed,main_matrix_original
2026_东城_期末,2026,东城,期末,5,,question,B4_CULTURE,objective,/Users/wanglifei/Desktop/2026模拟题/2026各区期末和期中/2026东城期末/试卷/试卷.pdf,paper,included,/Users/wanglifei/Desktop/北京高考政治/reports/必修二三与必修四文化_题源分类准备_20260617_1301/03_question_index/question_candidates.csv,"{""target"": ""B4_CULTURE"", ""target_score"": 6, ""boundary"": ""B4_PHILOSOPHY_EXCLUDED"", ""boundary_score"": 1, ""matches"": {""B2_ECONOMICS"": ""消费"", ""B4_CULTURE"": ""文化,传统文化,文创,boost:传统文化,boost:文创"", ""B4_PHILOSOPHY_EXCLUDED"": ""认识""}}",future_baodian_intake,main_matrix_original
2026_东城_期末,2026,东城,期末,6,,question,UNKNOWN_OR_MIXED,objective,/Users/wanglifei/Desktop/2026模拟题/2026各区期末和期中/2026东城期末/试卷/试卷.pdf,paper,blocked,/Users/wanglifei/Desktop/北京高考政治/reports/必修二三与必修四文化_题源分类准备_20260617_1301/03_question_index/question_candidates.csv,"{""target"": ""B2_ECONOMICS"", ""target_score"": 0, ""boundary"": ""B4_PHILOSOPHY_EXCLUDED"", ""boundary_score"": 0, ""matches"": {}}",manual_review_needed,main_matrix_original
2026_东城_期末,2026,东城,期末,7,,question,UNKNOWN_OR_MIXED,objective,/Users/wanglifei/Desktop/2026模拟题/2026各区期末和期中/2026东城期末/试卷/试卷.pdf,paper,blocked,/Users/wanglifei/Desktop/北京高考政治/reports/必修二三与必修四文化_题源分类准备_20260617_1301/03_question_index/question_candidates.csv,"{""target"": ""B2_ECONOMICS"", ""target_score"": 0, ""boundary"": ""B4_PHILOSOPHY_EXCLUDED"", ""boundary_score"": 0, ""matches"": {}}",manual_review_needed,main_matrix_original
2026_东城_期末,2026,东城,期末,8,,question,B4_PHILOSOPHY_EXCLUDED,objective,/Users/wanglifei/Desktop/2026模拟题/2026各区期末和期中/2026东城期末/试卷/试卷.pdf,paper,module-boundary-excluded,/Users/wanglifei/Desktop/北京高考政治/reports/必修二三与必修四文化_题源分类准备_20260617_1301/03_question_index/question_candidates.csv,"{""target"": ""B3_POLITICS_RULE_OF_LAW"", ""target_score"": 3, ""boundary"": ""B4_PHILOSOPHY_EXCLUDED"", ""boundary_score"": 2, ""matches"": {""B3_POLITICS_RULE_OF_LAW"": ""中国共产党,boost:中国共产党"", ""B4_PHILOSOPHY_EXCLUDED"": ""社会意识,boost:社会意识"", ""B1_EXCLUDED"": ""中国特色社会主义""}, ""explicit_boundary_modules"": {""B4_PHILOSOPHY_EXCLUDED"": [""社会意识""]}, ""override"": ""explicit_boundary_term""}",exclude_from_three_target_lines,main_matrix_original
2026_东城_期末,2026,东城,期末,9,,question,B3_POLITICS_RULE_OF_LAW,objective,/Users/wanglifei/Desktop/2026模拟题/2026各区期末和期中/2026东城期末/试卷/试卷.pdf,paper,included,/Users/wanglifei/Desktop/北京高考政治/reports/必修二三与必修四文化_题源分类准备_20260617_1301/03_question_index/question_candidates.csv,"{""target"": ""B3_POLITICS_RULE_OF_LAW"", ""target_score"": 8, ""boundary"": ""B4_PHILOSOPHY_EXCLUDED"", ""boundary_score"": 0, ""matches"": {""B3_POLITICS_RULE_OF_LAW"": ""人大代表,全过程人民民主,政府,人大常委会,boost:人大代表,boost:全过程人民民主,boost:人大常委会""}}",future_baodian_intake,main_matrix_original
2026_丰台_一模,2026,丰台,一模,1,,question,UNKNOWN_OR_MIXED,objective,/Users/wanglifei/Desktop/北京高考政治/reports/必修二三与必修四文化_题源分类准备_20260617_1301/02_text_cache/ocr_cache/2026_丰台_一模/试卷.ocr.txt,ocr-cache,blocked,/Users/wanglifei/Desktop/北京高考政治/reports/必修二三与必修四文化_题源分类准备_20260617_1301/02_text_cache/ocr_absorbed/2026_丰台_一模.txt,"{""target"": ""B2_ECONOMICS"", ""target_score"": 0, ""boundary"": ""B4_PHILOSOPHY_EXCLUDED"", ""boundary_score"": 1, ""matches"": {""B4_PHILOSOPHY_EXCLUDED"": ""认识""}}",manual_review_needed,main_matrix_original
2026_丰台_一模,2026,丰台,一模,10,,question,XB2_EXCLUDED,objective,/Users/wanglifei/Desktop/北京高考政治/reports/必修二三与必修四文化_题源分类准备_20260617_1301/02_text_cache/ocr_cache/2026_丰台_一模/试卷.ocr.txt,ocr-cache,module-boundary-excluded,/Users/wanglifei/Desktop/北京高考政治/reports/必修二三与必修四文化_题源分类准备_20260617_1301/02_text_cache/ocr_absorbed/2026_丰台_一模.txt,"{""target"": ""B3_POLITICS_RULE_OF_LAW"", ""target_score"": 2, ""boundary"": ""XB2_EXCLUDED"", ""boundary_score"": 8, ""matches"": {""B3_POLITICS_RULE_OF_LAW"": ""法院"", ""XB2_EXCLUDED"": ""侵权,调解,侵权责任,boost:侵权,boost:调解,boost:侵权责任""}, ""explicit_boundary_modules"": {""XB2_EXCLUDED"": [""侵权""]}, ""override"": ""explicit_boundary_term""}",exclude_from_three_target_lines,main_matrix_original
2026_丰台_一模,2026,丰台,一模,11,,question,XB2_EXCLUDED,objective,/Users/wanglifei/Desktop/北京高考政治/reports/必修二三与必修四文化_题源分类准备_20260617_1301/02_text_cache/ocr_cache/2026_丰台_一模/试卷.ocr.txt,ocr-cache,module-boundary-excluded,/Users/wanglifei/Desktop/北京高考政治/reports/必修二三与必修四文化_题源分类准备_20260617_1301/02_text_cache/ocr_absorbed/2026_丰台_一模.txt,"{""target"": ""B2_ECONOMICS"", ""target_score"": 3, ""boundary"": ""XB2_EXCLUDED"", ""boundary_score"": 9, ""matches"": {""B2_ECONOMICS"": ""就业,劳动者,boost:就业"", ""B3_POLITICS_RULE_OF_LAW"": ""法院"", ""XB2_EXCLUDED"": ""合同,劳动合同,劳动关系,诉讼,赔偿,boost:合同,boost:劳动合同,boost:劳动关系,boost:诉讼""}, ""explicit_boundary_modules"": {""XB2_EXCLUDED"": [""合同"", ""诉讼"", ""劳动合同""]}, ""override"": ""explicit_boundary_term""}",exclude_from_three_target_lines,main_matrix_original
2026_丰台_一模,2026,丰台,一模,12,,question,B2_ECONOMICS,objective,/Users/wanglifei/Desktop/北京高考政治/reports/必修二三与必修四文化_题源分类准备_20260617_1301/02_text_cache/ocr_cache/2026_丰台_一模/试卷.ocr.txt,ocr-cache,included,/Users/wanglifei/Desktop/北京高考政治/reports/必修二三与必修四文化_题源分类准备_20260617_1301/02_text_cache/ocr_absorbed/2026_丰台_一模.txt,"{""target"": ""B2_ECONOMICS"", ""target_score"": 8, ""boundary"": ""XB1_EXCLUDED"", ""boundary_score"": 2, ""matches"": {""B2_ECONOMICS"": ""实体经济,产业链,供应链,生产要素,boost:实体经济,boost:产业链,boost:供应链,boost:生产要素"", ""B3_POLITICS_RULE_OF_LAW"": ""政府"", ""XB1_EXCLUDED"": ""全球价值链,boost:全球价值链""}}",future_baodian_intake,main_matrix_original
2026_丰台_一模,2026,丰台,一模,13,,question,XB1_EXCLUDED,objective,/Users/wanglifei/Desktop/北京高考政治/reports/必修二三与必修四文化_题源分类准备_20260617_1301/02_text_cache/ocr_cache/2026_丰台_一模/试卷.ocr.txt,ocr-cache,module-boundary-excluded,/Users/wanglifei/Desktop/北京高考政治/reports/必修二三与必修四文化_题源分类准备_20260617_1301/02_text_cache/ocr_absorbed/2026_丰台_一模.txt,"{""target"": ""B2_ECONOMICS"", ""target_score"": 2, ""boundary"": ""XB1_EXCLUDED"", ""boundary_score"": 4, ""matches"": {""B2_ECONOMICS"": ""消费"", ""B3_POLITICS_RULE_OF_LAW"": ""政府"", ""XB1_EXCLUDED"": ""国际关系,外交,boost:国际关系,boost:外交"", ""XB2_EXCLUDED"": ""消费者权益,boost:消费者权益""}, ""explicit_boundary_modules"": {""XB1_EXCLUDED"": [""国际关系""]}, ""override"": ""explicit_boundary_term""}",exclude_from_three_target_lines,main_matrix_original
2026_丰台_一模,2026,丰台,一模,15,,question,XB1_EXCLUDED,objective,/Users/wanglifei/Desktop/北京高考政治/reports/必修二三与必修四文化_题源分类准备_20260617_1301/02_text_cache/ocr_cache/2026_丰台_一模/试卷.ocr.txt,ocr-cache,module-boundary-excluded,/Users/wanglifei/Desktop/北京高考政治/reports/必修二三与必修四文化_题源分类准备_20260617_1301/02_text_cache/ocr_absorbed/2026_丰台_一模.txt,"{""target"": ""B3_POLITICS_RULE_OF_LAW"", ""target_score"": 1, ""boundary"": ""XB1_EXCLUDED"", ""boundary_score"": 8, ""matches"": {""B3_POLITICS_RULE_OF_LAW"": ""社会治理"", ""XB1_EXCLUDED"": ""APEC,boost:APEC""}}",exclude_from_three_target_lines,main_matrix_original
2026_丰台_一模,2026,丰台,一模,16,,question,B4_CULTURE,subjective,/Users/wanglifei/Desktop/北京高考政治/reports/必修二三与必修四文化_题源分类准备_20260617_1301/02_text_cache/ocr_cache/2026_丰台_一模/试卷.ocr.txt,ocr-cache,included,/Users/wanglifei/Desktop/北京高考政治/reports/必修二三与必修四文化_题源分类准备_20260617_1301/02_text_cache/ocr_absorbed/2026_丰台_一模.txt,"{""target"": ""B4_CULTURE"", ""target_score"": 6, ""boundary"": ""B4_PHILOSOPHY_EXCLUDED"", ""boundary_score"": 0, ""matches"": {""B4_CULTURE"": ""文化,文物,boost:文物""}}",future_baodian_intake,main_matrix_original
2026_丰台_一模,2026,丰台,一模,17,,question,B3_POLITICS_RULE_OF_LAW,subjective,/Users/wanglifei/Desktop/北京高考政治/reports/必修二三与必修四文化_题源分类准备_20260617_1301/02_text_cache/ocr_cache/2026_丰台_一模/试卷.ocr.txt,ocr-cache,included,/Users/wanglifei/Desktop/北京高考政治/reports/必修二三与必修四文化_题源分类准备_20260617_1301/02_text_cache/ocr_absorbed/2026_丰台_一模.txt,"{""target"": ""B3_POLITICS_RULE_OF_LAW"", ""target_score"": 10, ""boundary"": ""B4_PHILOSOPHY_EXCLUDED"", ""boundary_score"": 0, ""matches"": {""B3_POLITICS_RULE_OF_LAW"": ""政治与法治,全国人大,全国人大常委会,人大常委会,boost:政治与法治,boost:全国人大,boost:人大常委会""}}",future_baodian_intake,main_matrix_original
2026_丰台_一模,2026,丰台,一模,18(1),18,subquestion,B2_ECONOMICS,subjective,/Users/wanglifei/Desktop/北京高考政治/reports/必修二三与必修四文化_题源分类准备_20260617_1301/02_text_cache/ocr_cache/2026_丰台_一模/试卷.ocr.txt,ocr-cache,included,04_module_classification/subquestion_split_matrix.csv,"{""target"": ""B2_ECONOMICS"", ""target_score"": 3, ""boundary"": ""B4_PHILOSOPHY_EXCLUDED"", ""boundary_score"": 0, ""matches"": {""B2_ECONOMICS"": ""经济与社会,消费,boost:经济与社会""}}",future_baodian_intake,subquestion_integrated_target
2026_丰台_一模,2026,丰台,一模,18(2),18,subquestion,XB3_EXCLUDED,subjective,/Users/wanglifei/Desktop/北京高考政治/reports/必修二三与必修四文化_题源分类准备_20260617_1301/02_text_cache/ocr_cache/2026_丰台_一模/试卷.ocr.txt,ocr-cache,module-boundary-excluded,04_module_classification/subquestion_split_matrix.csv,"{""target"": ""B2_ECONOMICS"", ""target_score"": 0, ""boundary"": ""XB3_EXCLUDED"", ""boundary_score"": 2, ""matches"": {""XB3_EXCLUDED"": ""推理,boost:推理""}, ""explicit_boundary_modules"": {""XB3_EXCLUDED"": [""推理""]}, ""override"": ""explicit_boundary_term""}",exclude_from_three_target_lines,subquestion_integrated_boundary
2026_丰台_一模,2026,丰台,一模,19,,question,XB1_EXCLUDED,subjective,/Users/wanglifei/Desktop/北京高考政治/reports/必修二三与必修四文化_题源分类准备_20260617_1301/02_text_cache/ocr_cache/2026_丰台_一模/试卷.ocr.txt,ocr-cache,module-boundary-excluded,/Users/wanglifei/Desktop/北京高考政治/reports/必修二三与必修四文化_题源分类准备_20260617_1301/02_text_cache/ocr_absorbed/2026_丰台_一模.txt,"{""target"": ""B2_ECONOMICS"", ""target_score"": 3, ""boundary"": ""XB1_EXCLUDED"", ""boundary_score"": 6, ""matches"": {""B2_ECONOMICS"": ""消费,经济增长,boost:经济增长"", ""B4_PHILOSOPHY_EXCLUDED"": ""实践"", ""XB1_EXCLUDED"": ""当代国际政治与经济,联合国,对外开放,boost:当代国际政治与经济,boost:联合国""}, ""explicit_boundary_modules"": {""XB1_EXCLUDED"": [""当代国际政治与经济"", ""联合国""]}, ""override"": ""explicit_boundary_term""}",exclude_from_three_target_lines,main_matrix_original
2026_丰台_一模,2026,丰台,一模,2,,question,UNKNOWN_OR_MIXED,objective,/Users/wanglifei/Desktop/北京高考政治/reports/必修二三与必修四文化_题源分类准备_20260617_1301/02_text_cache/ocr_cache/2026_丰台_一模/试卷.ocr.txt,ocr-cache,blocked,/Users/wanglifei/Desktop/北京高考政治/reports/必修二三与必修四文化_题源分类准备_20260617_1301/02_text_cache/ocr_absorbed/2026_丰台_一模.txt,"{""target"": ""B2_ECONOMICS"", ""target_score"": 0, ""boundary"": ""B4_PHILOSOPHY_EXCLUDED"", ""boundary_score"": 0, ""matches"": {}}",manual_review_needed,main_matrix_original
2026_丰台_一模,2026,丰台,一模,20,,question,XB2_EXCLUDED,subjective,/Users/wanglifei/Desktop/北京高考政治/reports/必修二三与必修四文化_题源分类准备_20260617_1301/02_text_cache/ocr_cache/2026_丰台_一模/试卷.ocr.txt,ocr-cache,module-boundary-excluded,/Users/wanglifei/Desktop/北京高考政治/reports/必修二三与必修四文化_题源分类准备_20260617_1301/02_text_cache/ocr_absorbed/2026_丰台_一模.txt,"{""target"": ""B3_POLITICS_RULE_OF_LAW"", ""target_score"": 3, ""boundary"": ""XB2_EXCLUDED"", ""boundary_score"": 13, ""matches"": {""B3_POLITICS_RULE_OF_LAW"": ""法院"", ""XB2_EXCLUDED"": ""法律与生活,民法典,侵权,诉讼,侵权责任,赔偿,boost:法律与生活,boost:民法典,boost:侵权,boost:诉讼,boost:侵权责任""}, ""explicit_boundary_modules"": {""XB2_EXCLUDED"": [""法律与生活"", ""民法典"", ""侵权"", ""诉讼""]}, ""override"": ""explicit_boundary_term""}",exclude_from_three_target_lines,main_matrix_original
2026_丰台_一模,2026,丰台,一模,21,,question,UNKNOWN_OR_MIXED,subjective,/Users/wanglifei/Desktop/北京高考政治/reports/必修二三与必修四文化_题源分类准备_20260617_1301/02_text_cache/ocr_cache/2026_丰台_一模/试卷.ocr.txt,ocr-cache,blocked,/Users/wanglifei/Desktop/北京高考政治/reports/必修二三与必修四文化_题源分类准备_20260617_1301/02_text_cache/ocr_absorbed/2026_丰台_一模.txt,"{""target"": ""B2_ECONOMICS"", ""target_score"": 2, ""boundary"": ""B4_PHILOSOPHY_EXCLUDED"", ""boundary_score"": 3, ""matches"": {""B2_ECONOMICS"": ""高质量发展,boost:高质量发展"", ""B4_PHILOSOPHY_EXCLUDED"": ""实践,矛盾,boost:矛盾"", ""XB1_EXCLUDED"": ""对外开放""}}",manual_review_needed,main_matrix_original
2026_丰台_一模,2026,丰台,一模,3,,question,B3_POLITICS_RULE_OF_LAW,objective,/Users/wanglifei/Desktop/北京高考政治/reports/必修二三与必修四文化_题源分类准备_20260617_1301/02_text_cache/ocr_cache/2026_丰台_一模/试卷.ocr.txt,ocr-cache,included,/Users/wanglifei/Desktop/北京高考政治/reports/必修二三与必修四文化_题源分类准备_20260617_1301/02_text_cache/ocr_absorbed/2026_丰台_一模.txt,"{""target"": ""B3_POLITICS_RULE_OF_LAW"", ""target_score"": 6, ""boundary"": ""B4_PHILOSOPHY_EXCLUDED"", ""boundary_score"": 0, ""matches"": {""B3_POLITICS_RULE_OF_LAW"": ""严格执法,人大常委会,boost:严格执法,boost:人大常委会""}}",future_baodian_intake,main_matrix_original
2026_丰台_一模,2026,丰台,一模,4,,question,XB3_EXCLUDED,objective,/Users/wanglifei/Desktop/北京高考政治/reports/必修二三与必修四文化_题源分类准备_20260617_1301/02_text_cache/ocr_cache/2026_丰台_一模/试卷.ocr.txt,ocr-cache,module-boundary-excluded,/Users/wanglifei/Desktop/北京高考政治/reports/必修二三与必修四文化_题源分类准备_20260617_1301/02_text_cache/ocr_absorbed/2026_丰台_一模.txt,"{""target"": ""B2_ECONOMICS"", ""target_score"": 0, ""boundary"": ""B4_PHILOSOPHY_EXCLUDED"", ""boundary_score"": 4, ""matches"": {""B4_PHILOSOPHY_EXCLUDED"": ""实践,认识,主观能动性"", ""XB3_EXCLUDED"": ""联想思维,迁移,boost:联想思维,boost:迁移""}, ""explicit_boundary_modules"": {""XB3_EXCLUDED"": [""迁移""]}, ""override"": ""explicit_boundary_term""}",exclude_from_three_target_lines,main_matrix_original
2026_丰台_一模,2026,丰台,一模,6,,question,XB3_EXCLUDED,objective,/Users/wanglifei/Desktop/北京高考政治/reports/必修二三与必修四文化_题源分类准备_20260617_1301/02_text_cache/ocr_cache/2026_丰台_一模/试卷.ocr.txt,ocr-cache,module-boundary-excluded,/Users/wanglifei/Desktop/北京高考政治/reports/必修二三与必修四文化_题源分类准备_20260617_1301/02_text_cache/ocr_absorbed/2026_丰台_一模.txt,"{""target"": ""B2_ECONOMICS"", ""target_score"": 0, ""boundary"": ""XB3_EXCLUDED"", ""boundary_score"": 9, ""matches"": {""B4_PHILOSOPHY_EXCLUDED"": ""认识,系统优化,boost:系统优化"", ""XB3_EXCLUDED"": ""超前思维,推理,归纳推理,充分条件,boost:超前思维,boost:推理,boost:归纳推理,boost:充分条件""}, ""explicit_boundary_modules"": {""XB3_EXCLUDED"": [""超前思维"", ""推理"", ""假言"", ""充分条件""], ""B4_PHILOSOPHY_EXCLUDED"": [""系统优化""]}, ""override"": ""explicit_boundary_term""}",exclude_from_three_target_lines,main_matrix_original
2026_丰台_一模,2026,丰台,一模,8,,question,XB3_EXCLUDED,objective,/Users/wanglifei/Desktop/北京高考政治/reports/必修二三与必修四文化_题源分类准备_20260617_1301/02_text_cache/ocr_cache/2026_丰台_一模/试卷.ocr.txt,ocr-cache,module-boundary-excluded,/Users/wanglifei/Desktop/北京高考政治/reports/必修二三与必修四文化_题源分类准备_20260617_1301/02_text_cache/ocr_absorbed/2026_丰台_一模.txt,"{""target"": ""B2_ECONOMICS"", ""target_score"": 0, ""boundary"": ""XB3_EXCLUDED"", ""boundary_score"": 2, ""matches"": {""XB3_EXCLUDED"": ""推理,boost:推理""}, ""explicit_boundary_modules"": {""XB3_EXCLUDED"": [""推理""]}, ""override"": ""explicit_boundary_term""}",exclude_from_three_target_lines,main_matrix_original
2026_丰台_二模,2026,丰台,二模,1,,question,B3_POLITICS_RULE_OF_LAW,objective,/Users/wanglifei/GaokaoPolitics/beijing-politics-sync/选必三双宝典_哲学宝典完全对齐返工_2026-05-25/12_reasoning_exercise_compilation_20260531/ocr_cache/14707229fbcf/merged.ocr.txt,ocr-cache,included,/Users/wanglifei/Desktop/北京高考政治/reports/必修二三与必修四文化_题源分类准备_20260617_1301/02_text_cache/ocr_absorbed/2026_丰台_二模.txt,"{""target"": ""B3_POLITICS_RULE_OF_LAW"", ""target_score"": 7, ""boundary"": ""B4_PHILOSOPHY_EXCLUDED"", ""boundary_score"": 2, ""matches"": {""B3_POLITICS_RULE_OF_LAW"": ""中国共产党,党的领导,国家治理,boost:中国共产党,boost:党的领导,boost:国家治理"", ""B4_PHILOSOPHY_EXCLUDED"": ""矛盾,boost:矛盾"", ""B1_EXCLUDED"": ""中国特色社会主义""}}",future_baodian_intake,main_matrix_original
2026_丰台_二模,2026,丰台,二模,10,,question,XB2_EXCLUDED,objective,/Users/wanglifei/GaokaoPolitics/beijing-politics-sync/选必三双宝典_哲学宝典完全对齐返工_2026-05-25/12_reasoning_exercise_compilation_20260531/ocr_cache/14707229fbcf/merged.ocr.txt,ocr-cache,module-boundary-excluded,/Users/wanglifei/Desktop/北京高考政治/reports/必修二三与必修四文化_题源分类准备_20260617_1301/02_text_cache/ocr_absorbed/2026_丰台_二模.txt,"{""target"": ""B3_POLITICS_RULE_OF_LAW"", ""target_score"": 5, ""boundary"": ""XB2_EXCLUDED"", ""boundary_score"": 2, ""matches"": {""B2_ECONOMICS"": ""消费"", ""B3_POLITICS_RULE_OF_LAW"": ""法院"", ""XB2_EXCLUDED"": ""合同,boost:合同""}, ""explicit_boundary_modules"": {""XB2_EXCLUDED"": [""合同""]}, ""override"": ""explicit_boundary_term""}",exclude_from_three_target_lines,main_matrix_original
2026_丰台_二模,2026,丰台,二模,11,,question,XB2_EXCLUDED,objective,/Users/wanglifei/GaokaoPolitics/beijing-politics-sync/选必三双宝典_哲学宝典完全对齐返工_2026-05-25/12_reasoning_exercise_compilation_20260531/ocr_cache/14707229fbcf/merged.ocr.txt,ocr-cache,module-boundary-excluded,/Users/wanglifei/Desktop/北京高考政治/reports/必修二三与必修四文化_题源分类准备_20260617_1301/02_text_cache/ocr_absorbed/2026_丰台_二模.txt,"{""target"": ""B2_ECONOMICS"", ""target_score"": 2, ""boundary"": ""XB2_EXCLUDED"", ""boundary_score"": 4, ""matches"": {""B2_ECONOMICS"": ""市场经济,boost:市场经济"", ""B3_POLITICS_RULE_OF_LAW"": ""政府"", ""XB2_EXCLUDED"": ""专利,boost:专利""}, ""explicit_boundary_modules"": {""XB2_EXCLUDED"": [""专利""]}, ""override"": ""explicit_boundary_term""}",exclude_from_three_target_lines,main_matrix_original
2026_丰台_二模,2026,丰台,二模,12,,question,B2_ECONOMICS,objective,/Users/wanglifei/GaokaoPolitics/beijing-politics-sync/选必三双宝典_哲学宝典完全对齐返工_2026-05-25/12_reasoning_exercise_compilation_20260531/ocr_cache/14707229fbcf/merged.ocr.txt,ocr-cache,included,/Users/wanglifei/Desktop/北京高考政治/reports/必修二三与必修四文化_题源分类准备_20260617_1301/02_text_cache/ocr_absorbed/2026_丰台_二模.txt,"{""target"": ""B2_ECONOMICS"", ""target_score"": 3, ""boundary"": ""B4_PHILOSOPHY_EXCLUDED"", ""boundary_score"": 0, ""matches"": {""B2_ECONOMICS"": ""宏观调控,市场主体,boost:宏观调控"", ""B3_POLITICS_RULE_OF_LAW"": ""政府""}}",future_baodian_intake,main_matrix_original
2026_丰台_二模,2026,丰台,二模,13,,question,B2_ECONOMICS,objective,/Users/wanglifei/GaokaoPolitics/beijing-politics-sync/选必三双宝典_哲学宝典完全对齐返工_2026-05-25/12_reasoning_exercise_compilation_20260531/ocr_cache/14707229fbcf/merged.ocr.txt,ocr-cache,included,/Users/wanglifei/Desktop/北京高考政治/reports/必修二三与必修四文化_题源分类准备_20260617_1301/02_text_cache/ocr_absorbed/2026_丰台_二模.txt,"{""target"": ""B2_ECONOMICS"", ""target_score"": 3, ""boundary"": ""B4_PHILOSOPHY_EXCLUDED"", ""boundary_score"": 0, ""matches"": {""B2_ECONOMICS"": ""社会保障,boost:社会保障"", ""B3_POLITICS_RULE_OF_LAW"": ""政府""}}",future_baodian_intake,main_matrix_original
2026_丰台_二模,2026,丰台,二模,14,,question,XB1_EXCLUDED,objective,/Users/wanglifei/GaokaoPolitics/beijing-politics-sync/选必三双宝典_哲学宝典完全对齐返工_2026-05-25/12_reasoning_exercise_compilation_20260531/ocr_cache/14707229fbcf/merged.ocr.txt,ocr-cache,module-boundary-excluded,/Users/wanglifei/Desktop/北京高考政治/reports/必修二三与必修四文化_题源分类准备_20260617_1301/02_text_cache/ocr_absorbed/2026_丰台_二模.txt,"{""target"": ""B2_ECONOMICS"", ""target_score"": 4, ""boundary"": ""XB1_EXCLUDED"", ""boundary_score"": 6, ""matches"": {""B2_ECONOMICS"": ""数字经济,数据要素,boost:数字经济,boost:数据要素"", ""B3_POLITICS_RULE_OF_LAW"": ""政府"", ""B4_PHILOSOPHY_EXCLUDED"": ""实践"", ""XB1_EXCLUDED"": ""国际组织,贸易强国,boost:国际组织,boost:贸易强国""}, ""explicit_boundary_modules"": {""XB1_EXCLUDED"": [""国际组织""]}, ""override"": ""explicit_boundary_term""}",exclude_from_three_target_lines,main_matrix_original
2026_丰台_二模,2026,丰台,二模,16,,question,B4_CULTURE,subjective,/Users/wanglifei/GaokaoPolitics/beijing-politics-sync/选必三双宝典_哲学宝典完全对齐返工_2026-05-25/12_reasoning_exercise_compilation_20260531/ocr_cache/14707229fbcf/merged.ocr.txt,ocr-cache,included,/Users/wanglifei/Desktop/北京高考政治/reports/必修二三与必修四文化_题源分类准备_20260617_1301/02_text_cache/ocr_absorbed/2026_丰台_二模.txt,"{""target"": ""B4_CULTURE"", ""target_score"": 11, ""boundary"": ""B4_PHILOSOPHY_EXCLUDED"", ""boundary_score"": 1, ""matches"": {""B4_CULTURE"": ""文化,中华优秀传统文化,优秀传统文化,传统文化,boost:中华优秀传统文化,boost:优秀传统文化,boost:传统文化"", ""B4_PHILOSOPHY_EXCLUDED"": ""认识""}}",future_baodian_intake,main_matrix_original
2026_丰台_二模,2026,丰台,二模,17,,question,B3_POLITICS_RULE_OF_LAW,subjective,/Users/wanglifei/GaokaoPolitics/beijing-politics-sync/选必三双宝典_哲学宝典完全对齐返工_2026-05-25/12_reasoning_exercise_compilation_20260531/ocr_cache/14707229fbcf/merged.ocr.txt,ocr-cache,included,/Users/wanglifei/Desktop/北京高考政治/reports/必修二三与必修四文化_题源分类准备_20260617_1301/02_text_cache/ocr_absorbed/2026_丰台_二模.txt,"{""target"": ""B3_POLITICS_RULE_OF_LAW"", ""target_score"": 10, ""boundary"": ""B4_PHILOSOPHY_EXCLUDED"", ""boundary_score"": 0, ""matches"": {""B3_POLITICS_RULE_OF_LAW"": ""政治与法治,党的领导,人民当家作主,法治政府,全民守法,政府,boost:政治与法治,boost:党的领导,boost:法治政府,boost:全民守法""}}",future_baodian_intake,main_matrix_original
2026_丰台_二模,2026,丰台,二模,18,,question,XB2_EXCLUDED,subjective,/Users/wanglifei/GaokaoPolitics/beijing-politics-sync/选必三双宝典_哲学宝典完全对齐返工_2026-05-25/12_reasoning_exercise_compilation_20260531/ocr_cache/14707229fbcf/merged.ocr.txt,ocr-cache,module-boundary-excluded,/Users/wanglifei/Desktop/北京高考政治/reports/必修二三与必修四文化_题源分类准备_20260617_1301/02_text_cache/ocr_absorbed/2026_丰台_二模.txt,"{""target"": ""B4_CULTURE"", ""target_score"": 2, ""boundary"": ""XB2_EXCLUDED"", ""boundary_score"": 27, ""matches"": {""B3_POLITICS_RULE_OF_LAW"": ""法院"", ""B4_CULTURE"": ""社会主义核心价值观,boost:社会主义核心价值观"", ""B4_PHILOSOPHY_EXCLUDED"": ""认识,矛盾,boost:矛盾"", ""XB2_EXCLUDED"": ""民法典,侵权,诉讼,调解,侵权责任,赔偿,boost:民法典,boost:侵权,boost:诉讼,boost:调解,boost:侵权责任""}, ""explicit_boundary_modules"": {""XB2_EXCLUDED"": [""民法典"", ""侵权"", ""诉讼""]}, ""override"": ""explicit_boundary_term""}",exclude_from_three_target_lines,main_matrix_original
2026_丰台_二模,2026,丰台,二模,19,,question,B2_ECONOMICS,subjective,/Users/wanglifei/GaokaoPolitics/beijing-politics-sync/选必三双宝典_哲学宝典完全对齐返工_2026-05-25/12_reasoning_exercise_compilation_20260531/ocr_cache/14707229fbcf/merged.ocr.txt,ocr-cache,included,/Users/wanglifei/Desktop/北京高考政治/reports/必修二三与必修四文化_题源分类准备_20260617_1301/02_text_cache/ocr_absorbed/2026_丰台_二模.txt,"{""target"": ""B2_ECONOMICS"", ""target_score"": 12, ""boundary"": ""B4_PHILOSOPHY_EXCLUDED"", ""boundary_score"": 0, ""matches"": {""B2_ECONOMICS"": ""经济与社会,乡村振兴,消费,就业,boost:经济与社会,boost:乡村振兴,boost:就业"", ""B4_CULTURE"": ""文创,boost:文创""}}",future_baodian_intake,main_matrix_original
2026_丰台_二模,2026,丰台,二模,2,,question,B3_POLITICS_RULE_OF_LAW,objective,/Users/wanglifei/GaokaoPolitics/beijing-politics-sync/选必三双宝典_哲学宝典完全对齐返工_2026-05-25/12_reasoning_exercise_compilation_20260531/ocr_cache/14707229fbcf/merged.ocr.txt,ocr-cache,included,/Users/wanglifei/Desktop/北京高考政治/reports/必修二三与必修四文化_题源分类准备_20260617_1301/02_text_cache/ocr_absorbed/2026_丰台_二模.txt,"{""target"": ""B3_POLITICS_RULE_OF_LAW"", ""target_score"": 5, ""boundary"": ""B4_PHILOSOPHY_EXCLUDED"", ""boundary_score"": 1, ""matches"": {""B3_POLITICS_RULE_OF_LAW"": ""基层群众自治,基层治理,boost:基层群众自治,boost:基层治理"", ""B4_PHILOSOPHY_EXCLUDED"": ""实践""}}",future_baodian_intake,main_matrix_original
2026_丰台_二模,2026,丰台,二模,20,,question,XB1_EXCLUDED,subjective,/Users/wanglifei/GaokaoPolitics/beijing-politics-sync/选必三双宝典_哲学宝典完全对齐返工_2026-05-25/12_reasoning_exercise_compilation_20260531/ocr_cache/14707229fbcf/merged.ocr.txt,ocr-cache,module-boundary-excluded,/Users/wanglifei/Desktop/北京高考政治/reports/必修二三与必修四文化_题源分类准备_20260617_1301/02_text_cache/ocr_absorbed/2026_丰台_二模.txt,"{""target"": ""B2_ECONOMICS"", ""target_score"": 4, ""boundary"": ""XB1_EXCLUDED"", ""boundary_score"": 10, ""matches"": {""B2_ECONOMICS"": ""产业链,供应链,boost:产业链,boost:供应链"", ""XB1_EXCLUDED"": ""当代国际政治与经济,经济全球化,人类命运共同体,对外开放,boost:当代国际政治与经济,boost:经济全球化,boost:人类命运共同体""}, ""explicit_boundary_modules"": {""XB1_EXCLUDED"": [""当代国际政治与经济"", ""经济全球化"", ""人类命运共同体""]}, ""override"": ""explicit_boundary_term""}",exclude_from_three_target_lines,main_matrix_original
2026_丰台_二模,2026,丰台,二模,21,,question,XB3_EXCLUDED,subjective,/Users/wanglifei/GaokaoPolitics/beijing-politics-sync/选必三双宝典_哲学宝典完全对齐返工_2026-05-25/12_reasoning_exercise_compilation_20260531/ocr_cache/14707229fbcf/merged.ocr.txt,ocr-cache,module-boundary-excluded,/Users/wanglifei/Desktop/北京高考政治/reports/必修二三与必修四文化_题源分类准备_20260617_1301/02_text_cache/ocr_absorbed/2026_丰台_二模.txt,"{""target"": ""B2_ECONOMICS"", ""target_score"": 5, ""boundary"": ""XB3_EXCLUDED"", ""boundary_score"": 11, ""matches"": {""B2_ECONOMICS"": ""新质生产力,产业链,boost:新质生产力,boost:产业链"", ""B3_POLITICS_RULE_OF_LAW"": ""党的领导,boost:党的领导"", ""B4_CULTURE"": ""文化,博物馆,文旅,boost:博物馆,boost:文旅"", ""B4_PHILOSOPHY_EXCLUDED"": ""实践"", ""XB3_EXCLUDED"": ""创新思维,发散思维,聚合思维,联想思维,迁移,boost:创新思维,boost:发散思维,boost:聚合思维,boost:联想思维,boost:迁移"", ""B1_EXCLUDED"": ""社会主义现代化强国""}, ""explicit_boundary_modules"": {""XB3_EXCLUDED"": [""创新思维"", ""迁移""]}, ""override"": ""explicit_boundary_term""}",exclude_from_three_target_lines,main_matrix_original
2026_丰台_二模,2026,丰台,二模,3,,question,XB2_EXCLUDED,objective,/Users/wanglifei/GaokaoPolitics/beijing-politics-sync/选必三双宝典_哲学宝典完全对齐返工_2026-05-25/12_reasoning_exercise_compilation_20260531/ocr_cache/14707229fbcf/merged.ocr.txt,ocr-cache,module-boundary-excluded,/Users/wanglifei/Desktop/北京高考政治/reports/必修二三与必修四文化_题源分类准备_20260617_1301/02_text_cache/ocr_absorbed/2026_丰台_二模.txt,"{""target"": ""B2_ECONOMICS"", ""target_score"": 5, ""boundary"": ""B4_PHILOSOPHY_EXCLUDED"", ""boundary_score"": 2, ""matches"": {""B2_ECONOMICS"": ""高质量发展,医保,劳动者,boost:高质量发展,boost:医保"", ""B3_POLITICS_RULE_OF_LAW"": ""检察"", ""B4_CULTURE"": ""文化,文化遗产,文物,boost:文化遗产,boost:文物"", ""B4_PHILOSOPHY_EXCLUDED"": ""矛盾,boost:矛盾"", ""XB2_EXCLUDED"": ""民事,boost:民事""}, ""explicit_boundary_modules"": {""XB2_EXCLUDED"": [""民事""]}, ""override"": ""explicit_boundary_term""}",exclude_from_three_target_lines,main_matrix_original
2026_丰台_二模,2026,丰台,二模,4,,question,B4_PHILOSOPHY_EXCLUDED,objective,/Users/wanglifei/GaokaoPolitics/beijing-politics-sync/选必三双宝典_哲学宝典完全对齐返工_2026-05-25/12_reasoning_exercise_compilation_20260531/ocr_cache/14707229fbcf/merged.ocr.txt,ocr-cache,module-boundary-excluded,/Users/wanglifei/Desktop/北京高考政治/reports/必修二三与必修四文化_题源分类准备_20260617_1301/02_text_cache/ocr_absorbed/2026_丰台_二模.txt,"{""target"": ""B2_ECONOMICS"", ""target_score"": 0, ""boundary"": ""B4_PHILOSOPHY_EXCLUDED"", ""boundary_score"": 2, ""matches"": {""B4_PHILOSOPHY_EXCLUDED"": ""矛盾,boost:矛盾""}}",exclude_from_three_target_lines,main_matrix_original
2026_丰台_二模,2026,丰台,二模,5,,question,B4_CULTURE,objective,/Users/wanglifei/GaokaoPolitics/beijing-politics-sync/选必三双宝典_哲学宝典完全对齐返工_2026-05-25/12_reasoning_exercise_compilation_20260531/ocr_cache/14707229fbcf/merged.ocr.txt,ocr-cache,included,/Users/wanglifei/Desktop/北京高考政治/reports/必修二三与必修四文化_题源分类准备_20260617_1301/02_text_cache/ocr_absorbed/2026_丰台_二模.txt,"{""target"": ""B4_CULTURE"", ""target_score"": 2, ""boundary"": ""B4_PHILOSOPHY_EXCLUDED"", ""boundary_score"": 0, ""matches"": {""B4_CULTURE"": ""文化""}}",future_baodian_intake,main_matrix_original
2026_丰台_二模,2026,丰台,二模,6,,question,UNKNOWN_OR_MIXED,objective,/Users/wanglifei/GaokaoPolitics/beijing-politics-sync/选必三双宝典_哲学宝典完全对齐返工_2026-05-25/12_reasoning_exercise_compilation_20260531/ocr_cache/14707229fbcf/merged.ocr.txt,ocr-cache,blocked,/Users/wanglifei/Desktop/北京高考政治/reports/必修二三与必修四文化_题源分类准备_20260617_1301/02_text_cache/ocr_absorbed/2026_丰台_二模.txt,"{""target"": ""B2_ECONOMICS"", ""target_score"": 0, ""boundary"": ""B4_PHILOSOPHY_EXCLUDED"", ""boundary_score"": 0, ""matches"": {}}",manual_review_needed,main_matrix_original
2026_丰台_二模,2026,丰台,二模,7,,question,B4_PHILOSOPHY_EXCLUDED,objective,/Users/wanglifei/GaokaoPolitics/beijing-politics-sync/选必三双宝典_哲学宝典完全对齐返工_2026-05-25/12_reasoning_exercise_compilation_20260531/ocr_cache/14707229fbcf/merged.ocr.txt,ocr-cache,module-boundary-excluded,/Users/wanglifei/Desktop/北京高考政治/reports/必修二三与必修四文化_题源分类准备_20260617_1301/02_text_cache/ocr_absorbed/2026_丰台_二模.txt,"{""target"": ""B2_ECONOMICS"", ""target_score"": 0, ""boundary"": ""B4_PHILOSOPHY_EXCLUDED"", ""boundary_score"": 5, ""matches"": {""B4_PHILOSOPHY_EXCLUDED"": ""实践,认识,量变,boost:量变""}}",exclude_from_three_target_lines,main_matrix_original
2026_丰台_二模,2026,丰台,二模,8,,question,XB3_EXCLUDED,objective,/Users/wanglifei/GaokaoPolitics/beijing-politics-sync/选必三双宝典_哲学宝典完全对齐返工_2026-05-25/12_reasoning_exercise_compilation_20260531/ocr_cache/14707229fbcf/merged.ocr.txt,ocr-cache,module-boundary-excluded,/Users/wanglifei/Desktop/北京高考政治/reports/必修二三与必修四文化_题源分类准备_20260617_1301/02_text_cache/ocr_absorbed/2026_丰台_二模.txt,"{""target"": ""B2_ECONOMICS"", ""target_score"": 0, ""boundary"": ""XB3_EXCLUDED"", ""boundary_score"": 6, ""matches"": {""B4_PHILOSOPHY_EXCLUDED"": ""矛盾,boost:矛盾"", ""XB3_EXCLUDED"": ""推理,三段论,周延,boost:推理,boost:三段论,boost:周延""}, ""explicit_boundary_modules"": {""XB3_EXCLUDED"": [""三段论"", ""推理""]}, ""override"": ""explicit_boundary_term""}",exclude_from_three_target_lines,main_matrix_original
2026_丰台_二模,2026,丰台,二模,9,,question,UNKNOWN_OR_MIXED,objective,/Users/wanglifei/GaokaoPolitics/beijing-politics-sync/选必三双宝典_哲学宝典完全对齐返工_2026-05-25/12_reasoning_exercise_compilation_20260531/ocr_cache/14707229fbcf/merged.ocr.txt,ocr-cache,blocked,/Users/wanglifei/Desktop/北京高考政治/reports/必修二三与必修四文化_题源分类准备_20260617_1301/02_text_cache/ocr_absorbed/2026_丰台_二模.txt,"{""target"": ""B2_ECONOMICS"", ""target_score"": 0, ""boundary"": ""B4_PHILOSOPHY_EXCLUDED"", ""boundary_score"": 0, ""matches"": {}}",manual_review_needed,main_matrix_original
2026_丰台_期末,2026,丰台,期末,1,,question,UNKNOWN_OR_MIXED,objective,/Users/wanglifei/Desktop/北京高考政治/reports/必修二三与必修四文化_题源分类准备_20260617_1301/02_text_cache/ocr_cache/2026_丰台_期末/试卷.ocr.txt,ocr-cache,blocked,/Users/wanglifei/Desktop/北京高考政治/reports/必修二三与必修四文化_题源分类准备_20260617_1301/02_text_cache/ocr_absorbed/2026_丰台_期末.txt,"{""target"": ""B3_POLITICS_RULE_OF_LAW"", ""target_score"": 4, ""boundary"": ""B4_PHILOSOPHY_EXCLUDED"", ""boundary_score"": 5, ""matches"": {""B2_ECONOMICS"": ""养老服务,boost:养老服务"", ""B3_POLITICS_RULE_OF_LAW"": ""中国共产党,社会治理,公共服务,boost:中国共产党"", ""B4_CULTURE"": ""文艺"", ""B4_PHILOSOPHY_EXCLUDED"": ""实践,矛盾,人民群众,boost:矛盾,boost:人民群众"", ""B1_EXCLUDED"": ""改革开放""}}",manual_review_needed,main_matrix_original
2026_丰台_期末,2026,丰台,期末,11,,question,B4_PHILOSOPHY_EXCLUDED,objective,/Users/wanglifei/Desktop/北京高考政治/reports/必修二三与必修四文化_题源分类准备_20260617_1301/02_text_cache/ocr_cache/2026_丰台_期末/试卷.ocr.txt,ocr-cache,module-boundary-excluded,/Users/wanglifei/Desktop/北京高考政治/reports/必修二三与必修四文化_题源分类准备_20260617_1301/02_text_cache/ocr_absorbed/2026_丰台_期末.txt,"{""target"": ""B2_ECONOMICS"", ""target_score"": 7, ""boundary"": ""B4_PHILOSOPHY_EXCLUDED"", ""boundary_score"": 3, ""matches"": {""B2_ECONOMICS"": ""产业链,供应链,劳动者,boost:产业链,boost:供应链"", ""B3_POLITICS_RULE_OF_LAW"": ""民主决策"", ""B4_PHILOSOPHY_EXCLUDED"": ""实践,系统优化,boost:系统优化"", ""XB2_EXCLUDED"": ""民事,boost:民事""}, ""explicit_boundary_modules"": {""XB2_EXCLUDED"": [""民事""], ""B4_PHILOSOPHY_EXCLUDED"": [""系统优化""]}, ""override"": ""explicit_boundary_term""}",exclude_from_three_target_lines,main_matrix_original
2026_丰台_期末,2026,丰台,期末,13,,question,B2_ECONOMICS,objective,/Users/wanglifei/Desktop/北京高考政治/reports/必修二三与必修四文化_题源分类准备_20260617_1301/02_text_cache/ocr_cache/2026_丰台_期末/试卷.ocr.txt,ocr-cache,included,/Users/wanglifei/Desktop/北京高考政治/reports/必修二三与必修四文化_题源分类准备_20260617_1301/02_text_cache/ocr_absorbed/2026_丰台_期末.txt,"{""target"": ""B2_ECONOMICS"", ""target_score"": 14, ""boundary"": ""B4_PHILOSOPHY_EXCLUDED"", ""boundary_score"": 0, ""matches"": {""B2_ECONOMICS"": ""财政,消费,医保,boost:财政,boost:医保""}}",future_baodian_intake,main_matrix_original
2026_丰台_期末,2026,丰台,期末,14,,question,B2_ECONOMICS,objective,/Users/wanglifei/Desktop/北京高考政治/reports/必修二三与必修四文化_题源分类准备_20260617_1301/02_text_cache/ocr_cache/2026_丰台_期末/试卷.ocr.txt,ocr-cache,included,/Users/wanglifei/Desktop/北京高考政治/reports/必修二三与必修四文化_题源分类准备_20260617_1301/02_text_cache/ocr_absorbed/2026_丰台_期末.txt,"{""target"": ""B2_ECONOMICS"", ""target_score"": 2, ""boundary"": ""B4_PHILOSOPHY_EXCLUDED"", ""boundary_score"": 0, ""matches"": {""B2_ECONOMICS"": ""税收,boost:税收""}}",future_baodian_intake,main_matrix_original
2026_丰台_期末,2026,丰台,期末,15,,question,B2_ECONOMICS,objective,/Users/wanglifei/Desktop/北京高考政治/reports/必修二三与必修四文化_题源分类准备_20260617_1301/02_text_cache/ocr_cache/2026_丰台_期末/试卷.ocr.txt,ocr-cache,included,/Users/wanglifei/Desktop/北京高考政治/reports/必修二三与必修四文化_题源分类准备_20260617_1301/02_text_cache/ocr_absorbed/2026_丰台_期末.txt,"{""target"": ""B2_ECONOMICS"", ""target_score"": 2, ""boundary"": ""B4_PHILOSOPHY_EXCLUDED"", ""boundary_score"": 0, ""matches"": {""B2_ECONOMICS"": ""基础设施""}}",future_baodian_intake,main_matrix_original
2026_丰台_期末,2026,丰台,期末,16,,question,UNKNOWN_OR_MIXED,subjective,/Users/wanglifei/Desktop/北京高考政治/reports/必修二三与必修四文化_题源分类准备_20260617_1301/02_text_cache/ocr_cache/2026_丰台_期末/试卷.ocr.txt,ocr-cache,blocked,/Users/wanglifei/Desktop/北京高考政治/reports/必修二三与必修四文化_题源分类准备_20260617_1301/02_text_cache/ocr_absorbed/2026_丰台_期末.txt,"{""target"": ""B4_CULTURE"", ""target_score"": 1, ""boundary"": ""B4_PHILOSOPHY_EXCLUDED"", ""boundary_score"": 0, ""matches"": {""B4_CULTURE"": ""文化""}}",manual_review_needed,main_matrix_original
2026_丰台_期末,2026,丰台,期末,17,,question,B3_POLITICS_RULE_OF_LAW,subjective,/Users/wanglifei/Desktop/北京高考政治/reports/必修二三与必修四文化_题源分类准备_20260617_1301/02_text_cache/ocr_cache/2026_丰台_期末/试卷.ocr.txt,ocr-cache,included,/Users/wanglifei/Desktop/北京高考政治/reports/必修二三与必修四文化_题源分类准备_20260617_1301/02_text_cache/ocr_absorbed/2026_丰台_期末.txt,"{""target"": ""B3_POLITICS_RULE_OF_LAW"", ""target_score"": 7, ""boundary"": ""B4_PHILOSOPHY_EXCLUDED"", ""boundary_score"": 0, ""matches"": {""B3_POLITICS_RULE_OF_LAW"": ""政治与法治,政协,基层治理,boost:政治与法治,boost:政协,boost:基层治理""}}",future_baodian_intake,main_matrix_original
2026_丰台_期末,2026,丰台,期末,18,,question,XB2_EXCLUDED,subjective,/Users/wanglifei/Desktop/北京高考政治/reports/必修二三与必修四文化_题源分类准备_20260617_1301/02_text_cache/ocr_cache/2026_丰台_期末/试卷.ocr.txt,ocr-cache,module-boundary-excluded,/Users/wanglifei/Desktop/北京高考政治/reports/必修二三与必修四文化_题源分类准备_20260617_1301/02_text_cache/ocr_absorbed/2026_丰台_期末.txt,"{""target"": ""B4_CULTURE"", ""target_score"": 6, ""boundary"": ""XB2_EXCLUDED"", ""boundary_score"": 2, ""matches"": {""B3_POLITICS_RULE_OF_LAW"": ""检察"", ""B4_CULTURE"": ""文化,爱国主义,博物馆,boost:爱国主义,boost:博物馆"", ""XB2_EXCLUDED"": ""诉讼,boost:诉讼""}, ""explicit_boundary_modules"": {""XB2_EXCLUDED"": [""诉讼""]}, ""override"": ""explicit_boundary_term""}",exclude_from_three_target_lines,main_matrix_original
2026_丰台_期末,2026,丰台,期末,19,,question,UNKNOWN_OR_MIXED,subjective,/Users/wanglifei/Desktop/北京高考政治/reports/必修二三与必修四文化_题源分类准备_20260617_1301/02_text_cache/ocr_cache/2026_丰台_期末/试卷.ocr.txt,ocr-cache,blocked,/Users/wanglifei/Desktop/北京高考政治/reports/必修二三与必修四文化_题源分类准备_20260617_1301/02_text_cache/ocr_absorbed/2026_丰台_期末.txt,"{""target"": ""B2_ECONOMICS"", ""target_score"": 5, ""boundary"": ""XB1_EXCLUDED"", ""boundary_score"": 2, ""matches"": {""B2_ECONOMICS"": ""经济与社会,高质量发展,消费,boost:经济与社会,boost:高质量发展"", ""XB1_EXCLUDED"": ""联合国,boost:联合国"", ""XB3_EXCLUDED"": ""推理,boost:推理""}, ""explicit_target_modules"": {""B2_ECONOMICS"": [""经济与社会""]}, ""explicit_boundary_modules"": {""XB1_EXCLUDED"": [""联合国""], ""XB3_EXCLUDED"": [""推理""]}, ""override"": ""manual_subquestion_split_needed""}",manual_subquestion_split_needed,main_matrix_original
2026_丰台_期末,2026,丰台,期末,20,,question,XB3_EXCLUDED,subjective,/Users/wanglifei/Desktop/北京高考政治/reports/必修二三与必修四文化_题源分类准备_20260617_1301/02_text_cache/ocr_cache/2026_丰台_期末/试卷.ocr.txt,ocr-cache,module-boundary-excluded,/Users/wanglifei/Desktop/北京高考政治/reports/必修二三与必修四文化_题源分类准备_20260617_1301/02_text_cache/ocr_absorbed/2026_丰台_期末.txt,"{""target"": ""B2_ECONOMICS"", ""target_score"": 0, ""boundary"": ""XB3_EXCLUDED"", ""boundary_score"": 2, ""matches"": {""XB3_EXCLUDED"": ""逻辑与思维,boost:逻辑与思维""}, ""explicit_boundary_modules"": {""XB3_EXCLUDED"": [""逻辑与思维""]}, ""override"": ""explicit_boundary_term""}",exclude_from_three_target_lines,main_matrix_original
2026_丰台_期末,2026,丰台,期末,21,,question,XB1_EXCLUDED,subjective,/Users/wanglifei/Desktop/北京高考政治/reports/必修二三与必修四文化_题源分类准备_20260617_1301/02_text_cache/ocr_cache/2026_丰台_期末/试卷.ocr.txt,ocr-cache,module-boundary-excluded,/Users/wanglifei/Desktop/北京高考政治/reports/必修二三与必修四文化_题源分类准备_20260617_1301/02_text_cache/ocr_absorbed/2026_丰台_期末.txt,"{""target"": ""B3_POLITICS_RULE_OF_LAW"", ""target_score"": 2, ""boundary"": ""XB1_EXCLUDED"", ""boundary_score"": 12, ""matches"": {""B2_ECONOMICS"": ""基础设施"", ""B3_POLITICS_RULE_OF_LAW"": ""人大常委会,boost:人大常委会"", ""XB1_EXCLUDED"": ""当代国际政治与经济,全球治理,人类命运共同体,金砖,南南合作,boost:当代国际政治与经济,boost:全球治理,boost:人类命运共同体,boost:金砖,boost:南南合作""}, ""explicit_boundary_modules"": {""XB1_EXCLUDED"": [""当代国际政治与经济"", ""全球治理"", ""人类命运共同体""]}, ""override"": ""explicit_boundary_term""}",exclude_from_three_target_lines,main_matrix_original
2026_丰台_期末,2026,丰台,期末,3,,question,UNKNOWN_OR_MIXED,objective,/Users/wanglifei/Desktop/北京高考政治/reports/必修二三与必修四文化_题源分类准备_20260617_1301/02_text_cache/ocr_cache/2026_丰台_期末/试卷.ocr.txt,ocr-cache,blocked,/Users/wanglifei/Desktop/北京高考政治/reports/必修二三与必修四文化_题源分类准备_20260617_1301/02_text_cache/ocr_absorbed/2026_丰台_期末.txt,"{""target"": ""B2_ECONOMICS"", ""target_score"": 0, ""boundary"": ""B4_PHILOSOPHY_EXCLUDED"", ""boundary_score"": 0, ""matches"": {}}",manual_review_needed,main_matrix_original
2026_丰台_期末,2026,丰台,期末,4,,question,B4_PHILOSOPHY_EXCLUDED,objective,/Users/wanglifei/Desktop/北京高考政治/reports/必修二三与必修四文化_题源分类准备_20260617_1301/02_text_cache/ocr_cache/2026_丰台_期末/试卷.ocr.txt,ocr-cache,module-boundary-excluded,/Users/wanglifei/Desktop/北京高考政治/reports/必修二三与必修四文化_题源分类准备_20260617_1301/02_text_cache/ocr_absorbed/2026_丰台_期末.txt,"{""target"": ""B2_ECONOMICS"", ""target_score"": 0, ""boundary"": ""B4_PHILOSOPHY_EXCLUDED"", ""boundary_score"": 5, ""matches"": {""B4_PHILOSOPHY_EXCLUDED"": ""实践,认识,主观能动性""}}",exclude_from_three_target_lines,main_matrix_original
2026_丰台_期末,2026,丰台,期末,5,,question,XB3_EXCLUDED,objective,/Users/wanglifei/Desktop/北京高考政治/reports/必修二三与必修四文化_题源分类准备_20260617_1301/02_text_cache/ocr_cache/2026_丰台_期末/试卷.ocr.txt,ocr-cache,module-boundary-excluded,/Users/wanglifei/Desktop/北京高考政治/reports/必修二三与必修四文化_题源分类准备_20260617_1301/02_text_cache/ocr_absorbed/2026_丰台_期末.txt,"{""target"": ""B4_CULTURE"", ""target_score"": 7, ""boundary"": ""XB3_EXCLUDED"", ""boundary_score"": 2, ""matches"": {""B2_ECONOMICS"": ""高质量发展,boost:高质量发展"", ""B3_POLITICS_RULE_OF_LAW"": ""人民代表大会,人大常委会,立法权,boost:人民代表大会,boost:人大常委会"", ""B4_CULTURE"": ""文化,中华优秀传统文化,优秀传统文化,传统文化,boost:中华优秀传统文化,boost:优秀传统文化,boost:传统文化"", ""B4_PHILOSOPHY_EXCLUDED"": ""认识"", ""XB3_EXCLUDED"": ""推理,boost:推理""}, ""explicit_boundary_modules"": {""XB3_EXCLUDED"": [""推理""]}, ""override"": ""explicit_boundary_term""}",exclude_from_three_target_lines,main_matrix_original
2026_丰台_期末,2026,丰台,期末,8,,question,XB2_EXCLUDED,objective,/Users/wanglifei/Desktop/北京高考政治/reports/必修二三与必修四文化_题源分类准备_20260617_1301/02_text_cache/ocr_cache/2026_丰台_期末/试卷.ocr.txt,ocr-cache,module-boundary-excluded,/Users/wanglifei/Desktop/北京高考政治/reports/必修二三与必修四文化_题源分类准备_20260617_1301/02_text_cache/ocr_absorbed/2026_丰台_期末.txt,"{""target"": ""B3_POLITICS_RULE_OF_LAW"", ""target_score"": 13, ""boundary"": ""XB2_EXCLUDED"", ""boundary_score"": 15, ""matches"": {""B3_POLITICS_RULE_OF_LAW"": ""政协,宪法,国家治理,人民政协,boost:政协,boost:宪法,boost:国家治理,boost:人民政协"", ""B4_CULTURE"": ""文化"", ""B4_PHILOSOPHY_EXCLUDED"": ""矛盾,boost:矛盾"", ""XB2_EXCLUDED"": ""侵权,诉讼,调解,侵权责任,赔偿,所有权,boost:侵权,boost:诉讼,boost:调解,boost:侵权责任,boost:所有权""}, ""explicit_boundary_modules"": {""XB2_EXCLUDED"": [""侵权"", ""诉讼"", ""所有权""]}, ""override"": ""explicit_boundary_term""}",exclude_from_three_target_lines,main_matrix_original
2026_延庆_一模,2026,延庆,一模,1,,question,B3_POLITICS_RULE_OF_LAW,objective,/Users/wanglifei/Desktop/2026模拟题/2026各区一模/2026延庆一模/试卷/试卷.pdf,paper,included,/Users/wanglifei/Desktop/北京高考政治/reports/必修二三与必修四文化_题源分类准备_20260617_1301/03_question_index/question_candidates.csv,"{""target"": ""B3_POLITICS_RULE_OF_LAW"", ""target_score"": 3, ""boundary"": ""B4_PHILOSOPHY_EXCLUDED"", ""boundary_score"": 0, ""matches"": {""B3_POLITICS_RULE_OF_LAW"": ""中国共产党,boost:中国共产党""}}",future_baodian_intake,main_matrix_original
2026_延庆_一模,2026,延庆,一模,10,,question,B3_POLITICS_RULE_OF_LAW,objective,/Users/wanglifei/Desktop/2026模拟题/2026各区一模/2026延庆一模/试卷/试卷.pdf,paper,included,/Users/wanglifei/Desktop/北京高考政治/reports/必修二三与必修四文化_题源分类准备_20260617_1301/03_question_index/question_candidates.csv,"{""target"": ""B3_POLITICS_RULE_OF_LAW"", ""target_score"": 7, ""boundary"": ""B4_PHILOSOPHY_EXCLUDED"", ""boundary_score"": 0, ""matches"": {""B3_POLITICS_RULE_OF_LAW"": ""中国共产党,党的领导,民族区域自治,boost:中国共产党,boost:党的领导,boost:民族区域自治""}}",future_baodian_intake,main_matrix_original
2026_延庆_一模,2026,延庆,一模,11,,question,B3_POLITICS_RULE_OF_LAW,objective,/Users/wanglifei/Desktop/2026模拟题/2026各区一模/2026延庆一模/试卷/试卷.pdf,paper,included,/Users/wanglifei/Desktop/北京高考政治/reports/必修二三与必修四文化_题源分类准备_20260617_1301/03_question_index/question_candidates.csv,"{""target"": ""B3_POLITICS_RULE_OF_LAW"", ""target_score"": 2, ""boundary"": ""B4_PHILOSOPHY_EXCLUDED"", ""boundary_score"": 0, ""matches"": {""B3_POLITICS_RULE_OF_LAW"": ""科学立法,boost:科学立法""}}",future_baodian_intake,main_matrix_original
2026_延庆_一模,2026,延庆,一模,12,,question,B2_ECONOMICS,objective,/Users/wanglifei/Desktop/2026模拟题/2026各区一模/2026延庆一模/试卷/试卷.pdf,paper,included,/Users/wanglifei/Desktop/北京高考政治/reports/必修二三与必修四文化_题源分类准备_20260617_1301/03_question_index/question_candidates.csv,"{""target"": ""B2_ECONOMICS"", ""target_score"": 14, ""boundary"": ""B4_PHILOSOPHY_EXCLUDED"", ""boundary_score"": 0, ""matches"": {""B2_ECONOMICS"": ""收入分配,社会保障,财政,消费,就业,数据要素,boost:收入分配,boost:社会保障,boost:财政,boost:就业,boost:数据要素""}}",future_baodian_intake,main_matrix_original
2026_延庆_一模,2026,延庆,一模,13,,question,B2_ECONOMICS,objective,/Users/wanglifei/Desktop/2026模拟题/2026各区一模/2026延庆一模/试卷/试卷.pdf,paper,included,/Users/wanglifei/Desktop/北京高考政治/reports/必修二三与必修四文化_题源分类准备_20260617_1301/03_question_index/question_candidates.csv,"{""target"": ""B2_ECONOMICS"", ""target_score"": 4, ""boundary"": ""B4_PHILOSOPHY_EXCLUDED"", ""boundary_score"": 0, ""matches"": {""B2_ECONOMICS"": ""新发展理念,高质量发展,boost:新发展理念,boost:高质量发展"", ""B4_CULTURE"": ""文旅,boost:文旅""}}",future_baodian_intake,main_matrix_original
2026_延庆_一模,2026,延庆,一模,14,,question,B2_ECONOMICS,objective,/Users/wanglifei/Desktop/2026模拟题/2026各区一模/2026延庆一模/试卷/试卷.pdf,paper,included,/Users/wanglifei/Desktop/北京高考政治/reports/必修二三与必修四文化_题源分类准备_20260617_1301/03_question_index/question_candidates.csv,"{""target"": ""B2_ECONOMICS"", ""target_score"": 2, ""boundary"": ""XB1_EXCLUDED"", ""boundary_score"": 1, ""matches"": {""B2_ECONOMICS"": ""营商环境,boost:营商环境"", ""XB1_EXCLUDED"": ""对外开放""}}",future_baodian_intake,main_matrix_original
2026_延庆_一模,2026,延庆,一模,15,,question,XB1_EXCLUDED,objective,/Users/wanglifei/Desktop/2026模拟题/2026各区一模/2026延庆一模/试卷/试卷.pdf,paper,module-boundary-excluded,/Users/wanglifei/Desktop/北京高考政治/reports/必修二三与必修四文化_题源分类准备_20260617_1301/03_question_index/question_candidates.csv,"{""target"": ""B2_ECONOMICS"", ""target_score"": 0, ""boundary"": ""XB1_EXCLUDED"", ""boundary_score"": 2, ""matches"": {""XB1_EXCLUDED"": ""APEC,boost:APEC""}}",exclude_from_three_target_lines,main_matrix_original
2026_延庆_一模,2026,延庆,一模,16,,question,B4_PHILOSOPHY_EXCLUDED,subjective,/Users/wanglifei/Desktop/2026模拟题/2026各区一模/2026延庆一模/试卷/试卷.pdf,paper,module-boundary-excluded,/Users/wanglifei/Desktop/北京高考政治/reports/必修二三与必修四文化_题源分类准备_20260617_1301/03_question_index/question_candidates.csv,"{""target"": ""B4_CULTURE"", ""target_score"": 14, ""boundary"": ""B4_PHILOSOPHY_EXCLUDED"", ""boundary_score"": 5, ""matches"": {""B4_CULTURE"": ""文化,非遗,文创,boost:非遗,boost:文创"", ""B4_PHILOSOPHY_EXCLUDED"": ""矛盾,辩证否定,boost:矛盾,boost:辩证否定""}, ""explicit_boundary_modules"": {""B4_PHILOSOPHY_EXCLUDED"": [""辩证否定""]}, ""override"": ""explicit_boundary_term""}",exclude_from_three_target_lines,main_matrix_original
2026_延庆_一模,2026,延庆,一模,17,,question,B3_POLITICS_RULE_OF_LAW,subjective,/Users/wanglifei/Desktop/2026模拟题/2026各区一模/2026延庆一模/试卷/试卷.pdf,paper,included,/Users/wanglifei/Desktop/北京高考政治/reports/必修二三与必修四文化_题源分类准备_20260617_1301/03_question_index/question_candidates.csv,"{""target"": ""B3_POLITICS_RULE_OF_LAW"", ""target_score"": 4, ""boundary"": ""B4_PHILOSOPHY_EXCLUDED"", ""boundary_score"": 0, ""matches"": {""B3_POLITICS_RULE_OF_LAW"": ""政治与法治,政府,boost:政治与法治""}}",future_baodian_intake,main_matrix_original
2026_延庆_一模,2026,延庆,一模,18,,question,XB2_EXCLUDED,subjective,/Users/wanglifei/Desktop/2026模拟题/2026各区一模/2026延庆一模/试卷/试卷.pdf,paper,module-boundary-excluded,/Users/wanglifei/Desktop/北京高考政治/reports/必修二三与必修四文化_题源分类准备_20260617_1301/03_question_index/question_candidates.csv,"{""target"": ""B2_ECONOMICS"", ""target_score"": 1, ""boundary"": ""XB2_EXCLUDED"", ""boundary_score"": 7, ""matches"": {""B2_ECONOMICS"": ""消费"", ""B4_PHILOSOPHY_EXCLUDED"": ""矛盾,适度原则,boost:矛盾,boost:适度原则"", ""XB2_EXCLUDED"": ""法律与生活,诉讼,赔偿,boost:法律与生活,boost:诉讼"", ""XB3_EXCLUDED"": ""逻辑与思维,辩证思维,创新思维,boost:逻辑与思维,boost:辩证思维,boost:创新思维""}, ""explicit_boundary_modules"": {""XB2_EXCLUDED"": [""法律与生活"", ""诉讼""], ""XB3_EXCLUDED"": [""逻辑与思维"", ""辩证思维"", ""创新思维""]}, ""override"": ""explicit_boundary_term""}",exclude_from_three_target_lines,main_matrix_original
2026_延庆_一模,2026,延庆,一模,19(1),19,subquestion,B2_ECONOMICS,subjective,/Users/wanglifei/Desktop/2026模拟题/2026各区一模/2026延庆一模/试卷/试卷.pdf,paper,included,04_module_classification/subquestion_split_matrix.csv,"{""target"": ""B2_ECONOMICS"", ""target_score"": 4, ""boundary"": ""B4_PHILOSOPHY_EXCLUDED"", ""boundary_score"": 0, ""matches"": {""B2_ECONOMICS"": ""经济与社会,高质量发展,boost:经济与社会,boost:高质量发展""}}",future_baodian_intake,subquestion_integrated_target
2026_延庆_一模,2026,延庆,一模,19(2),19,subquestion,XB1_EXCLUDED,subjective,/Users/wanglifei/Desktop/2026模拟题/2026各区一模/2026延庆一模/试卷/试卷.pdf,paper,module-boundary-excluded,04_module_classification/subquestion_split_matrix.csv,"{""target"": ""B2_ECONOMICS"", ""target_score"": 0, ""boundary"": ""XB1_EXCLUDED"", ""boundary_score"": 4, ""matches"": {""XB1_EXCLUDED"": ""当代国际政治与经济,联合国,boost:当代国际政治与经济,boost:联合国""}, ""explicit_boundary_modules"": {""XB1_EXCLUDED"": [""当代国际政治与经济"", ""联合国""]}, ""override"": ""explicit_boundary_term""}",exclude_from_three_target_lines,subquestion_integrated_boundary
2026_延庆_一模,2026,延庆,一模,2,,question,UNKNOWN_OR_MIXED,objective,/Users/wanglifei/Desktop/2026模拟题/2026各区一模/2026延庆一模/试卷/试卷.pdf,paper,blocked,/Users/wanglifei/Desktop/北京高考政治/reports/必修二三与必修四文化_题源分类准备_20260617_1301/03_question_index/question_candidates.csv,"{""target"": ""B2_ECONOMICS"", ""target_score"": 0, ""boundary"": ""B4_PHILOSOPHY_EXCLUDED"", ""boundary_score"": 0, ""matches"": {}}",manual_review_needed,main_matrix_original
2026_延庆_一模,2026,延庆,一模,20,,question,B4_PHILOSOPHY_EXCLUDED,subjective,/Users/wanglifei/Desktop/2026模拟题/2026各区一模/2026延庆一模/试卷/试卷.pdf,paper,module-boundary-excluded,/Users/wanglifei/Desktop/北京高考政治/reports/必修二三与必修四文化_题源分类准备_20260617_1301/03_question_index/question_candidates.csv,"{""target"": ""B2_ECONOMICS"", ""target_score"": 0, ""boundary"": ""B4_PHILOSOPHY_EXCLUDED"", ""boundary_score"": 3, ""matches"": {""B4_PHILOSOPHY_EXCLUDED"": ""矛盾,主观能动性,boost:矛盾"", ""B1_EXCLUDED"": ""中国特色社会主义""}}",exclude_from_three_target_lines,main_matrix_original
2026_延庆_一模,2026,延庆,一模,3,,question,B4_PHILOSOPHY_EXCLUDED,objective,/Users/wanglifei/Desktop/2026模拟题/2026各区一模/2026延庆一模/试卷/试卷.pdf,paper,module-boundary-excluded,/Users/wanglifei/Desktop/北京高考政治/reports/必修二三与必修四文化_题源分类准备_20260617_1301/03_question_index/question_candidates.csv,"{""target"": ""B2_ECONOMICS"", ""target_score"": 5, ""boundary"": ""B4_PHILOSOPHY_EXCLUDED"", ""boundary_score"": 6, ""matches"": {""B2_ECONOMICS"": ""乡村振兴,基础设施,boost:乡村振兴"", ""B4_PHILOSOPHY_EXCLUDED"": ""整体与部分,矛盾,质的飞跃,boost:整体与部分,boost:矛盾,boost:质的飞跃""}, ""explicit_boundary_modules"": {""B4_PHILOSOPHY_EXCLUDED"": [""整体与部分""]}, ""override"": ""explicit_boundary_term""}",exclude_from_three_target_lines,main_matrix_original
2026_延庆_一模,2026,延庆,一模,4,,question,B4_PHILOSOPHY_EXCLUDED,objective,/Users/wanglifei/Desktop/2026模拟题/2026各区一模/2026延庆一模/试卷/试卷.pdf,paper,module-boundary-excluded,/Users/wanglifei/Desktop/北京高考政治/reports/必修二三与必修四文化_题源分类准备_20260617_1301/03_question_index/question_candidates.csv,"{""target"": ""B4_CULTURE"", ""target_score"": 7, ""boundary"": ""B4_PHILOSOPHY_EXCLUDED"", ""boundary_score"": 4, ""matches"": {""B4_CULTURE"": ""文化,文化载体,创造性转化,boost:创造性转化"", ""B4_PHILOSOPHY_EXCLUDED"": ""矛盾,价值判断,boost:矛盾,boost:价值判断""}, ""explicit_boundary_modules"": {""B4_PHILOSOPHY_EXCLUDED"": [""价值判断""]}, ""override"": ""explicit_boundary_term""}",exclude_from_three_target_lines,main_matrix_original
2026_延庆_一模,2026,延庆,一模,5,,question,XB3_EXCLUDED,objective,/Users/wanglifei/Desktop/2026模拟题/2026各区一模/2026延庆一模/试卷/试卷.pdf,paper,module-boundary-excluded,/Users/wanglifei/Desktop/北京高考政治/reports/必修二三与必修四文化_题源分类准备_20260617_1301/03_question_index/question_candidates.csv,"{""target"": ""B2_ECONOMICS"", ""target_score"": 0, ""boundary"": ""XB3_EXCLUDED"", ""boundary_score"": 8, ""matches"": {""B4_PHILOSOPHY_EXCLUDED"": ""认识"", ""XB3_EXCLUDED"": ""科学思维,逆向思维,推理,归纳推理,boost:科学思维,boost:逆向思维,boost:推理,boost:归纳推理""}, ""explicit_boundary_modules"": {""XB3_EXCLUDED"": [""科学思维"", ""推理""]}, ""override"": ""explicit_boundary_term""}",exclude_from_three_target_lines,main_matrix_original
2026_延庆_一模,2026,延庆,一模,6,,question,XB3_EXCLUDED,objective,/Users/wanglifei/Desktop/2026模拟题/2026各区一模/2026延庆一模/试卷/试卷.pdf,paper,module-boundary-excluded,/Users/wanglifei/Desktop/北京高考政治/reports/必修二三与必修四文化_题源分类准备_20260617_1301/03_question_index/question_candidates.csv,"{""target"": ""B2_ECONOMICS"", ""target_score"": 0, ""boundary"": ""XB3_EXCLUDED"", ""boundary_score"": 2, ""matches"": {""XB3_EXCLUDED"": ""推理,boost:推理""}, ""explicit_boundary_modules"": {""XB3_EXCLUDED"": [""推理""]}, ""override"": ""explicit_boundary_term""}",exclude_from_three_target_lines,main_matrix_original
2026_延庆_一模,2026,延庆,一模,7,,question,UNKNOWN_OR_MIXED,objective,/Users/wanglifei/Desktop/2026模拟题/2026各区一模/2026延庆一模/试卷/试卷.pdf,paper,blocked,/Users/wanglifei/Desktop/北京高考政治/reports/必修二三与必修四文化_题源分类准备_20260617_1301/03_question_index/question_candidates.csv,"{""target"": ""B2_ECONOMICS"", ""target_score"": 0, ""boundary"": ""B4_PHILOSOPHY_EXCLUDED"", ""boundary_score"": 0, ""matches"": {}}",manual_review_needed,main_matrix_original
2026_延庆_一模,2026,延庆,一模,8,,question,XB2_EXCLUDED,objective,/Users/wanglifei/Desktop/2026模拟题/2026各区一模/2026延庆一模/试卷/试卷.pdf,paper,module-boundary-excluded,/Users/wanglifei/Desktop/北京高考政治/reports/必修二三与必修四文化_题源分类准备_20260617_1301/03_question_index/question_candidates.csv,"{""target"": ""B3_POLITICS_RULE_OF_LAW"", ""target_score"": 1, ""boundary"": ""XB2_EXCLUDED"", ""boundary_score"": 5, ""matches"": {""B3_POLITICS_RULE_OF_LAW"": ""法院"", ""XB2_EXCLUDED"": ""调解,赔偿,所有权,boost:调解,boost:所有权""}, ""explicit_boundary_modules"": {""XB2_EXCLUDED"": [""所有权""]}, ""override"": ""explicit_boundary_term""}",exclude_from_three_target_lines,main_matrix_original
2026_延庆_一模,2026,延庆,一模,9,,question,XB2_EXCLUDED,objective,/Users/wanglifei/Desktop/2026模拟题/2026各区一模/2026延庆一模/试卷/试卷.pdf,paper,module-boundary-excluded,/Users/wanglifei/Desktop/北京高考政治/reports/必修二三与必修四文化_题源分类准备_20260617_1301/03_question_index/question_candidates.csv,"{""target"": ""B2_ECONOMICS"", ""target_score"": 3, ""boundary"": ""XB2_EXCLUDED"", ""boundary_score"": 11, ""matches"": {""B2_ECONOMICS"": ""消费"", ""B3_POLITICS_RULE_OF_LAW"": ""法院"", ""XB2_EXCLUDED"": ""合同,民事,民事行为能力,监护人,boost:合同,boost:民事,boost:民事行为能力,boost:监护人""}, ""explicit_boundary_modules"": {""XB2_EXCLUDED"": [""合同"", ""民事""]}, ""override"": ""explicit_boundary_term""}",exclude_from_three_target_lines,main_matrix_original
2026_房山_一模,2026,房山,一模,10,,question,XB2_EXCLUDED,objective,/Users/wanglifei/Desktop/北京高考政治/reports/必修二三与必修四文化_题源分类准备_20260617_1301/02_text_cache/ocr_cache/2026_房山_一模/试卷.ocr.txt,ocr-cache,module-boundary-excluded,/Users/wanglifei/Desktop/北京高考政治/reports/必修二三与必修四文化_题源分类准备_20260617_1301/02_text_cache/ocr_absorbed/2026_房山_一模.txt,"{""target"": ""B3_POLITICS_RULE_OF_LAW"", ""target_score"": 1, ""boundary"": ""XB2_EXCLUDED"", ""boundary_score"": 4, ""matches"": {""B3_POLITICS_RULE_OF_LAW"": ""法院"", ""XB2_EXCLUDED"": ""诉讼,举证,boost:诉讼,boost:举证""}, ""explicit_boundary_modules"": {""XB2_EXCLUDED"": [""诉讼""]}, ""override"": ""explicit_boundary_term""}",exclude_from_three_target_lines,main_matrix_original
2026_房山_一模,2026,房山,一模,11,,question,XB2_EXCLUDED,objective,/Users/wanglifei/Desktop/北京高考政治/reports/必修二三与必修四文化_题源分类准备_20260617_1301/02_text_cache/ocr_cache/2026_房山_一模/试卷.ocr.txt,ocr-cache,module-boundary-excluded,/Users/wanglifei/Desktop/北京高考政治/reports/必修二三与必修四文化_题源分类准备_20260617_1301/02_text_cache/ocr_absorbed/2026_房山_一模.txt,"{""target"": ""B3_POLITICS_RULE_OF_LAW"", ""target_score"": 3, ""boundary"": ""XB2_EXCLUDED"", ""boundary_score"": 4, ""matches"": {""B3_POLITICS_RULE_OF_LAW"": ""法院"", ""B4_PHILOSOPHY_EXCLUDED"": ""实践"", ""XB2_EXCLUDED"": ""物权,违约,boost:物权,boost:违约""}, ""explicit_boundary_modules"": {""XB2_EXCLUDED"": [""物权""]}, ""override"": ""explicit_boundary_term""}",exclude_from_three_target_lines,main_matrix_original
2026_房山_一模,2026,房山,一模,12,,question,B2_ECONOMICS,objective,/Users/wanglifei/Desktop/北京高考政治/reports/必修二三与必修四文化_题源分类准备_20260617_1301/02_text_cache/ocr_cache/2026_房山_一模/试卷.ocr.txt,ocr-cache,included,/Users/wanglifei/Desktop/北京高考政治/reports/必修二三与必修四文化_题源分类准备_20260617_1301/02_text_cache/ocr_absorbed/2026_房山_一模.txt,"{""target"": ""B2_ECONOMICS"", ""target_score"": 9, ""boundary"": ""B4_PHILOSOPHY_EXCLUDED"", ""boundary_score"": 0, ""matches"": {""B2_ECONOMICS"": ""社会保障,社会救助,boost:社会保障,boost:社会救助""}}",future_baodian_intake,main_matrix_original
2026_房山_一模,2026,房山,一模,13,,question,B2_ECONOMICS,objective,/Users/wanglifei/Desktop/北京高考政治/reports/必修二三与必修四文化_题源分类准备_20260617_1301/02_text_cache/ocr_cache/2026_房山_一模/试卷.ocr.txt,ocr-cache,included,/Users/wanglifei/Desktop/北京高考政治/reports/必修二三与必修四文化_题源分类准备_20260617_1301/02_text_cache/ocr_absorbed/2026_房山_一模.txt,"{""target"": ""B2_ECONOMICS"", ""target_score"": 5, ""boundary"": ""B4_PHILOSOPHY_EXCLUDED"", ""boundary_score"": 0, ""matches"": {""B2_ECONOMICS"": ""国有经济,实体经济,boost:国有经济,boost:实体经济"", ""B3_POLITICS_RULE_OF_LAW"": ""党组织,boost:党组织""}}",future_baodian_intake,main_matrix_original
2026_房山_一模,2026,房山,一模,14,,question,B2_ECONOMICS,objective,/Users/wanglifei/Desktop/北京高考政治/reports/必修二三与必修四文化_题源分类准备_20260617_1301/02_text_cache/ocr_cache/2026_房山_一模/试卷.ocr.txt,ocr-cache,included,/Users/wanglifei/Desktop/北京高考政治/reports/必修二三与必修四文化_题源分类准备_20260617_1301/02_text_cache/ocr_absorbed/2026_房山_一模.txt,"{""target"": ""B2_ECONOMICS"", ""target_score"": 2, ""boundary"": ""B4_PHILOSOPHY_EXCLUDED"", ""boundary_score"": 0, ""matches"": {""B2_ECONOMICS"": ""数字经济,boost:数字经济"", ""B3_POLITICS_RULE_OF_LAW"": ""政府""}}",future_baodian_intake,main_matrix_original
2026_房山_一模,2026,房山,一模,15,,question,XB1_EXCLUDED,objective,/Users/wanglifei/Desktop/北京高考政治/reports/必修二三与必修四文化_题源分类准备_20260617_1301/02_text_cache/ocr_cache/2026_房山_一模/试卷.ocr.txt,ocr-cache,module-boundary-excluded,/Users/wanglifei/Desktop/北京高考政治/reports/必修二三与必修四文化_题源分类准备_20260617_1301/02_text_cache/ocr_absorbed/2026_房山_一模.txt,"{""target"": ""B2_ECONOMICS"", ""target_score"": 0, ""boundary"": ""XB1_EXCLUDED"", ""boundary_score"": 10, ""matches"": {""XB1_EXCLUDED"": ""国际关系,联合国,全球治理,国际组织,boost:国际关系,boost:联合国,boost:全球治理,boost:国际组织""}, ""explicit_boundary_modules"": {""XB1_EXCLUDED"": [""国际关系"", ""联合国"", ""全球治理"", ""国际组织""]}, ""override"": ""explicit_boundary_term""}",exclude_from_three_target_lines,main_matrix_original
2026_房山_一模,2026,房山,一模,16(1),16,subquestion,B2_ECONOMICS,subjective,/Users/wanglifei/Desktop/北京高考政治/reports/必修二三与必修四文化_题源分类准备_20260617_1301/02_text_cache/ocr_cache/2026_房山_一模/试卷.ocr.txt,ocr-cache,included,04_module_classification/subquestion_split_matrix.csv,"{""target"": ""B2_ECONOMICS"", ""target_score"": 2, ""boundary"": ""B4_PHILOSOPHY_EXCLUDED"", ""boundary_score"": 0, ""matches"": {""B2_ECONOMICS"": ""经济与社会,boost:经济与社会""}}",future_baodian_intake,subquestion_integrated_target
2026_房山_一模,2026,房山,一模,16(2),16,subquestion,B4_PHILOSOPHY_EXCLUDED,subjective,/Users/wanglifei/Desktop/北京高考政治/reports/必修二三与必修四文化_题源分类准备_20260617_1301/02_text_cache/ocr_cache/2026_房山_一模/试卷.ocr.txt,ocr-cache,module-boundary-excluded,04_module_classification/subquestion_split_matrix.csv,"{""override"": ""prompt_router"", ""prompt_terms"": [""哲学""], ""classification_text"": ""(2)结合材料一和材料二,运用哲学却识,谈谈你对“因地制宜,本质就是实事求是” 的理解。(7分)"", ""base_decision"": ""{\""target\"": \""B2_ECONOMICS\"", \""target_score\"": 0, \""boundary\"": \""B4_PHILOSOPHY_EXCLUDED\"", \""boundary_score\"": 0, \""matches\"": {}}""}",exclude_from_three_target_lines,subquestion_integrated_boundary
2026_房山_一模,2026,房山,一模,18,,question,UNKNOWN_OR_MIXED,subjective,/Users/wanglifei/Desktop/北京高考政治/reports/必修二三与必修四文化_题源分类准备_20260617_1301/02_text_cache/ocr_cache/2026_房山_一模/试卷.ocr.txt,ocr-cache,blocked,/Users/wanglifei/Desktop/北京高考政治/reports/必修二三与必修四文化_题源分类准备_20260617_1301/02_text_cache/ocr_absorbed/2026_房山_一模.txt,"{""target"": ""B3_POLITICS_RULE_OF_LAW"", ""target_score"": 9, ""boundary"": ""XB3_EXCLUDED"", ""boundary_score"": 2, ""matches"": {""B3_POLITICS_RULE_OF_LAW"": ""政治与法治,宪法,政府,检察,全国人大,boost:政治与法治,boost:宪法,boost:全国人大"", ""XB3_EXCLUDED"": ""辩证思维,boost:辩证思维""}, ""explicit_target_modules"": {""B3_POLITICS_RULE_OF_LAW"": [""政治与法治""]}, ""explicit_boundary_modules"": {""XB3_EXCLUDED"": [""辩证思维""]}, ""override"": ""manual_subquestion_split_needed""}",manual_subquestion_split_needed,main_matrix_original
2026_房山_一模,2026,房山,一模,19,,question,XB1_EXCLUDED,subjective,/Users/wanglifei/Desktop/北京高考政治/reports/必修二三与必修四文化_题源分类准备_20260617_1301/02_text_cache/ocr_cache/2026_房山_一模/试卷.ocr.txt,ocr-cache,module-boundary-excluded,/Users/wanglifei/Desktop/北京高考政治/reports/必修二三与必修四文化_题源分类准备_20260617_1301/02_text_cache/ocr_absorbed/2026_房山_一模.txt,"{""target"": ""B2_ECONOMICS"", ""target_score"": 2, ""boundary"": ""XB1_EXCLUDED"", ""boundary_score"": 3, ""matches"": {""B2_ECONOMICS"": ""产业链,boost:产业链"", ""XB1_EXCLUDED"": ""当代国际政治与经济,对外开放,boost:当代国际政治与经济"", ""B1_EXCLUDED"": ""改革开放""}, ""explicit_boundary_modules"": {""XB1_EXCLUDED"": [""当代国际政治与经济""]}, ""override"": ""explicit_boundary_term""}",exclude_from_three_target_lines,main_matrix_original
2026_房山_一模,2026,房山,一模,2,,question,B4_CULTURE,objective,/Users/wanglifei/Desktop/北京高考政治/reports/必修二三与必修四文化_题源分类准备_20260617_1301/02_text_cache/ocr_cache/2026_房山_一模/试卷.ocr.txt,ocr-cache,included,/Users/wanglifei/Desktop/北京高考政治/reports/必修二三与必修四文化_题源分类准备_20260617_1301/02_text_cache/ocr_absorbed/2026_房山_一模.txt,"{""target"": ""B4_CULTURE"", ""target_score"": 5, ""boundary"": ""B4_PHILOSOPHY_EXCLUDED"", ""boundary_score"": 4, ""matches"": {""B4_CULTURE"": ""文化,文化传承,精神谱系,boost:文化传承,boost:精神谱系"", ""B4_PHILOSOPHY_EXCLUDED"": ""真理,矛盾,boost:真理,boost:矛盾""}}",future_baodian_intake,main_matrix_original
2026_房山_一模,2026,房山,一模,20,,question,B3_POLITICS_RULE_OF_LAW,subjective,/Users/wanglifei/Desktop/北京高考政治/reports/必修二三与必修四文化_题源分类准备_20260617_1301/02_text_cache/ocr_cache/2026_房山_一模/试卷.ocr.txt,ocr-cache,included,/Users/wanglifei/Desktop/北京高考政治/reports/必修二三与必修四文化_题源分类准备_20260617_1301/02_text_cache/ocr_absorbed/2026_房山_一模.txt,"{""target"": ""B3_POLITICS_RULE_OF_LAW"", ""target_score"": 9, ""boundary"": ""B4_PHILOSOPHY_EXCLUDED"", ""boundary_score"": 2, ""matches"": {""B3_POLITICS_RULE_OF_LAW"": ""中国共产党,党的领导,宪法,国家治理,boost:中国共产党,boost:党的领导,boost:宪法,boost:国家治理"", ""B4_PHILOSOPHY_EXCLUDED"": ""实践,认识"", ""B1_EXCLUDED"": ""中国特色社会主义""}}",future_baodian_intake,main_matrix_original
2026_房山_一模,2026,房山,一模,3,,question,B4_CULTURE,objective,/Users/wanglifei/Desktop/北京高考政治/reports/必修二三与必修四文化_题源分类准备_20260617_1301/02_text_cache/ocr_cache/2026_房山_一模/试卷.ocr.txt,ocr-cache,included,/Users/wanglifei/Desktop/北京高考政治/reports/必修二三与必修四文化_题源分类准备_20260617_1301/02_text_cache/ocr_absorbed/2026_房山_一模.txt,"{""target"": ""B4_CULTURE"", ""target_score"": 9, ""boundary"": ""B4_PHILOSOPHY_EXCLUDED"", ""boundary_score"": 1, ""matches"": {""B4_CULTURE"": ""文化,文化创新,非遗,中华文明,boost:文化创新,boost:非遗,boost:中华文明"", ""B4_PHILOSOPHY_EXCLUDED"": ""实践""}}",future_baodian_intake,main_matrix_original
2026_房山_一模,2026,房山,一模,4,,question,B4_PHILOSOPHY_EXCLUDED,objective,/Users/wanglifei/Desktop/北京高考政治/reports/必修二三与必修四文化_题源分类准备_20260617_1301/02_text_cache/ocr_cache/2026_房山_一模/试卷.ocr.txt,ocr-cache,module-boundary-excluded,/Users/wanglifei/Desktop/北京高考政治/reports/必修二三与必修四文化_题源分类准备_20260617_1301/02_text_cache/ocr_absorbed/2026_房山_一模.txt,"{""target"": ""B2_ECONOMICS"", ""target_score"": 4, ""boundary"": ""B4_PHILOSOPHY_EXCLUDED"", ""boundary_score"": 15, ""matches"": {""B2_ECONOMICS"": ""高质量发展,boost:高质量发展"", ""B4_PHILOSOPHY_EXCLUDED"": ""实践,真理,系统优化,社会意识,boost:真理,boost:系统优化,boost:社会意识"", ""XB3_EXCLUDED"": ""想象,boost:想象"", ""B1_EXCLUDED"": ""改革开放""}, ""explicit_boundary_modules"": {""XB3_EXCLUDED"": [""想象""], ""B4_PHILOSOPHY_EXCLUDED"": [""社会意识"", ""系统优化""]}, ""override"": ""explicit_boundary_term""}",exclude_from_three_target_lines,main_matrix_original
2026_房山_一模,2026,房山,一模,6,,question,XB3_EXCLUDED,objective,/Users/wanglifei/Desktop/北京高考政治/reports/必修二三与必修四文化_题源分类准备_20260617_1301/02_text_cache/ocr_cache/2026_房山_一模/试卷.ocr.txt,ocr-cache,module-boundary-excluded,/Users/wanglifei/Desktop/北京高考政治/reports/必修二三与必修四文化_题源分类准备_20260617_1301/02_text_cache/ocr_absorbed/2026_房山_一模.txt,"{""target"": ""B2_ECONOMICS"", ""target_score"": 0, ""boundary"": ""XB3_EXCLUDED"", ""boundary_score"": 6, ""matches"": {""B4_PHILOSOPHY_EXCLUDED"": ""实践,认识"", ""XB3_EXCLUDED"": ""超前思维,推理,演绎推理,boost:超前思维,boost:推理,boost:演绎推理""}, ""explicit_boundary_modules"": {""XB3_EXCLUDED"": [""超前思维"", ""推理""]}, ""override"": ""explicit_boundary_term""}",exclude_from_three_target_lines,main_matrix_original
2026_房山_一模,2026,房山,一模,7,,question,UNKNOWN_OR_MIXED,objective,/Users/wanglifei/Desktop/北京高考政治/reports/必修二三与必修四文化_题源分类准备_20260617_1301/02_text_cache/ocr_cache/2026_房山_一模/试卷.ocr.txt,ocr-cache,blocked,/Users/wanglifei/Desktop/北京高考政治/reports/必修二三与必修四文化_题源分类准备_20260617_1301/02_text_cache/ocr_absorbed/2026_房山_一模.txt,"{""target"": ""B4_CULTURE"", ""target_score"": 4, ""boundary"": ""B4_PHILOSOPHY_EXCLUDED"", ""boundary_score"": 4, ""matches"": {""B3_POLITICS_RULE_OF_LAW"": ""公共服务"", ""B4_CULTURE"": ""文化,文化基因,boost:文化基因"", ""B4_PHILOSOPHY_EXCLUDED"": ""实践,矛盾,boost:矛盾""}}",manual_review_needed,main_matrix_original
2026_房山_一模,2026,房山,一模,9,,question,B3_POLITICS_RULE_OF_LAW,objective,/Users/wanglifei/Desktop/北京高考政治/reports/必修二三与必修四文化_题源分类准备_20260617_1301/02_text_cache/ocr_cache/2026_房山_一模/试卷.ocr.txt,ocr-cache,included,/Users/wanglifei/Desktop/北京高考政治/reports/必修二三与必修四文化_题源分类准备_20260617_1301/02_text_cache/ocr_absorbed/2026_房山_一模.txt,"{""target"": ""B3_POLITICS_RULE_OF_LAW"", ""target_score"": 7, ""boundary"": ""B4_PHILOSOPHY_EXCLUDED"", ""boundary_score"": 0, ""matches"": {""B3_POLITICS_RULE_OF_LAW"": ""人大代表,政府,人大常委会,boost:人大代表,boost:人大常委会""}}",future_baodian_intake,main_matrix_original
2026_房山_二模,2026,房山,二模,16,,question,B4_CULTURE,subjective,/Users/wanglifei/Desktop/2026模拟题/2026各区二模/2026房山二模/试卷/2026北京房山高三二模政治（教师版）.pdf,paper,included,/Users/wanglifei/Desktop/北京高考政治/reports/必修二三与必修四文化_题源分类准备_20260617_1301/03_question_index/question_candidates.csv,"{""target"": ""B4_CULTURE"", ""target_score"": 24, ""boundary"": ""B4_PHILOSOPHY_EXCLUDED"", ""boundary_score"": 15, ""matches"": {""B4_CULTURE"": ""文化,中华优秀传统文化,优秀传统文化,传统文化,创造性转化,创新性发展,民族精神,中华文明,boost:中华优秀传统文化,boost:优秀传统文化,boost:传统文化,boost:创造性转化"", ""B4_PHILOSOPHY_EXCLUDED"": ""实践,矛盾,质变,人民群众,主观能动性,尊重客观规律,boost:矛盾,boost:质变,boost:人民群众,boost:尊重客观规律""}}",future_baodian_intake,main_matrix_original
2026_房山_二模,2026,房山,二模,17,,question,XB2_EXCLUDED,subjective,/Users/wanglifei/Desktop/2026模拟题/2026各区二模/2026房山二模/试卷/2026北京房山高三二模政治（教师版）.pdf,paper,module-boundary-excluded,/Users/wanglifei/Desktop/北京高考政治/reports/必修二三与必修四文化_题源分类准备_20260617_1301/03_question_index/question_candidates.csv,"{""target"": ""B3_POLITICS_RULE_OF_LAW"", ""target_score"": 3, ""boundary"": ""XB2_EXCLUDED"", ""boundary_score"": 10, ""matches"": {""B3_POLITICS_RULE_OF_LAW"": ""公正司法,boost:公正司法"", ""B4_PHILOSOPHY_EXCLUDED"": ""实践"", ""XB2_EXCLUDED"": ""诉讼,调解,仲裁,boost:诉讼,boost:调解,boost:仲裁""}, ""explicit_boundary_modules"": {""XB2_EXCLUDED"": [""诉讼""]}, ""override"": ""explicit_boundary_term""}",exclude_from_three_target_lines,main_matrix_original
2026_房山_二模,2026,房山,二模,18,,question,XB2_EXCLUDED,subjective,/Users/wanglifei/Desktop/2026模拟题/2026各区二模/2026房山二模/试卷/2026北京房山高三二模政治（教师版）.pdf,paper,module-boundary-excluded,/Users/wanglifei/Desktop/北京高考政治/reports/必修二三与必修四文化_题源分类准备_20260617_1301/03_question_index/question_candidates.csv,"{""target"": ""B2_ECONOMICS"", ""target_score"": 0, ""boundary"": ""B4_PHILOSOPHY_EXCLUDED"", ""boundary_score"": 2, ""matches"": {""B4_PHILOSOPHY_EXCLUDED"": ""矛盾,boost:矛盾"", ""XB2_EXCLUDED"": ""合同,boost:合同""}, ""explicit_boundary_modules"": {""XB2_EXCLUDED"": [""合同""]}, ""override"": ""explicit_boundary_term""}",exclude_from_three_target_lines,main_matrix_original
2026_房山_二模,2026,房山,二模,19,,question,B2_ECONOMICS,subjective,/Users/wanglifei/Desktop/2026模拟题/2026各区二模/2026房山二模/试卷/2026北京房山高三二模政治（教师版）.pdf,paper,included,/Users/wanglifei/Desktop/北京高考政治/reports/必修二三与必修四文化_题源分类准备_20260617_1301/03_question_index/question_candidates.csv,"{""target"": ""B2_ECONOMICS"", ""target_score"": 27, ""boundary"": ""B1_EXCLUDED"", ""boundary_score"": 1, ""matches"": {""B2_ECONOMICS"": ""基本经济制度,市场经济,宏观调控,经济职能,高质量发展,供给侧,财政,消费,扩大内需,基础设施,boost:基本经济制度,boost:市场经济"", ""B3_POLITICS_RULE_OF_LAW"": ""政府"", ""B1_EXCLUDED"": ""中国特色社会主义""}}",future_baodian_intake,main_matrix_original
2026_房山_二模,2026,房山,二模,20,,question,XB1_EXCLUDED,subjective,/Users/wanglifei/Desktop/2026模拟题/2026各区二模/2026房山二模/试卷/2026北京房山高三二模政治（教师版）.pdf,paper,module-boundary-excluded,/Users/wanglifei/Desktop/北京高考政治/reports/必修二三与必修四文化_题源分类准备_20260617_1301/03_question_index/question_candidates.csv,"{""target"": ""B2_ECONOMICS"", ""target_score"": 8, ""boundary"": ""XB1_EXCLUDED"", ""boundary_score"": 8, ""matches"": {""B2_ECONOMICS"": ""高质量发展,数字经济,数据要素,boost:高质量发展,boost:数字经济,boost:数据要素"", ""XB1_EXCLUDED"": ""全球治理,世界多极化,经济全球化,boost:全球治理,boost:世界多极化,boost:经济全球化""}, ""explicit_boundary_modules"": {""XB1_EXCLUDED"": [""经济全球化"", ""世界多极化"", ""全球治理""]}, ""override"": ""explicit_boundary_term""}",exclude_from_three_target_lines,main_matrix_original
2026_房山_二模,2026,房山,二模,21,,question,XB1_EXCLUDED,subjective,/Users/wanglifei/Desktop/2026模拟题/2026各区二模/2026房山二模/试卷/2026北京房山高三二模政治（教师版）.pdf,paper,module-boundary-excluded,/Users/wanglifei/Desktop/北京高考政治/reports/必修二三与必修四文化_题源分类准备_20260617_1301/03_question_index/question_candidates.csv,"{""target"": ""B4_CULTURE"", ""target_score"": 5, ""boundary"": ""B4_PHILOSOPHY_EXCLUDED"", ""boundary_score"": 8, ""matches"": {""B2_ECONOMICS"": ""区域协调"", ""B3_POLITICS_RULE_OF_LAW"": ""党的领导,boost:党的领导"", ""B4_CULTURE"": ""精神谱系,长征精神,boost:精神谱系,boost:长征精神"", ""B4_PHILOSOPHY_EXCLUDED"": ""真理,矛盾,人民群众,boost:真理,boost:矛盾,boost:人民群众"", ""XB1_EXCLUDED"": ""国际关系,对外开放,boost:国际关系"", ""XB3_EXCLUDED"": ""科学思维,boost:科学思维"", ""B1_EXCLUDED"": ""中国特色社会主义,社会主义现代化强国""}, ""explicit_boundary_modules"": {""XB1_EXCLUDED"": [""国际关系""], ""XB3_EXCLUDED"": [""科学思维""]}, ""override"": ""explicit_boundary_term""}",exclude_from_three_target_lines,main_matrix_original
2026_朝阳_一模,2026,朝阳,一模,1,,question,B3_POLITICS_RULE_OF_LAW,objective,/Users/wanglifei/Desktop/2026模拟题/2026各区一模/2026朝阳一模/试卷/试卷.pdf,paper,included,/Users/wanglifei/Desktop/北京高考政治/reports/必修二三与必修四文化_题源分类准备_20260617_1301/03_question_index/question_candidates.csv,"{""target"": ""B3_POLITICS_RULE_OF_LAW"", ""target_score"": 2, ""boundary"": ""B1_EXCLUDED"", ""boundary_score"": 1, ""matches"": {""B3_POLITICS_RULE_OF_LAW"": ""中国共产党,boost:中国共产党"", ""B1_EXCLUDED"": ""改革开放""}}",future_baodian_intake,main_matrix_original
2026_朝阳_一模,2026,朝阳,一模,10,,question,XB2_EXCLUDED,objective,/Users/wanglifei/Desktop/2026模拟题/2026各区一模/2026朝阳一模/试卷/试卷.pdf,paper,module-boundary-excluded,/Users/wanglifei/Desktop/北京高考政治/reports/必修二三与必修四文化_题源分类准备_20260617_1301/03_question_index/question_candidates.csv,"{""target"": ""B2_ECONOMICS"", ""target_score"": 0, ""boundary"": ""XB2_EXCLUDED"", ""boundary_score"": 3, ""matches"": {""XB2_EXCLUDED"": ""专利,boost:专利""}, ""explicit_boundary_modules"": {""XB2_EXCLUDED"": [""专利""]}, ""override"": ""explicit_boundary_term""}",exclude_from_three_target_lines,main_matrix_original
2026_朝阳_一模,2026,朝阳,一模,11,,question,XB2_EXCLUDED,objective,/Users/wanglifei/Desktop/2026模拟题/2026各区一模/2026朝阳一模/试卷/试卷.pdf,paper,module-boundary-excluded,/Users/wanglifei/Desktop/北京高考政治/reports/必修二三与必修四文化_题源分类准备_20260617_1301/03_question_index/question_candidates.csv,"{""target"": ""B3_POLITICS_RULE_OF_LAW"", ""target_score"": 3, ""boundary"": ""XB2_EXCLUDED"", ""boundary_score"": 6, ""matches"": {""B3_POLITICS_RULE_OF_LAW"": ""行政机关,法院"", ""B4_PHILOSOPHY_EXCLUDED"": ""实践,矛盾,人民群众,boost:矛盾,boost:人民群众"", ""XB2_EXCLUDED"": ""诉讼,调解,赔偿,boost:诉讼,boost:调解""}, ""explicit_boundary_modules"": {""XB2_EXCLUDED"": [""诉讼""]}, ""override"": ""explicit_boundary_term""}",exclude_from_three_target_lines,main_matrix_original
2026_朝阳_一模,2026,朝阳,一模,12,,question,UNKNOWN_OR_MIXED,objective,/Users/wanglifei/Desktop/2026模拟题/2026各区一模/2026朝阳一模/试卷/试卷.pdf,paper,blocked,/Users/wanglifei/Desktop/北京高考政治/reports/必修二三与必修四文化_题源分类准备_20260617_1301/03_question_index/question_candidates.csv,"{""target"": ""B2_ECONOMICS"", ""target_score"": 1, ""boundary"": ""B4_PHILOSOPHY_EXCLUDED"", ""boundary_score"": 0, ""matches"": {""B2_ECONOMICS"": ""基础设施""}}",manual_review_needed,main_matrix_original
2026_朝阳_一模,2026,朝阳,一模,13,,question,UNKNOWN_OR_MIXED,objective,/Users/wanglifei/Desktop/2026模拟题/2026各区一模/2026朝阳一模/试卷/试卷.pdf,paper,blocked,/Users/wanglifei/Desktop/北京高考政治/reports/必修二三与必修四文化_题源分类准备_20260617_1301/03_question_index/question_candidates.csv,"{""target"": ""B2_ECONOMICS"", ""target_score"": 1, ""boundary"": ""B4_PHILOSOPHY_EXCLUDED"", ""boundary_score"": 0, ""matches"": {""B2_ECONOMICS"": ""消费""}}",manual_review_needed,main_matrix_original
2026_朝阳_一模,2026,朝阳,一模,14,,question,B2_ECONOMICS,objective,/Users/wanglifei/Desktop/2026模拟题/2026各区一模/2026朝阳一模/试卷/试卷.pdf,paper,included,/Users/wanglifei/Desktop/北京高考政治/reports/必修二三与必修四文化_题源分类准备_20260617_1301/03_question_index/question_candidates.csv,"{""target"": ""B2_ECONOMICS"", ""target_score"": 2, ""boundary"": ""B4_PHILOSOPHY_EXCLUDED"", ""boundary_score"": 0, ""matches"": {""B2_ECONOMICS"": ""生产要素,boost:生产要素"", ""B3_POLITICS_RULE_OF_LAW"": ""国家治理,boost:国家治理""}}",future_baodian_intake,main_matrix_original
2026_朝阳_一模,2026,朝阳,一模,15,,question,XB1_EXCLUDED,objective,/Users/wanglifei/Desktop/2026模拟题/2026各区一模/2026朝阳一模/试卷/试卷.pdf,paper,module-boundary-excluded,/Users/wanglifei/Desktop/北京高考政治/reports/必修二三与必修四文化_题源分类准备_20260617_1301/03_question_index/question_candidates.csv,"{""target"": ""B2_ECONOMICS"", ""target_score"": 0, ""boundary"": ""XB1_EXCLUDED"", ""boundary_score"": 4, ""matches"": {""XB1_EXCLUDED"": ""全球治理,人类命运共同体,boost:全球治理,boost:人类命运共同体""}, ""explicit_boundary_modules"": {""XB1_EXCLUDED"": [""全球治理"", ""人类命运共同体""]}, ""override"": ""explicit_boundary_term""}",exclude_from_three_target_lines,main_matrix_original
2026_朝阳_一模,2026,朝阳,一模,16,,question,B4_PHILOSOPHY_EXCLUDED,subjective,/Users/wanglifei/Desktop/2026模拟题/2026各区一模/2026朝阳一模/试卷/试卷.pdf,paper,module-boundary-excluded,/Users/wanglifei/Desktop/北京高考政治/reports/必修二三与必修四文化_题源分类准备_20260617_1301/03_question_index/question_candidates.csv,"{""target"": ""B4_CULTURE"", ""target_score"": 20, ""boundary"": ""B4_PHILOSOPHY_EXCLUDED"", ""boundary_score"": 33, ""matches"": {""B4_CULTURE"": ""文化,中华优秀传统文化,优秀传统文化,传统文化,文化自信,boost:中华优秀传统文化,boost:优秀传统文化,boost:传统文化,boost:文化自信"", ""B4_PHILOSOPHY_EXCLUDED"": ""实践,认识,联系的观点,联系的普遍性,系统优化,矛盾,主观能动性,尊重客观规律,boost:联系的观点,boost:联系的普遍性,boost:系统优化,boost:矛盾""}, ""explicit_boundary_modules"": {""B4_PHILOSOPHY_EXCLUDED"": [""系统优化""]}, ""override"": ""explicit_boundary_term""}",exclude_from_three_target_lines,main_matrix_original
2026_朝阳_一模,2026,朝阳,一模,17,,question,UNKNOWN_OR_MIXED,subjective,/Users/wanglifei/Desktop/2026模拟题/2026各区一模/2026朝阳一模/试卷/试卷.pdf,paper,blocked,/Users/wanglifei/Desktop/北京高考政治/reports/必修二三与必修四文化_题源分类准备_20260617_1301/03_question_index/question_candidates.csv,"{""target"": ""B4_CULTURE"", ""target_score"": 43, ""boundary"": ""XB3_EXCLUDED"", ""boundary_score"": 22, ""matches"": {""B2_ECONOMICS"": ""高质量发展,boost:高质量发展"", ""B3_POLITICS_RULE_OF_LAW"": ""政治与法治,法治政府,政府,民主决策,社会治理,公共服务,boost:政治与法治,boost:法治政府"", ""B4_CULTURE"": ""文化,博物馆,文创,boost:博物馆,boost:文创"", ""B4_PHILOSOPHY_EXCLUDED"": ""实践"", ""XB3_EXCLUDED"": ""逻辑与思维,迁移,想象,推理,归纳推理,boost:逻辑与思维,boost:迁移,boost:想象,boost:推理,boost:归纳推理""}, ""explicit_target_modules"": {""B3_POLITICS_RULE_OF_LAW"": [""政治与法治""]}, ""explicit_boundary_modules"": {""XB3_EXCLUDED"": [""逻辑与思维"", ""推理"", ""迁移"", ""想象""]}, ""override"": ""manual_subquestion_split_needed""}",manual_subquestion_split_needed,main_matrix_original
2026_朝阳_一模,2026,朝阳,一模,18,,question,XB2_EXCLUDED,subjective,/Users/wanglifei/Desktop/2026模拟题/2026各区一模/2026朝阳一模/试卷/试卷.pdf,paper,module-boundary-excluded,/Users/wanglifei/Desktop/北京高考政治/reports/必修二三与必修四文化_题源分类准备_20260617_1301/03_question_index/question_candidates.csv,"{""target"": ""B3_POLITICS_RULE_OF_LAW"", ""target_score"": 13, ""boundary"": ""XB2_EXCLUDED"", ""boundary_score"": 45, ""matches"": {""B2_ECONOMICS"": ""新质生产力,boost:新质生产力"", ""B3_POLITICS_RULE_OF_LAW"": ""法院"", ""B4_PHILOSOPHY_EXCLUDED"": ""实践"", ""XB2_EXCLUDED"": ""法律与生活,侵权,知识产权,诉讼,调解,侵权责任,赔偿,专利,boost:法律与生活,boost:侵权,boost:知识产权,boost:诉讼""}, ""explicit_boundary_modules"": {""XB2_EXCLUDED"": [""法律与生活"", ""侵权"", ""知识产权"", ""诉讼"", ""专利""]}, ""override"": ""explicit_boundary_term""}",exclude_from_three_target_lines,main_matrix_original
2026_朝阳_一模,2026,朝阳,一模,19,,question,B2_ECONOMICS,subjective,/Users/wanglifei/Desktop/2026模拟题/2026各区一模/2026朝阳一模/试卷/试卷.pdf,paper,included,/Users/wanglifei/Desktop/北京高考政治/reports/必修二三与必修四文化_题源分类准备_20260617_1301/03_question_index/question_candidates.csv,"{""target"": ""B2_ECONOMICS"", ""target_score"": 30, ""boundary"": ""B4_PHILOSOPHY_EXCLUDED"", ""boundary_score"": 0, ""matches"": {""B2_ECONOMICS"": ""经济与社会,有效市场,有为政府,宏观调控,新发展理念,实体经济,产业链,供应链,经济增长,boost:经济与社会,boost:宏观调控,boost:新发展理念"", ""B3_POLITICS_RULE_OF_LAW"": ""政府""}}",future_baodian_intake,main_matrix_original
2026_朝阳_一模,2026,朝阳,一模,2,,question,B4_PHILOSOPHY_EXCLUDED,objective,/Users/wanglifei/Desktop/2026模拟题/2026各区一模/2026朝阳一模/试卷/试卷.pdf,paper,module-boundary-excluded,/Users/wanglifei/Desktop/北京高考政治/reports/必修二三与必修四文化_题源分类准备_20260617_1301/03_question_index/question_candidates.csv,"{""target"": ""B2_ECONOMICS"", ""target_score"": 0, ""boundary"": ""B4_PHILOSOPHY_EXCLUDED"", ""boundary_score"": 2, ""matches"": {""B4_PHILOSOPHY_EXCLUDED"": ""价值观的导向,boost:价值观的导向""}}",exclude_from_three_target_lines,main_matrix_original
2026_朝阳_一模,2026,朝阳,一模,20,,question,XB1_EXCLUDED,subjective,/Users/wanglifei/Desktop/2026模拟题/2026各区一模/2026朝阳一模/试卷/试卷.pdf,paper,module-boundary-excluded,/Users/wanglifei/Desktop/北京高考政治/reports/必修二三与必修四文化_题源分类准备_20260617_1301/03_question_index/question_candidates.csv,"{""target"": ""B2_ECONOMICS"", ""target_score"": 7, ""boundary"": ""XB1_EXCLUDED"", ""boundary_score"": 17, ""matches"": {""B2_ECONOMICS"": ""高质量发展,消费,产业链,经济增长,boost:高质量发展,boost:产业链,boost:经济增长"", ""XB1_EXCLUDED"": ""当代国际政治与经济,国际关系,全球治理,经济全球化,人类命运共同体,南南合作,对外开放,boost:当代国际政治与经济,boost:国际关系,boost:全球治理,boost:经济全球化,boost:人类命运共同体""}, ""explicit_boundary_modules"": {""XB1_EXCLUDED"": [""当代国际政治与经济"", ""经济全球化"", ""国际关系"", ""全球治理"", ""人类命运共同体""]}, ""override"": ""explicit_boundary_term""}",exclude_from_three_target_lines,main_matrix_original
2026_朝阳_一模,2026,朝阳,一模,21,,question,B3_POLITICS_RULE_OF_LAW,subjective,/Users/wanglifei/Desktop/2026模拟题/2026各区一模/2026朝阳一模/试卷/试卷.pdf,paper,included,/Users/wanglifei/Desktop/北京高考政治/reports/必修二三与必修四文化_题源分类准备_20260617_1301/03_question_index/question_candidates.csv,"{""target"": ""B3_POLITICS_RULE_OF_LAW"", ""target_score"": 13, ""boundary"": ""B1_EXCLUDED"", ""boundary_score"": 4, ""matches"": {""B2_ECONOMICS"": ""高质量发展,共同富裕,区域协调,boost:高质量发展,boost:共同富裕"", ""B3_POLITICS_RULE_OF_LAW"": ""宪法,国家治理,全国人大,科学立法,boost:宪法,boost:国家治理,boost:全国人大,boost:科学立法"", ""B4_PHILOSOPHY_EXCLUDED"": ""实践"", ""B1_EXCLUDED"": ""中国特色社会主义""}}",future_baodian_intake,main_matrix_original
2026_朝阳_一模,2026,朝阳,一模,3,,question,UNKNOWN_OR_MIXED,objective,/Users/wanglifei/Desktop/2026模拟题/2026各区一模/2026朝阳一模/试卷/试卷.pdf,paper,blocked,/Users/wanglifei/Desktop/北京高考政治/reports/必修二三与必修四文化_题源分类准备_20260617_1301/03_question_index/question_candidates.csv,"{""target"": ""B4_CULTURE"", ""target_score"": 31, ""boundary"": ""B4_PHILOSOPHY_EXCLUDED"", ""boundary_score"": 4, ""matches"": {""B2_ECONOMICS"": ""高质量发展,boost:高质量发展"", ""B3_POLITICS_RULE_OF_LAW"": ""政治与法治,政府,公共服务,boost:政治与法治"", ""B4_CULTURE"": ""文化,传统文化,文化自信,非遗,博物馆,文创,boost:传统文化,boost:文化自信,boost:非遗,boost:博物馆,boost:文创"", ""B4_PHILOSOPHY_EXCLUDED"": ""矛盾,辩证否定,boost:矛盾,boost:辩证否定"", ""XB3_EXCLUDED"": ""联想思维,推理,boost:联想思维,boost:推理""}, ""explicit_target_modules"": {""B3_POLITICS_RULE_OF_LAW"": [""政治与法治""]}, ""explicit_boundary_modules"": {""XB3_EXCLUDED"": [""推理""], ""B4_PHILOSOPHY_EXCLUDED"": [""辩证否定""]}, ""override"": ""manual_subquestion_split_needed""}",manual_subquestion_split_needed,main_matrix_original
2026_朝阳_一模,2026,朝阳,一模,4,,question,XB1_EXCLUDED,objective,/Users/wanglifei/Desktop/2026模拟题/2026各区一模/2026朝阳一模/试卷/试卷.pdf,paper,module-boundary-excluded,/Users/wanglifei/Desktop/北京高考政治/reports/必修二三与必修四文化_题源分类准备_20260617_1301/03_question_index/question_candidates.csv,"{""target"": ""B4_CULTURE"", ""target_score"": 6, ""boundary"": ""XB1_EXCLUDED"", ""boundary_score"": 4, ""matches"": {""B4_CULTURE"": ""文化,文明交流互鉴,boost:文明交流互鉴"", ""XB1_EXCLUDED"": ""人类命运共同体,外交,boost:人类命运共同体,boost:外交"", ""B1_EXCLUDED"": ""中国特色社会主义""}, ""explicit_boundary_modules"": {""XB1_EXCLUDED"": [""人类命运共同体""]}, ""override"": ""explicit_boundary_term""}",exclude_from_three_target_lines,main_matrix_original
2026_朝阳_一模,2026,朝阳,一模,5,,question,XB3_EXCLUDED,objective,/Users/wanglifei/Desktop/2026模拟题/2026各区一模/2026朝阳一模/试卷/试卷.pdf,paper,module-boundary-excluded,/Users/wanglifei/Desktop/北京高考政治/reports/必修二三与必修四文化_题源分类准备_20260617_1301/03_question_index/question_candidates.csv,"{""target"": ""B2_ECONOMICS"", ""target_score"": 0, ""boundary"": ""XB3_EXCLUDED"", ""boundary_score"": 4, ""matches"": {""XB3_EXCLUDED"": ""概念外延,假言判断,boost:概念外延,boost:假言判断""}, ""explicit_boundary_modules"": {""XB3_EXCLUDED"": [""概念外延"", ""假言""]}, ""override"": ""explicit_boundary_term""}",exclude_from_three_target_lines,main_matrix_original
2026_朝阳_一模,2026,朝阳,一模,6,,question,XB3_EXCLUDED,objective,/Users/wanglifei/Desktop/2026模拟题/2026各区一模/2026朝阳一模/试卷/试卷.pdf,paper,module-boundary-excluded,/Users/wanglifei/Desktop/北京高考政治/reports/必修二三与必修四文化_题源分类准备_20260617_1301/03_question_index/question_candidates.csv,"{""target"": ""B4_CULTURE"", ""target_score"": 1, ""boundary"": ""XB3_EXCLUDED"", ""boundary_score"": 4, ""matches"": {""B4_CULTURE"": ""文化"", ""XB3_EXCLUDED"": ""辩证思维,聚合思维,boost:辩证思维,boost:聚合思维""}, ""explicit_boundary_modules"": {""XB3_EXCLUDED"": [""辩证思维""]}, ""override"": ""explicit_boundary_term""}",exclude_from_three_target_lines,main_matrix_original
2026_朝阳_一模,2026,朝阳,一模,7,,question,XB3_EXCLUDED,objective,/Users/wanglifei/Desktop/2026模拟题/2026各区一模/2026朝阳一模/试卷/试卷.pdf,paper,module-boundary-excluded,/Users/wanglifei/Desktop/北京高考政治/reports/必修二三与必修四文化_题源分类准备_20260617_1301/03_question_index/question_candidates.csv,"{""target"": ""B2_ECONOMICS"", ""target_score"": 0, ""boundary"": ""XB3_EXCLUDED"", ""boundary_score"": 4, ""matches"": {""XB3_EXCLUDED"": ""超前思维,推理,boost:超前思维,boost:推理""}, ""explicit_boundary_modules"": {""XB3_EXCLUDED"": [""超前思维"", ""推理""]}, ""override"": ""explicit_boundary_term""}",exclude_from_three_target_lines,main_matrix_original
2026_朝阳_一模,2026,朝阳,一模,8,,question,B3_POLITICS_RULE_OF_LAW,objective,/Users/wanglifei/Desktop/2026模拟题/2026各区一模/2026朝阳一模/试卷/试卷.pdf,paper,included,/Users/wanglifei/Desktop/北京高考政治/reports/必修二三与必修四文化_题源分类准备_20260617_1301/03_question_index/question_candidates.csv,"{""target"": ""B3_POLITICS_RULE_OF_LAW"", ""target_score"": 11, ""boundary"": ""B4_PHILOSOPHY_EXCLUDED"", ""boundary_score"": 2, ""matches"": {""B2_ECONOMICS"": ""高质量发展,养老服务,boost:高质量发展,boost:养老服务"", ""B3_POLITICS_RULE_OF_LAW"": ""人大代表,政协,全过程人民民主,全国人大,立法权,boost:人大代表,boost:政协,boost:全过程人民民主,boost:全国人大"", ""B4_PHILOSOPHY_EXCLUDED"": ""人民群众,boost:人民群众""}}",future_baodian_intake,main_matrix_original
2026_朝阳_一模,2026,朝阳,一模,9,,question,B3_POLITICS_RULE_OF_LAW,objective,/Users/wanglifei/Desktop/2026模拟题/2026各区一模/2026朝阳一模/试卷/试卷.pdf,paper,included,/Users/wanglifei/Desktop/北京高考政治/reports/必修二三与必修四文化_题源分类准备_20260617_1301/03_question_index/question_candidates.csv,"{""target"": ""B3_POLITICS_RULE_OF_LAW"", ""target_score"": 20, ""boundary"": ""B4_PHILOSOPHY_EXCLUDED"", ""boundary_score"": 1, ""matches"": {""B3_POLITICS_RULE_OF_LAW"": ""党的领导,人民当家作主,法治政府,依法行政,法治国家,严格执法,公正司法,全民守法,政府,全国人大,科学立法,boost:党的领导"", ""B4_PHILOSOPHY_EXCLUDED"": ""实践""}}",future_baodian_intake,main_matrix_original
2026_朝阳_二模,2026,朝阳,二模,1,,question,XB1_EXCLUDED,objective,/Users/wanglifei/Desktop/2026模拟题/2026各区二模/2026朝阳二模/试卷/2026北京朝阳高三二模政治（教师版）.docx,paper,module-boundary-excluded,/Users/wanglifei/Desktop/北京高考政治/reports/必修二三与必修四文化_题源分类准备_20260617_1301/03_question_index/question_candidates.csv,"{""target"": ""B2_ECONOMICS"", ""target_score"": 2, ""boundary"": ""XB1_EXCLUDED"", ""boundary_score"": 3, ""matches"": {""B2_ECONOMICS"": ""高质量发展,boost:高质量发展"", ""B3_POLITICS_RULE_OF_LAW"": ""政府"", ""B4_CULTURE"": ""长征精神,boost:长征精神"", ""XB1_EXCLUDED"": ""人类命运共同体,boost:人类命运共同体""}, ""explicit_boundary_modules"": {""XB1_EXCLUDED"": [""人类命运共同体""]}, ""override"": ""explicit_boundary_term""}",exclude_from_three_target_lines,main_matrix_original
2026_朝阳_二模,2026,朝阳,二模,10,,question,B4_CULTURE,objective,/Users/wanglifei/Desktop/2026模拟题/2026各区二模/2026朝阳二模/试卷/2026北京朝阳高三二模政治（教师版）.docx,paper,included,/Users/wanglifei/Desktop/北京高考政治/reports/必修二三与必修四文化_题源分类准备_20260617_1301/03_question_index/question_candidates.csv,"{""target"": ""B4_CULTURE"", ""target_score"": 2, ""boundary"": ""B4_PHILOSOPHY_EXCLUDED"", ""boundary_score"": 0, ""matches"": {""B4_CULTURE"": ""社会主义核心价值观,boost:社会主义核心价值观""}}",future_baodian_intake,main_matrix_original
2026_朝阳_二模,2026,朝阳,二模,11,,question,XB2_EXCLUDED,objective,/Users/wanglifei/Desktop/2026模拟题/2026各区二模/2026朝阳二模/试卷/2026北京朝阳高三二模政治（教师版）.docx,paper,module-boundary-excluded,/Users/wanglifei/Desktop/北京高考政治/reports/必修二三与必修四文化_题源分类准备_20260617_1301/03_question_index/question_candidates.csv,"{""target"": ""B2_ECONOMICS"", ""target_score"": 1, ""boundary"": ""XB2_EXCLUDED"", ""boundary_score"": 15, ""matches"": {""B2_ECONOMICS"": ""劳动者"", ""B3_POLITICS_RULE_OF_LAW"": ""法院"", ""XB2_EXCLUDED"": ""合同,劳动合同,诉讼,仲裁,违约,boost:合同,boost:劳动合同,boost:诉讼,boost:仲裁,boost:违约""}, ""explicit_boundary_modules"": {""XB2_EXCLUDED"": [""合同"", ""诉讼"", ""劳动合同""]}, ""override"": ""explicit_boundary_term""}",exclude_from_three_target_lines,main_matrix_original
2026_朝阳_二模,2026,朝阳,二模,12,,question,B2_ECONOMICS,objective,/Users/wanglifei/Desktop/2026模拟题/2026各区二模/2026朝阳二模/试卷/2026北京朝阳高三二模政治（教师版）.docx,paper,included,/Users/wanglifei/Desktop/北京高考政治/reports/必修二三与必修四文化_题源分类准备_20260617_1301/03_question_index/question_candidates.csv,"{""target"": ""B2_ECONOMICS"", ""target_score"": 3, ""boundary"": ""B4_PHILOSOPHY_EXCLUDED"", ""boundary_score"": 0, ""matches"": {""B2_ECONOMICS"": ""GDP,boost:GDP""}}",future_baodian_intake,main_matrix_original
2026_朝阳_二模,2026,朝阳,二模,13,,question,B2_ECONOMICS,objective,/Users/wanglifei/Desktop/2026模拟题/2026各区二模/2026朝阳二模/试卷/2026北京朝阳高三二模政治（教师版）.docx,paper,included,/Users/wanglifei/Desktop/北京高考政治/reports/必修二三与必修四文化_题源分类准备_20260617_1301/03_question_index/question_candidates.csv,"{""target"": ""B2_ECONOMICS"", ""target_score"": 9, ""boundary"": ""B4_PHILOSOPHY_EXCLUDED"", ""boundary_score"": 0, ""matches"": {""B2_ECONOMICS"": ""高质量发展,消费,扩大内需,就业,boost:高质量发展,boost:扩大内需,boost:就业"", ""B3_POLITICS_RULE_OF_LAW"": ""政府""}}",future_baodian_intake,main_matrix_original
2026_朝阳_二模,2026,朝阳,二模,14,,question,B2_ECONOMICS,objective,/Users/wanglifei/Desktop/2026模拟题/2026各区二模/2026朝阳二模/试卷/2026北京朝阳高三二模政治（教师版）.docx,paper,included,/Users/wanglifei/Desktop/北京高考政治/reports/必修二三与必修四文化_题源分类准备_20260617_1301/03_question_index/question_candidates.csv,"{""target"": ""B2_ECONOMICS"", ""target_score"": 2, ""boundary"": ""B4_PHILOSOPHY_EXCLUDED"", ""boundary_score"": 0, ""matches"": {""B2_ECONOMICS"": ""高质量发展,boost:高质量发展""}}",future_baodian_intake,main_matrix_original
2026_朝阳_二模,2026,朝阳,二模,15,,question,XB1_EXCLUDED,objective,/Users/wanglifei/Desktop/2026模拟题/2026各区二模/2026朝阳二模/试卷/2026北京朝阳高三二模政治（教师版）.docx,paper,module-boundary-excluded,/Users/wanglifei/Desktop/北京高考政治/reports/必修二三与必修四文化_题源分类准备_20260617_1301/03_question_index/question_candidates.csv,"{""target"": ""B2_ECONOMICS"", ""target_score"": 3, ""boundary"": ""XB1_EXCLUDED"", ""boundary_score"": 3, ""matches"": {""B2_ECONOMICS"": ""数字经济,boost:数字经济"", ""B3_POLITICS_RULE_OF_LAW"": ""政府"", ""B4_PHILOSOPHY_EXCLUDED"": ""实践"", ""XB1_EXCLUDED"": ""国际组织,boost:国际组织""}, ""explicit_boundary_modules"": {""XB1_EXCLUDED"": [""国际组织""]}, ""override"": ""explicit_boundary_term""}",exclude_from_three_target_lines,main_matrix_original
2026_朝阳_二模,2026,朝阳,二模,16,,question,B4_CULTURE,subjective,/Users/wanglifei/Desktop/2026模拟题/2026各区二模/2026朝阳二模/试卷/2026北京朝阳高三二模政治（教师版）.docx,paper,included,/Users/wanglifei/Desktop/北京高考政治/reports/必修二三与必修四文化_题源分类准备_20260617_1301/03_question_index/question_candidates.csv,"{""target"": ""B4_CULTURE"", ""target_score"": 28, ""boundary"": ""B4_PHILOSOPHY_EXCLUDED"", ""boundary_score"": 2, ""matches"": {""B3_POLITICS_RULE_OF_LAW"": ""政治与法治,政府,基层治理,boost:政治与法治,boost:基层治理"", ""B4_CULTURE"": ""文化,中华优秀传统文化,优秀传统文化,传统文化,社会主义核心价值观,中轴线,文化软实力,boost:中华优秀传统文化,boost:优秀传统文化,boost:传统文化,boost:社会主义核心价值观,boost:中轴线"", ""B4_PHILOSOPHY_EXCLUDED"": ""矛盾,boost:矛盾""}}",future_baodian_intake,main_matrix_original
2026_朝阳_二模,2026,朝阳,二模,17,,question,B3_POLITICS_RULE_OF_LAW,subjective,/Users/wanglifei/Desktop/2026模拟题/2026各区二模/2026朝阳二模/试卷/2026北京朝阳高三二模政治（教师版）.docx,paper,included,/Users/wanglifei/Desktop/北京高考政治/reports/必修二三与必修四文化_题源分类准备_20260617_1301/03_question_index/question_candidates.csv,"{""target"": ""B3_POLITICS_RULE_OF_LAW"", ""target_score"": 23, ""boundary"": ""B4_PHILOSOPHY_EXCLUDED"", ""boundary_score"": 0, ""matches"": {""B3_POLITICS_RULE_OF_LAW"": ""政治与法治,党的领导,基层群众自治,全民守法,科学立法,党组织,基层治理,boost:政治与法治,boost:党的领导,boost:基层群众自治,boost:全民守法,boost:科学立法""}}",future_baodian_intake,main_matrix_original
2026_朝阳_二模,2026,朝阳,二模,18,,question,XB2_EXCLUDED,subjective,/Users/wanglifei/Desktop/2026模拟题/2026各区二模/2026朝阳二模/试卷/2026北京朝阳高三二模政治（教师版）.docx,paper,module-boundary-excluded,/Users/wanglifei/Desktop/北京高考政治/reports/必修二三与必修四文化_题源分类准备_20260617_1301/03_question_index/question_candidates.csv,"{""target"": ""B3_POLITICS_RULE_OF_LAW"", ""target_score"": 4, ""boundary"": ""XB2_EXCLUDED"", ""boundary_score"": 61, ""matches"": {""B3_POLITICS_RULE_OF_LAW"": ""全面依法治国,宪法,boost:全面依法治国,boost:宪法"", ""XB2_EXCLUDED"": ""法律与生活,民法典,侵权,诉讼,调解,仲裁,相邻关系,人格权,举证,民事,民事主体,侵权责任"", ""XB3_EXCLUDED"": ""逻辑与思维,boost:逻辑与思维""}, ""explicit_boundary_modules"": {""XB2_EXCLUDED"": [""法律与生活"", ""民法典"", ""侵权"", ""诉讼"", ""民事"", ""所有权"", ""人格权""], ""XB3_EXCLUDED"": [""逻辑与思维""]}, ""override"": ""explicit_boundary_term""}",exclude_from_three_target_lines,main_matrix_original
2026_朝阳_二模,2026,朝阳,二模,19(1),19,subquestion,XB3_EXCLUDED,subjective,/Users/wanglifei/Desktop/2026模拟题/2026各区二模/2026朝阳二模/试卷/2026北京朝阳高三二模政治（教师版）.docx,paper,module-boundary-excluded,04_module_classification/subquestion_split_matrix.csv,"{""target"": ""B2_ECONOMICS"", ""target_score"": 0, ""boundary"": ""XB3_EXCLUDED"", ""boundary_score"": 2, ""matches"": {""XB3_EXCLUDED"": ""逻辑与思维,boost:逻辑与思维""}, ""explicit_boundary_modules"": {""XB3_EXCLUDED"": [""逻辑与思维""]}, ""override"": ""explicit_boundary_term""}",exclude_from_three_target_lines,subquestion_integrated_boundary
2026_朝阳_二模,2026,朝阳,二模,19(2),19,subquestion,B2_ECONOMICS,subjective,/Users/wanglifei/Desktop/2026模拟题/2026各区二模/2026朝阳二模/试卷/2026北京朝阳高三二模政治（教师版）.docx,paper,included,04_module_classification/subquestion_split_matrix.csv,"{""target"": ""B2_ECONOMICS"", ""target_score"": 2, ""boundary"": ""B4_PHILOSOPHY_EXCLUDED"", ""boundary_score"": 0, ""matches"": {""B2_ECONOMICS"": ""经济与社会,boost:经济与社会""}}",future_baodian_intake,subquestion_integrated_target
2026_朝阳_二模,2026,朝阳,二模,2,,question,XB1_EXCLUDED,objective,/Users/wanglifei/Desktop/2026模拟题/2026各区二模/2026朝阳二模/试卷/2026北京朝阳高三二模政治（教师版）.docx,paper,module-boundary-excluded,/Users/wanglifei/Desktop/北京高考政治/reports/必修二三与必修四文化_题源分类准备_20260617_1301/03_question_index/question_candidates.csv,"{""target"": ""B4_CULTURE"", ""target_score"": 29, ""boundary"": ""XB1_EXCLUDED"", ""boundary_score"": 8, ""matches"": {""B2_ECONOMICS"": ""新发展理念,新质生产力,供给侧,boost:新发展理念,boost:新质生产力"", ""B3_POLITICS_RULE_OF_LAW"": ""政府"", ""B4_CULTURE"": ""文化,中华优秀传统文化,优秀传统文化,传统文化,文化强国,民族精神,文明交流互鉴,文化遗产,非遗,文旅,文化产业,boost:中华优秀传统文化"", ""B4_PHILOSOPHY_EXCLUDED"": ""实践"", ""XB1_EXCLUDED"": ""国际关系,联合国,人类命运共同体,boost:国际关系,boost:联合国,boost:人类命运共同体""}, ""explicit_boundary_modules"": {""XB1_EXCLUDED"": [""国际关系"", ""联合国"", ""人类命运共同体""]}, ""override"": ""explicit_boundary_term""}",exclude_from_three_target_lines,main_matrix_original
2026_朝阳_二模,2026,朝阳,二模,20,,question,XB1_EXCLUDED,subjective,/Users/wanglifei/Desktop/2026模拟题/2026各区二模/2026朝阳二模/试卷/2026北京朝阳高三二模政治（教师版）.docx,paper,module-boundary-excluded,/Users/wanglifei/Desktop/北京高考政治/reports/必修二三与必修四文化_题源分类准备_20260617_1301/03_question_index/question_candidates.csv,"{""target"": ""B4_CULTURE"", ""target_score"": 1, ""boundary"": ""XB1_EXCLUDED"", ""boundary_score"": 14, ""matches"": {""B4_CULTURE"": ""文化"", ""XB1_EXCLUDED"": ""当代国际政治与经济,国际关系,国家利益,和平与发展,人类命运共同体,boost:当代国际政治与经济,boost:国际关系,boost:国家利益,boost:和平与发展,boost:人类命运共同体""}, ""explicit_boundary_modules"": {""XB1_EXCLUDED"": [""当代国际政治与经济"", ""国际关系"", ""国家利益"", ""人类命运共同体""]}, ""override"": ""explicit_boundary_term""}",exclude_from_three_target_lines,main_matrix_original
2026_朝阳_二模,2026,朝阳,二模,21,,question,B3_POLITICS_RULE_OF_LAW,subjective,/Users/wanglifei/Desktop/2026模拟题/2026各区二模/2026朝阳二模/试卷/2026北京朝阳高三二模政治（教师版）.docx,paper,included,/Users/wanglifei/Desktop/北京高考政治/reports/必修二三与必修四文化_题源分类准备_20260617_1301/03_question_index/question_candidates.csv,"{""target"": ""B3_POLITICS_RULE_OF_LAW"", ""target_score"": 6, ""boundary"": ""B4_PHILOSOPHY_EXCLUDED"", ""boundary_score"": 1, ""matches"": {""B2_ECONOMICS"": ""高质量发展,boost:高质量发展"", ""B3_POLITICS_RULE_OF_LAW"": ""中国共产党,党的领导,全过程人民民主,boost:中国共产党,boost:党的领导,boost:全过程人民民主"", ""B4_PHILOSOPHY_EXCLUDED"": ""认识""}}",future_baodian_intake,main_matrix_original
2026_朝阳_二模,2026,朝阳,二模,3,,question,B4_PHILOSOPHY_EXCLUDED,objective,/Users/wanglifei/Desktop/2026模拟题/2026各区二模/2026朝阳二模/试卷/2026北京朝阳高三二模政治（教师版）.docx,paper,module-boundary-excluded,/Users/wanglifei/Desktop/北京高考政治/reports/必修二三与必修四文化_题源分类准备_20260617_1301/03_question_index/question_candidates.csv,"{""target"": ""B3_POLITICS_RULE_OF_LAW"", ""target_score"": 3, ""boundary"": ""B4_PHILOSOPHY_EXCLUDED"", ""boundary_score"": 12, ""matches"": {""B2_ECONOMICS"": ""有效市场,有为政府"", ""B3_POLITICS_RULE_OF_LAW"": ""党的领导,政府,boost:党的领导"", ""B4_PHILOSOPHY_EXCLUDED"": ""实践,认识,量变,质变,社会存在,社会意识,boost:量变,boost:质变,boost:社会存在,boost:社会意识"", ""XB1_EXCLUDED"": ""当代国际政治与经济,国际关系,国家利益,和平与发展,人类命运共同体,boost:当代国际政治与经济,boost:国际关系,boost:国家利益,boost:和平与发展,boost:人类命运共同体""}, ""explicit_boundary_modules"": {""XB1_EXCLUDED"": [""当代国际政治与经济"", ""国际关系"", ""国家利益"", ""人类命运共同体""], ""B4_PHILOSOPHY_EXCLUDED"": [""社会存在"", ""社会意识""]}, ""override"": ""explicit_boundary_term""}",exclude_from_three_target_lines,main_matrix_original
2026_朝阳_二模,2026,朝阳,二模,4,,question,B3_POLITICS_RULE_OF_LAW,objective,/Users/wanglifei/Desktop/2026模拟题/2026各区二模/2026朝阳二模/试卷/2026北京朝阳高三二模政治（教师版）.docx,paper,included,/Users/wanglifei/Desktop/北京高考政治/reports/必修二三与必修四文化_题源分类准备_20260617_1301/03_question_index/question_candidates.csv,"{""target"": ""B3_POLITICS_RULE_OF_LAW"", ""target_score"": 2, ""boundary"": ""B4_PHILOSOPHY_EXCLUDED"", ""boundary_score"": 0, ""matches"": {""B3_POLITICS_RULE_OF_LAW"": ""社区治理""}}",future_baodian_intake,main_matrix_original
2026_朝阳_二模,2026,朝阳,二模,5,,question,B4_PHILOSOPHY_EXCLUDED,objective,/Users/wanglifei/Desktop/2026模拟题/2026各区二模/2026朝阳二模/试卷/2026北京朝阳高三二模政治（教师版）.docx,paper,module-boundary-excluded,/Users/wanglifei/Desktop/北京高考政治/reports/必修二三与必修四文化_题源分类准备_20260617_1301/03_question_index/question_candidates.csv,"{""target"": ""B2_ECONOMICS"", ""target_score"": 0, ""boundary"": ""B4_PHILOSOPHY_EXCLUDED"", ""boundary_score"": 2, ""matches"": {""B4_PHILOSOPHY_EXCLUDED"": ""辩证否定,boost:辩证否定""}, ""explicit_boundary_modules"": {""B4_PHILOSOPHY_EXCLUDED"": [""辩证否定""]}, ""override"": ""explicit_boundary_term""}",exclude_from_three_target_lines,main_matrix_original
2026_朝阳_二模,2026,朝阳,二模,6,,question,B2_ECONOMICS,objective,/Users/wanglifei/Desktop/2026模拟题/2026各区二模/2026朝阳二模/试卷/2026北京朝阳高三二模政治（教师版）.docx,paper,included,/Users/wanglifei/Desktop/北京高考政治/reports/必修二三与必修四文化_题源分类准备_20260617_1301/03_question_index/question_candidates.csv,"{""target"": ""B2_ECONOMICS"", ""target_score"": 2, ""boundary"": ""B4_PHILOSOPHY_EXCLUDED"", ""boundary_score"": 0, ""matches"": {""B2_ECONOMICS"": ""高质量发展,boost:高质量发展""}}",future_baodian_intake,main_matrix_original
2026_朝阳_二模,2026,朝阳,二模,7,,question,XB3_EXCLUDED,objective,/Users/wanglifei/Desktop/2026模拟题/2026各区二模/2026朝阳二模/试卷/2026北京朝阳高三二模政治（教师版）.docx,paper,module-boundary-excluded,/Users/wanglifei/Desktop/北京高考政治/reports/必修二三与必修四文化_题源分类准备_20260617_1301/03_question_index/question_candidates.csv,"{""target"": ""B2_ECONOMICS"", ""target_score"": 0, ""boundary"": ""XB3_EXCLUDED"", ""boundary_score"": 5, ""matches"": {""B4_PHILOSOPHY_EXCLUDED"": ""矛盾,boost:矛盾"", ""XB3_EXCLUDED"": ""辩证思维,创新思维,boost:辩证思维,boost:创新思维""}, ""explicit_boundary_modules"": {""XB3_EXCLUDED"": [""辩证思维"", ""创新思维""]}, ""override"": ""explicit_boundary_term""}",exclude_from_three_target_lines,main_matrix_original
2026_朝阳_二模,2026,朝阳,二模,8,,question,B3_POLITICS_RULE_OF_LAW,objective,/Users/wanglifei/Desktop/2026模拟题/2026各区二模/2026朝阳二模/试卷/2026北京朝阳高三二模政治（教师版）.docx,paper,included,/Users/wanglifei/Desktop/北京高考政治/reports/必修二三与必修四文化_题源分类准备_20260617_1301/03_question_index/question_candidates.csv,"{""target"": ""B3_POLITICS_RULE_OF_LAW"", ""target_score"": 9, ""boundary"": ""B4_PHILOSOPHY_EXCLUDED"", ""boundary_score"": 0, ""matches"": {""B3_POLITICS_RULE_OF_LAW"": ""人大代表,全过程人民民主,人大常委会,boost:人大代表,boost:全过程人民民主,boost:人大常委会""}}",future_baodian_intake,main_matrix_original
2026_朝阳_二模,2026,朝阳,二模,9,,question,B3_POLITICS_RULE_OF_LAW,objective,/Users/wanglifei/Desktop/2026模拟题/2026各区二模/2026朝阳二模/试卷/2026北京朝阳高三二模政治（教师版）.docx,paper,included,/Users/wanglifei/Desktop/北京高考政治/reports/必修二三与必修四文化_题源分类准备_20260617_1301/03_question_index/question_candidates.csv,"{""target"": ""B3_POLITICS_RULE_OF_LAW"", ""target_score"": 6, ""boundary"": ""B4_PHILOSOPHY_EXCLUDED"", ""boundary_score"": 1, ""matches"": {""B3_POLITICS_RULE_OF_LAW"": ""法治政府,政府,boost:法治政府"", ""B4_CULTURE"": ""文化,文化产业"", ""B4_PHILOSOPHY_EXCLUDED"": ""实践""}}",future_baodian_intake,main_matrix_original
2026_朝阳_期末,2026,朝阳,期末,1,,question,B2_ECONOMICS,objective,/Users/wanglifei/Desktop/2026模拟题/2026各区期末和期中/2026朝阳期中/试卷/试卷.pdf,paper,included,/Users/wanglifei/Desktop/北京高考政治/reports/必修二三与必修四文化_题源分类准备_20260617_1301/03_question_index/question_candidates.csv,"{""target"": ""B2_ECONOMICS"", ""target_score"": 5, ""boundary"": ""B4_PHILOSOPHY_EXCLUDED"", ""boundary_score"": 0, ""matches"": {""B2_ECONOMICS"": ""公有制,非公有制,民营企业,boost:公有制,boost:非公有制""}}",future_baodian_intake,main_matrix_original
2026_朝阳_期末,2026,朝阳,期末,10,,question,B4_CULTURE,objective,/Users/wanglifei/Desktop/2026模拟题/2026各区期末和期中/2026朝阳期中/试卷/试卷.pdf,paper,included,/Users/wanglifei/Desktop/北京高考政治/reports/必修二三与必修四文化_题源分类准备_20260617_1301/03_question_index/question_candidates.csv,"{""target"": ""B4_CULTURE"", ""target_score"": 13, ""boundary"": ""B4_PHILOSOPHY_EXCLUDED"", ""boundary_score"": 0, ""matches"": {""B4_CULTURE"": ""文化,传统文化,文化创新,文物,boost:传统文化,boost:文化创新,boost:文物""}}",future_baodian_intake,main_matrix_original
2026_朝阳_期末,2026,朝阳,期末,11,,question,UNKNOWN_OR_MIXED,objective,/Users/wanglifei/Desktop/2026模拟题/2026各区期末和期中/2026朝阳期中/试卷/试卷.pdf,paper,blocked,/Users/wanglifei/Desktop/北京高考政治/reports/必修二三与必修四文化_题源分类准备_20260617_1301/03_question_index/question_candidates.csv,"{""target"": ""B2_ECONOMICS"", ""target_score"": 0, ""boundary"": ""B4_PHILOSOPHY_EXCLUDED"", ""boundary_score"": 0, ""matches"": {}}",manual_review_needed,main_matrix_original
2026_朝阳_期末,2026,朝阳,期末,12,,question,XB3_EXCLUDED,objective,/Users/wanglifei/Desktop/2026模拟题/2026各区期末和期中/2026朝阳期中/试卷/试卷.pdf,paper,module-boundary-excluded,/Users/wanglifei/Desktop/北京高考政治/reports/必修二三与必修四文化_题源分类准备_20260617_1301/03_question_index/question_candidates.csv,"{""target"": ""B2_ECONOMICS"", ""target_score"": 0, ""boundary"": ""XB3_EXCLUDED"", ""boundary_score"": 2, ""matches"": {""XB3_EXCLUDED"": ""逻辑规则,boost:逻辑规则""}}",exclude_from_three_target_lines,main_matrix_original
2026_朝阳_期末,2026,朝阳,期末,13,,question,XB3_EXCLUDED,objective,/Users/wanglifei/Desktop/2026模拟题/2026各区期末和期中/2026朝阳期中/试卷/试卷.pdf,paper,module-boundary-excluded,/Users/wanglifei/Desktop/北京高考政治/reports/必修二三与必修四文化_题源分类准备_20260617_1301/03_question_index/question_candidates.csv,"{""target"": ""B2_ECONOMICS"", ""target_score"": 0, ""boundary"": ""XB3_EXCLUDED"", ""boundary_score"": 6, ""matches"": {""B4_PHILOSOPHY_EXCLUDED"": ""认识"", ""XB3_EXCLUDED"": ""联想思维,推理,类比推理,boost:联想思维,boost:推理,boost:类比推理""}, ""explicit_boundary_modules"": {""XB3_EXCLUDED"": [""推理""]}, ""override"": ""explicit_boundary_term""}",exclude_from_three_target_lines,main_matrix_original
2026_朝阳_期末,2026,朝阳,期末,14,,question,B4_PHILOSOPHY_EXCLUDED,objective,/Users/wanglifei/Desktop/2026模拟题/2026各区期末和期中/2026朝阳期中/试卷/试卷.pdf,paper,module-boundary-excluded,/Users/wanglifei/Desktop/北京高考政治/reports/必修二三与必修四文化_题源分类准备_20260617_1301/03_question_index/question_candidates.csv,"{""target"": ""B2_ECONOMICS"", ""target_score"": 0, ""boundary"": ""B4_PHILOSOPHY_EXCLUDED"", ""boundary_score"": 3, ""matches"": {""B4_PHILOSOPHY_EXCLUDED"": ""实践,认识""}}",exclude_from_three_target_lines,main_matrix_original
2026_朝阳_期末,2026,朝阳,期末,15,,question,B4_PHILOSOPHY_EXCLUDED,objective,/Users/wanglifei/Desktop/2026模拟题/2026各区期末和期中/2026朝阳期中/试卷/试卷.pdf,paper,module-boundary-excluded,/Users/wanglifei/Desktop/北京高考政治/reports/必修二三与必修四文化_题源分类准备_20260617_1301/03_question_index/question_candidates.csv,"{""target"": ""B2_ECONOMICS"", ""target_score"": 0, ""boundary"": ""B4_PHILOSOPHY_EXCLUDED"", ""boundary_score"": 3, ""matches"": {""B4_PHILOSOPHY_EXCLUDED"": ""矛盾,boost:矛盾"", ""XB3_EXCLUDED"": ""关系判断,boost:关系判断""}}",exclude_from_three_target_lines,main_matrix_original
2026_朝阳_期末,2026,朝阳,期末,16,,question,B2_ECONOMICS,subjective,/Users/wanglifei/Desktop/2026模拟题/2026各区期末和期中/2026朝阳期中/试卷/试卷.pdf,paper,included,/Users/wanglifei/Desktop/北京高考政治/reports/必修二三与必修四文化_题源分类准备_20260617_1301/03_question_index/question_candidates.csv,"{""target"": ""B2_ECONOMICS"", ""target_score"": 11, ""boundary"": ""B4_PHILOSOPHY_EXCLUDED"", ""boundary_score"": 0, ""matches"": {""B2_ECONOMICS"": ""经济与社会,高质量发展,消费,产业链,就业,boost:经济与社会,boost:高质量发展,boost:产业链,boost:就业""}}",future_baodian_intake,main_matrix_original
2026_朝阳_期末,2026,朝阳,期末,17,,question,XB1_EXCLUDED,subjective,/Users/wanglifei/Desktop/2026模拟题/2026各区期末和期中/2026朝阳期中/试卷/试卷.pdf,paper,module-boundary-excluded,/Users/wanglifei/Desktop/北京高考政治/reports/必修二三与必修四文化_题源分类准备_20260617_1301/03_question_index/question_candidates.csv,"{""target"": ""B2_ECONOMICS"", ""target_score"": 3, ""boundary"": ""XB1_EXCLUDED"", ""boundary_score"": 4, ""matches"": {""B2_ECONOMICS"": ""高质量发展,基础设施,boost:高质量发展"", ""XB1_EXCLUDED"": ""当代国际政治与经济,人类命运共同体,boost:当代国际政治与经济,boost:人类命运共同体""}, ""explicit_boundary_modules"": {""XB1_EXCLUDED"": [""当代国际政治与经济"", ""人类命运共同体""]}, ""override"": ""explicit_boundary_term""}",exclude_from_three_target_lines,main_matrix_original
2026_朝阳_期末,2026,朝阳,期末,18,,question,B4_PHILOSOPHY_EXCLUDED,subjective,/Users/wanglifei/Desktop/2026模拟题/2026各区期末和期中/2026朝阳期中/试卷/试卷.pdf,paper,module-boundary-excluded,/Users/wanglifei/Desktop/北京高考政治/reports/必修二三与必修四文化_题源分类准备_20260617_1301/03_question_index/question_candidates.csv,"{""target"": ""B2_ECONOMICS"", ""target_score"": 0, ""boundary"": ""B4_PHILOSOPHY_EXCLUDED"", ""boundary_score"": 9, ""matches"": {""B4_PHILOSOPHY_EXCLUDED"": ""实践,认识,价值判断,意识活动,boost:价值判断,boost:意识活动""}, ""explicit_boundary_modules"": {""B4_PHILOSOPHY_EXCLUDED"": [""价值判断"", ""意识活动""]}, ""override"": ""explicit_boundary_term""}",exclude_from_three_target_lines,main_matrix_original
2026_朝阳_期末,2026,朝阳,期末,19,,question,B4_CULTURE,subjective,/Users/wanglifei/Desktop/2026模拟题/2026各区期末和期中/2026朝阳期中/试卷/试卷.pdf,paper,included,/Users/wanglifei/Desktop/北京高考政治/reports/必修二三与必修四文化_题源分类准备_20260617_1301/03_question_index/question_candidates.csv,"{""target"": ""B4_CULTURE"", ""target_score"": 8, ""boundary"": ""XB2_EXCLUDED"", ""boundary_score"": 3, ""matches"": {""B4_CULTURE"": ""文化,民族精神,爱国主义,boost:民族精神,boost:爱国主义"", ""B4_PHILOSOPHY_EXCLUDED"": ""实践"", ""XB2_EXCLUDED"": ""继承,boost:继承""}}",future_baodian_intake,main_matrix_original
2026_朝阳_期末,2026,朝阳,期末,2,,question,XB1_EXCLUDED,objective,/Users/wanglifei/Desktop/2026模拟题/2026各区期末和期中/2026朝阳期中/试卷/试卷.pdf,paper,module-boundary-excluded,/Users/wanglifei/Desktop/北京高考政治/reports/必修二三与必修四文化_题源分类准备_20260617_1301/03_question_index/question_candidates.csv,"{""target"": ""B2_ECONOMICS"", ""target_score"": 17, ""boundary"": ""XB1_EXCLUDED"", ""boundary_score"": 2, ""matches"": {""B2_ECONOMICS"": ""消费,就业,基础设施,boost:就业"", ""XB1_EXCLUDED"": ""全球治理,boost:全球治理""}, ""explicit_boundary_modules"": {""XB1_EXCLUDED"": [""全球治理""]}, ""override"": ""explicit_boundary_term""}",exclude_from_three_target_lines,main_matrix_original
2026_朝阳_期末,2026,朝阳,期末,20,,question,XB3_EXCLUDED,subjective,/Users/wanglifei/Desktop/2026模拟题/2026各区期末和期中/2026朝阳期中/试卷/试卷.pdf,paper,module-boundary-excluded,/Users/wanglifei/Desktop/北京高考政治/reports/必修二三与必修四文化_题源分类准备_20260617_1301/03_question_index/question_candidates.csv,"{""target"": ""B2_ECONOMICS"", ""target_score"": 0, ""boundary"": ""XB3_EXCLUDED"", ""boundary_score"": 3, ""matches"": {""B4_PHILOSOPHY_EXCLUDED"": ""矛盾,boost:矛盾"", ""XB3_EXCLUDED"": ""辩证思维,boost:辩证思维""}, ""explicit_boundary_modules"": {""XB3_EXCLUDED"": [""辩证思维""]}, ""override"": ""explicit_boundary_term""}",exclude_from_three_target_lines,main_matrix_original
2026_朝阳_期末,2026,朝阳,期末,21(1),21,subquestion,B4_CULTURE,subjective,/Users/wanglifei/Desktop/2026模拟题/2026各区期末和期中/2026朝阳期中/试卷/试卷.pdf,paper,included,04_module_classification/subquestion_split_matrix.csv,"{""target"": ""B4_CULTURE"", ""target_score"": 14, ""boundary"": ""B4_PHILOSOPHY_EXCLUDED"", ""boundary_score"": 0, ""matches"": {""B2_ECONOMICS"": ""经济与社会,boost:经济与社会"", ""B4_CULTURE"": ""文化,文化传承,文化创新,非遗,文旅,boost:文化传承,boost:文化创新,boost:非遗,boost:文旅""}}",future_baodian_intake,subquestion_integrated_target
2026_朝阳_期末,2026,朝阳,期末,21(2),21,subquestion,XB3_EXCLUDED,subjective,/Users/wanglifei/Desktop/2026模拟题/2026各区期末和期中/2026朝阳期中/试卷/试卷.pdf,paper,module-boundary-excluded,04_module_classification/subquestion_split_matrix.csv,"{""target"": ""B2_ECONOMICS"", ""target_score"": 0, ""boundary"": ""XB3_EXCLUDED"", ""boundary_score"": 4, ""matches"": {""XB3_EXCLUDED"": ""逻辑与思维,创新思维,boost:逻辑与思维,boost:创新思维""}, ""explicit_boundary_modules"": {""XB3_EXCLUDED"": [""逻辑与思维"", ""创新思维""]}, ""override"": ""explicit_boundary_term""}",exclude_from_three_target_lines,subquestion_integrated_boundary
2026_朝阳_期末,2026,朝阳,期末,3,,question,XB1_EXCLUDED,objective,/Users/wanglifei/Desktop/2026模拟题/2026各区期末和期中/2026朝阳期中/试卷/试卷.pdf,paper,module-boundary-excluded,/Users/wanglifei/Desktop/北京高考政治/reports/必修二三与必修四文化_题源分类准备_20260617_1301/03_question_index/question_candidates.csv,"{""target"": ""B2_ECONOMICS"", ""target_score"": 0, ""boundary"": ""XB1_EXCLUDED"", ""boundary_score"": 8, ""matches"": {""XB1_EXCLUDED"": ""全球治理,人类命运共同体,外交,boost:全球治理,boost:人类命运共同体,boost:外交""}, ""explicit_boundary_modules"": {""XB1_EXCLUDED"": [""全球治理"", ""人类命运共同体""]}, ""override"": ""explicit_boundary_term""}",exclude_from_three_target_lines,main_matrix_original
2026_朝阳_期末,2026,朝阳,期末,4,,question,XB1_EXCLUDED,objective,/Users/wanglifei/Desktop/2026模拟题/2026各区期末和期中/2026朝阳期中/试卷/试卷.pdf,paper,module-boundary-excluded,/Users/wanglifei/Desktop/北京高考政治/reports/必修二三与必修四文化_题源分类准备_20260617_1301/03_question_index/question_candidates.csv,"{""target"": ""B2_ECONOMICS"", ""target_score"": 0, ""boundary"": ""XB1_EXCLUDED"", ""boundary_score"": 9, ""matches"": {""B4_PHILOSOPHY_EXCLUDED"": ""矛盾,boost:矛盾"", ""XB1_EXCLUDED"": ""国际关系,联合国,全球治理,boost:国际关系,boost:联合国,boost:全球治理""}, ""explicit_boundary_modules"": {""XB1_EXCLUDED"": [""国际关系"", ""联合国"", ""全球治理""]}, ""override"": ""explicit_boundary_term""}",exclude_from_three_target_lines,main_matrix_original
2026_朝阳_期末,2026,朝阳,期末,5,,question,B2_ECONOMICS,objective,/Users/wanglifei/Desktop/2026模拟题/2026各区期末和期中/2026朝阳期中/试卷/试卷.pdf,paper,included,/Users/wanglifei/Desktop/北京高考政治/reports/必修二三与必修四文化_题源分类准备_20260617_1301/03_question_index/question_candidates.csv,"{""target"": ""B2_ECONOMICS"", ""target_score"": 6, ""boundary"": ""B4_PHILOSOPHY_EXCLUDED"", ""boundary_score"": 0, ""matches"": {""B2_ECONOMICS"": ""财政,银发经济,养老服务,boost:财政,boost:银发经济,boost:养老服务"", ""B3_POLITICS_RULE_OF_LAW"": ""政府""}}",future_baodian_intake,main_matrix_original
2026_朝阳_期末,2026,朝阳,期末,6,,question,XB1_EXCLUDED,objective,/Users/wanglifei/Desktop/2026模拟题/2026各区期末和期中/2026朝阳期中/试卷/试卷.pdf,paper,module-boundary-excluded,/Users/wanglifei/Desktop/北京高考政治/reports/必修二三与必修四文化_题源分类准备_20260617_1301/03_question_index/question_candidates.csv,"{""target"": ""B2_ECONOMICS"", ""target_score"": 0, ""boundary"": ""XB1_EXCLUDED"", ""boundary_score"": 2, ""matches"": {""XB1_EXCLUDED"": ""人类命运共同体,boost:人类命运共同体""}, ""explicit_boundary_modules"": {""XB1_EXCLUDED"": [""人类命运共同体""]}, ""override"": ""explicit_boundary_term""}",exclude_from_three_target_lines,main_matrix_original
2026_朝阳_期末,2026,朝阳,期末,7,,question,B4_CULTURE,objective,/Users/wanglifei/Desktop/2026模拟题/2026各区期末和期中/2026朝阳期中/试卷/试卷.pdf,paper,included,/Users/wanglifei/Desktop/北京高考政治/reports/必修二三与必修四文化_题源分类准备_20260617_1301/03_question_index/question_candidates.csv,"{""target"": ""B4_CULTURE"", ""target_score"": 8, ""boundary"": ""B4_PHILOSOPHY_EXCLUDED"", ""boundary_score"": 2, ""matches"": {""B2_ECONOMICS"": ""消费"", ""B4_CULTURE"": ""文化,中轴线,文化产业,boost:中轴线"", ""B4_PHILOSOPHY_EXCLUDED"": ""实践""}}",future_baodian_intake,main_matrix_original
2026_朝阳_期末,2026,朝阳,期末,8,,question,B4_CULTURE,objective,/Users/wanglifei/Desktop/2026模拟题/2026各区期末和期中/2026朝阳期中/试卷/试卷.pdf,paper,included,/Users/wanglifei/Desktop/北京高考政治/reports/必修二三与必修四文化_题源分类准备_20260617_1301/03_question_index/question_candidates.csv,"{""target"": ""B4_CULTURE"", ""target_score"": 4, ""boundary"": ""B4_PHILOSOPHY_EXCLUDED"", ""boundary_score"": 0, ""matches"": {""B2_ECONOMICS"": ""高质量发展,boost:高质量发展"", ""B4_CULTURE"": ""文化,文化软实力,boost:文化软实力""}}",future_baodian_intake,main_matrix_original
2026_朝阳_期末,2026,朝阳,期末,9,,question,B4_CULTURE,objective,/Users/wanglifei/Desktop/2026模拟题/2026各区期末和期中/2026朝阳期中/试卷/试卷.pdf,paper,included,/Users/wanglifei/Desktop/北京高考政治/reports/必修二三与必修四文化_题源分类准备_20260617_1301/03_question_index/question_candidates.csv,"{""target"": ""B4_CULTURE"", ""target_score"": 7, ""boundary"": ""B4_PHILOSOPHY_EXCLUDED"", ""boundary_score"": 0, ""matches"": {""B2_ECONOMICS"": ""高质量发展,共同富裕,boost:高质量发展,boost:共同富裕"", ""B4_CULTURE"": ""文化,精神家园,文化基因,boost:精神家园,boost:文化基因""}}",future_baodian_intake,main_matrix_original
2026_海淀_一模,2026,海淀,一模,1,,question,B4_CULTURE,objective,/Users/wanglifei/Desktop/北京高考政治/reports/必修二三与必修四文化_题源分类准备_20260617_1301/02_text_cache/ocr_cache/2026_海淀_一模/试卷.ocr.txt,ocr-cache,included,/Users/wanglifei/Desktop/北京高考政治/reports/必修二三与必修四文化_题源分类准备_20260617_1301/02_text_cache/ocr_absorbed/2026_海淀_一模.txt,"{""target"": ""B4_CULTURE"", ""target_score"": 3, ""boundary"": ""B4_PHILOSOPHY_EXCLUDED"", ""boundary_score"": 1, ""matches"": {""B3_POLITICS_RULE_OF_LAW"": ""中国共产党,boost:中国共产党"", ""B4_CULTURE"": ""长征精神,boost:长征精神"", ""B4_PHILOSOPHY_EXCLUDED"": ""认识""}}",future_baodian_intake,main_matrix_original
2026_海淀_一模,2026,海淀,一模,10,,question,XB2_EXCLUDED,objective,/Users/wanglifei/Desktop/北京高考政治/reports/必修二三与必修四文化_题源分类准备_20260617_1301/02_text_cache/ocr_cache/2026_海淀_一模/试卷.ocr.txt,ocr-cache,module-boundary-excluded,/Users/wanglifei/Desktop/北京高考政治/reports/必修二三与必修四文化_题源分类准备_20260617_1301/02_text_cache/ocr_absorbed/2026_海淀_一模.txt,"{""target"": ""B2_ECONOMICS"", ""target_score"": 0, ""boundary"": ""XB2_EXCLUDED"", ""boundary_score"": 3, ""matches"": {""XB2_EXCLUDED"": ""合同,赔偿,boost:合同""}, ""explicit_boundary_modules"": {""XB2_EXCLUDED"": [""合同""]}, ""override"": ""explicit_boundary_term""}",exclude_from_three_target_lines,main_matrix_original
2026_海淀_一模,2026,海淀,一模,11,,question,XB2_EXCLUDED,objective,/Users/wanglifei/Desktop/北京高考政治/reports/必修二三与必修四文化_题源分类准备_20260617_1301/02_text_cache/ocr_cache/2026_海淀_一模/试卷.ocr.txt,ocr-cache,module-boundary-excluded,/Users/wanglifei/Desktop/北京高考政治/reports/必修二三与必修四文化_题源分类准备_20260617_1301/02_text_cache/ocr_absorbed/2026_海淀_一模.txt,"{""target"": ""B3_POLITICS_RULE_OF_LAW"", ""target_score"": 1, ""boundary"": ""XB2_EXCLUDED"", ""boundary_score"": 7, ""matches"": {""B3_POLITICS_RULE_OF_LAW"": ""法院"", ""XB2_EXCLUDED"": ""诉讼,举证,上诉,boost:诉讼,boost:举证,boost:上诉""}, ""explicit_boundary_modules"": {""XB2_EXCLUDED"": [""诉讼""]}, ""override"": ""explicit_boundary_term""}",exclude_from_three_target_lines,main_matrix_original
2026_海淀_一模,2026,海淀,一模,12,,question,UNKNOWN_OR_MIXED,objective,/Users/wanglifei/Desktop/北京高考政治/reports/必修二三与必修四文化_题源分类准备_20260617_1301/02_text_cache/ocr_cache/2026_海淀_一模/试卷.ocr.txt,ocr-cache,blocked,/Users/wanglifei/Desktop/北京高考政治/reports/必修二三与必修四文化_题源分类准备_20260617_1301/02_text_cache/ocr_absorbed/2026_海淀_一模.txt,"{""target"": ""B2_ECONOMICS"", ""target_score"": 0, ""boundary"": ""B4_PHILOSOPHY_EXCLUDED"", ""boundary_score"": 0, ""matches"": {}}",manual_review_needed,main_matrix_original
2026_海淀_一模,2026,海淀,一模,13,,question,UNKNOWN_OR_MIXED,objective,/Users/wanglifei/Desktop/北京高考政治/reports/必修二三与必修四文化_题源分类准备_20260617_1301/02_text_cache/ocr_cache/2026_海淀_一模/试卷.ocr.txt,ocr-cache,blocked,/Users/wanglifei/Desktop/北京高考政治/reports/必修二三与必修四文化_题源分类准备_20260617_1301/02_text_cache/ocr_absorbed/2026_海淀_一模.txt,"{""target"": ""B2_ECONOMICS"", ""target_score"": 0, ""boundary"": ""B4_PHILOSOPHY_EXCLUDED"", ""boundary_score"": 0, ""matches"": {}}",manual_review_needed,main_matrix_original
2026_海淀_一模,2026,海淀,一模,14,,question,B2_ECONOMICS,objective,/Users/wanglifei/Desktop/北京高考政治/reports/必修二三与必修四文化_题源分类准备_20260617_1301/02_text_cache/ocr_cache/2026_海淀_一模/试卷.ocr.txt,ocr-cache,included,/Users/wanglifei/Desktop/北京高考政治/reports/必修二三与必修四文化_题源分类准备_20260617_1301/02_text_cache/ocr_absorbed/2026_海淀_一模.txt,"{""target"": ""B2_ECONOMICS"", ""target_score"": 2, ""boundary"": ""B4_PHILOSOPHY_EXCLUDED"", ""boundary_score"": 0, ""matches"": {""B2_ECONOMICS"": ""新质生产力,boost:新质生产力""}}",future_baodian_intake,main_matrix_original
2026_海淀_一模,2026,海淀,一模,15,,question,XB1_EXCLUDED,objective,/Users/wanglifei/Desktop/北京高考政治/reports/必修二三与必修四文化_题源分类准备_20260617_1301/02_text_cache/ocr_cache/2026_海淀_一模/试卷.ocr.txt,ocr-cache,module-boundary-excluded,/Users/wanglifei/Desktop/北京高考政治/reports/必修二三与必修四文化_题源分类准备_20260617_1301/02_text_cache/ocr_absorbed/2026_海淀_一模.txt,"{""target"": ""B2_ECONOMICS"", ""target_score"": 0, ""boundary"": ""XB1_EXCLUDED"", ""boundary_score"": 9, ""matches"": {""XB1_EXCLUDED"": ""国际关系,联合国,全球治理,国际组织,boost:国际关系,boost:联合国,boost:全球治理,boost:国际组织""}, ""explicit_boundary_modules"": {""XB1_EXCLUDED"": [""国际关系"", ""联合国"", ""全球治理"", ""国际组织""]}, ""override"": ""explicit_boundary_term""}",exclude_from_three_target_lines,main_matrix_original
2026_海淀_一模,2026,海淀,一模,16,,question,B4_CULTURE,subjective,/Users/wanglifei/Desktop/北京高考政治/reports/必修二三与必修四文化_题源分类准备_20260617_1301/02_text_cache/ocr_cache/2026_海淀_一模/试卷.ocr.txt,ocr-cache,included,/Users/wanglifei/Desktop/北京高考政治/reports/必修二三与必修四文化_题源分类准备_20260617_1301/02_text_cache/ocr_absorbed/2026_海淀_一模.txt,"{""target"": ""B4_CULTURE"", ""target_score"": 2, ""boundary"": ""B4_PHILOSOPHY_EXCLUDED"", ""boundary_score"": 1, ""matches"": {""B4_CULTURE"": ""文化,文艺"", ""B4_PHILOSOPHY_EXCLUDED"": ""认识""}}",future_baodian_intake,main_matrix_original
2026_海淀_一模,2026,海淀,一模,17,,question,XB3_EXCLUDED,subjective,/Users/wanglifei/Desktop/北京高考政治/reports/必修二三与必修四文化_题源分类准备_20260617_1301/02_text_cache/ocr_cache/2026_海淀_一模/试卷.ocr.txt,ocr-cache,module-boundary-excluded,/Users/wanglifei/Desktop/北京高考政治/reports/必修二三与必修四文化_题源分类准备_20260617_1301/02_text_cache/ocr_absorbed/2026_海淀_一模.txt,"{""target"": ""B3_POLITICS_RULE_OF_LAW"", ""target_score"": 4, ""boundary"": ""XB3_EXCLUDED"", ""boundary_score"": 2, ""matches"": {""B3_POLITICS_RULE_OF_LAW"": ""政协,模拟政协,boost:政协,boost:模拟政协"", ""XB3_EXCLUDED"": ""逻辑与思维,boost:逻辑与思维""}, ""explicit_boundary_modules"": {""XB3_EXCLUDED"": [""逻辑与思维""]}, ""override"": ""explicit_boundary_term""}",exclude_from_three_target_lines,main_matrix_original
2026_海淀_一模,2026,海淀,一模,18,,question,UNKNOWN_OR_MIXED,subjective,/Users/wanglifei/Desktop/北京高考政治/reports/必修二三与必修四文化_题源分类准备_20260617_1301/02_text_cache/ocr_cache/2026_海淀_一模/试卷.ocr.txt,ocr-cache,blocked,/Users/wanglifei/Desktop/北京高考政治/reports/必修二三与必修四文化_题源分类准备_20260617_1301/02_text_cache/ocr_absorbed/2026_海淀_一模.txt,"{""target"": ""B2_ECONOMICS"", ""target_score"": 16, ""boundary"": ""XB2_EXCLUDED"", ""boundary_score"": 10, ""matches"": {""B2_ECONOMICS"": ""经济与社会,高质量发展,消费,经济增长,boost:经济与社会,boost:高质量发展,boost:经济增长"", ""B3_POLITICS_RULE_OF_LAW"": ""法院"", ""B4_CULTURE"": ""文化"", ""XB2_EXCLUDED"": ""法律与生活,侵权,诉讼,赔偿,boost:法律与生活,boost:侵权,boost:诉讼""}, ""explicit_target_modules"": {""B2_ECONOMICS"": [""经济与社会""]}, ""explicit_boundary_modules"": {""XB2_EXCLUDED"": [""法律与生活"", ""侵权"", ""诉讼""]}, ""override"": ""manual_subquestion_split_needed""}",manual_subquestion_split_needed,main_matrix_original
2026_海淀_一模,2026,海淀,一模,19,,question,B3_POLITICS_RULE_OF_LAW,subjective,/Users/wanglifei/Desktop/北京高考政治/reports/必修二三与必修四文化_题源分类准备_20260617_1301/02_text_cache/ocr_cache/2026_海淀_一模/试卷.ocr.txt,ocr-cache,included,/Users/wanglifei/Desktop/北京高考政治/reports/必修二三与必修四文化_题源分类准备_20260617_1301/02_text_cache/ocr_absorbed/2026_海淀_一模.txt,"{""target"": ""B3_POLITICS_RULE_OF_LAW"", ""target_score"": 6, ""boundary"": ""B4_PHILOSOPHY_EXCLUDED"", ""boundary_score"": 0, ""matches"": {""B3_POLITICS_RULE_OF_LAW"": ""政治与法治,政府,全国人大,boost:政治与法治,boost:全国人大""}}",future_baodian_intake,main_matrix_original
2026_海淀_一模,2026,海淀,一模,2,,question,XB3_EXCLUDED,objective,/Users/wanglifei/Desktop/北京高考政治/reports/必修二三与必修四文化_题源分类准备_20260617_1301/02_text_cache/ocr_cache/2026_海淀_一模/试卷.ocr.txt,ocr-cache,module-boundary-excluded,/Users/wanglifei/Desktop/北京高考政治/reports/必修二三与必修四文化_题源分类准备_20260617_1301/02_text_cache/ocr_absorbed/2026_海淀_一模.txt,"{""target"": ""B2_ECONOMICS"", ""target_score"": 0, ""boundary"": ""XB3_EXCLUDED"", ""boundary_score"": 2, ""matches"": {""XB3_EXCLUDED"": ""想象,boost:想象""}, ""explicit_boundary_modules"": {""XB3_EXCLUDED"": [""想象""]}, ""override"": ""explicit_boundary_term""}",exclude_from_three_target_lines,main_matrix_original
2026_海淀_一模,2026,海淀,一模,20,,question,XB1_EXCLUDED,subjective,/Users/wanglifei/Desktop/北京高考政治/reports/必修二三与必修四文化_题源分类准备_20260617_1301/02_text_cache/ocr_cache/2026_海淀_一模/试卷.ocr.txt,ocr-cache,module-boundary-excluded,/Users/wanglifei/Desktop/北京高考政治/reports/必修二三与必修四文化_题源分类准备_20260617_1301/02_text_cache/ocr_absorbed/2026_海淀_一模.txt,"{""target"": ""B2_ECONOMICS"", ""target_score"": 1, ""boundary"": ""XB1_EXCLUDED"", ""boundary_score"": 2, ""matches"": {""B2_ECONOMICS"": ""产业发展"", ""XB1_EXCLUDED"": ""当代国际政治与经济,boost:当代国际政治与经济""}, ""explicit_boundary_modules"": {""XB1_EXCLUDED"": [""当代国际政治与经济""]}, ""override"": ""explicit_boundary_term""}",exclude_from_three_target_lines,main_matrix_original
2026_海淀_一模,2026,海淀,一模,21,,question,B2_ECONOMICS,subjective,/Users/wanglifei/Desktop/北京高考政治/reports/必修二三与必修四文化_题源分类准备_20260617_1301/02_text_cache/ocr_cache/2026_海淀_一模/试卷.ocr.txt,ocr-cache,included,/Users/wanglifei/Desktop/北京高考政治/reports/必修二三与必修四文化_题源分类准备_20260617_1301/02_text_cache/ocr_absorbed/2026_海淀_一模.txt,"{""target"": ""B2_ECONOMICS"", ""target_score"": 2, ""boundary"": ""B4_PHILOSOPHY_EXCLUDED"", ""boundary_score"": 0, ""matches"": {""B2_ECONOMICS"": ""高质量发展,boost:高质量发展""}}",future_baodian_intake,main_matrix_original
2026_海淀_一模,2026,海淀,一模,3,,question,B4_PHILOSOPHY_EXCLUDED,objective,/Users/wanglifei/Desktop/北京高考政治/reports/必修二三与必修四文化_题源分类准备_20260617_1301/02_text_cache/ocr_cache/2026_海淀_一模/试卷.ocr.txt,ocr-cache,module-boundary-excluded,/Users/wanglifei/Desktop/北京高考政治/reports/必修二三与必修四文化_题源分类准备_20260617_1301/02_text_cache/ocr_absorbed/2026_海淀_一模.txt,"{""target"": ""B2_ECONOMICS"", ""target_score"": 0, ""boundary"": ""B4_PHILOSOPHY_EXCLUDED"", ""boundary_score"": 2, ""matches"": {""B4_PHILOSOPHY_EXCLUDED"": ""社会存在,boost:社会存在""}, ""explicit_boundary_modules"": {""B4_PHILOSOPHY_EXCLUDED"": [""社会存在""]}, ""override"": ""explicit_boundary_term""}",exclude_from_three_target_lines,main_matrix_original
2026_海淀_一模,2026,海淀,一模,4,,question,B4_CULTURE,objective,/Users/wanglifei/Desktop/北京高考政治/reports/必修二三与必修四文化_题源分类准备_20260617_1301/02_text_cache/ocr_cache/2026_海淀_一模/试卷.ocr.txt,ocr-cache,included,/Users/wanglifei/Desktop/北京高考政治/reports/必修二三与必修四文化_题源分类准备_20260617_1301/02_text_cache/ocr_absorbed/2026_海淀_一模.txt,"{""target"": ""B4_CULTURE"", ""target_score"": 32, ""boundary"": ""B4_PHILOSOPHY_EXCLUDED"", ""boundary_score"": 1, ""matches"": {""B4_CULTURE"": ""文化,文化遗产,大运河,中华文明,boost:文化遗产,boost:大运河,boost:中华文明"", ""B4_PHILOSOPHY_EXCLUDED"": ""实践""}}",future_baodian_intake,main_matrix_original
2026_海淀_一模,2026,海淀,一模,5,,question,B4_PHILOSOPHY_EXCLUDED,objective,/Users/wanglifei/Desktop/北京高考政治/reports/必修二三与必修四文化_题源分类准备_20260617_1301/02_text_cache/ocr_cache/2026_海淀_一模/试卷.ocr.txt,ocr-cache,module-boundary-excluded,/Users/wanglifei/Desktop/北京高考政治/reports/必修二三与必修四文化_题源分类准备_20260617_1301/02_text_cache/ocr_absorbed/2026_海淀_一模.txt,"{""target"": ""B4_CULTURE"", ""target_score"": 1, ""boundary"": ""B4_PHILOSOPHY_EXCLUDED"", ""boundary_score"": 2, ""matches"": {""B4_CULTURE"": ""文化"", ""B4_PHILOSOPHY_EXCLUDED"": ""价值选择,boost:价值选择""}, ""explicit_boundary_modules"": {""B4_PHILOSOPHY_EXCLUDED"": [""价值选择""]}, ""override"": ""explicit_boundary_term""}",exclude_from_three_target_lines,main_matrix_original
2026_海淀_一模,2026,海淀,一模,6,,question,XB3_EXCLUDED,objective,/Users/wanglifei/Desktop/北京高考政治/reports/必修二三与必修四文化_题源分类准备_20260617_1301/02_text_cache/ocr_cache/2026_海淀_一模/试卷.ocr.txt,ocr-cache,module-boundary-excluded,/Users/wanglifei/Desktop/北京高考政治/reports/必修二三与必修四文化_题源分类准备_20260617_1301/02_text_cache/ocr_absorbed/2026_海淀_一模.txt,"{""target"": ""B2_ECONOMICS"", ""target_score"": 0, ""boundary"": ""XB3_EXCLUDED"", ""boundary_score"": 4, ""matches"": {""XB3_EXCLUDED"": ""推理,演绎推理,boost:推理,boost:演绎推理""}, ""explicit_boundary_modules"": {""XB3_EXCLUDED"": [""推理""]}, ""override"": ""explicit_boundary_term""}",exclude_from_three_target_lines,main_matrix_original
2026_海淀_一模,2026,海淀,一模,7,,question,UNKNOWN_OR_MIXED,objective,/Users/wanglifei/Desktop/北京高考政治/reports/必修二三与必修四文化_题源分类准备_20260617_1301/02_text_cache/ocr_cache/2026_海淀_一模/试卷.ocr.txt,ocr-cache,blocked,/Users/wanglifei/Desktop/北京高考政治/reports/必修二三与必修四文化_题源分类准备_20260617_1301/02_text_cache/ocr_absorbed/2026_海淀_一模.txt,"{""target"": ""B2_ECONOMICS"", ""target_score"": 0, ""boundary"": ""B4_PHILOSOPHY_EXCLUDED"", ""boundary_score"": 0, ""matches"": {}}",manual_review_needed,main_matrix_original
2026_海淀_一模,2026,海淀,一模,8,,question,B4_PHILOSOPHY_EXCLUDED,objective,/Users/wanglifei/Desktop/北京高考政治/reports/必修二三与必修四文化_题源分类准备_20260617_1301/02_text_cache/ocr_cache/2026_海淀_一模/试卷.ocr.txt,ocr-cache,module-boundary-excluded,/Users/wanglifei/Desktop/北京高考政治/reports/必修二三与必修四文化_题源分类准备_20260617_1301/02_text_cache/ocr_absorbed/2026_海淀_一模.txt,"{""target"": ""B2_ECONOMICS"", ""target_score"": 0, ""boundary"": ""B4_PHILOSOPHY_EXCLUDED"", ""boundary_score"": 2, ""matches"": {""B4_PHILOSOPHY_EXCLUDED"": ""人民群众,boost:人民群众""}}",exclude_from_three_target_lines,main_matrix_original
2026_海淀_一模,2026,海淀,一模,9,,question,XB2_EXCLUDED,objective,/Users/wanglifei/Desktop/北京高考政治/reports/必修二三与必修四文化_题源分类准备_20260617_1301/02_text_cache/ocr_cache/2026_海淀_一模/试卷.ocr.txt,ocr-cache,module-boundary-excluded,/Users/wanglifei/Desktop/北京高考政治/reports/必修二三与必修四文化_题源分类准备_20260617_1301/02_text_cache/ocr_absorbed/2026_海淀_一模.txt,"{""target"": ""B3_POLITICS_RULE_OF_LAW"", ""target_score"": 4, ""boundary"": ""XB2_EXCLUDED"", ""boundary_score"": 9, ""matches"": {""B3_POLITICS_RULE_OF_LAW"": ""法治社会,政府,公共服务,boost:法治社会"", ""B4_PHILOSOPHY_EXCLUDED"": ""矛盾,boost:矛盾"", ""XB2_EXCLUDED"": ""合同,继承,诉讼,民事,boost:合同,boost:继承,boost:诉讼,boost:民事""}, ""explicit_boundary_modules"": {""XB2_EXCLUDED"": [""合同"", ""诉讼"", ""民事""]}, ""override"": ""explicit_boundary_term""}",exclude_from_three_target_lines,main_matrix_original
2026_海淀_二模,2026,海淀,二模,1,,question,B1_EXCLUDED,objective,/Users/wanglifei/Desktop/2026模拟题/2026各区二模/2026海淀二模/试卷/2026北京海淀高三二模政治（教师版）.docx,paper,module-boundary-excluded,/Users/wanglifei/Desktop/北京高考政治/reports/必修二三与必修四文化_题源分类准备_20260617_1301/03_question_index/question_candidates.csv,"{""target"": ""B3_POLITICS_RULE_OF_LAW"", ""target_score"": 2, ""boundary"": ""B1_EXCLUDED"", ""boundary_score"": 4, ""matches"": {""B3_POLITICS_RULE_OF_LAW"": ""中国共产党,boost:中国共产党"", ""B4_PHILOSOPHY_EXCLUDED"": ""人民群众,boost:人民群众"", ""B1_EXCLUDED"": ""中国特色社会主义,科学社会主义""}}",exclude_from_three_target_lines,main_matrix_original
2026_海淀_二模,2026,海淀,二模,10,,question,XB2_EXCLUDED,objective,/Users/wanglifei/Desktop/2026模拟题/2026各区二模/2026海淀二模/试卷/2026北京海淀高三二模政治（教师版）.docx,paper,module-boundary-excluded,/Users/wanglifei/Desktop/北京高考政治/reports/必修二三与必修四文化_题源分类准备_20260617_1301/03_question_index/question_candidates.csv,"{""target"": ""B3_POLITICS_RULE_OF_LAW"", ""target_score"": 2, ""boundary"": ""XB2_EXCLUDED"", ""boundary_score"": 14, ""matches"": {""B3_POLITICS_RULE_OF_LAW"": ""法院"", ""XB2_EXCLUDED"": ""合同,诉讼,仲裁,民事,民事诉讼,违约,boost:合同,boost:诉讼,boost:仲裁,boost:民事,boost:民事诉讼,boost:违约""}, ""explicit_boundary_modules"": {""XB2_EXCLUDED"": [""合同"", ""诉讼"", ""民事""]}, ""override"": ""explicit_boundary_term""}",exclude_from_three_target_lines,main_matrix_original
2026_海淀_二模,2026,海淀,二模,11,,question,XB2_EXCLUDED,objective,/Users/wanglifei/Desktop/2026模拟题/2026各区二模/2026海淀二模/试卷/2026北京海淀高三二模政治（教师版）.docx,paper,module-boundary-excluded,/Users/wanglifei/Desktop/北京高考政治/reports/必修二三与必修四文化_题源分类准备_20260617_1301/03_question_index/question_candidates.csv,"{""target"": ""B3_POLITICS_RULE_OF_LAW"", ""target_score"": 2, ""boundary"": ""XB2_EXCLUDED"", ""boundary_score"": 10, ""matches"": {""B3_POLITICS_RULE_OF_LAW"": ""检察,法院"", ""XB1_EXCLUDED"": ""国家利益,boost:国家利益"", ""XB2_EXCLUDED"": ""侵权,诉讼,举证,侵权责任,上诉,boost:侵权,boost:诉讼,boost:举证,boost:侵权责任,boost:上诉""}, ""explicit_boundary_modules"": {""XB1_EXCLUDED"": [""国家利益""], ""XB2_EXCLUDED"": [""侵权"", ""诉讼""]}, ""override"": ""explicit_boundary_term""}",exclude_from_three_target_lines,main_matrix_original
2026_海淀_二模,2026,海淀,二模,12,,question,B3_POLITICS_RULE_OF_LAW,objective,/Users/wanglifei/Desktop/2026模拟题/2026各区二模/2026海淀二模/试卷/2026北京海淀高三二模政治（教师版）.docx,paper,included,/Users/wanglifei/Desktop/北京高考政治/reports/必修二三与必修四文化_题源分类准备_20260617_1301/03_question_index/question_candidates.csv,"{""target"": ""B3_POLITICS_RULE_OF_LAW"", ""target_score"": 3, ""boundary"": ""B4_PHILOSOPHY_EXCLUDED"", ""boundary_score"": 0, ""matches"": {""B3_POLITICS_RULE_OF_LAW"": ""政府""}}",future_baodian_intake,main_matrix_original
2026_海淀_二模,2026,海淀,二模,13,,question,UNKNOWN_OR_MIXED,objective,/Users/wanglifei/Desktop/2026模拟题/2026各区二模/2026海淀二模/试卷/2026北京海淀高三二模政治（教师版）.docx,paper,blocked,/Users/wanglifei/Desktop/北京高考政治/reports/必修二三与必修四文化_题源分类准备_20260617_1301/03_question_index/question_candidates.csv,"{""target"": ""B2_ECONOMICS"", ""target_score"": 1, ""boundary"": ""B4_PHILOSOPHY_EXCLUDED"", ""boundary_score"": 0, ""matches"": {""B2_ECONOMICS"": ""产业发展""}}",manual_review_needed,main_matrix_original
2026_海淀_二模,2026,海淀,二模,14,,question,UNKNOWN_OR_MIXED,objective,/Users/wanglifei/Desktop/2026模拟题/2026各区二模/2026海淀二模/试卷/2026北京海淀高三二模政治（教师版）.docx,paper,blocked,/Users/wanglifei/Desktop/北京高考政治/reports/必修二三与必修四文化_题源分类准备_20260617_1301/03_question_index/question_candidates.csv,"{""target"": ""B2_ECONOMICS"", ""target_score"": 0, ""boundary"": ""B4_PHILOSOPHY_EXCLUDED"", ""boundary_score"": 0, ""matches"": {}}",manual_review_needed,main_matrix_original
2026_海淀_二模,2026,海淀,二模,15,,question,XB1_EXCLUDED,objective,/Users/wanglifei/Desktop/2026模拟题/2026各区二模/2026海淀二模/试卷/2026北京海淀高三二模政治（教师版）.docx,paper,module-boundary-excluded,/Users/wanglifei/Desktop/北京高考政治/reports/必修二三与必修四文化_题源分类准备_20260617_1301/03_question_index/question_candidates.csv,"{""target"": ""B2_ECONOMICS"", ""target_score"": 0, ""boundary"": ""XB1_EXCLUDED"", ""boundary_score"": 7, ""matches"": {""XB1_EXCLUDED"": ""外交,APEC,boost:外交,boost:APEC""}}",exclude_from_three_target_lines,main_matrix_original
2026_海淀_二模,2026,海淀,二模,16,,question,B4_PHILOSOPHY_EXCLUDED,subjective,/Users/wanglifei/Desktop/2026模拟题/2026各区二模/2026海淀二模/试卷/2026北京海淀高三二模政治（教师版）.docx,paper,module-boundary-excluded,/Users/wanglifei/Desktop/北京高考政治/reports/必修二三与必修四文化_题源分类准备_20260617_1301/03_question_index/question_candidates.csv,"{""target"": ""B2_ECONOMICS"", ""target_score"": 0, ""boundary"": ""B4_PHILOSOPHY_EXCLUDED"", ""boundary_score"": 4, ""matches"": {""B4_PHILOSOPHY_EXCLUDED"": ""实践,认识""}}",exclude_from_three_target_lines,main_matrix_original
2026_海淀_二模,2026,海淀,二模,17,,question,B3_POLITICS_RULE_OF_LAW,subjective,/Users/wanglifei/Desktop/2026模拟题/2026各区二模/2026海淀二模/试卷/2026北京海淀高三二模政治（教师版）.docx,paper,included,/Users/wanglifei/Desktop/北京高考政治/reports/必修二三与必修四文化_题源分类准备_20260617_1301/03_question_index/question_candidates.csv,"{""target"": ""B3_POLITICS_RULE_OF_LAW"", ""target_score"": 26, ""boundary"": ""B4_PHILOSOPHY_EXCLUDED"", ""boundary_score"": 5, ""matches"": {""B3_POLITICS_RULE_OF_LAW"": ""政治与法治,政协,协商民主,全过程人民民主,政府,民主监督,基层治理,人民政协,boost:政治与法治,boost:政协,boost:协商民主,boost:全过程人民民主"", ""B4_CULTURE"": ""文化"", ""B4_PHILOSOPHY_EXCLUDED"": ""实践,人民群众,boost:人民群众""}}",future_baodian_intake,main_matrix_original
2026_海淀_二模,2026,海淀,二模,18,,question,XB2_EXCLUDED,subjective,/Users/wanglifei/Desktop/2026模拟题/2026各区二模/2026海淀二模/试卷/2026北京海淀高三二模政治（教师版）.docx,paper,module-boundary-excluded,/Users/wanglifei/Desktop/北京高考政治/reports/必修二三与必修四文化_题源分类准备_20260617_1301/03_question_index/question_candidates.csv,"{""target"": ""B2_ECONOMICS"", ""target_score"": 2, ""boundary"": ""XB2_EXCLUDED"", ""boundary_score"": 50, ""matches"": {""B2_ECONOMICS"": ""消费,劳动者"", ""B4_PHILOSOPHY_EXCLUDED"": ""实践,认识"", ""XB2_EXCLUDED"": ""法律与生活,民法典,知识产权,物权,司法确认,专利,专利法,boost:法律与生活,boost:民法典,boost:知识产权,boost:物权,boost:司法确认"", ""XB3_EXCLUDED"": ""逻辑与思维,科学思维,联想思维,分析与综合,boost:逻辑与思维,boost:科学思维,boost:联想思维,boost:分析与综合""}, ""explicit_boundary_modules"": {""XB2_EXCLUDED"": [""法律与生活"", ""民法典"", ""知识产权"", ""专利"", ""物权""], ""XB3_EXCLUDED"": [""逻辑与思维"", ""科学思维"", ""分析与综合""]}, ""override"": ""explicit_boundary_term""}",exclude_from_three_target_lines,main_matrix_original
2026_海淀_二模,2026,海淀,二模,19,,question,B2_ECONOMICS,subjective,/Users/wanglifei/Desktop/2026模拟题/2026各区二模/2026海淀二模/试卷/2026北京海淀高三二模政治（教师版）.docx,paper,included,/Users/wanglifei/Desktop/北京高考政治/reports/必修二三与必修四文化_题源分类准备_20260617_1301/03_question_index/question_candidates.csv,"{""target"": ""B2_ECONOMICS"", ""target_score"": 6, ""boundary"": ""B4_PHILOSOPHY_EXCLUDED"", ""boundary_score"": 0, ""matches"": {""B2_ECONOMICS"": ""经济与社会,实体经济,区域协调,boost:经济与社会,boost:实体经济"", ""B3_POLITICS_RULE_OF_LAW"": ""公共服务""}}",future_baodian_intake,main_matrix_original
2026_海淀_二模,2026,海淀,二模,2,,question,B4_PHILOSOPHY_EXCLUDED,objective,/Users/wanglifei/Desktop/2026模拟题/2026各区二模/2026海淀二模/试卷/2026北京海淀高三二模政治（教师版）.docx,paper,module-boundary-excluded,/Users/wanglifei/Desktop/北京高考政治/reports/必修二三与必修四文化_题源分类准备_20260617_1301/03_question_index/question_candidates.csv,"{""target"": ""B4_CULTURE"", ""target_score"": 9, ""boundary"": ""B4_PHILOSOPHY_EXCLUDED"", ""boundary_score"": 2, ""matches"": {""B4_CULTURE"": ""文化,博物馆,文化事业,文物,boost:博物馆,boost:文物"", ""B4_PHILOSOPHY_EXCLUDED"": ""社会意识,boost:社会意识""}, ""explicit_boundary_modules"": {""B4_PHILOSOPHY_EXCLUDED"": [""社会意识""]}, ""override"": ""explicit_boundary_term""}",exclude_from_three_target_lines,main_matrix_original
2026_海淀_二模,2026,海淀,二模,20,,question,XB1_EXCLUDED,subjective,/Users/wanglifei/Desktop/2026模拟题/2026各区二模/2026海淀二模/试卷/2026北京海淀高三二模政治（教师版）.docx,paper,module-boundary-excluded,/Users/wanglifei/Desktop/北京高考政治/reports/必修二三与必修四文化_题源分类准备_20260617_1301/03_question_index/question_candidates.csv,"{""target"": ""B2_ECONOMICS"", ""target_score"": 0, ""boundary"": ""XB1_EXCLUDED"", ""boundary_score"": 14, ""matches"": {""B4_PHILOSOPHY_EXCLUDED"": ""实践"", ""XB1_EXCLUDED"": ""当代国际政治与经济,联合国,和平与发展,人类命运共同体,国际组织,boost:当代国际政治与经济,boost:联合国,boost:和平与发展,boost:人类命运共同体,boost:国际组织"", ""XB3_EXCLUDED"": ""推理,三段论,boost:推理,boost:三段论""}, ""explicit_boundary_modules"": {""XB1_EXCLUDED"": [""当代国际政治与经济"", ""联合国"", ""人类命运共同体"", ""国际组织""], ""XB3_EXCLUDED"": [""三段论"", ""推理""]}, ""override"": ""explicit_boundary_term""}",exclude_from_three_target_lines,main_matrix_original
2026_海淀_二模,2026,海淀,二模,21,,question,XB2_EXCLUDED,subjective,/Users/wanglifei/Desktop/2026模拟题/2026各区二模/2026海淀二模/试卷/2026北京海淀高三二模政治（教师版）.docx,paper,module-boundary-excluded,/Users/wanglifei/Desktop/北京高考政治/reports/必修二三与必修四文化_题源分类准备_20260617_1301/03_question_index/question_candidates.csv,"{""target"": ""B3_POLITICS_RULE_OF_LAW"", ""target_score"": 12, ""boundary"": ""XB2_EXCLUDED"", ""boundary_score"": 7, ""matches"": {""B2_ECONOMICS"": ""社会保障,产业链,养老服务,boost:社会保障,boost:产业链,boost:养老服务"", ""B3_POLITICS_RULE_OF_LAW"": ""中国共产党,党的领导,全面依法治国,检察,法院,公共服务,boost:中国共产党,boost:党的领导,boost:全面依法治国"", ""B4_PHILOSOPHY_EXCLUDED"": ""矛盾,boost:矛盾"", ""XB2_EXCLUDED"": ""知识产权,诉讼,民事,boost:知识产权,boost:诉讼,boost:民事"", ""XB3_EXCLUDED"": ""辩证思维,boost:辩证思维"", ""B1_EXCLUDED"": ""中国特色社会主义""}, ""explicit_boundary_modules"": {""XB2_EXCLUDED"": [""知识产权"", ""诉讼"", ""民事""], ""XB3_EXCLUDED"": [""辩证思维""]}, ""override"": ""explicit_boundary_term""}",exclude_from_three_target_lines,main_matrix_original
2026_海淀_二模,2026,海淀,二模,3,,question,XB3_EXCLUDED,objective,/Users/wanglifei/Desktop/2026模拟题/2026各区二模/2026海淀二模/试卷/2026北京海淀高三二模政治（教师版）.docx,paper,module-boundary-excluded,/Users/wanglifei/Desktop/北京高考政治/reports/必修二三与必修四文化_题源分类准备_20260617_1301/03_question_index/question_candidates.csv,"{""target"": ""B2_ECONOMICS"", ""target_score"": 0, ""boundary"": ""B4_PHILOSOPHY_EXCLUDED"", ""boundary_score"": 4, ""matches"": {""B4_PHILOSOPHY_EXCLUDED"": ""实践,认识,真理,boost:真理"", ""XB3_EXCLUDED"": ""推理,类比推理,boost:推理,boost:类比推理""}, ""explicit_boundary_modules"": {""XB3_EXCLUDED"": [""推理""]}, ""override"": ""explicit_boundary_term""}",exclude_from_three_target_lines,main_matrix_original
2026_海淀_二模,2026,海淀,二模,4,,question,B4_PHILOSOPHY_EXCLUDED,objective,/Users/wanglifei/Desktop/2026模拟题/2026各区二模/2026海淀二模/试卷/2026北京海淀高三二模政治（教师版）.docx,paper,module-boundary-excluded,/Users/wanglifei/Desktop/北京高考政治/reports/必修二三与必修四文化_题源分类准备_20260617_1301/03_question_index/question_candidates.csv,"{""target"": ""B2_ECONOMICS"", ""target_score"": 0, ""boundary"": ""B4_PHILOSOPHY_EXCLUDED"", ""boundary_score"": 3, ""matches"": {""B4_PHILOSOPHY_EXCLUDED"": ""矛盾,boost:矛盾""}}",exclude_from_three_target_lines,main_matrix_original
2026_海淀_二模,2026,海淀,二模,5,,question,XB3_EXCLUDED,objective,/Users/wanglifei/Desktop/2026模拟题/2026各区二模/2026海淀二模/试卷/2026北京海淀高三二模政治（教师版）.docx,paper,module-boundary-excluded,/Users/wanglifei/Desktop/北京高考政治/reports/必修二三与必修四文化_题源分类准备_20260617_1301/03_question_index/question_candidates.csv,"{""target"": ""B2_ECONOMICS"", ""target_score"": 0, ""boundary"": ""XB3_EXCLUDED"", ""boundary_score"": 2, ""matches"": {""XB3_EXCLUDED"": ""属种关系,boost:属种关系""}}",exclude_from_three_target_lines,main_matrix_original
2026_海淀_二模,2026,海淀,二模,6,,question,XB3_EXCLUDED,objective,/Users/wanglifei/Desktop/2026模拟题/2026各区二模/2026海淀二模/试卷/2026北京海淀高三二模政治（教师版）.docx,paper,module-boundary-excluded,/Users/wanglifei/Desktop/北京高考政治/reports/必修二三与必修四文化_题源分类准备_20260617_1301/03_question_index/question_candidates.csv,"{""target"": ""B2_ECONOMICS"", ""target_score"": 0, ""boundary"": ""XB3_EXCLUDED"", ""boundary_score"": 4, ""matches"": {""XB2_EXCLUDED"": ""知识产权,boost:知识产权"", ""XB3_EXCLUDED"": ""推理,演绎推理,boost:推理,boost:演绎推理""}, ""explicit_boundary_modules"": {""XB2_EXCLUDED"": [""知识产权""], ""XB3_EXCLUDED"": [""推理""]}, ""override"": ""explicit_boundary_term""}",exclude_from_three_target_lines,main_matrix_original
2026_海淀_二模,2026,海淀,二模,7,,question,XB3_EXCLUDED,objective,/Users/wanglifei/Desktop/2026模拟题/2026各区二模/2026海淀二模/试卷/2026北京海淀高三二模政治（教师版）.docx,paper,module-boundary-excluded,/Users/wanglifei/Desktop/北京高考政治/reports/必修二三与必修四文化_题源分类准备_20260617_1301/03_question_index/question_candidates.csv,"{""target"": ""B2_ECONOMICS"", ""target_score"": 0, ""boundary"": ""XB3_EXCLUDED"", ""boundary_score"": 4, ""matches"": {""B4_PHILOSOPHY_EXCLUDED"": ""认识"", ""XB3_EXCLUDED"": ""推理,归纳推理,boost:推理,boost:归纳推理""}, ""explicit_boundary_modules"": {""XB3_EXCLUDED"": [""推理""]}, ""override"": ""explicit_boundary_term""}",exclude_from_three_target_lines,main_matrix_original
2026_海淀_二模,2026,海淀,二模,8,,question,B3_POLITICS_RULE_OF_LAW,objective,/Users/wanglifei/Desktop/2026模拟题/2026各区二模/2026海淀二模/试卷/2026北京海淀高三二模政治（教师版）.docx,paper,included,/Users/wanglifei/Desktop/北京高考政治/reports/必修二三与必修四文化_题源分类准备_20260617_1301/03_question_index/question_candidates.csv,"{""target"": ""B3_POLITICS_RULE_OF_LAW"", ""target_score"": 14, ""boundary"": ""B4_PHILOSOPHY_EXCLUDED"", ""boundary_score"": 0, ""matches"": {""B3_POLITICS_RULE_OF_LAW"": ""人民代表大会,人大代表,宪法,全国人大,立法权,社会治理,boost:人民代表大会,boost:人大代表,boost:宪法,boost:全国人大""}}",future_baodian_intake,main_matrix_original
2026_海淀_二模,2026,海淀,二模,9,,question,UNKNOWN_OR_MIXED,objective,/Users/wanglifei/Desktop/2026模拟题/2026各区二模/2026海淀二模/试卷/2026北京海淀高三二模政治（教师版）.docx,paper,blocked,/Users/wanglifei/Desktop/北京高考政治/reports/必修二三与必修四文化_题源分类准备_20260617_1301/03_question_index/question_candidates.csv,"{""target"": ""B2_ECONOMICS"", ""target_score"": 0, ""boundary"": ""B4_PHILOSOPHY_EXCLUDED"", ""boundary_score"": 0, ""matches"": {}}",manual_review_needed,main_matrix_original
2026_海淀_期末,2026,海淀,期末,1,,question,UNKNOWN_OR_MIXED,objective,/Users/wanglifei/Desktop/2026模拟题/2026各区期末和期中/2026海淀期中/试卷/试卷.docx | /Users/wanglifei/Desktop/2026模拟题/2026各区期末和期中/2026海淀期末/试卷/试卷.pdf,paper,blocked,/Users/wanglifei/Desktop/北京高考政治/reports/必修二三与必修四文化_题源分类准备_20260617_1301/03_question_index/question_candidates.csv,"{""target"": ""B2_ECONOMICS"", ""target_score"": 0, ""boundary"": ""B1_EXCLUDED"", ""boundary_score"": 1, ""matches"": {""B1_EXCLUDED"": ""中国特色社会主义""}}",manual_review_needed,main_matrix_original
2026_海淀_期末,2026,海淀,期末,10,,question,B3_POLITICS_RULE_OF_LAW,objective,/Users/wanglifei/Desktop/2026模拟题/2026各区期末和期中/2026海淀期中/试卷/试卷.docx,paper,included,/Users/wanglifei/Desktop/北京高考政治/reports/必修二三与必修四文化_题源分类准备_20260617_1301/03_question_index/question_candidates.csv,"{""target"": ""B3_POLITICS_RULE_OF_LAW"", ""target_score"": 5, ""boundary"": ""B4_PHILOSOPHY_EXCLUDED"", ""boundary_score"": 0, ""matches"": {""B3_POLITICS_RULE_OF_LAW"": ""民族区域自治,人大常委会,boost:民族区域自治,boost:人大常委会""}}",future_baodian_intake,main_matrix_original
2026_海淀_期末,2026,海淀,期末,11,,question,B4_PHILOSOPHY_EXCLUDED,objective,/Users/wanglifei/Desktop/2026模拟题/2026各区期末和期中/2026海淀期中/试卷/试卷.docx | /Users/wanglifei/Desktop/2026模拟题/2026各区期末和期中/2026海淀期末/试卷/试卷.pdf,paper,module-boundary-excluded,/Users/wanglifei/Desktop/北京高考政治/reports/必修二三与必修四文化_题源分类准备_20260617_1301/03_question_index/question_candidates.csv,"{""target"": ""B2_ECONOMICS"", ""target_score"": 0, ""boundary"": ""B4_PHILOSOPHY_EXCLUDED"", ""boundary_score"": 4, ""matches"": {""B4_PHILOSOPHY_EXCLUDED"": ""矛盾,人民群众,boost:矛盾,boost:人民群众""}}",exclude_from_three_target_lines,main_matrix_original
2026_海淀_期末,2026,海淀,期末,12,,question,UNKNOWN_OR_MIXED,objective,/Users/wanglifei/Desktop/2026模拟题/2026各区期末和期中/2026海淀期中/试卷/试卷.docx,paper,blocked,/Users/wanglifei/Desktop/北京高考政治/reports/必修二三与必修四文化_题源分类准备_20260617_1301/03_question_index/question_candidates.csv,"{""target"": ""B2_ECONOMICS"", ""target_score"": 0, ""boundary"": ""B4_PHILOSOPHY_EXCLUDED"", ""boundary_score"": 0, ""matches"": {}}",manual_review_needed,main_matrix_original
2026_海淀_期末,2026,海淀,期末,13,,question,B2_ECONOMICS,objective,/Users/wanglifei/Desktop/2026模拟题/2026各区期末和期中/2026海淀期中/试卷/试卷.docx,paper,included,/Users/wanglifei/Desktop/北京高考政治/reports/必修二三与必修四文化_题源分类准备_20260617_1301/03_question_index/question_candidates.csv,"{""target"": ""B2_ECONOMICS"", ""target_score"": 2, ""boundary"": ""B4_PHILOSOPHY_EXCLUDED"", ""boundary_score"": 0, ""matches"": {""B2_ECONOMICS"": ""高质量发展,boost:高质量发展""}}",future_baodian_intake,main_matrix_original
2026_海淀_期末,2026,海淀,期末,14,,question,UNKNOWN_OR_MIXED,objective,/Users/wanglifei/Desktop/2026模拟题/2026各区期末和期中/2026海淀期中/试卷/试卷.docx,paper,blocked,/Users/wanglifei/Desktop/北京高考政治/reports/必修二三与必修四文化_题源分类准备_20260617_1301/03_question_index/question_candidates.csv,"{""target"": ""B2_ECONOMICS"", ""target_score"": 0, ""boundary"": ""XB1_EXCLUDED"", ""boundary_score"": 1, ""matches"": {""XB1_EXCLUDED"": ""对外开放""}}",manual_review_needed,main_matrix_original
2026_海淀_期末,2026,海淀,期末,15,,question,UNKNOWN_OR_MIXED,objective,/Users/wanglifei/Desktop/2026模拟题/2026各区期末和期中/2026海淀期中/试卷/试卷.docx,paper,blocked,/Users/wanglifei/Desktop/北京高考政治/reports/必修二三与必修四文化_题源分类准备_20260617_1301/03_question_index/question_candidates.csv,"{""target"": ""B4_CULTURE"", ""target_score"": 1, ""boundary"": ""B4_PHILOSOPHY_EXCLUDED"", ""boundary_score"": 0, ""matches"": {""B4_CULTURE"": ""文化""}}",manual_review_needed,main_matrix_original
2026_海淀_期末,2026,海淀,期末,16,,question,B2_ECONOMICS,subjective,/Users/wanglifei/Desktop/2026模拟题/2026各区期末和期中/2026海淀期中/试卷/试卷.docx | /Users/wanglifei/Desktop/2026模拟题/2026各区期末和期中/2026海淀期末/试卷/试卷.pdf,paper,included,/Users/wanglifei/Desktop/北京高考政治/reports/必修二三与必修四文化_题源分类准备_20260617_1301/03_question_index/question_candidates.csv,"{""target"": ""B2_ECONOMICS"", ""target_score"": 6, ""boundary"": ""B4_PHILOSOPHY_EXCLUDED"", ""boundary_score"": 5, ""matches"": {""B2_ECONOMICS"": ""经济与社会,有效市场,有为政府,新发展理念,boost:经济与社会,boost:新发展理念"", ""B3_POLITICS_RULE_OF_LAW"": ""政府"", ""B4_PHILOSOPHY_EXCLUDED"": ""实践,矛盾,意识的能动作用,boost:矛盾,boost:意识的能动作用""}}",future_baodian_intake,main_matrix_original
2026_海淀_期末,2026,海淀,期末,17,,question,B2_ECONOMICS,subjective,/Users/wanglifei/Desktop/2026模拟题/2026各区期末和期中/2026海淀期中/试卷/试卷.docx | /Users/wanglifei/Desktop/2026模拟题/2026各区期末和期中/2026海淀期末/试卷/试卷.pdf,paper,included,/Users/wanglifei/Desktop/北京高考政治/reports/必修二三与必修四文化_题源分类准备_20260617_1301/03_question_index/question_candidates.csv,"{""target"": ""B2_ECONOMICS"", ""target_score"": 6, ""boundary"": ""B4_PHILOSOPHY_EXCLUDED"", ""boundary_score"": 2, ""matches"": {""B2_ECONOMICS"": ""经济与社会,公有制,乡村振兴,boost:经济与社会,boost:公有制,boost:乡村振兴"", ""B4_CULTURE"": ""文化,民族精神,boost:民族精神"", ""B4_PHILOSOPHY_EXCLUDED"": ""联系的观点,boost:联系的观点"", ""B1_EXCLUDED"": ""中国特色社会主义""}}",future_baodian_intake,main_matrix_original
2026_海淀_期末,2026,海淀,期末,18,,question,UNKNOWN_OR_MIXED,subjective,/Users/wanglifei/Desktop/2026模拟题/2026各区期末和期中/2026海淀期中/试卷/试卷.docx | /Users/wanglifei/Desktop/2026模拟题/2026各区期末和期中/2026海淀期末/试卷/试卷.pdf,paper,blocked,/Users/wanglifei/Desktop/北京高考政治/reports/必修二三与必修四文化_题源分类准备_20260617_1301/03_question_index/question_candidates.csv,"{""target"": ""B3_POLITICS_RULE_OF_LAW"", ""target_score"": 29, ""boundary"": ""XB2_EXCLUDED"", ""boundary_score"": 21, ""matches"": {""B3_POLITICS_RULE_OF_LAW"": ""政治与法治,中国共产党,人大代表,全过程人民民主,依法行政,严格执法,政府,党组织,基层治理,社会治理,公共服务,boost:政治与法治"", ""B4_PHILOSOPHY_EXCLUDED"": ""实践,人民群众,boost:人民群众"", ""XB2_EXCLUDED"": ""民法典,合同,格式条款,民事,boost:民法典,boost:合同,boost:格式条款,boost:民事""}, ""explicit_target_modules"": {""B3_POLITICS_RULE_OF_LAW"": [""政治与法治""]}, ""explicit_boundary_modules"": {""XB2_EXCLUDED"": [""民法典"", ""合同"", ""民事""]}, ""override"": ""manual_subquestion_split_needed""}",manual_subquestion_split_needed,main_matrix_original
2026_海淀_期末,2026,海淀,期末,19,,question,UNKNOWN_OR_MIXED,subjective,/Users/wanglifei/Desktop/2026模拟题/2026各区期末和期中/2026海淀期中/试卷/试卷.docx | /Users/wanglifei/Desktop/2026模拟题/2026各区期末和期中/2026海淀期末/试卷/试卷.pdf,paper,blocked,/Users/wanglifei/Desktop/北京高考政治/reports/必修二三与必修四文化_题源分类准备_20260617_1301/03_question_index/question_candidates.csv,"{""target"": ""B3_POLITICS_RULE_OF_LAW"", ""target_score"": 12, ""boundary"": ""XB2_EXCLUDED"", ""boundary_score"": 4, ""matches"": {""B2_ECONOMICS"": ""乡村振兴,消费,boost:乡村振兴"", ""B3_POLITICS_RULE_OF_LAW"": ""政治与法治,基层群众自治,民主监督,民主决策,基层治理,社会治理,boost:政治与法治,boost:基层群众自治,boost:基层治理"", ""B4_CULTURE"": ""社会主义核心价值观,boost:社会主义核心价值观"", ""B4_PHILOSOPHY_EXCLUDED"": ""实践,人民群众,boost:人民群众"", ""XB2_EXCLUDED"": ""侵权,侵权责任,boost:侵权,boost:侵权责任""}, ""explicit_target_modules"": {""B3_POLITICS_RULE_OF_LAW"": [""政治与法治""]}, ""explicit_boundary_modules"": {""XB2_EXCLUDED"": [""侵权""]}, ""override"": ""manual_subquestion_split_needed""}",manual_subquestion_split_needed,main_matrix_original
2026_海淀_期末,2026,海淀,期末,2,,question,B2_ECONOMICS,objective,/Users/wanglifei/Desktop/2026模拟题/2026各区期末和期中/2026海淀期中/试卷/试卷.docx,paper,included,/Users/wanglifei/Desktop/北京高考政治/reports/必修二三与必修四文化_题源分类准备_20260617_1301/03_question_index/question_candidates.csv,"{""target"": ""B2_ECONOMICS"", ""target_score"": 7, ""boundary"": ""B4_PHILOSOPHY_EXCLUDED"", ""boundary_score"": 0, ""matches"": {""B2_ECONOMICS"": ""民营经济,民营企业,boost:民营经济"", ""B3_POLITICS_RULE_OF_LAW"": ""法院""}}",future_baodian_intake,main_matrix_original
2026_海淀_期末,2026,海淀,期末,20,,question,UNKNOWN_OR_MIXED,subjective,/Users/wanglifei/Desktop/2026模拟题/2026各区期末和期中/2026海淀期中/试卷/试卷.docx | /Users/wanglifei/Desktop/2026模拟题/2026各区期末和期中/2026海淀期末/试卷/试卷.pdf,paper,blocked,/Users/wanglifei/Desktop/北京高考政治/reports/必修二三与必修四文化_题源分类准备_20260617_1301/03_question_index/question_candidates.csv,"{""target"": ""B4_CULTURE"", ""target_score"": 18, ""boundary"": ""XB3_EXCLUDED"", ""boundary_score"": 15, ""matches"": {""B3_POLITICS_RULE_OF_LAW"": ""政治与法治,行政机关,政府,检察,boost:政治与法治"", ""B4_CULTURE"": ""文化,爱国主义,文旅,文物,文创,boost:爱国主义,boost:文旅,boost:文物,boost:文创"", ""B4_PHILOSOPHY_EXCLUDED"": ""矛盾,人民群众,boost:矛盾,boost:人民群众"", ""XB2_EXCLUDED"": ""诉讼,所有权,boost:诉讼,boost:所有权"", ""XB3_EXCLUDED"": ""超前思维,想象,推理,假言判断,充分条件,boost:超前思维,boost:想象,boost:推理,boost:假言判断,boost:充分条件""}, ""explicit_target_modules"": {""B3_POLITICS_RULE_OF_LAW"": [""政治与法治""]}, ""explicit_boundary_modules"": {""XB2_EXCLUDED"": [""诉讼"", ""所有权""], ""XB3_EXCLUDED"": [""超前思维"", ""推理"", ""假言"", ""充分条件"", ""想象""]}, ""override"": ""manual_subquestion_split_needed""}",manual_subquestion_split_needed,main_matrix_original
2026_海淀_期末,2026,海淀,期末,21,,question,XB1_EXCLUDED,subjective,/Users/wanglifei/Desktop/2026模拟题/2026各区期末和期中/2026海淀期中/试卷/试卷.docx | /Users/wanglifei/Desktop/2026模拟题/2026各区期末和期中/2026海淀期末/试卷/试卷.pdf,paper,module-boundary-excluded,/Users/wanglifei/Desktop/北京高考政治/reports/必修二三与必修四文化_题源分类准备_20260617_1301/03_question_index/question_candidates.csv,"{""target"": ""B2_ECONOMICS"", ""target_score"": 14, ""boundary"": ""XB1_EXCLUDED"", ""boundary_score"": 29, ""matches"": {""B2_ECONOMICS"": ""经济职能,消费,产业发展,boost:经济职能"", ""B3_POLITICS_RULE_OF_LAW"": ""党的领导,政府,boost:党的领导"", ""B4_PHILOSOPHY_EXCLUDED"": ""矛盾,boost:矛盾"", ""XB1_EXCLUDED"": ""当代国际政治与经济,联合国,全球治理,和平与发展,人类命运共同体,国际组织,boost:当代国际政治与经济,boost:联合国,boost:全球治理,boost:和平与发展,boost:人类命运共同体,boost:国际组织""}, ""explicit_boundary_modules"": {""XB1_EXCLUDED"": [""当代国际政治与经济"", ""联合国"", ""全球治理"", ""人类命运共同体"", ""国际组织""]}, ""override"": ""explicit_boundary_term""}",exclude_from_three_target_lines,main_matrix_original
2026_海淀_期末,2026,海淀,期末,3,,question,B3_POLITICS_RULE_OF_LAW,objective,/Users/wanglifei/Desktop/2026模拟题/2026各区期末和期中/2026海淀期中/试卷/试卷.docx,paper,included,/Users/wanglifei/Desktop/北京高考政治/reports/必修二三与必修四文化_题源分类准备_20260617_1301/03_question_index/question_candidates.csv,"{""target"": ""B3_POLITICS_RULE_OF_LAW"", ""target_score"": 2, ""boundary"": ""B4_PHILOSOPHY_EXCLUDED"", ""boundary_score"": 0, ""matches"": {""B3_POLITICS_RULE_OF_LAW"": ""政府""}}",future_baodian_intake,main_matrix_original
2026_海淀_期末,2026,海淀,期末,4,,question,B2_ECONOMICS,objective,/Users/wanglifei/Desktop/2026模拟题/2026各区期末和期中/2026海淀期中/试卷/试卷.docx,paper,included,/Users/wanglifei/Desktop/北京高考政治/reports/必修二三与必修四文化_题源分类准备_20260617_1301/03_question_index/question_candidates.csv,"{""target"": ""B2_ECONOMICS"", ""target_score"": 13, ""boundary"": ""B4_PHILOSOPHY_EXCLUDED"", ""boundary_score"": 0, ""matches"": {""B2_ECONOMICS"": ""社会保障,就业,劳动者,人力资源,boost:社会保障,boost:就业""}}",future_baodian_intake,main_matrix_original
2026_海淀_期末,2026,海淀,期末,5,,question,XB2_EXCLUDED,objective,/Users/wanglifei/Desktop/2026模拟题/2026各区期末和期中/2026海淀期中/试卷/试卷.docx,paper,module-boundary-excluded,/Users/wanglifei/Desktop/北京高考政治/reports/必修二三与必修四文化_题源分类准备_20260617_1301/03_question_index/question_candidates.csv,"{""target"": ""B4_CULTURE"", ""target_score"": 3, ""boundary"": ""XB2_EXCLUDED"", ""boundary_score"": 2, ""matches"": {""B4_CULTURE"": ""文化"", ""XB2_EXCLUDED"": ""知识产权,boost:知识产权""}, ""explicit_boundary_modules"": {""XB2_EXCLUDED"": [""知识产权""]}, ""override"": ""explicit_boundary_term""}",exclude_from_three_target_lines,main_matrix_original
2026_海淀_期末,2026,海淀,期末,6,,question,B2_ECONOMICS,objective,/Users/wanglifei/Desktop/2026模拟题/2026各区期末和期中/2026海淀期中/试卷/试卷.docx | /Users/wanglifei/Desktop/2026模拟题/2026各区期末和期中/2026海淀期末/试卷/试卷.pdf,paper,included,/Users/wanglifei/Desktop/北京高考政治/reports/必修二三与必修四文化_题源分类准备_20260617_1301/03_question_index/question_candidates.csv,"{""target"": ""B2_ECONOMICS"", ""target_score"": 7, ""boundary"": ""B4_PHILOSOPHY_EXCLUDED"", ""boundary_score"": 1, ""matches"": {""B2_ECONOMICS"": ""收入分配,就业,boost:收入分配,boost:就业"", ""B3_POLITICS_RULE_OF_LAW"": ""政府"", ""B4_PHILOSOPHY_EXCLUDED"": ""认识""}}",future_baodian_intake,main_matrix_original
2026_海淀_期末,2026,海淀,期末,7,,question,UNKNOWN_OR_MIXED,objective,/Users/wanglifei/Desktop/2026模拟题/2026各区期末和期中/2026海淀期中/试卷/试卷.docx,paper,blocked,/Users/wanglifei/Desktop/北京高考政治/reports/必修二三与必修四文化_题源分类准备_20260617_1301/03_question_index/question_candidates.csv,"{""target"": ""B3_POLITICS_RULE_OF_LAW"", ""target_score"": 3, ""boundary"": ""B4_PHILOSOPHY_EXCLUDED"", ""boundary_score"": 3, ""matches"": {""B3_POLITICS_RULE_OF_LAW"": ""中国共产党,全面从严治党,boost:中国共产党"", ""B4_CULTURE"": ""革命精神,boost:革命精神"", ""B4_PHILOSOPHY_EXCLUDED"": ""认识,人民群众,boost:人民群众""}}",manual_review_needed,main_matrix_original
2026_海淀_期末,2026,海淀,期末,8,,question,B3_POLITICS_RULE_OF_LAW,objective,/Users/wanglifei/Desktop/2026模拟题/2026各区期末和期中/2026海淀期中/试卷/试卷.docx,paper,included,/Users/wanglifei/Desktop/北京高考政治/reports/必修二三与必修四文化_题源分类准备_20260617_1301/03_question_index/question_candidates.csv,"{""target"": ""B3_POLITICS_RULE_OF_LAW"", ""target_score"": 21, ""boundary"": ""B4_PHILOSOPHY_EXCLUDED"", ""boundary_score"": 0, ""matches"": {""B2_ECONOMICS"": ""高质量发展,财政,就业,劳动者,boost:高质量发展,boost:财政,boost:就业"", ""B3_POLITICS_RULE_OF_LAW"": ""人大代表,政协,协商民主,法治国家,全国人大,全国人大常委会,人大常委会,boost:人大代表,boost:政协,boost:协商民主,boost:法治国家,boost:全国人大""}}",future_baodian_intake,main_matrix_original
2026_海淀_期末,2026,海淀,期末,9,,question,B3_POLITICS_RULE_OF_LAW,objective,/Users/wanglifei/Desktop/2026模拟题/2026各区期末和期中/2026海淀期中/试卷/试卷.docx,paper,included,/Users/wanglifei/Desktop/北京高考政治/reports/必修二三与必修四文化_题源分类准备_20260617_1301/03_question_index/question_candidates.csv,"{""target"": ""B3_POLITICS_RULE_OF_LAW"", ""target_score"": 4, ""boundary"": ""B4_PHILOSOPHY_EXCLUDED"", ""boundary_score"": 3, ""matches"": {""B3_POLITICS_RULE_OF_LAW"": ""协商民主,全过程人民民主,boost:协商民主,boost:全过程人民民主"", ""B4_PHILOSOPHY_EXCLUDED"": ""实践,人民群众,boost:人民群众""}}",future_baodian_intake,main_matrix_original
2026_石景山_一模,2026,石景山,一模,1,,question,B3_POLITICS_RULE_OF_LAW,objective,/Users/wanglifei/Desktop/2026模拟题/2026各区一模/2026石景山一模/试卷/试卷.pdf,paper,included,/Users/wanglifei/Desktop/北京高考政治/reports/必修二三与必修四文化_题源分类准备_20260617_1301/03_question_index/question_candidates.csv,"{""target"": ""B3_POLITICS_RULE_OF_LAW"", ""target_score"": 3, ""boundary"": ""B4_PHILOSOPHY_EXCLUDED"", ""boundary_score"": 1, ""matches"": {""B2_ECONOMICS"": ""经济总量,boost:经济总量"", ""B3_POLITICS_RULE_OF_LAW"": ""中国共产党,boost:中国共产党"", ""B4_PHILOSOPHY_EXCLUDED"": ""实践""}}",future_baodian_intake,main_matrix_original
2026_石景山_一模,2026,石景山,一模,10,,question,B2_ECONOMICS,objective,/Users/wanglifei/Desktop/2026模拟题/2026各区一模/2026石景山一模/试卷/试卷.pdf,paper,included,/Users/wanglifei/Desktop/北京高考政治/reports/必修二三与必修四文化_题源分类准备_20260617_1301/03_question_index/question_candidates.csv,"{""target"": ""B2_ECONOMICS"", ""target_score"": 16, ""boundary"": ""B4_PHILOSOPHY_EXCLUDED"", ""boundary_score"": 0, ""matches"": {""B2_ECONOMICS"": ""公有制,非公有制,国有经济,民营企业,新发展理念,高质量发展,供应链,市场主体,boost:公有制,boost:非公有制,boost:国有经济,boost:新发展理念""}}",future_baodian_intake,main_matrix_original
2026_石景山_一模,2026,石景山,一模,11,,question,B2_ECONOMICS,objective,/Users/wanglifei/Desktop/2026模拟题/2026各区一模/2026石景山一模/试卷/试卷.pdf,paper,included,/Users/wanglifei/Desktop/北京高考政治/reports/必修二三与必修四文化_题源分类准备_20260617_1301/03_question_index/question_candidates.csv,"{""target"": ""B2_ECONOMICS"", ""target_score"": 4, ""boundary"": ""B4_PHILOSOPHY_EXCLUDED"", ""boundary_score"": 0, ""matches"": {""B2_ECONOMICS"": ""市场机制,产业链,基础设施,boost:产业链""}}",future_baodian_intake,main_matrix_original
2026_石景山_一模,2026,石景山,一模,12,,question,XB2_EXCLUDED,objective,/Users/wanglifei/Desktop/2026模拟题/2026各区一模/2026石景山一模/试卷/试卷.pdf,paper,module-boundary-excluded,/Users/wanglifei/Desktop/北京高考政治/reports/必修二三与必修四文化_题源分类准备_20260617_1301/03_question_index/question_candidates.csv,"{""target"": ""B3_POLITICS_RULE_OF_LAW"", ""target_score"": 1, ""boundary"": ""XB2_EXCLUDED"", ""boundary_score"": 7, ""matches"": {""B3_POLITICS_RULE_OF_LAW"": ""法院"", ""XB2_EXCLUDED"": ""继承,诉讼,boost:继承,boost:诉讼""}, ""explicit_boundary_modules"": {""XB2_EXCLUDED"": [""诉讼""]}, ""override"": ""explicit_boundary_term""}",exclude_from_three_target_lines,main_matrix_original
2026_石景山_一模,2026,石景山,一模,13,,question,XB2_EXCLUDED,objective,/Users/wanglifei/Desktop/2026模拟题/2026各区一模/2026石景山一模/试卷/试卷.pdf,paper,module-boundary-excluded,/Users/wanglifei/Desktop/北京高考政治/reports/必修二三与必修四文化_题源分类准备_20260617_1301/03_question_index/question_candidates.csv,"{""target"": ""B2_ECONOMICS"", ""target_score"": 0, ""boundary"": ""XB2_EXCLUDED"", ""boundary_score"": 7, ""matches"": {""XB2_EXCLUDED"": ""民法典,物权,所有权,boost:民法典,boost:物权,boost:所有权""}, ""explicit_boundary_modules"": {""XB2_EXCLUDED"": [""民法典"", ""所有权"", ""物权""]}, ""override"": ""explicit_boundary_term""}",exclude_from_three_target_lines,main_matrix_original
2026_石景山_一模,2026,石景山,一模,14,,question,XB2_EXCLUDED,objective,/Users/wanglifei/Desktop/2026模拟题/2026各区一模/2026石景山一模/试卷/试卷.pdf,paper,module-boundary-excluded,/Users/wanglifei/Desktop/北京高考政治/reports/必修二三与必修四文化_题源分类准备_20260617_1301/03_question_index/question_candidates.csv,"{""target"": ""B2_ECONOMICS"", ""target_score"": 2, ""boundary"": ""XB2_EXCLUDED"", ""boundary_score"": 11, ""matches"": {""B2_ECONOMICS"": ""消费"", ""B3_POLITICS_RULE_OF_LAW"": ""法院"", ""B4_PHILOSOPHY_EXCLUDED"": ""认识"", ""XB2_EXCLUDED"": ""合同,诉讼,消费者权益,民事,民事行为能力,boost:合同,boost:诉讼,boost:消费者权益,boost:民事,boost:民事行为能力""}, ""explicit_boundary_modules"": {""XB2_EXCLUDED"": [""合同"", ""诉讼"", ""民事""]}, ""override"": ""explicit_boundary_term""}",exclude_from_three_target_lines,main_matrix_original
2026_石景山_一模,2026,石景山,一模,15,,question,XB1_EXCLUDED,objective,/Users/wanglifei/Desktop/2026模拟题/2026各区一模/2026石景山一模/试卷/试卷.pdf,paper,module-boundary-excluded,/Users/wanglifei/Desktop/北京高考政治/reports/必修二三与必修四文化_题源分类准备_20260617_1301/03_question_index/question_candidates.csv,"{""target"": ""B2_ECONOMICS"", ""target_score"": 0, ""boundary"": ""XB1_EXCLUDED"", ""boundary_score"": 2, ""matches"": {""XB1_EXCLUDED"": ""经济全球化,boost:经济全球化""}, ""explicit_boundary_modules"": {""XB1_EXCLUDED"": [""经济全球化""]}, ""override"": ""explicit_boundary_term""}",exclude_from_three_target_lines,main_matrix_original
2026_石景山_一模,2026,石景山,一模,16,,question,B2_ECONOMICS,subjective,/Users/wanglifei/Desktop/2026模拟题/2026各区一模/2026石景山一模/试卷/试卷.pdf,paper,included,/Users/wanglifei/Desktop/北京高考政治/reports/必修二三与必修四文化_题源分类准备_20260617_1301/03_question_index/question_candidates.csv,"{""target"": ""B2_ECONOMICS"", ""target_score"": 19, ""boundary"": ""B4_PHILOSOPHY_EXCLUDED"", ""boundary_score"": 0, ""matches"": {""B2_ECONOMICS"": ""经济与社会,新质生产力,消费,基础设施,boost:经济与社会,boost:新质生产力"", ""B4_CULTURE"": ""文旅,boost:文旅""}}",future_baodian_intake,main_matrix_original
2026_石景山_一模,2026,石景山,一模,17,,question,XB3_EXCLUDED,subjective,/Users/wanglifei/Desktop/2026模拟题/2026各区一模/2026石景山一模/试卷/试卷.pdf,paper,module-boundary-excluded,/Users/wanglifei/Desktop/北京高考政治/reports/必修二三与必修四文化_题源分类准备_20260617_1301/03_question_index/question_candidates.csv,"{""target"": ""B4_CULTURE"", ""target_score"": 28, ""boundary"": ""B4_PHILOSOPHY_EXCLUDED"", ""boundary_score"": 9, ""matches"": {""B4_CULTURE"": ""文化,中华优秀传统文化,优秀传统文化,传统文化,文化传承,文创,boost:中华优秀传统文化,boost:优秀传统文化,boost:传统文化,boost:文化传承,boost:文创"", ""B4_PHILOSOPHY_EXCLUDED"": ""实践,发展的观点,事物发展,矛盾,boost:发展的观点,boost:矛盾"", ""XB3_EXCLUDED"": ""创新思维,超前思维,发散思维,联想思维,boost:创新思维,boost:超前思维,boost:发散思维,boost:联想思维""}, ""explicit_boundary_modules"": {""XB3_EXCLUDED"": [""创新思维"", ""超前思维""]}, ""override"": ""explicit_boundary_term""}",exclude_from_three_target_lines,main_matrix_original
2026_石景山_一模,2026,石景山,一模,18,,question,XB2_EXCLUDED,subjective,/Users/wanglifei/Desktop/2026模拟题/2026各区一模/2026石景山一模/试卷/试卷.pdf,paper,module-boundary-excluded,/Users/wanglifei/Desktop/北京高考政治/reports/必修二三与必修四文化_题源分类准备_20260617_1301/03_question_index/question_candidates.csv,"{""target"": ""B3_POLITICS_RULE_OF_LAW"", ""target_score"": 12, ""boundary"": ""XB2_EXCLUDED"", ""boundary_score"": 34, ""matches"": {""B3_POLITICS_RULE_OF_LAW"": ""依法行政,行政机关,政府,检察,法院,boost:依法行政"", ""XB2_EXCLUDED"": ""侵权,诉讼,举证,民事,民事诉讼,侵权责任,赔偿,boost:侵权,boost:诉讼,boost:举证,boost:民事,boost:民事诉讼""}, ""explicit_boundary_modules"": {""XB2_EXCLUDED"": [""侵权"", ""诉讼"", ""民事""]}, ""override"": ""explicit_boundary_term""}",exclude_from_three_target_lines,main_matrix_original
2026_石景山_一模,2026,石景山,一模,19,,question,UNKNOWN_OR_MIXED,subjective,/Users/wanglifei/Desktop/2026模拟题/2026各区一模/2026石景山一模/试卷/试卷.pdf,paper,blocked,/Users/wanglifei/Desktop/北京高考政治/reports/必修二三与必修四文化_题源分类准备_20260617_1301/03_question_index/question_candidates.csv,"{""target"": ""B3_POLITICS_RULE_OF_LAW"", ""target_score"": 2, ""boundary"": ""B4_PHILOSOPHY_EXCLUDED"", ""boundary_score"": 2, ""matches"": {""B2_ECONOMICS"": ""市场主体"", ""B3_POLITICS_RULE_OF_LAW"": ""政治与法治,boost:政治与法治"", ""B4_PHILOSOPHY_EXCLUDED"": ""人民群众,boost:人民群众""}}",manual_review_needed,main_matrix_original
2026_石景山_一模,2026,石景山,一模,2,,question,B4_PHILOSOPHY_EXCLUDED,objective,/Users/wanglifei/Desktop/2026模拟题/2026各区一模/2026石景山一模/试卷/试卷.pdf,paper,module-boundary-excluded,/Users/wanglifei/Desktop/北京高考政治/reports/必修二三与必修四文化_题源分类准备_20260617_1301/03_question_index/question_candidates.csv,"{""target"": ""B4_CULTURE"", ""target_score"": 3, ""boundary"": ""B4_PHILOSOPHY_EXCLUDED"", ""boundary_score"": 4, ""matches"": {""B2_ECONOMICS"": ""消费"", ""B4_CULTURE"": ""文化,文旅,boost:文旅"", ""B4_PHILOSOPHY_EXCLUDED"": ""系统优化,矛盾,boost:系统优化,boost:矛盾"", ""XB3_EXCLUDED"": ""辩证思维,boost:辩证思维""}, ""explicit_boundary_modules"": {""XB3_EXCLUDED"": [""辩证思维""], ""B4_PHILOSOPHY_EXCLUDED"": [""系统优化""]}, ""override"": ""explicit_boundary_term""}",exclude_from_three_target_lines,main_matrix_original
2026_石景山_一模,2026,石景山,一模,20,,question,XB1_EXCLUDED,subjective,/Users/wanglifei/Desktop/2026模拟题/2026各区一模/2026石景山一模/试卷/试卷.pdf,paper,module-boundary-excluded,/Users/wanglifei/Desktop/北京高考政治/reports/必修二三与必修四文化_题源分类准备_20260617_1301/03_question_index/question_candidates.csv,"{""target"": ""B2_ECONOMICS"", ""target_score"": 11, ""boundary"": ""XB1_EXCLUDED"", ""boundary_score"": 4, ""matches"": {""B2_ECONOMICS"": ""高质量发展,产业链,供应链,boost:高质量发展,boost:产业链,boost:供应链"", ""XB1_EXCLUDED"": ""当代国际政治与经济,经济全球化,boost:当代国际政治与经济,boost:经济全球化""}, ""explicit_boundary_modules"": {""XB1_EXCLUDED"": [""当代国际政治与经济"", ""经济全球化""]}, ""override"": ""explicit_boundary_term""}",exclude_from_three_target_lines,main_matrix_original
2026_石景山_一模,2026,石景山,一模,21,,question,B3_POLITICS_RULE_OF_LAW,subjective,/Users/wanglifei/Desktop/2026模拟题/2026各区一模/2026石景山一模/试卷/试卷.pdf,paper,included,/Users/wanglifei/Desktop/北京高考政治/reports/必修二三与必修四文化_题源分类准备_20260617_1301/03_question_index/question_candidates.csv,"{""target"": ""B3_POLITICS_RULE_OF_LAW"", ""target_score"": 3, ""boundary"": ""B4_PHILOSOPHY_EXCLUDED"", ""boundary_score"": 2, ""matches"": {""B2_ECONOMICS"": ""市场主体"", ""B3_POLITICS_RULE_OF_LAW"": ""政府,全国人大,boost:全国人大"", ""B4_PHILOSOPHY_EXCLUDED"": ""矛盾,boost:矛盾""}}",future_baodian_intake,main_matrix_original
2026_石景山_一模,2026,石景山,一模,3,,question,UNKNOWN_OR_MIXED,objective,/Users/wanglifei/Desktop/2026模拟题/2026各区一模/2026石景山一模/试卷/试卷.pdf,paper,blocked,/Users/wanglifei/Desktop/北京高考政治/reports/必修二三与必修四文化_题源分类准备_20260617_1301/03_question_index/question_candidates.csv,"{""target"": ""B2_ECONOMICS"", ""target_score"": 0, ""boundary"": ""B4_PHILOSOPHY_EXCLUDED"", ""boundary_score"": 1, ""matches"": {""B4_PHILOSOPHY_EXCLUDED"": ""主观能动性""}}",manual_review_needed,main_matrix_original
2026_石景山_一模,2026,石景山,一模,4,,question,UNKNOWN_OR_MIXED,objective,/Users/wanglifei/Desktop/2026模拟题/2026各区一模/2026石景山一模/试卷/试卷.pdf,paper,blocked,/Users/wanglifei/Desktop/北京高考政治/reports/必修二三与必修四文化_题源分类准备_20260617_1301/03_question_index/question_candidates.csv,"{""target"": ""B4_CULTURE"", ""target_score"": 2, ""boundary"": ""XB2_EXCLUDED"", ""boundary_score"": 2, ""matches"": {""B4_CULTURE"": ""文化"", ""XB2_EXCLUDED"": ""继承,boost:继承""}}",manual_review_needed,main_matrix_original
2026_石景山_一模,2026,石景山,一模,5,,question,XB3_EXCLUDED,objective,/Users/wanglifei/Desktop/2026模拟题/2026各区一模/2026石景山一模/试卷/试卷.pdf,paper,module-boundary-excluded,/Users/wanglifei/Desktop/北京高考政治/reports/必修二三与必修四文化_题源分类准备_20260617_1301/03_question_index/question_candidates.csv,"{""target"": ""B4_CULTURE"", ""target_score"": 32, ""boundary"": ""B4_PHILOSOPHY_EXCLUDED"", ""boundary_score"": 4, ""matches"": {""B4_CULTURE"": ""文化,中华优秀传统文化,优秀传统文化,传统文化,文化遗产,文物,boost:中华优秀传统文化,boost:优秀传统文化,boost:传统文化,boost:文化遗产,boost:文物"", ""B4_PHILOSOPHY_EXCLUDED"": ""实践,矛盾,boost:矛盾"", ""XB3_EXCLUDED"": ""推理,概念外延,boost:推理,boost:概念外延""}, ""explicit_boundary_modules"": {""XB3_EXCLUDED"": [""推理"", ""概念外延""]}, ""override"": ""explicit_boundary_term""}",exclude_from_three_target_lines,main_matrix_original
2026_石景山_一模,2026,石景山,一模,6,,question,UNKNOWN_OR_MIXED,objective,/Users/wanglifei/Desktop/2026模拟题/2026各区一模/2026石景山一模/试卷/试卷.pdf,paper,blocked,/Users/wanglifei/Desktop/北京高考政治/reports/必修二三与必修四文化_题源分类准备_20260617_1301/03_question_index/question_candidates.csv,"{""target"": ""B2_ECONOMICS"", ""target_score"": 0, ""boundary"": ""B4_PHILOSOPHY_EXCLUDED"", ""boundary_score"": 0, ""matches"": {}}",manual_review_needed,main_matrix_original
2026_石景山_一模,2026,石景山,一模,7,,question,XB3_EXCLUDED,objective,/Users/wanglifei/Desktop/2026模拟题/2026各区一模/2026石景山一模/试卷/试卷.pdf,paper,module-boundary-excluded,/Users/wanglifei/Desktop/北京高考政治/reports/必修二三与必修四文化_题源分类准备_20260617_1301/03_question_index/question_candidates.csv,"{""target"": ""B2_ECONOMICS"", ""target_score"": 0, ""boundary"": ""XB3_EXCLUDED"", ""boundary_score"": 11, ""matches"": {""XB3_EXCLUDED"": ""辩证思维,推理,假言判断,归纳推理,必要条件,boost:辩证思维,boost:推理,boost:假言判断,boost:归纳推理,boost:必要条件""}, ""explicit_boundary_modules"": {""XB3_EXCLUDED"": [""辩证思维"", ""推理"", ""假言"", ""必要条件""]}, ""override"": ""explicit_boundary_term""}",exclude_from_three_target_lines,main_matrix_original
2026_石景山_一模,2026,石景山,一模,8,,question,B3_POLITICS_RULE_OF_LAW,objective,/Users/wanglifei/Desktop/2026模拟题/2026各区一模/2026石景山一模/试卷/试卷.pdf,paper,included,/Users/wanglifei/Desktop/北京高考政治/reports/必修二三与必修四文化_题源分类准备_20260617_1301/03_question_index/question_candidates.csv,"{""target"": ""B3_POLITICS_RULE_OF_LAW"", ""target_score"": 7, ""boundary"": ""B4_PHILOSOPHY_EXCLUDED"", ""boundary_score"": 0, ""matches"": {""B2_ECONOMICS"": ""消费"", ""B3_POLITICS_RULE_OF_LAW"": ""人大代表,政府,全国人大,boost:人大代表,boost:全国人大""}}",future_baodian_intake,main_matrix_original
2026_石景山_一模,2026,石景山,一模,9,,question,XB2_EXCLUDED,objective,/Users/wanglifei/Desktop/2026模拟题/2026各区一模/2026石景山一模/试卷/试卷.pdf,paper,module-boundary-excluded,/Users/wanglifei/Desktop/北京高考政治/reports/必修二三与必修四文化_题源分类准备_20260617_1301/03_question_index/question_candidates.csv,"{""target"": ""B3_POLITICS_RULE_OF_LAW"", ""target_score"": 13, ""boundary"": ""B4_PHILOSOPHY_EXCLUDED"", ""boundary_score"": 2, ""matches"": {""B3_POLITICS_RULE_OF_LAW"": ""政协,检察,社会治理,人民政协,boost:政协,boost:人民政协"", ""B4_PHILOSOPHY_EXCLUDED"": ""矛盾,boost:矛盾"", ""XB2_EXCLUDED"": ""诉讼,boost:诉讼""}, ""explicit_boundary_modules"": {""XB2_EXCLUDED"": [""诉讼""]}, ""override"": ""explicit_boundary_term""}",exclude_from_three_target_lines,main_matrix_original
2026_石景山_二模,2026,石景山,二模,1,,question,B3_POLITICS_RULE_OF_LAW,objective,/Users/wanglifei/Desktop/2026模拟题/2026各区二模/2026石景山二模/试卷/2026北京石景山高三二模政治（教师版）.docx,paper,included,/Users/wanglifei/Desktop/北京高考政治/reports/必修二三与必修四文化_题源分类准备_20260617_1301/03_question_index/question_candidates.csv,"{""target"": ""B3_POLITICS_RULE_OF_LAW"", ""target_score"": 2, ""boundary"": ""B4_PHILOSOPHY_EXCLUDED"", ""boundary_score"": 1, ""matches"": {""B3_POLITICS_RULE_OF_LAW"": ""全国人大,boost:全国人大"", ""B4_PHILOSOPHY_EXCLUDED"": ""事物发展""}}",future_baodian_intake,main_matrix_original
2026_石景山_二模,2026,石景山,二模,10,,question,XB2_EXCLUDED,objective,/Users/wanglifei/Desktop/2026模拟题/2026各区二模/2026石景山二模/试卷/2026北京石景山高三二模政治（教师版）.docx,paper,module-boundary-excluded,/Users/wanglifei/Desktop/北京高考政治/reports/必修二三与必修四文化_题源分类准备_20260617_1301/03_question_index/question_candidates.csv,"{""target"": ""B3_POLITICS_RULE_OF_LAW"", ""target_score"": 1, ""boundary"": ""XB2_EXCLUDED"", ""boundary_score"": 8, ""matches"": {""B3_POLITICS_RULE_OF_LAW"": ""法院"", ""XB2_EXCLUDED"": ""侵权,诉讼,调解,侵权责任,boost:侵权,boost:诉讼,boost:调解,boost:侵权责任""}, ""explicit_boundary_modules"": {""XB2_EXCLUDED"": [""侵权"", ""诉讼""]}, ""override"": ""explicit_boundary_term""}",exclude_from_three_target_lines,main_matrix_original
2026_石景山_二模,2026,石景山,二模,11,,question,XB2_EXCLUDED,objective,/Users/wanglifei/Desktop/2026模拟题/2026各区二模/2026石景山二模/试卷/2026北京石景山高三二模政治（教师版）.docx,paper,module-boundary-excluded,/Users/wanglifei/Desktop/北京高考政治/reports/必修二三与必修四文化_题源分类准备_20260617_1301/03_question_index/question_candidates.csv,"{""target"": ""B2_ECONOMICS"", ""target_score"": 3, ""boundary"": ""XB2_EXCLUDED"", ""boundary_score"": 10, ""matches"": {""B2_ECONOMICS"": ""就业,劳动者,boost:就业"", ""XB2_EXCLUDED"": ""合同,劳动合同,劳动关系,仲裁,boost:合同,boost:劳动合同,boost:劳动关系,boost:仲裁""}, ""explicit_boundary_modules"": {""XB2_EXCLUDED"": [""合同"", ""劳动合同""]}, ""override"": ""explicit_boundary_term""}",exclude_from_three_target_lines,main_matrix_original
2026_石景山_二模,2026,石景山,二模,12,,question,XB2_EXCLUDED,objective,/Users/wanglifei/Desktop/2026模拟题/2026各区二模/2026石景山二模/试卷/2026北京石景山高三二模政治（教师版）.docx,paper,module-boundary-excluded,/Users/wanglifei/Desktop/北京高考政治/reports/必修二三与必修四文化_题源分类准备_20260617_1301/03_question_index/question_candidates.csv,"{""target"": ""B4_CULTURE"", ""target_score"": 3, ""boundary"": ""XB2_EXCLUDED"", ""boundary_score"": 9, ""matches"": {""B3_POLITICS_RULE_OF_LAW"": ""法院"", ""B4_CULTURE"": ""文化,文化遗产,boost:文化遗产"", ""B4_PHILOSOPHY_EXCLUDED"": ""认识"", ""XB2_EXCLUDED"": ""侵权,民事,侵权责任,赔偿,boost:侵权,boost:民事,boost:侵权责任""}, ""explicit_boundary_modules"": {""XB2_EXCLUDED"": [""侵权"", ""民事""]}, ""override"": ""explicit_boundary_term""}",exclude_from_three_target_lines,main_matrix_original
2026_石景山_二模,2026,石景山,二模,13,,question,B2_ECONOMICS,objective,/Users/wanglifei/Desktop/2026模拟题/2026各区二模/2026石景山二模/试卷/2026北京石景山高三二模政治（教师版）.docx,paper,included,/Users/wanglifei/Desktop/北京高考政治/reports/必修二三与必修四文化_题源分类准备_20260617_1301/03_question_index/question_candidates.csv,"{""target"": ""B2_ECONOMICS"", ""target_score"": 4, ""boundary"": ""B4_PHILOSOPHY_EXCLUDED"", ""boundary_score"": 0, ""matches"": {""B2_ECONOMICS"": ""社会保障,社会救助,boost:社会保障,boost:社会救助"", ""B3_POLITICS_RULE_OF_LAW"": ""政府""}}",future_baodian_intake,main_matrix_original
2026_石景山_二模,2026,石景山,二模,14,,question,B2_ECONOMICS,objective,/Users/wanglifei/Desktop/2026模拟题/2026各区二模/2026石景山二模/试卷/2026北京石景山高三二模政治（教师版）.docx,paper,included,/Users/wanglifei/Desktop/北京高考政治/reports/必修二三与必修四文化_题源分类准备_20260617_1301/03_question_index/question_candidates.csv,"{""target"": ""B2_ECONOMICS"", ""target_score"": 5, ""boundary"": ""B4_PHILOSOPHY_EXCLUDED"", ""boundary_score"": 0, ""matches"": {""B2_ECONOMICS"": ""消费,产业链,boost:产业链"", ""B3_POLITICS_RULE_OF_LAW"": ""政府""}}",future_baodian_intake,main_matrix_original
2026_石景山_二模,2026,石景山,二模,15,,question,XB1_EXCLUDED,objective,/Users/wanglifei/Desktop/2026模拟题/2026各区二模/2026石景山二模/试卷/2026北京石景山高三二模政治（教师版）.docx,paper,module-boundary-excluded,/Users/wanglifei/Desktop/北京高考政治/reports/必修二三与必修四文化_题源分类准备_20260617_1301/03_question_index/question_candidates.csv,"{""target"": ""B2_ECONOMICS"", ""target_score"": 3, ""boundary"": ""XB1_EXCLUDED"", ""boundary_score"": 6, ""matches"": {""B2_ECONOMICS"": ""供应链,boost:供应链"", ""XB1_EXCLUDED"": ""经济全球化,国际组织,国际贸易,boost:经济全球化,boost:国际组织,boost:国际贸易""}, ""explicit_boundary_modules"": {""XB1_EXCLUDED"": [""经济全球化"", ""国际组织""]}, ""override"": ""explicit_boundary_term""}",exclude_from_three_target_lines,main_matrix_original
2026_石景山_二模,2026,石景山,二模,16,,question,B2_ECONOMICS,subjective,/Users/wanglifei/Desktop/2026模拟题/2026各区二模/2026石景山二模/试卷/2026北京石景山高三二模政治（教师版）.docx,paper,included,/Users/wanglifei/Desktop/北京高考政治/reports/必修二三与必修四文化_题源分类准备_20260617_1301/03_question_index/question_candidates.csv,"{""target"": ""B2_ECONOMICS"", ""target_score"": 7, ""boundary"": ""B4_PHILOSOPHY_EXCLUDED"", ""boundary_score"": 0, ""matches"": {""B2_ECONOMICS"": ""经济与社会,新发展理念,高质量发展,供给侧,boost:经济与社会,boost:新发展理念,boost:高质量发展""}}",future_baodian_intake,main_matrix_original
2026_石景山_二模,2026,石景山,二模,17(1),17,subquestion,B3_POLITICS_RULE_OF_LAW,subjective,/Users/wanglifei/Desktop/2026模拟题/2026各区二模/2026石景山二模/试卷/2026北京石景山高三二模政治（教师版）.docx,paper,included,04_module_classification/subquestion_split_matrix.csv,"{""target"": ""B3_POLITICS_RULE_OF_LAW"", ""target_score"": 2, ""boundary"": ""B4_PHILOSOPHY_EXCLUDED"", ""boundary_score"": 0, ""matches"": {""B3_POLITICS_RULE_OF_LAW"": ""政治与法治,boost:政治与法治""}}",future_baodian_intake,subquestion_integrated_target
2026_石景山_二模,2026,石景山,二模,17(2),17,subquestion,XB3_EXCLUDED,subjective,/Users/wanglifei/Desktop/2026模拟题/2026各区二模/2026石景山二模/试卷/2026北京石景山高三二模政治（教师版）.docx,paper,module-boundary-excluded,04_module_classification/subquestion_split_matrix.csv,"{""target"": ""B2_ECONOMICS"", ""target_score"": 0, ""boundary"": ""XB3_EXCLUDED"", ""boundary_score"": 4, ""matches"": {""XB3_EXCLUDED"": ""逻辑与思维,辩证思维,boost:逻辑与思维,boost:辩证思维""}, ""explicit_boundary_modules"": {""XB3_EXCLUDED"": [""逻辑与思维"", ""辩证思维""]}, ""override"": ""explicit_boundary_term""}",exclude_from_three_target_lines,subquestion_integrated_boundary
2026_石景山_二模,2026,石景山,二模,17(3),17,subquestion,B4_PHILOSOPHY_EXCLUDED,subjective,/Users/wanglifei/Desktop/2026模拟题/2026各区二模/2026石景山二模/试卷/2026北京石景山高三二模政治（教师版）.docx,paper,module-boundary-excluded,04_module_classification/subquestion_split_matrix.csv,"{""override"": ""prompt_router"", ""prompt_terms"": [""哲学""], ""classification_text"": ""(3)从哲学角度,分析“良法”和“善治”的关联。(7分)"", ""base_decision"": ""{\""target\"": \""B2_ECONOMICS\"", \""target_score\"": 0, \""boundary\"": \""B4_PHILOSOPHY_EXCLUDED\"", \""boundary_score\"": 0, \""matches\"": {}}""}",exclude_from_three_target_lines,subquestion_integrated_boundary
2026_石景山_二模,2026,石景山,二模,18,,question,XB1_EXCLUDED,subjective,/Users/wanglifei/Desktop/2026模拟题/2026各区二模/2026石景山二模/试卷/2026北京石景山高三二模政治（教师版）.docx,paper,module-boundary-excluded,/Users/wanglifei/Desktop/北京高考政治/reports/必修二三与必修四文化_题源分类准备_20260617_1301/03_question_index/question_candidates.csv,"{""target"": ""B2_ECONOMICS"", ""target_score"": 3, ""boundary"": ""XB1_EXCLUDED"", ""boundary_score"": 11, ""matches"": {""B2_ECONOMICS"": ""数字经济,基础设施,boost:数字经济"", ""B4_PHILOSOPHY_EXCLUDED"": ""认识"", ""XB1_EXCLUDED"": ""当代国际政治与经济,国际关系,国家利益,经济全球化,人类命运共同体,boost:当代国际政治与经济,boost:国际关系,boost:国家利益,boost:经济全球化,boost:人类命运共同体"", ""XB2_EXCLUDED"": ""民法典,人格权,健康权,boost:民法典,boost:人格权,boost:健康权""}, ""explicit_boundary_modules"": {""XB1_EXCLUDED"": [""当代国际政治与经济"", ""经济全球化"", ""国际关系"", ""国家利益"", ""人类命运共同体""], ""XB2_EXCLUDED"": [""民法典"", ""人格权""]}, ""override"": ""explicit_boundary_term""}",exclude_from_three_target_lines,main_matrix_original
2026_石景山_二模,2026,石景山,二模,19,,question,XB2_EXCLUDED,subjective,/Users/wanglifei/Desktop/2026模拟题/2026各区二模/2026石景山二模/试卷/2026北京石景山高三二模政治（教师版）.docx,paper,module-boundary-excluded,/Users/wanglifei/Desktop/北京高考政治/reports/必修二三与必修四文化_题源分类准备_20260617_1301/03_question_index/question_candidates.csv,"{""target"": ""B2_ECONOMICS"", ""target_score"": 0, ""boundary"": ""B4_PHILOSOPHY_EXCLUDED"", ""boundary_score"": 2, ""matches"": {""B4_PHILOSOPHY_EXCLUDED"": ""实践,认识"", ""XB2_EXCLUDED"": ""法律与生活,boost:法律与生活""}, ""explicit_boundary_modules"": {""XB2_EXCLUDED"": [""法律与生活""]}, ""override"": ""explicit_boundary_term""}",exclude_from_three_target_lines,main_matrix_original
2026_石景山_二模,2026,石景山,二模,2,,question,B4_PHILOSOPHY_EXCLUDED,objective,/Users/wanglifei/Desktop/2026模拟题/2026各区二模/2026石景山二模/试卷/2026北京石景山高三二模政治（教师版）.docx,paper,module-boundary-excluded,/Users/wanglifei/Desktop/北京高考政治/reports/必修二三与必修四文化_题源分类准备_20260617_1301/03_question_index/question_candidates.csv,"{""target"": ""B4_CULTURE"", ""target_score"": 6, ""boundary"": ""B4_PHILOSOPHY_EXCLUDED"", ""boundary_score"": 2, ""matches"": {""B4_CULTURE"": ""民族精神,爱国主义,非遗,boost:民族精神,boost:爱国主义,boost:非遗"", ""B4_PHILOSOPHY_EXCLUDED"": ""辩证否定,boost:辩证否定""}, ""explicit_boundary_modules"": {""B4_PHILOSOPHY_EXCLUDED"": [""辩证否定""]}, ""override"": ""explicit_boundary_term""}",exclude_from_three_target_lines,main_matrix_original
2026_石景山_二模,2026,石景山,二模,20,,question,B4_CULTURE,subjective,/Users/wanglifei/Desktop/2026模拟题/2026各区二模/2026石景山二模/试卷/2026北京石景山高三二模政治（教师版）.docx,paper,included,/Users/wanglifei/Desktop/北京高考政治/reports/必修二三与必修四文化_题源分类准备_20260617_1301/03_question_index/question_candidates.csv,"{""target"": ""B4_CULTURE"", ""target_score"": 26, ""boundary"": ""B1_EXCLUDED"", ""boundary_score"": 1, ""matches"": {""B2_ECONOMICS"": ""市场经济,高质量发展,消费,boost:市场经济,boost:高质量发展"", ""B4_CULTURE"": ""文化,文化强国,文化遗产,博物馆,中轴线,文旅,文化产业,文物,boost:文化强国,boost:文化遗产,boost:博物馆,boost:中轴线"", ""B1_EXCLUDED"": ""改革开放""}}",future_baodian_intake,main_matrix_original
2026_石景山_二模,2026,石景山,二模,3,,question,UNKNOWN_OR_MIXED,objective,/Users/wanglifei/Desktop/2026模拟题/2026各区二模/2026石景山二模/试卷/2026北京石景山高三二模政治（教师版）.docx,paper,blocked,/Users/wanglifei/Desktop/北京高考政治/reports/必修二三与必修四文化_题源分类准备_20260617_1301/03_question_index/question_candidates.csv,"{""target"": ""B2_ECONOMICS"", ""target_score"": 0, ""boundary"": ""B4_PHILOSOPHY_EXCLUDED"", ""boundary_score"": 1, ""matches"": {""B4_PHILOSOPHY_EXCLUDED"": ""事物发展""}}",manual_review_needed,main_matrix_original
2026_石景山_二模,2026,石景山,二模,4,,question,B4_CULTURE,objective,/Users/wanglifei/Desktop/2026模拟题/2026各区二模/2026石景山二模/试卷/2026北京石景山高三二模政治（教师版）.docx,paper,included,/Users/wanglifei/Desktop/北京高考政治/reports/必修二三与必修四文化_题源分类准备_20260617_1301/03_question_index/question_candidates.csv,"{""target"": ""B4_CULTURE"", ""target_score"": 2, ""boundary"": ""B4_PHILOSOPHY_EXCLUDED"", ""boundary_score"": 0, ""matches"": {""B4_CULTURE"": ""文化""}}",future_baodian_intake,main_matrix_original
2026_石景山_二模,2026,石景山,二模,5,,question,XB3_EXCLUDED,objective,/Users/wanglifei/Desktop/2026模拟题/2026各区二模/2026石景山二模/试卷/2026北京石景山高三二模政治（教师版）.docx,paper,module-boundary-excluded,/Users/wanglifei/Desktop/北京高考政治/reports/必修二三与必修四文化_题源分类准备_20260617_1301/03_question_index/question_candidates.csv,"{""target"": ""B2_ECONOMICS"", ""target_score"": 0, ""boundary"": ""XB3_EXCLUDED"", ""boundary_score"": 6, ""matches"": {""B4_PHILOSOPHY_EXCLUDED"": ""事物发展"", ""XB3_EXCLUDED"": ""科学思维,辩证思维,创新思维,boost:科学思维,boost:辩证思维,boost:创新思维""}, ""explicit_boundary_modules"": {""XB3_EXCLUDED"": [""科学思维"", ""辩证思维"", ""创新思维""]}, ""override"": ""explicit_boundary_term""}",exclude_from_three_target_lines,main_matrix_original
2026_石景山_二模,2026,石景山,二模,6,,question,XB3_EXCLUDED,objective,/Users/wanglifei/Desktop/2026模拟题/2026各区二模/2026石景山二模/试卷/2026北京石景山高三二模政治（教师版）.docx,paper,module-boundary-excluded,/Users/wanglifei/Desktop/北京高考政治/reports/必修二三与必修四文化_题源分类准备_20260617_1301/03_question_index/question_candidates.csv,"{""target"": ""B2_ECONOMICS"", ""target_score"": 0, ""boundary"": ""XB3_EXCLUDED"", ""boundary_score"": 4, ""matches"": {""B4_PHILOSOPHY_EXCLUDED"": ""认识"", ""XB3_EXCLUDED"": ""想象,推理,boost:想象,boost:推理""}, ""explicit_boundary_modules"": {""XB3_EXCLUDED"": [""推理"", ""想象""]}, ""override"": ""explicit_boundary_term""}",exclude_from_three_target_lines,main_matrix_original
2026_石景山_二模,2026,石景山,二模,7,,question,XB2_EXCLUDED,objective,/Users/wanglifei/Desktop/2026模拟题/2026各区二模/2026石景山二模/试卷/2026北京石景山高三二模政治（教师版）.docx,paper,module-boundary-excluded,/Users/wanglifei/Desktop/北京高考政治/reports/必修二三与必修四文化_题源分类准备_20260617_1301/03_question_index/question_candidates.csv,"{""target"": ""B2_ECONOMICS"", ""target_score"": 2, ""boundary"": ""B4_PHILOSOPHY_EXCLUDED"", ""boundary_score"": 2, ""matches"": {""B2_ECONOMICS"": ""消费"", ""B4_PHILOSOPHY_EXCLUDED"": ""矛盾,boost:矛盾"", ""XB2_EXCLUDED"": ""合同,boost:合同""}, ""explicit_boundary_modules"": {""XB2_EXCLUDED"": [""合同""]}, ""override"": ""explicit_boundary_term""}",exclude_from_three_target_lines,main_matrix_original
2026_石景山_二模,2026,石景山,二模,8,,question,B3_POLITICS_RULE_OF_LAW,objective,/Users/wanglifei/Desktop/2026模拟题/2026各区二模/2026石景山二模/试卷/2026北京石景山高三二模政治（教师版）.docx,paper,included,/Users/wanglifei/Desktop/北京高考政治/reports/必修二三与必修四文化_题源分类准备_20260617_1301/03_question_index/question_candidates.csv,"{""target"": ""B3_POLITICS_RULE_OF_LAW"", ""target_score"": 5, ""boundary"": ""B4_PHILOSOPHY_EXCLUDED"", ""boundary_score"": 2, ""matches"": {""B3_POLITICS_RULE_OF_LAW"": ""居民自治,政府,社区治理"", ""B4_PHILOSOPHY_EXCLUDED"": ""矛盾,boost:矛盾"", ""XB2_EXCLUDED"": ""调解,boost:调解""}}",future_baodian_intake,main_matrix_original
2026_石景山_二模,2026,石景山,二模,9,,question,B4_PHILOSOPHY_EXCLUDED,objective,/Users/wanglifei/Desktop/2026模拟题/2026各区二模/2026石景山二模/试卷/2026北京石景山高三二模政治（教师版）.docx,paper,module-boundary-excluded,/Users/wanglifei/Desktop/北京高考政治/reports/必修二三与必修四文化_题源分类准备_20260617_1301/03_question_index/question_candidates.csv,"{""target"": ""B2_ECONOMICS"", ""target_score"": 0, ""boundary"": ""B4_PHILOSOPHY_EXCLUDED"", ""boundary_score"": 2, ""matches"": {""B4_PHILOSOPHY_EXCLUDED"": ""实践""}}",exclude_from_three_target_lines,main_matrix_original
2026_石景山_期末,2026,石景山,期末,SUITE_BLOCKER,,suite,EXCLUDED_BY_HARD_RULE,unknown,/Users/wanglifei/GaokaoPolitics/2026各区模拟题/2026各区期末和期中/2026石景山期末/2026北京石景山高三（上）期末政治.pdf | /Users/wanglifei/Desktop/2026模拟题/已放弃/2026石景山期末/其他材料/答案及评分参考.pdf,"paper,reference-answer",module-boundary-excluded,/Users/wanglifei/Desktop/北京高考政治/reports/必修二三与必修四文化_题源分类准备_20260617_1301/01_source_inventory/source_inventory.csv,"{""reason"": ""2026石景山期末 hard-rule exclusion"", ""source_types"": [""paper"", ""reference-answer""]}",do_not_process_without_new_user_provided_rubric,main_matrix_original
2026_西城_一模,2026,西城,一模,1,,question,B4_PHILOSOPHY_EXCLUDED,objective,/Users/wanglifei/Desktop/2026模拟题/2026各区一模/2026西城一模/试卷/试卷.docx,paper,module-boundary-excluded,/Users/wanglifei/Desktop/北京高考政治/reports/必修二三与必修四文化_题源分类准备_20260617_1301/03_question_index/question_candidates.csv,"{""target"": ""B2_ECONOMICS"", ""target_score"": 0, ""boundary"": ""B4_PHILOSOPHY_EXCLUDED"", ""boundary_score"": 2, ""matches"": {""B4_PHILOSOPHY_EXCLUDED"": ""矛盾,boost:矛盾""}}",exclude_from_three_target_lines,main_matrix_original
2026_西城_一模,2026,西城,一模,10,,question,UNKNOWN_OR_MIXED,objective,/Users/wanglifei/Desktop/2026模拟题/2026各区一模/2026西城一模/试卷/试卷.docx,paper,blocked,/Users/wanglifei/Desktop/北京高考政治/reports/必修二三与必修四文化_题源分类准备_20260617_1301/03_question_index/question_candidates.csv,"{""target"": ""B2_ECONOMICS"", ""target_score"": 0, ""boundary"": ""B4_PHILOSOPHY_EXCLUDED"", ""boundary_score"": 0, ""matches"": {}}",manual_review_needed,main_matrix_original
2026_西城_一模,2026,西城,一模,11,,question,B2_ECONOMICS,objective,/Users/wanglifei/Desktop/2026模拟题/2026各区一模/2026西城一模/试卷/试卷.docx,paper,included,/Users/wanglifei/Desktop/北京高考政治/reports/必修二三与必修四文化_题源分类准备_20260617_1301/03_question_index/question_candidates.csv,"{""target"": ""B2_ECONOMICS"", ""target_score"": 14, ""boundary"": ""B4_PHILOSOPHY_EXCLUDED"", ""boundary_score"": 0, ""matches"": {""B2_ECONOMICS"": ""消费,养老服务,经济增长,GDP,boost:养老服务,boost:经济增长,boost:GDP"", ""B3_POLITICS_RULE_OF_LAW"": ""政府""}}",future_baodian_intake,main_matrix_original
2026_西城_一模,2026,西城,一模,13,,question,XB3_EXCLUDED,objective,/Users/wanglifei/Desktop/2026模拟题/2026各区一模/2026西城一模/试卷/试卷.docx,paper,module-boundary-excluded,/Users/wanglifei/Desktop/北京高考政治/reports/必修二三与必修四文化_题源分类准备_20260617_1301/03_question_index/question_candidates.csv,"{""target"": ""B4_CULTURE"", ""target_score"": 9, ""boundary"": ""XB3_EXCLUDED"", ""boundary_score"": 2, ""matches"": {""B4_CULTURE"": ""文化,文化遗产,中轴线,中华文明,boost:文化遗产,boost:中轴线,boost:中华文明"", ""XB3_EXCLUDED"": ""推理,boost:推理""}, ""explicit_boundary_modules"": {""XB3_EXCLUDED"": [""推理""]}, ""override"": ""explicit_boundary_term""}",exclude_from_three_target_lines,main_matrix_original
2026_西城_一模,2026,西城,一模,15,,question,UNKNOWN_OR_MIXED,objective,/Users/wanglifei/Desktop/2026模拟题/2026各区一模/2026西城一模/试卷/试卷.docx,paper,blocked,/Users/wanglifei/Desktop/北京高考政治/reports/必修二三与必修四文化_题源分类准备_20260617_1301/03_question_index/question_candidates.csv,"{""target"": ""B2_ECONOMICS"", ""target_score"": 1, ""boundary"": ""B4_PHILOSOPHY_EXCLUDED"", ""boundary_score"": 0, ""matches"": {""B2_ECONOMICS"": ""基础设施""}}",manual_review_needed,main_matrix_original
2026_西城_一模,2026,西城,一模,16,,question,B3_POLITICS_RULE_OF_LAW,subjective,/Users/wanglifei/Desktop/2026模拟题/2026各区一模/2026西城一模/试卷/试卷.docx,paper,included,/Users/wanglifei/Desktop/北京高考政治/reports/必修二三与必修四文化_题源分类准备_20260617_1301/03_question_index/question_candidates.csv,"{""target"": ""B3_POLITICS_RULE_OF_LAW"", ""target_score"": 2, ""boundary"": ""B4_PHILOSOPHY_EXCLUDED"", ""boundary_score"": 1, ""matches"": {""B3_POLITICS_RULE_OF_LAW"": ""政府"", ""B4_CULTURE"": ""文化"", ""B4_PHILOSOPHY_EXCLUDED"": ""认识""}}",future_baodian_intake,main_matrix_original
2026_西城_一模,2026,西城,一模,17,,question,XB2_EXCLUDED,subjective,/Users/wanglifei/Desktop/2026模拟题/2026各区一模/2026西城一模/试卷/试卷.docx,paper,module-boundary-excluded,/Users/wanglifei/Desktop/北京高考政治/reports/必修二三与必修四文化_题源分类准备_20260617_1301/03_question_index/question_candidates.csv,"{""target"": ""B3_POLITICS_RULE_OF_LAW"", ""target_score"": 1, ""boundary"": ""XB2_EXCLUDED"", ""boundary_score"": 11, ""matches"": {""B3_POLITICS_RULE_OF_LAW"": ""政府"", ""XB2_EXCLUDED"": ""民法典,物权,赔偿,所有权,boost:民法典,boost:物权,boost:所有权""}, ""explicit_boundary_modules"": {""XB2_EXCLUDED"": [""民法典"", ""所有权"", ""物权""]}, ""override"": ""explicit_boundary_term""}",exclude_from_three_target_lines,main_matrix_original
2026_西城_一模,2026,西城,一模,18,,question,B2_ECONOMICS,subjective,/Users/wanglifei/Desktop/2026模拟题/2026各区一模/2026西城一模/试卷/试卷.docx,paper,included,/Users/wanglifei/Desktop/北京高考政治/reports/必修二三与必修四文化_题源分类准备_20260617_1301/03_question_index/question_candidates.csv,"{""target"": ""B2_ECONOMICS"", ""target_score"": 12, ""boundary"": ""B4_PHILOSOPHY_EXCLUDED"", ""boundary_score"": 0, ""matches"": {""B2_ECONOMICS"": ""经济与社会,实体经济,财政,产业链,boost:经济与社会,boost:实体经济,boost:财政,boost:产业链""}}",future_baodian_intake,main_matrix_original
2026_西城_一模,2026,西城,一模,19,,question,B3_POLITICS_RULE_OF_LAW,subjective,/Users/wanglifei/Desktop/2026模拟题/2026各区一模/2026西城一模/试卷/试卷.docx,paper,included,/Users/wanglifei/Desktop/北京高考政治/reports/必修二三与必修四文化_题源分类准备_20260617_1301/03_question_index/question_candidates.csv,"{""target"": ""B3_POLITICS_RULE_OF_LAW"", ""target_score"": 5, ""boundary"": ""B4_PHILOSOPHY_EXCLUDED"", ""boundary_score"": 0, ""matches"": {""B3_POLITICS_RULE_OF_LAW"": ""政治与法治,政府,公共服务,boost:政治与法治"", ""B4_CULTURE"": ""文化""}}",future_baodian_intake,main_matrix_original
2026_西城_一模,2026,西城,一模,2,,question,B4_CULTURE,objective,/Users/wanglifei/Desktop/2026模拟题/2026各区一模/2026西城一模/试卷/试卷.docx,paper,included,/Users/wanglifei/Desktop/北京高考政治/reports/必修二三与必修四文化_题源分类准备_20260617_1301/03_question_index/question_candidates.csv,"{""target"": ""B4_CULTURE"", ""target_score"": 4, ""boundary"": ""B4_PHILOSOPHY_EXCLUDED"", ""boundary_score"": 0, ""matches"": {""B3_POLITICS_RULE_OF_LAW"": ""政府"", ""B4_CULTURE"": ""文化,文旅,boost:文旅""}}",future_baodian_intake,main_matrix_original
2026_西城_一模,2026,西城,一模,20,,question,XB1_EXCLUDED,subjective,/Users/wanglifei/Desktop/2026模拟题/2026各区一模/2026西城一模/试卷/试卷.docx,paper,module-boundary-excluded,/Users/wanglifei/Desktop/北京高考政治/reports/必修二三与必修四文化_题源分类准备_20260617_1301/03_question_index/question_candidates.csv,"{""target"": ""B2_ECONOMICS"", ""target_score"": 10, ""boundary"": ""XB1_EXCLUDED"", ""boundary_score"": 2, ""matches"": {""B2_ECONOMICS"": ""数字经济,供应链,基础设施,boost:数字经济,boost:供应链"", ""XB1_EXCLUDED"": ""当代国际政治与经济,boost:当代国际政治与经济""}, ""explicit_boundary_modules"": {""XB1_EXCLUDED"": [""当代国际政治与经济""]}, ""override"": ""explicit_boundary_term""}",exclude_from_three_target_lines,main_matrix_original
2026_西城_一模,2026,西城,一模,21,,question,XB2_EXCLUDED,subjective,/Users/wanglifei/Desktop/2026模拟题/2026各区一模/2026西城一模/试卷/试卷.docx,paper,module-boundary-excluded,/Users/wanglifei/Desktop/北京高考政治/reports/必修二三与必修四文化_题源分类准备_20260617_1301/03_question_index/question_candidates.csv,"{""target"": ""B2_ECONOMICS"", ""target_score"": 2, ""boundary"": ""B4_PHILOSOPHY_EXCLUDED"", ""boundary_score"": 4, ""matches"": {""B2_ECONOMICS"": ""产业发展"", ""B4_PHILOSOPHY_EXCLUDED"": ""实践,人民群众,boost:人民群众"", ""XB2_EXCLUDED"": ""物权,boost:物权""}, ""explicit_boundary_modules"": {""XB2_EXCLUDED"": [""物权""]}, ""override"": ""explicit_boundary_term""}",exclude_from_three_target_lines,main_matrix_original
2026_西城_一模,2026,西城,一模,3,,question,B3_POLITICS_RULE_OF_LAW,objective,/Users/wanglifei/Desktop/2026模拟题/2026各区一模/2026西城一模/试卷/试卷.docx,paper,included,/Users/wanglifei/Desktop/北京高考政治/reports/必修二三与必修四文化_题源分类准备_20260617_1301/03_question_index/question_candidates.csv,"{""target"": ""B3_POLITICS_RULE_OF_LAW"", ""target_score"": 3, ""boundary"": ""B4_PHILOSOPHY_EXCLUDED"", ""boundary_score"": 0, ""matches"": {""B3_POLITICS_RULE_OF_LAW"": ""政府,党组织,boost:党组织""}}",future_baodian_intake,main_matrix_original
2026_西城_一模,2026,西城,一模,4,,question,B3_POLITICS_RULE_OF_LAW,objective,/Users/wanglifei/Desktop/2026模拟题/2026各区一模/2026西城一模/试卷/试卷.docx,paper,included,/Users/wanglifei/Desktop/北京高考政治/reports/必修二三与必修四文化_题源分类准备_20260617_1301/03_question_index/question_candidates.csv,"{""target"": ""B3_POLITICS_RULE_OF_LAW"", ""target_score"": 7, ""boundary"": ""B4_PHILOSOPHY_EXCLUDED"", ""boundary_score"": 0, ""matches"": {""B3_POLITICS_RULE_OF_LAW"": ""政协,国家治理,政府,boost:政协,boost:国家治理""}}",future_baodian_intake,main_matrix_original
2026_西城_一模,2026,西城,一模,5,,question,B4_PHILOSOPHY_EXCLUDED,objective,/Users/wanglifei/Desktop/2026模拟题/2026各区一模/2026西城一模/试卷/试卷.docx,paper,module-boundary-excluded,/Users/wanglifei/Desktop/北京高考政治/reports/必修二三与必修四文化_题源分类准备_20260617_1301/03_question_index/question_candidates.csv,"{""target"": ""B4_CULTURE"", ""target_score"": 2, ""boundary"": ""B4_PHILOSOPHY_EXCLUDED"", ""boundary_score"": 5, ""matches"": {""B4_CULTURE"": ""文化"", ""B4_PHILOSOPHY_EXCLUDED"": ""人民群众,意识活动,boost:人民群众,boost:意识活动""}, ""explicit_boundary_modules"": {""B4_PHILOSOPHY_EXCLUDED"": [""意识活动""]}, ""override"": ""explicit_boundary_term""}",exclude_from_three_target_lines,main_matrix_original
2026_西城_一模,2026,西城,一模,6,,question,UNKNOWN_OR_MIXED,objective,/Users/wanglifei/Desktop/2026模拟题/2026各区一模/2026西城一模/试卷/试卷.docx,paper,blocked,/Users/wanglifei/Desktop/北京高考政治/reports/必修二三与必修四文化_题源分类准备_20260617_1301/03_question_index/question_candidates.csv,"{""target"": ""B2_ECONOMICS"", ""target_score"": 0, ""boundary"": ""B4_PHILOSOPHY_EXCLUDED"", ""boundary_score"": 0, ""matches"": {}}",manual_review_needed,main_matrix_original
2026_西城_一模,2026,西城,一模,7,,question,B4_PHILOSOPHY_EXCLUDED,objective,/Users/wanglifei/Desktop/2026模拟题/2026各区一模/2026西城一模/试卷/试卷.docx,paper,module-boundary-excluded,/Users/wanglifei/Desktop/北京高考政治/reports/必修二三与必修四文化_题源分类准备_20260617_1301/03_question_index/question_candidates.csv,"{""target"": ""B2_ECONOMICS"", ""target_score"": 1, ""boundary"": ""B4_PHILOSOPHY_EXCLUDED"", ""boundary_score"": 4, ""matches"": {""B2_ECONOMICS"": ""市场主体"", ""B4_PHILOSOPHY_EXCLUDED"": ""实践,矛盾,boost:矛盾""}}",exclude_from_three_target_lines,main_matrix_original
2026_西城_一模,2026,西城,一模,8,,question,B2_ECONOMICS,objective,/Users/wanglifei/Desktop/2026模拟题/2026各区一模/2026西城一模/试卷/试卷.docx,paper,included,/Users/wanglifei/Desktop/北京高考政治/reports/必修二三与必修四文化_题源分类准备_20260617_1301/03_question_index/question_candidates.csv,"{""target"": ""B2_ECONOMICS"", ""target_score"": 4, ""boundary"": ""B4_PHILOSOPHY_EXCLUDED"", ""boundary_score"": 0, ""matches"": {""B2_ECONOMICS"": ""产业链,基础设施,boost:产业链"", ""B3_POLITICS_RULE_OF_LAW"": ""公共服务""}}",future_baodian_intake,main_matrix_original
2026_西城_一模,2026,西城,一模,9,,question,XB2_EXCLUDED,objective,/Users/wanglifei/Desktop/2026模拟题/2026各区一模/2026西城一模/试卷/试卷.docx,paper,module-boundary-excluded,/Users/wanglifei/Desktop/北京高考政治/reports/必修二三与必修四文化_题源分类准备_20260617_1301/03_question_index/question_candidates.csv,"{""target"": ""B2_ECONOMICS"", ""target_score"": 0, ""boundary"": ""XB2_EXCLUDED"", ""boundary_score"": 9, ""matches"": {""XB2_EXCLUDED"": ""合同,侵权,侵权责任,boost:合同,boost:侵权,boost:侵权责任""}, ""explicit_boundary_modules"": {""XB2_EXCLUDED"": [""合同"", ""侵权""]}, ""override"": ""explicit_boundary_term""}",exclude_from_three_target_lines,main_matrix_original
2026_西城_二模,2026,西城,二模,1,,question,B2_ECONOMICS,objective,/Users/wanglifei/Desktop/2026模拟题/2026各区二模/2026西城二模/试卷/2026北京西城高三二模政治（教师版）.docx,paper,included,/Users/wanglifei/Desktop/北京高考政治/reports/必修二三与必修四文化_题源分类准备_20260617_1301/03_question_index/question_candidates.csv,"{""target"": ""B2_ECONOMICS"", ""target_score"": 2, ""boundary"": ""B4_PHILOSOPHY_EXCLUDED"", ""boundary_score"": 0, ""matches"": {""B2_ECONOMICS"": ""共同富裕,boost:共同富裕"", ""B3_POLITICS_RULE_OF_LAW"": ""政府""}}",future_baodian_intake,main_matrix_original
2026_西城_二模,2026,西城,二模,10,,question,XB2_EXCLUDED,objective,/Users/wanglifei/Desktop/2026模拟题/2026各区二模/2026西城二模/试卷/2026北京西城高三二模政治（教师版）.docx,paper,module-boundary-excluded,/Users/wanglifei/Desktop/北京高考政治/reports/必修二三与必修四文化_题源分类准备_20260617_1301/03_question_index/question_candidates.csv,"{""target"": ""B3_POLITICS_RULE_OF_LAW"", ""target_score"": 2, ""boundary"": ""XB2_EXCLUDED"", ""boundary_score"": 14, ""matches"": {""B3_POLITICS_RULE_OF_LAW"": ""检察,法院"", ""XB2_EXCLUDED"": ""劳动关系,诉讼,调解,仲裁,boost:劳动关系,boost:诉讼,boost:调解,boost:仲裁""}, ""explicit_boundary_modules"": {""XB2_EXCLUDED"": [""诉讼""]}, ""override"": ""explicit_boundary_term""}",exclude_from_three_target_lines,main_matrix_original
2026_西城_二模,2026,西城,二模,11,,question,UNKNOWN_OR_MIXED,objective,/Users/wanglifei/Desktop/2026模拟题/2026各区二模/2026西城二模/试卷/2026北京西城高三二模政治（教师版）.docx,paper,blocked,/Users/wanglifei/Desktop/北京高考政治/reports/必修二三与必修四文化_题源分类准备_20260617_1301/03_question_index/question_candidates.csv,"{""target"": ""B2_ECONOMICS"", ""target_score"": 0, ""boundary"": ""B4_PHILOSOPHY_EXCLUDED"", ""boundary_score"": 0, ""matches"": {}}",manual_review_needed,main_matrix_original
2026_西城_二模,2026,西城,二模,12,,question,B2_ECONOMICS,objective,/Users/wanglifei/Desktop/2026模拟题/2026各区二模/2026西城二模/试卷/2026北京西城高三二模政治（教师版）.docx,paper,included,/Users/wanglifei/Desktop/北京高考政治/reports/必修二三与必修四文化_题源分类准备_20260617_1301/03_question_index/question_candidates.csv,"{""target"": ""B2_ECONOMICS"", ""target_score"": 5, ""boundary"": ""B4_PHILOSOPHY_EXCLUDED"", ""boundary_score"": 0, ""matches"": {""B2_ECONOMICS"": ""社会保障,消费,boost:社会保障"", ""B3_POLITICS_RULE_OF_LAW"": ""政府""}}",future_baodian_intake,main_matrix_original
2026_西城_二模,2026,西城,二模,13,,question,B2_ECONOMICS,objective,/Users/wanglifei/Desktop/2026模拟题/2026各区二模/2026西城二模/试卷/2026北京西城高三二模政治（教师版）.docx,paper,included,/Users/wanglifei/Desktop/北京高考政治/reports/必修二三与必修四文化_题源分类准备_20260617_1301/03_question_index/question_candidates.csv,"{""target"": ""B2_ECONOMICS"", ""target_score"": 3, ""boundary"": ""B4_PHILOSOPHY_EXCLUDED"", ""boundary_score"": 0, ""matches"": {""B2_ECONOMICS"": ""税收,消费,boost:税收""}}",future_baodian_intake,main_matrix_original
2026_西城_二模,2026,西城,二模,14,,question,UNKNOWN_OR_MIXED,objective,/Users/wanglifei/Desktop/2026模拟题/2026各区二模/2026西城二模/试卷/2026北京西城高三二模政治（教师版）.docx,paper,blocked,/Users/wanglifei/Desktop/北京高考政治/reports/必修二三与必修四文化_题源分类准备_20260617_1301/03_question_index/question_candidates.csv,"{""target"": ""B2_ECONOMICS"", ""target_score"": 1, ""boundary"": ""B4_PHILOSOPHY_EXCLUDED"", ""boundary_score"": 0, ""matches"": {""B2_ECONOMICS"": ""消费""}}",manual_review_needed,main_matrix_original
2026_西城_二模,2026,西城,二模,15,,question,UNKNOWN_OR_MIXED,objective,/Users/wanglifei/Desktop/2026模拟题/2026各区二模/2026西城二模/试卷/2026北京西城高三二模政治（教师版）.docx,paper,blocked,/Users/wanglifei/Desktop/北京高考政治/reports/必修二三与必修四文化_题源分类准备_20260617_1301/03_question_index/question_candidates.csv,"{""target"": ""B2_ECONOMICS"", ""target_score"": 0, ""boundary"": ""B4_PHILOSOPHY_EXCLUDED"", ""boundary_score"": 0, ""matches"": {}}",manual_review_needed,main_matrix_original
2026_西城_二模,2026,西城,二模,16,,question,B4_CULTURE,subjective,/Users/wanglifei/Desktop/2026模拟题/2026各区二模/2026西城二模/试卷/2026北京西城高三二模政治（教师版）.docx,paper,included,/Users/wanglifei/Desktop/北京高考政治/reports/必修二三与必修四文化_题源分类准备_20260617_1301/03_question_index/question_candidates.csv,"{""target"": ""B4_CULTURE"", ""target_score"": 15, ""boundary"": ""B4_PHILOSOPHY_EXCLUDED"", ""boundary_score"": 4, ""matches"": {""B4_CULTURE"": ""文化,中华优秀传统文化,优秀传统文化,传统文化,中华文明,中式生活,boost:中华优秀传统文化,boost:优秀传统文化,boost:传统文化,boost:中华文明,boost:中式生活"", ""B4_PHILOSOPHY_EXCLUDED"": ""实践,认识,矛盾,boost:矛盾""}}",future_baodian_intake,main_matrix_original
2026_西城_二模,2026,西城,二模,17,,question,B2_ECONOMICS,subjective,/Users/wanglifei/Desktop/2026模拟题/2026各区二模/2026西城二模/试卷/2026北京西城高三二模政治（教师版）.docx,paper,included,/Users/wanglifei/Desktop/北京高考政治/reports/必修二三与必修四文化_题源分类准备_20260617_1301/03_question_index/question_candidates.csv,"{""target"": ""B2_ECONOMICS"", ""target_score"": 2, ""boundary"": ""B4_PHILOSOPHY_EXCLUDED"", ""boundary_score"": 0, ""matches"": {""B2_ECONOMICS"": ""供给侧,产业发展""}}",future_baodian_intake,main_matrix_original
2026_西城_二模,2026,西城,二模,18,,question,XB2_EXCLUDED,subjective,/Users/wanglifei/Desktop/2026模拟题/2026各区二模/2026西城二模/试卷/2026北京西城高三二模政治（教师版）.docx,paper,module-boundary-excluded,/Users/wanglifei/Desktop/北京高考政治/reports/必修二三与必修四文化_题源分类准备_20260617_1301/03_question_index/question_candidates.csv,"{""target"": ""B3_POLITICS_RULE_OF_LAW"", ""target_score"": 11, ""boundary"": ""XB2_EXCLUDED"", ""boundary_score"": 22, ""matches"": {""B2_ECONOMICS"": ""营商环境,产业发展,boost:营商环境"", ""B3_POLITICS_RULE_OF_LAW"": ""依法行政,国家治理,行政机关,法院,boost:依法行政,boost:国家治理"", ""B4_PHILOSOPHY_EXCLUDED"": ""矛盾,boost:矛盾"", ""XB2_EXCLUDED"": ""民法典,侵权,诉讼,举证,民事,民事主体,侵权责任,赔偿,上诉,boost:民法典,boost:侵权,boost:诉讼"", ""XB3_EXCLUDED"": ""逻辑与思维,科学思维,辩证思维,boost:逻辑与思维,boost:科学思维,boost:辩证思维""}, ""explicit_boundary_modules"": {""XB2_EXCLUDED"": [""民法典"", ""侵权"", ""诉讼"", ""民事""], ""XB3_EXCLUDED"": [""逻辑与思维"", ""科学思维"", ""辩证思维""]}, ""override"": ""explicit_boundary_term""}",exclude_from_three_target_lines,main_matrix_original
2026_西城_二模,2026,西城,二模,19,,question,XB1_EXCLUDED,subjective,/Users/wanglifei/Desktop/2026模拟题/2026各区二模/2026西城二模/试卷/2026北京西城高三二模政治（教师版）.docx,paper,module-boundary-excluded,/Users/wanglifei/Desktop/北京高考政治/reports/必修二三与必修四文化_题源分类准备_20260617_1301/03_question_index/question_candidates.csv,"{""target"": ""B2_ECONOMICS"", ""target_score"": 6, ""boundary"": ""XB1_EXCLUDED"", ""boundary_score"": 10, ""matches"": {""B2_ECONOMICS"": ""数字经济,数据要素,boost:数字经济,boost:数据要素"", ""B4_PHILOSOPHY_EXCLUDED"": ""实践"", ""XB1_EXCLUDED"": ""当代国际政治与经济,全球治理,经济全球化,人类命运共同体,国际组织,boost:当代国际政治与经济,boost:全球治理,boost:经济全球化,boost:人类命运共同体,boost:国际组织""}, ""explicit_boundary_modules"": {""XB1_EXCLUDED"": [""当代国际政治与经济"", ""经济全球化"", ""全球治理"", ""人类命运共同体"", ""国际组织""]}, ""override"": ""explicit_boundary_term""}",exclude_from_three_target_lines,main_matrix_original
2026_西城_二模,2026,西城,二模,2,,question,B4_PHILOSOPHY_EXCLUDED,objective,/Users/wanglifei/Desktop/2026模拟题/2026各区二模/2026西城二模/试卷/2026北京西城高三二模政治（教师版）.docx,paper,module-boundary-excluded,/Users/wanglifei/Desktop/北京高考政治/reports/必修二三与必修四文化_题源分类准备_20260617_1301/03_question_index/question_candidates.csv,"{""target"": ""B4_CULTURE"", ""target_score"": 16, ""boundary"": ""B4_PHILOSOPHY_EXCLUDED"", ""boundary_score"": 3, ""matches"": {""B4_CULTURE"": ""文化,中华优秀传统文化,优秀传统文化,传统文化,文化自信,文化基因,boost:中华优秀传统文化,boost:优秀传统文化,boost:传统文化,boost:文化自信,boost:文化基因"", ""B4_PHILOSOPHY_EXCLUDED"": ""实践,价值判断,boost:价值判断""}, ""explicit_boundary_modules"": {""B4_PHILOSOPHY_EXCLUDED"": [""价值判断""]}, ""override"": ""explicit_boundary_term""}",exclude_from_three_target_lines,main_matrix_original
2026_西城_二模,2026,西城,二模,20,,question,XB1_EXCLUDED,subjective,/Users/wanglifei/Desktop/2026模拟题/2026各区二模/2026西城二模/试卷/2026北京西城高三二模政治（教师版）.docx,paper,module-boundary-excluded,/Users/wanglifei/Desktop/北京高考政治/reports/必修二三与必修四文化_题源分类准备_20260617_1301/03_question_index/question_candidates.csv,"{""target"": ""B3_POLITICS_RULE_OF_LAW"", ""target_score"": 5, ""boundary"": ""B4_PHILOSOPHY_EXCLUDED"", ""boundary_score"": 4, ""matches"": {""B2_ECONOMICS"": ""数字经济,boost:数字经济"", ""B3_POLITICS_RULE_OF_LAW"": ""中国共产党,党的领导,政府,boost:中国共产党,boost:党的领导"", ""B4_PHILOSOPHY_EXCLUDED"": ""实践,人民群众,boost:人民群众"", ""XB1_EXCLUDED"": ""国际组织,boost:国际组织""}, ""explicit_boundary_modules"": {""XB1_EXCLUDED"": [""国际组织""]}, ""override"": ""explicit_boundary_term""}",exclude_from_three_target_lines,main_matrix_original
2026_西城_二模,2026,西城,二模,3,,question,B4_PHILOSOPHY_EXCLUDED,objective,/Users/wanglifei/Desktop/2026模拟题/2026各区二模/2026西城二模/试卷/2026北京西城高三二模政治（教师版）.docx,paper,module-boundary-excluded,/Users/wanglifei/Desktop/北京高考政治/reports/必修二三与必修四文化_题源分类准备_20260617_1301/03_question_index/question_candidates.csv,"{""target"": ""B2_ECONOMICS"", ""target_score"": 0, ""boundary"": ""B4_PHILOSOPHY_EXCLUDED"", ""boundary_score"": 5, ""matches"": {""B4_PHILOSOPHY_EXCLUDED"": ""实践,矛盾,意识活动,boost:矛盾,boost:意识活动""}, ""explicit_boundary_modules"": {""B4_PHILOSOPHY_EXCLUDED"": [""意识活动""]}, ""override"": ""explicit_boundary_term""}",exclude_from_three_target_lines,main_matrix_original
2026_西城_二模,2026,西城,二模,4,,question,B4_PHILOSOPHY_EXCLUDED,objective,/Users/wanglifei/Desktop/2026模拟题/2026各区二模/2026西城二模/试卷/2026北京西城高三二模政治（教师版）.docx,paper,module-boundary-excluded,/Users/wanglifei/Desktop/北京高考政治/reports/必修二三与必修四文化_题源分类准备_20260617_1301/03_question_index/question_candidates.csv,"{""target"": ""B3_POLITICS_RULE_OF_LAW"", ""target_score"": 1, ""boundary"": ""B4_PHILOSOPHY_EXCLUDED"", ""boundary_score"": 5, ""matches"": {""B3_POLITICS_RULE_OF_LAW"": ""社会治理"", ""B4_PHILOSOPHY_EXCLUDED"": ""实践,系统优化,矛盾,boost:系统优化,boost:矛盾""}, ""explicit_boundary_modules"": {""B4_PHILOSOPHY_EXCLUDED"": [""系统优化""]}, ""override"": ""explicit_boundary_term""}",exclude_from_three_target_lines,main_matrix_original
2026_西城_二模,2026,西城,二模,5,,question,UNKNOWN_OR_MIXED,objective,/Users/wanglifei/Desktop/2026模拟题/2026各区二模/2026西城二模/试卷/2026北京西城高三二模政治（教师版）.docx,paper,blocked,/Users/wanglifei/Desktop/北京高考政治/reports/必修二三与必修四文化_题源分类准备_20260617_1301/03_question_index/question_candidates.csv,"{""target"": ""B2_ECONOMICS"", ""target_score"": 0, ""boundary"": ""B4_PHILOSOPHY_EXCLUDED"", ""boundary_score"": 0, ""matches"": {}}",manual_review_needed,main_matrix_original
2026_西城_二模,2026,西城,二模,6,,question,XB3_EXCLUDED,objective,/Users/wanglifei/Desktop/2026模拟题/2026各区二模/2026西城二模/试卷/2026北京西城高三二模政治（教师版）.docx,paper,module-boundary-excluded,/Users/wanglifei/Desktop/北京高考政治/reports/必修二三与必修四文化_题源分类准备_20260617_1301/03_question_index/question_candidates.csv,"{""target"": ""B2_ECONOMICS"", ""target_score"": 0, ""boundary"": ""XB3_EXCLUDED"", ""boundary_score"": 4, ""matches"": {""B4_PHILOSOPHY_EXCLUDED"": ""实践"", ""XB3_EXCLUDED"": ""创新思维,想象,boost:创新思维,boost:想象""}, ""explicit_boundary_modules"": {""XB3_EXCLUDED"": [""创新思维"", ""想象""]}, ""override"": ""explicit_boundary_term""}",exclude_from_three_target_lines,main_matrix_original
2026_西城_二模,2026,西城,二模,7,,question,B3_POLITICS_RULE_OF_LAW,objective,/Users/wanglifei/Desktop/2026模拟题/2026各区二模/2026西城二模/试卷/2026北京西城高三二模政治（教师版）.docx,paper,included,/Users/wanglifei/Desktop/北京高考政治/reports/必修二三与必修四文化_题源分类准备_20260617_1301/03_question_index/question_candidates.csv,"{""target"": ""B3_POLITICS_RULE_OF_LAW"", ""target_score"": 4, ""boundary"": ""B4_PHILOSOPHY_EXCLUDED"", ""boundary_score"": 0, ""matches"": {""B3_POLITICS_RULE_OF_LAW"": ""人大代表,基层治理,boost:人大代表,boost:基层治理""}}",future_baodian_intake,main_matrix_original
2026_西城_二模,2026,西城,二模,8,,question,B3_POLITICS_RULE_OF_LAW,objective,/Users/wanglifei/Desktop/2026模拟题/2026各区二模/2026西城二模/试卷/2026北京西城高三二模政治（教师版）.docx,paper,included,/Users/wanglifei/Desktop/北京高考政治/reports/必修二三与必修四文化_题源分类准备_20260617_1301/03_question_index/question_candidates.csv,"{""target"": ""B3_POLITICS_RULE_OF_LAW"", ""target_score"": 4, ""boundary"": ""B4_PHILOSOPHY_EXCLUDED"", ""boundary_score"": 0, ""matches"": {""B3_POLITICS_RULE_OF_LAW"": ""人民代表大会,全国人大,boost:人民代表大会,boost:全国人大""}}",future_baodian_intake,main_matrix_original
2026_西城_二模,2026,西城,二模,9,,question,UNKNOWN_OR_MIXED,objective,/Users/wanglifei/Desktop/2026模拟题/2026各区二模/2026西城二模/试卷/2026北京西城高三二模政治（教师版）.docx,paper,blocked,/Users/wanglifei/Desktop/北京高考政治/reports/必修二三与必修四文化_题源分类准备_20260617_1301/03_question_index/question_candidates.csv,"{""target"": ""B3_POLITICS_RULE_OF_LAW"", ""target_score"": 2, ""boundary"": ""B4_PHILOSOPHY_EXCLUDED"", ""boundary_score"": 3, ""matches"": {""B3_POLITICS_RULE_OF_LAW"": ""政府,公共服务"", ""B4_PHILOSOPHY_EXCLUDED"": ""矛盾,boost:矛盾"", ""XB2_EXCLUDED"": ""调解,boost:调解""}}",manual_review_needed,main_matrix_original
2026_西城_期末,2026,西城,期末,1,,question,UNKNOWN_OR_MIXED,objective,/Users/wanglifei/Desktop/北京高考政治/reports/必修二三与必修四文化_题源分类准备_20260617_1301/02_text_cache/ocr_cache/2026_西城_期末/2026北京西城高三上期末政治教师版.ocr.txt,ocr-cache,blocked,/Users/wanglifei/Desktop/北京高考政治/reports/必修二三与必修四文化_题源分类准备_20260617_1301/02_text_cache/ocr_absorbed/2026_西城_期末.txt,"{""target"": ""B2_ECONOMICS"", ""target_score"": 0, ""boundary"": ""B4_PHILOSOPHY_EXCLUDED"", ""boundary_score"": 1, ""matches"": {""B4_PHILOSOPHY_EXCLUDED"": ""实践""}}",manual_review_needed,main_matrix_original
2026_西城_期末,2026,西城,期末,10,,question,B3_POLITICS_RULE_OF_LAW,objective,/Users/wanglifei/Desktop/北京高考政治/reports/必修二三与必修四文化_题源分类准备_20260617_1301/02_text_cache/ocr_cache/2026_西城_期末/2026北京西城高三上期末政治教师版.ocr.txt,ocr-cache,included,/Users/wanglifei/Desktop/北京高考政治/reports/必修二三与必修四文化_题源分类准备_20260617_1301/02_text_cache/ocr_absorbed/2026_西城_期末.txt,"{""target"": ""B3_POLITICS_RULE_OF_LAW"", ""target_score"": 2, ""boundary"": ""B4_PHILOSOPHY_EXCLUDED"", ""boundary_score"": 0, ""matches"": {""B3_POLITICS_RULE_OF_LAW"": ""中国共产党,boost:中国共产党""}}",future_baodian_intake,main_matrix_original
2026_西城_期末,2026,西城,期末,11,,question,B3_POLITICS_RULE_OF_LAW,objective,/Users/wanglifei/Desktop/北京高考政治/reports/必修二三与必修四文化_题源分类准备_20260617_1301/02_text_cache/ocr_cache/2026_西城_期末/2026北京西城高三上期末政治教师版.ocr.txt,ocr-cache,included,/Users/wanglifei/Desktop/北京高考政治/reports/必修二三与必修四文化_题源分类准备_20260617_1301/02_text_cache/ocr_absorbed/2026_西城_期末.txt,"{""target"": ""B3_POLITICS_RULE_OF_LAW"", ""target_score"": 2, ""boundary"": ""B4_PHILOSOPHY_EXCLUDED"", ""boundary_score"": 0, ""matches"": {""B2_ECONOMICS"": ""消费"", ""B3_POLITICS_RULE_OF_LAW"": ""政府,社会治理""}}",future_baodian_intake,main_matrix_original
2026_西城_期末,2026,西城,期末,12,,question,UNKNOWN_OR_MIXED,objective,/Users/wanglifei/Desktop/北京高考政治/reports/必修二三与必修四文化_题源分类准备_20260617_1301/02_text_cache/ocr_cache/2026_西城_期末/2026北京西城高三上期末政治教师版.ocr.txt,ocr-cache,blocked,/Users/wanglifei/Desktop/北京高考政治/reports/必修二三与必修四文化_题源分类准备_20260617_1301/02_text_cache/ocr_absorbed/2026_西城_期末.txt,"{""target"": ""B2_ECONOMICS"", ""target_score"": 0, ""boundary"": ""B4_PHILOSOPHY_EXCLUDED"", ""boundary_score"": 0, ""matches"": {}}",manual_review_needed,main_matrix_original
2026_西城_期末,2026,西城,期末,13,,question,XB2_EXCLUDED,objective,/Users/wanglifei/Desktop/北京高考政治/reports/必修二三与必修四文化_题源分类准备_20260617_1301/02_text_cache/ocr_cache/2026_西城_期末/2026北京西城高三上期末政治教师版.ocr.txt,ocr-cache,module-boundary-excluded,/Users/wanglifei/Desktop/北京高考政治/reports/必修二三与必修四文化_题源分类准备_20260617_1301/02_text_cache/ocr_absorbed/2026_西城_期末.txt,"{""target"": ""B2_ECONOMICS"", ""target_score"": 3, ""boundary"": ""XB2_EXCLUDED"", ""boundary_score"": 16, ""matches"": {""B2_ECONOMICS"": ""财政,基础设施,boost:财政"", ""XB2_EXCLUDED"": ""知识产权,专利,boost:知识产权,boost:专利""}, ""explicit_boundary_modules"": {""XB2_EXCLUDED"": [""知识产权"", ""专利""]}, ""override"": ""explicit_boundary_term""}",exclude_from_three_target_lines,main_matrix_original
2026_西城_期末,2026,西城,期末,14,,question,XB2_EXCLUDED,objective,/Users/wanglifei/Desktop/北京高考政治/reports/必修二三与必修四文化_题源分类准备_20260617_1301/02_text_cache/ocr_cache/2026_西城_期末/2026北京西城高三上期末政治教师版.ocr.txt,ocr-cache,module-boundary-excluded,/Users/wanglifei/Desktop/北京高考政治/reports/必修二三与必修四文化_题源分类准备_20260617_1301/02_text_cache/ocr_absorbed/2026_西城_期末.txt,"{""target"": ""B2_ECONOMICS"", ""target_score"": 3, ""boundary"": ""XB2_EXCLUDED"", ""boundary_score"": 8, ""matches"": {""B2_ECONOMICS"": ""产业链,boost:产业链"", ""XB1_EXCLUDED"": ""联合国,全球治理,国际组织,boost:联合国,boost:全球治理,boost:国际组织"", ""XB2_EXCLUDED"": ""诉讼,调解,boost:诉讼,boost:调解""}, ""explicit_boundary_modules"": {""XB1_EXCLUDED"": [""联合国"", ""全球治理"", ""国际组织""], ""XB2_EXCLUDED"": [""诉讼""]}, ""override"": ""explicit_boundary_term""}",exclude_from_three_target_lines,main_matrix_original
2026_西城_期末,2026,西城,期末,16,,question,B4_PHILOSOPHY_EXCLUDED,subjective,/Users/wanglifei/Desktop/北京高考政治/reports/必修二三与必修四文化_题源分类准备_20260617_1301/02_text_cache/ocr_cache/2026_西城_期末/2026北京西城高三上期末政治教师版.ocr.txt,ocr-cache,module-boundary-excluded,/Users/wanglifei/Desktop/北京高考政治/reports/必修二三与必修四文化_题源分类准备_20260617_1301/02_text_cache/ocr_absorbed/2026_西城_期末.txt,"{""target"": ""B4_CULTURE"", ""target_score"": 34, ""boundary"": ""B4_PHILOSOPHY_EXCLUDED"", ""boundary_score"": 18, ""matches"": {""B4_CULTURE"": ""文化,中华优秀传统文化,优秀传统文化,传统文化,文化创新,文化自信,boost:中华优秀传统文化,boost:优秀传统文化,boost:传统文化,boost:文化创新,boost:文化自信"", ""B4_PHILOSOPHY_EXCLUDED"": ""实践,认识,真理,人民群众,物质决定意识,boost:真理,boost:人民群众,boost:物质决定意识"", ""XB1_EXCLUDED"": ""全球治理,boost:全球治理""}, ""explicit_boundary_modules"": {""XB1_EXCLUDED"": [""全球治理""], ""B4_PHILOSOPHY_EXCLUDED"": [""物质决定意识""]}, ""override"": ""explicit_boundary_term""}",exclude_from_three_target_lines,main_matrix_original
2026_西城_期末,2026,西城,期末,17,,question,XB2_EXCLUDED,subjective,/Users/wanglifei/Desktop/北京高考政治/reports/必修二三与必修四文化_题源分类准备_20260617_1301/02_text_cache/ocr_cache/2026_西城_期末/2026北京西城高三上期末政治教师版.ocr.txt,ocr-cache,module-boundary-excluded,/Users/wanglifei/Desktop/北京高考政治/reports/必修二三与必修四文化_题源分类准备_20260617_1301/02_text_cache/ocr_absorbed/2026_西城_期末.txt,"{""target"": ""B3_POLITICS_RULE_OF_LAW"", ""target_score"": 5, ""boundary"": ""XB2_EXCLUDED"", ""boundary_score"": 6, ""matches"": {""B2_ECONOMICS"": ""消费"", ""B3_POLITICS_RULE_OF_LAW"": ""法院"", ""XB2_EXCLUDED"": ""侵权,诉讼,赔偿,boost:侵权,boost:诉讼""}, ""explicit_boundary_modules"": {""XB2_EXCLUDED"": [""侵权"", ""诉讼""]}, ""override"": ""explicit_boundary_term""}",exclude_from_three_target_lines,main_matrix_original
2026_西城_期末,2026,西城,期末,18,,question,UNKNOWN_OR_MIXED,subjective,/Users/wanglifei/Desktop/北京高考政治/reports/必修二三与必修四文化_题源分类准备_20260617_1301/02_text_cache/ocr_cache/2026_西城_期末/2026北京西城高三上期末政治教师版.ocr.txt,ocr-cache,blocked,/Users/wanglifei/Desktop/北京高考政治/reports/必修二三与必修四文化_题源分类准备_20260617_1301/02_text_cache/ocr_absorbed/2026_西城_期末.txt,"{""target"": ""B3_POLITICS_RULE_OF_LAW"", ""target_score"": 26, ""boundary"": ""XB2_EXCLUDED"", ""boundary_score"": 7, ""matches"": {""B3_POLITICS_RULE_OF_LAW"": ""政治与法治,人大代表,政协,协商民主,全过程人民民主,国家治理,行政机关,检察,人大常委会,boost:政治与法治,boost:人大代表,boost:政协"", ""B4_PHILOSOPHY_EXCLUDED"": ""人民群众,boost:人民群众"", ""XB2_EXCLUDED"": ""诉讼,boost:诉讼""}, ""explicit_target_modules"": {""B3_POLITICS_RULE_OF_LAW"": [""政治与法治""]}, ""explicit_boundary_modules"": {""XB2_EXCLUDED"": [""诉讼""]}, ""override"": ""manual_subquestion_split_needed""}",manual_subquestion_split_needed,main_matrix_original
2026_西城_期末,2026,西城,期末,19,,question,XB3_EXCLUDED,subjective,/Users/wanglifei/Desktop/北京高考政治/reports/必修二三与必修四文化_题源分类准备_20260617_1301/02_text_cache/ocr_cache/2026_西城_期末/2026北京西城高三上期末政治教师版.ocr.txt,ocr-cache,module-boundary-excluded,/Users/wanglifei/Desktop/北京高考政治/reports/必修二三与必修四文化_题源分类准备_20260617_1301/02_text_cache/ocr_absorbed/2026_西城_期末.txt,"{""target"": ""B2_ECONOMICS"", ""target_score"": 29, ""boundary"": ""XB3_EXCLUDED"", ""boundary_score"": 7, ""matches"": {""B2_ECONOMICS"": ""新发展理念,高质量发展,新质生产力,供给侧,财政,消费,产业链,就业,劳动者,居民收入,基础设施,经济增长"", ""B3_POLITICS_RULE_OF_LAW"": ""政府"", ""B4_PHILOSOPHY_EXCLUDED"": ""认识"", ""XB3_EXCLUDED"": ""推理,归纳推理,boost:推理,boost:归纳推理""}, ""explicit_boundary_modules"": {""XB3_EXCLUDED"": [""推理""]}, ""override"": ""explicit_boundary_term""}",exclude_from_three_target_lines,main_matrix_original
2026_西城_期末,2026,西城,期末,2,,question,UNKNOWN_OR_MIXED,objective,/Users/wanglifei/Desktop/北京高考政治/reports/必修二三与必修四文化_题源分类准备_20260617_1301/02_text_cache/ocr_cache/2026_西城_期末/2026北京西城高三上期末政治教师版.ocr.txt,ocr-cache,blocked,/Users/wanglifei/Desktop/北京高考政治/reports/必修二三与必修四文化_题源分类准备_20260617_1301/02_text_cache/ocr_absorbed/2026_西城_期末.txt,"{""target"": ""B2_ECONOMICS"", ""target_score"": 2, ""boundary"": ""B1_EXCLUDED"", ""boundary_score"": 2, ""matches"": {""B2_ECONOMICS"": ""供应链,boost:供应链"", ""B1_EXCLUDED"": ""改革开放""}}",manual_review_needed,main_matrix_original
2026_西城_期末,2026,西城,期末,20,,question,XB1_EXCLUDED,subjective,/Users/wanglifei/Desktop/北京高考政治/reports/必修二三与必修四文化_题源分类准备_20260617_1301/02_text_cache/ocr_cache/2026_西城_期末/2026北京西城高三上期末政治教师版.ocr.txt,ocr-cache,module-boundary-excluded,/Users/wanglifei/Desktop/北京高考政治/reports/必修二三与必修四文化_题源分类准备_20260617_1301/02_text_cache/ocr_absorbed/2026_西城_期末.txt,"{""target"": ""B2_ECONOMICS"", ""target_score"": 4, ""boundary"": ""B4_PHILOSOPHY_EXCLUDED"", ""boundary_score"": 2, ""matches"": {""B2_ECONOMICS"": ""市场机制,消费"", ""B3_POLITICS_RULE_OF_LAW"": ""政府,全国人大,boost:全国人大"", ""B4_CULTURE"": ""文化"", ""B4_PHILOSOPHY_EXCLUDED"": ""实践"", ""XB1_EXCLUDED"": ""联合国,boost:联合国""}, ""explicit_boundary_modules"": {""XB1_EXCLUDED"": [""联合国""]}, ""override"": ""explicit_boundary_term""}",exclude_from_three_target_lines,main_matrix_original
2026_西城_期末,2026,西城,期末,21,,question,B3_POLITICS_RULE_OF_LAW,subjective,/Users/wanglifei/Desktop/北京高考政治/reports/必修二三与必修四文化_题源分类准备_20260617_1301/02_text_cache/ocr_cache/2026_西城_期末/2026北京西城高三上期末政治教师版.ocr.txt,ocr-cache,included,/Users/wanglifei/Desktop/北京高考政治/reports/必修二三与必修四文化_题源分类准备_20260617_1301/02_text_cache/ocr_absorbed/2026_西城_期末.txt,"{""target"": ""B3_POLITICS_RULE_OF_LAW"", ""target_score"": 6, ""boundary"": ""B1_EXCLUDED"", ""boundary_score"": 2, ""matches"": {""B3_POLITICS_RULE_OF_LAW"": ""中国共产党,党的领导,全国人大,boost:中国共产党,boost:党的领导,boost:全国人大"", ""B4_PHILOSOPHY_EXCLUDED"": ""实践"", ""B1_EXCLUDED"": ""中国特色社会主义""}}",future_baodian_intake,main_matrix_original
2026_西城_期末,2026,西城,期末,3,,question,B4_PHILOSOPHY_EXCLUDED,objective,/Users/wanglifei/Desktop/北京高考政治/reports/必修二三与必修四文化_题源分类准备_20260617_1301/02_text_cache/ocr_cache/2026_西城_期末/2026北京西城高三上期末政治教师版.ocr.txt,ocr-cache,module-boundary-excluded,/Users/wanglifei/Desktop/北京高考政治/reports/必修二三与必修四文化_题源分类准备_20260617_1301/02_text_cache/ocr_absorbed/2026_西城_期末.txt,"{""target"": ""B2_ECONOMICS"", ""target_score"": 0, ""boundary"": ""B4_PHILOSOPHY_EXCLUDED"", ""boundary_score"": 4, ""matches"": {""B4_PHILOSOPHY_EXCLUDED"": ""实践,认识""}}",exclude_from_three_target_lines,main_matrix_original
2026_西城_期末,2026,西城,期末,4,,question,XB3_EXCLUDED,objective,/Users/wanglifei/Desktop/北京高考政治/reports/必修二三与必修四文化_题源分类准备_20260617_1301/02_text_cache/ocr_cache/2026_西城_期末/2026北京西城高三上期末政治教师版.ocr.txt,ocr-cache,module-boundary-excluded,/Users/wanglifei/Desktop/北京高考政治/reports/必修二三与必修四文化_题源分类准备_20260617_1301/02_text_cache/ocr_absorbed/2026_西城_期末.txt,"{""target"": ""B2_ECONOMICS"", ""target_score"": 0, ""boundary"": ""B4_PHILOSOPHY_EXCLUDED"", ""boundary_score"": 2, ""matches"": {""B4_PHILOSOPHY_EXCLUDED"": ""矛盾,boost:矛盾"", ""XB3_EXCLUDED"": ""想象,boost:想象""}, ""explicit_boundary_modules"": {""XB3_EXCLUDED"": [""想象""]}, ""override"": ""explicit_boundary_term""}",exclude_from_three_target_lines,main_matrix_original
2026_西城_期末,2026,西城,期末,5,,question,B4_PHILOSOPHY_EXCLUDED,objective,/Users/wanglifei/Desktop/北京高考政治/reports/必修二三与必修四文化_题源分类准备_20260617_1301/02_text_cache/ocr_cache/2026_西城_期末/2026北京西城高三上期末政治教师版.ocr.txt,ocr-cache,module-boundary-excluded,/Users/wanglifei/Desktop/北京高考政治/reports/必修二三与必修四文化_题源分类准备_20260617_1301/02_text_cache/ocr_absorbed/2026_西城_期末.txt,"{""target"": ""B2_ECONOMICS"", ""target_score"": 0, ""boundary"": ""B4_PHILOSOPHY_EXCLUDED"", ""boundary_score"": 4, ""matches"": {""B4_PHILOSOPHY_EXCLUDED"": ""联系的普遍性,矛盾,boost:联系的普遍性,boost:矛盾"", ""XB1_EXCLUDED"": ""G20,boost:G20""}}",exclude_from_three_target_lines,main_matrix_original
2026_西城_期末,2026,西城,期末,6,,question,UNKNOWN_OR_MIXED,objective,/Users/wanglifei/Desktop/北京高考政治/reports/必修二三与必修四文化_题源分类准备_20260617_1301/02_text_cache/ocr_cache/2026_西城_期末/2026北京西城高三上期末政治教师版.ocr.txt,ocr-cache,blocked,/Users/wanglifei/Desktop/北京高考政治/reports/必修二三与必修四文化_题源分类准备_20260617_1301/02_text_cache/ocr_absorbed/2026_西城_期末.txt,"{""target"": ""B2_ECONOMICS"", ""target_score"": 0, ""boundary"": ""B4_PHILOSOPHY_EXCLUDED"", ""boundary_score"": 0, ""matches"": {}}",manual_review_needed,main_matrix_original
2026_西城_期末,2026,西城,期末,7,,question,XB2_EXCLUDED,objective,/Users/wanglifei/Desktop/北京高考政治/reports/必修二三与必修四文化_题源分类准备_20260617_1301/02_text_cache/ocr_cache/2026_西城_期末/2026北京西城高三上期末政治教师版.ocr.txt,ocr-cache,module-boundary-excluded,/Users/wanglifei/Desktop/北京高考政治/reports/必修二三与必修四文化_题源分类准备_20260617_1301/02_text_cache/ocr_absorbed/2026_西城_期末.txt,"{""target"": ""B3_POLITICS_RULE_OF_LAW"", ""target_score"": 2, ""boundary"": ""XB2_EXCLUDED"", ""boundary_score"": 15, ""matches"": {""B3_POLITICS_RULE_OF_LAW"": ""行政机关,法院"", ""XB2_EXCLUDED"": ""诉讼,调解,民事,民事诉讼,专利,boost:诉讼,boost:调解,boost:民事,boost:民事诉讼,boost:专利""}, ""explicit_boundary_modules"": {""XB2_EXCLUDED"": [""诉讼"", ""民事"", ""专利""]}, ""override"": ""explicit_boundary_term""}",exclude_from_three_target_lines,main_matrix_original
2026_西城_期末,2026,西城,期末,8,,question,XB3_EXCLUDED,objective,/Users/wanglifei/Desktop/北京高考政治/reports/必修二三与必修四文化_题源分类准备_20260617_1301/02_text_cache/ocr_cache/2026_西城_期末/2026北京西城高三上期末政治教师版.ocr.txt,ocr-cache,module-boundary-excluded,/Users/wanglifei/Desktop/北京高考政治/reports/必修二三与必修四文化_题源分类准备_20260617_1301/02_text_cache/ocr_absorbed/2026_西城_期末.txt,"{""target"": ""B4_CULTURE"", ""target_score"": 2, ""boundary"": ""XB3_EXCLUDED"", ""boundary_score"": 8, ""matches"": {""B4_CULTURE"": ""文化"", ""B4_PHILOSOPHY_EXCLUDED"": ""实践"", ""XB3_EXCLUDED"": ""推理,三段论,周延,逻辑规则,boost:推理,boost:三段论,boost:周延,boost:逻辑规则""}, ""explicit_boundary_modules"": {""XB3_EXCLUDED"": [""三段论"", ""推理""]}, ""override"": ""explicit_boundary_term""}",exclude_from_three_target_lines,main_matrix_original
2026_通州_一模,2026,通州,一模,1,,question,B3_POLITICS_RULE_OF_LAW,objective,/Users/wanglifei/Desktop/北京高考政治/reports/必修二三与必修四文化_题源分类准备_20260617_1301/02_text_cache/ocr_cache/2026_通州_一模/2026北京通州高三一模政治.ocr.txt,ocr-cache,included,/Users/wanglifei/Desktop/北京高考政治/reports/必修二三与必修四文化_题源分类准备_20260617_1301/02_text_cache/ocr_absorbed/2026_通州_一模.txt,"{""target"": ""B3_POLITICS_RULE_OF_LAW"", ""target_score"": 4, ""boundary"": ""B4_PHILOSOPHY_EXCLUDED"", ""boundary_score"": 2, ""matches"": {""B3_POLITICS_RULE_OF_LAW"": ""中国共产党,boost:中国共产党"", ""B4_PHILOSOPHY_EXCLUDED"": ""人生价值,boost:人生价值"", ""B1_EXCLUDED"": ""改革开放""}}",future_baodian_intake,main_matrix_original
2026_通州_一模,2026,通州,一模,10,,question,XB2_EXCLUDED,objective,/Users/wanglifei/Desktop/北京高考政治/reports/必修二三与必修四文化_题源分类准备_20260617_1301/02_text_cache/ocr_cache/2026_通州_一模/2026北京通州高三一模政治.ocr.txt,ocr-cache,module-boundary-excluded,/Users/wanglifei/Desktop/北京高考政治/reports/必修二三与必修四文化_题源分类准备_20260617_1301/02_text_cache/ocr_absorbed/2026_通州_一模.txt,"{""target"": ""B2_ECONOMICS"", ""target_score"": 0, ""boundary"": ""XB2_EXCLUDED"", ""boundary_score"": 5, ""matches"": {""XB2_EXCLUDED"": ""合同,格式条款,boost:合同,boost:格式条款""}, ""explicit_boundary_modules"": {""XB2_EXCLUDED"": [""合同""]}, ""override"": ""explicit_boundary_term""}",exclude_from_three_target_lines,main_matrix_original
2026_通州_一模,2026,通州,一模,11,,question,XB2_EXCLUDED,objective,/Users/wanglifei/Desktop/北京高考政治/reports/必修二三与必修四文化_题源分类准备_20260617_1301/02_text_cache/ocr_cache/2026_通州_一模/2026北京通州高三一模政治.ocr.txt,ocr-cache,module-boundary-excluded,/Users/wanglifei/Desktop/北京高考政治/reports/必修二三与必修四文化_题源分类准备_20260617_1301/02_text_cache/ocr_absorbed/2026_通州_一模.txt,"{""target"": ""B3_POLITICS_RULE_OF_LAW"", ""target_score"": 9, ""boundary"": ""XB2_EXCLUDED"", ""boundary_score"": 5, ""matches"": {""B3_POLITICS_RULE_OF_LAW"": ""法治政府,行政机关,政府,法院,司法机关,boost:法治政府"", ""XB2_EXCLUDED"": ""诉讼,上诉,boost:诉讼,boost:上诉""}, ""explicit_boundary_modules"": {""XB2_EXCLUDED"": [""诉讼""]}, ""override"": ""explicit_boundary_term""}",exclude_from_three_target_lines,main_matrix_original
2026_通州_一模,2026,通州,一模,12,,question,XB3_EXCLUDED,objective,/Users/wanglifei/Desktop/北京高考政治/reports/必修二三与必修四文化_题源分类准备_20260617_1301/02_text_cache/ocr_cache/2026_通州_一模/2026北京通州高三一模政治.ocr.txt,ocr-cache,module-boundary-excluded,/Users/wanglifei/Desktop/北京高考政治/reports/必修二三与必修四文化_题源分类准备_20260617_1301/02_text_cache/ocr_absorbed/2026_通州_一模.txt,"{""target"": ""B4_CULTURE"", ""target_score"": 1, ""boundary"": ""XB3_EXCLUDED"", ""boundary_score"": 8, ""matches"": {""B4_CULTURE"": ""文艺"", ""XB3_EXCLUDED"": ""辩证思维,创新思维,超前思维,联想思维,boost:辩证思维,boost:创新思维,boost:超前思维,boost:联想思维""}, ""explicit_boundary_modules"": {""XB3_EXCLUDED"": [""辩证思维"", ""创新思维"", ""超前思维""]}, ""override"": ""explicit_boundary_term""}",exclude_from_three_target_lines,main_matrix_original
2026_通州_一模,2026,通州,一模,13,,question,XB3_EXCLUDED,objective,/Users/wanglifei/Desktop/北京高考政治/reports/必修二三与必修四文化_题源分类准备_20260617_1301/02_text_cache/ocr_cache/2026_通州_一模/2026北京通州高三一模政治.ocr.txt,ocr-cache,module-boundary-excluded,/Users/wanglifei/Desktop/北京高考政治/reports/必修二三与必修四文化_题源分类准备_20260617_1301/02_text_cache/ocr_absorbed/2026_通州_一模.txt,"{""target"": ""B4_CULTURE"", ""target_score"": 1, ""boundary"": ""XB3_EXCLUDED"", ""boundary_score"": 8, ""matches"": {""B4_CULTURE"": ""文化"", ""XB3_EXCLUDED"": ""推理,周延,逻辑规则,boost:推理,boost:周延,boost:逻辑规则""}, ""explicit_boundary_modules"": {""XB3_EXCLUDED"": [""推理""]}, ""override"": ""explicit_boundary_term""}",exclude_from_three_target_lines,main_matrix_original
2026_通州_一模,2026,通州,一模,14,,question,B2_ECONOMICS,objective,/Users/wanglifei/Desktop/北京高考政治/reports/必修二三与必修四文化_题源分类准备_20260617_1301/02_text_cache/ocr_cache/2026_通州_一模/2026北京通州高三一模政治.ocr.txt,ocr-cache,included,/Users/wanglifei/Desktop/北京高考政治/reports/必修二三与必修四文化_题源分类准备_20260617_1301/02_text_cache/ocr_absorbed/2026_通州_一模.txt,"{""target"": ""B2_ECONOMICS"", ""target_score"": 4, ""boundary"": ""B4_PHILOSOPHY_EXCLUDED"", ""boundary_score"": 0, ""matches"": {""B2_ECONOMICS"": ""高质量发展,共同富裕,boost:高质量发展,boost:共同富裕"", ""B3_POLITICS_RULE_OF_LAW"": ""民族区域自治,boost:民族区域自治""}}",future_baodian_intake,main_matrix_original
2026_通州_一模,2026,通州,一模,15,,question,B3_POLITICS_RULE_OF_LAW,objective,/Users/wanglifei/Desktop/北京高考政治/reports/必修二三与必修四文化_题源分类准备_20260617_1301/02_text_cache/ocr_cache/2026_通州_一模/2026北京通州高三一模政治.ocr.txt,ocr-cache,included,/Users/wanglifei/Desktop/北京高考政治/reports/必修二三与必修四文化_题源分类准备_20260617_1301/02_text_cache/ocr_absorbed/2026_通州_一模.txt,"{""target"": ""B3_POLITICS_RULE_OF_LAW"", ""target_score"": 7, ""boundary"": ""B4_PHILOSOPHY_EXCLUDED"", ""boundary_score"": 1, ""matches"": {""B2_ECONOMICS"": ""乡村振兴,boost:乡村振兴"", ""B3_POLITICS_RULE_OF_LAW"": ""协商民主,全过程人民民主,基层治理,boost:协商民主,boost:全过程人民民主,boost:基层治理"", ""B4_PHILOSOPHY_EXCLUDED"": ""实践""}}",future_baodian_intake,main_matrix_original
2026_通州_一模,2026,通州,一模,16,,question,B3_POLITICS_RULE_OF_LAW,subjective,/Users/wanglifei/Desktop/北京高考政治/reports/必修二三与必修四文化_题源分类准备_20260617_1301/02_text_cache/ocr_cache/2026_通州_一模/2026北京通州高三一模政治.ocr.txt,ocr-cache,included,/Users/wanglifei/Desktop/北京高考政治/reports/必修二三与必修四文化_题源分类准备_20260617_1301/02_text_cache/ocr_absorbed/2026_通州_一模.txt,"{""target"": ""B3_POLITICS_RULE_OF_LAW"", ""target_score"": 7, ""boundary"": ""B4_PHILOSOPHY_EXCLUDED"", ""boundary_score"": 2, ""matches"": {""B2_ECONOMICS"": ""经济总量,boost:经济总量"", ""B3_POLITICS_RULE_OF_LAW"": ""政治与法治,党的领导,人民当家作主,国家治理,boost:政治与法治,boost:党的领导,boost:国家治理"", ""B4_PHILOSOPHY_EXCLUDED"": ""实践"", ""B1_EXCLUDED"": ""中国特色社会主义""}}",future_baodian_intake,main_matrix_original
2026_通州_一模,2026,通州,一模,17,,question,B4_PHILOSOPHY_EXCLUDED,subjective,/Users/wanglifei/Desktop/北京高考政治/reports/必修二三与必修四文化_题源分类准备_20260617_1301/02_text_cache/ocr_cache/2026_通州_一模/2026北京通州高三一模政治.ocr.txt,ocr-cache,module-boundary-excluded,/Users/wanglifei/Desktop/北京高考政治/reports/必修二三与必修四文化_题源分类准备_20260617_1301/02_text_cache/ocr_absorbed/2026_通州_一模.txt,"{""target"": ""B2_ECONOMICS"", ""target_score"": 19, ""boundary"": ""B4_PHILOSOPHY_EXCLUDED"", ""boundary_score"": 7, ""matches"": {""B2_ECONOMICS"": ""高质量发展,实体经济,新质生产力,供给侧,消费,产业链,就业,boost:高质量发展,boost:实体经济,boost:新质生产力,boost:产业链,boost:就业"", ""B4_PHILOSOPHY_EXCLUDED"": ""实践,系统优化,矛盾,辩证否定,boost:系统优化,boost:矛盾,boost:辩证否定"", ""XB3_EXCLUDED"": ""逻辑与思维,辩证思维,boost:逻辑与思维,boost:辩证思维""}, ""explicit_boundary_modules"": {""XB3_EXCLUDED"": [""逻辑与思维"", ""辩证思维""], ""B4_PHILOSOPHY_EXCLUDED"": [""系统优化"", ""辩证否定""]}, ""override"": ""explicit_boundary_term""}",exclude_from_three_target_lines,main_matrix_original
2026_通州_一模,2026,通州,一模,18,,question,B4_PHILOSOPHY_EXCLUDED,subjective,/Users/wanglifei/Desktop/北京高考政治/reports/必修二三与必修四文化_题源分类准备_20260617_1301/02_text_cache/ocr_cache/2026_通州_一模/2026北京通州高三一模政治.ocr.txt,ocr-cache,module-boundary-excluded,/Users/wanglifei/Desktop/北京高考政治/reports/必修二三与必修四文化_题源分类准备_20260617_1301/02_text_cache/ocr_absorbed/2026_通州_一模.txt,"{""target"": ""B4_CULTURE"", ""target_score"": 14, ""boundary"": ""B4_PHILOSOPHY_EXCLUDED"", ""boundary_score"": 4, ""matches"": {""B4_CULTURE"": ""文化,中华优秀传统文化,优秀传统文化,传统文化,创新性发展,非遗,boost:中华优秀传统文化,boost:优秀传统文化,boost:传统文化,boost:创新性发展,boost:非遗"", ""B4_PHILOSOPHY_EXCLUDED"": ""实践,辩证否定,boost:辩证否定""}, ""explicit_boundary_modules"": {""B4_PHILOSOPHY_EXCLUDED"": [""辩证否定""]}, ""override"": ""explicit_boundary_term""}",exclude_from_three_target_lines,main_matrix_original
2026_通州_一模,2026,通州,一模,19,,question,XB1_EXCLUDED,subjective,/Users/wanglifei/Desktop/北京高考政治/reports/必修二三与必修四文化_题源分类准备_20260617_1301/02_text_cache/ocr_cache/2026_通州_一模/2026北京通州高三一模政治.ocr.txt,ocr-cache,module-boundary-excluded,/Users/wanglifei/Desktop/北京高考政治/reports/必修二三与必修四文化_题源分类准备_20260617_1301/02_text_cache/ocr_absorbed/2026_通州_一模.txt,"{""target"": ""B2_ECONOMICS"", ""target_score"": 0, ""boundary"": ""XB1_EXCLUDED"", ""boundary_score"": 26, ""matches"": {""XB1_EXCLUDED"": ""当代国际政治与经济,国际关系,国家利益,联合国,全球治理,人类命运共同体,外交,元首外交,上合组织,boost:当代国际政治与经济,boost:国际关系,boost:国家利益""}, ""explicit_boundary_modules"": {""XB1_EXCLUDED"": [""当代国际政治与经济"", ""国际关系"", ""国家利益"", ""联合国"", ""全球治理"", ""人类命运共同体""]}, ""override"": ""explicit_boundary_term""}",exclude_from_three_target_lines,main_matrix_original
2026_通州_一模,2026,通州,一模,2,,question,B4_CULTURE,objective,/Users/wanglifei/Desktop/北京高考政治/reports/必修二三与必修四文化_题源分类准备_20260617_1301/02_text_cache/ocr_cache/2026_通州_一模/2026北京通州高三一模政治.ocr.txt,ocr-cache,included,/Users/wanglifei/Desktop/北京高考政治/reports/必修二三与必修四文化_题源分类准备_20260617_1301/02_text_cache/ocr_absorbed/2026_通州_一模.txt,"{""target"": ""B4_CULTURE"", ""target_score"": 13, ""boundary"": ""B4_PHILOSOPHY_EXCLUDED"", ""boundary_score"": 0, ""matches"": {""B4_CULTURE"": ""文化,文化自信,文化软实力,中式生活,boost:文化自信,boost:文化软实力,boost:中式生活""}}",future_baodian_intake,main_matrix_original
2026_通州_一模,2026,通州,一模,20,,question,XB2_EXCLUDED,subjective,/Users/wanglifei/Desktop/北京高考政治/reports/必修二三与必修四文化_题源分类准备_20260617_1301/02_text_cache/ocr_cache/2026_通州_一模/2026北京通州高三一模政治.ocr.txt,ocr-cache,module-boundary-excluded,/Users/wanglifei/Desktop/北京高考政治/reports/必修二三与必修四文化_题源分类准备_20260617_1301/02_text_cache/ocr_absorbed/2026_通州_一模.txt,"{""target"": ""B4_CULTURE"", ""target_score"": 2, ""boundary"": ""XB2_EXCLUDED"", ""boundary_score"": 14, ""matches"": {""B3_POLITICS_RULE_OF_LAW"": ""法院"", ""B4_CULTURE"": ""社会主义核心价值观,boost:社会主义核心价值观"", ""XB2_EXCLUDED"": ""民法典,侵权,诉讼,侵权责任,赔偿,boost:民法典,boost:侵权,boost:诉讼,boost:侵权责任""}, ""explicit_boundary_modules"": {""XB2_EXCLUDED"": [""民法典"", ""侵权"", ""诉讼""]}, ""override"": ""explicit_boundary_term""}",exclude_from_three_target_lines,main_matrix_original
2026_通州_一模,2026,通州,一模,21,,question,B2_ECONOMICS,subjective,/Users/wanglifei/Desktop/北京高考政治/reports/必修二三与必修四文化_题源分类准备_20260617_1301/02_text_cache/ocr_cache/2026_通州_一模/2026北京通州高三一模政治.ocr.txt,ocr-cache,included,/Users/wanglifei/Desktop/北京高考政治/reports/必修二三与必修四文化_题源分类准备_20260617_1301/02_text_cache/ocr_absorbed/2026_通州_一模.txt,"{""target"": ""B2_ECONOMICS"", ""target_score"": 2, ""boundary"": ""B4_PHILOSOPHY_EXCLUDED"", ""boundary_score"": 1, ""matches"": {""B2_ECONOMICS"": ""新发展理念,boost:新发展理念"", ""B4_PHILOSOPHY_EXCLUDED"": ""实践""}}",future_baodian_intake,main_matrix_original
2026_通州_一模,2026,通州,一模,3,,question,B4_PHILOSOPHY_EXCLUDED,objective,/Users/wanglifei/Desktop/北京高考政治/reports/必修二三与必修四文化_题源分类准备_20260617_1301/02_text_cache/ocr_cache/2026_通州_一模/2026北京通州高三一模政治.ocr.txt,ocr-cache,module-boundary-excluded,/Users/wanglifei/Desktop/北京高考政治/reports/必修二三与必修四文化_题源分类准备_20260617_1301/02_text_cache/ocr_absorbed/2026_通州_一模.txt,"{""target"": ""B3_POLITICS_RULE_OF_LAW"", ""target_score"": 2, ""boundary"": ""B4_PHILOSOPHY_EXCLUDED"", ""boundary_score"": 8, ""matches"": {""B3_POLITICS_RULE_OF_LAW"": ""科学立法,boost:科学立法"", ""B4_PHILOSOPHY_EXCLUDED"": ""实践,辩证否定,社会存在,社会意识,boost:辩证否定,boost:社会存在,boost:社会意识"", ""XB2_EXCLUDED"": ""继承,boost:继承"", ""XB3_EXCLUDED"": ""推理,演绎推理,boost:推理,boost:演绎推理""}, ""explicit_boundary_modules"": {""XB3_EXCLUDED"": [""推理""], ""B4_PHILOSOPHY_EXCLUDED"": [""社会存在"", ""社会意识"", ""辩证否定""]}, ""override"": ""explicit_boundary_term""}",exclude_from_three_target_lines,main_matrix_original
2026_通州_一模,2026,通州,一模,4,,question,B4_PHILOSOPHY_EXCLUDED,objective,/Users/wanglifei/Desktop/北京高考政治/reports/必修二三与必修四文化_题源分类准备_20260617_1301/02_text_cache/ocr_cache/2026_通州_一模/2026北京通州高三一模政治.ocr.txt,ocr-cache,module-boundary-excluded,/Users/wanglifei/Desktop/北京高考政治/reports/必修二三与必修四文化_题源分类准备_20260617_1301/02_text_cache/ocr_absorbed/2026_通州_一模.txt,"{""target"": ""B2_ECONOMICS"", ""target_score"": 2, ""boundary"": ""B4_PHILOSOPHY_EXCLUDED"", ""boundary_score"": 4, ""matches"": {""B2_ECONOMICS"": ""新质生产力,boost:新质生产力"", ""B3_POLITICS_RULE_OF_LAW"": ""政府"", ""B4_PHILOSOPHY_EXCLUDED"": ""系统优化,矛盾,boost:系统优化,boost:矛盾"", ""XB3_EXCLUDED"": ""科学思维,boost:科学思维""}, ""explicit_boundary_modules"": {""XB3_EXCLUDED"": [""科学思维""], ""B4_PHILOSOPHY_EXCLUDED"": [""系统优化""]}, ""override"": ""explicit_boundary_term""}",exclude_from_three_target_lines,main_matrix_original
2026_通州_一模,2026,通州,一模,5,,question,B2_ECONOMICS,objective,/Users/wanglifei/Desktop/北京高考政治/reports/必修二三与必修四文化_题源分类准备_20260617_1301/02_text_cache/ocr_cache/2026_通州_一模/2026北京通州高三一模政治.ocr.txt,ocr-cache,included,/Users/wanglifei/Desktop/北京高考政治/reports/必修二三与必修四文化_题源分类准备_20260617_1301/02_text_cache/ocr_absorbed/2026_通州_一模.txt,"{""target"": ""B2_ECONOMICS"", ""target_score"": 4, ""boundary"": ""B4_PHILOSOPHY_EXCLUDED"", ""boundary_score"": 0, ""matches"": {""B2_ECONOMICS"": ""高质量发展,产业发展,基础设施,boost:高质量发展"", ""B4_CULTURE"": ""文创,boost:文创""}}",future_baodian_intake,main_matrix_original
2026_通州_一模,2026,通州,一模,6,,question,B2_ECONOMICS,objective,/Users/wanglifei/Desktop/北京高考政治/reports/必修二三与必修四文化_题源分类准备_20260617_1301/02_text_cache/ocr_cache/2026_通州_一模/2026北京通州高三一模政治.ocr.txt,ocr-cache,included,/Users/wanglifei/Desktop/北京高考政治/reports/必修二三与必修四文化_题源分类准备_20260617_1301/02_text_cache/ocr_absorbed/2026_通州_一模.txt,"{""target"": ""B2_ECONOMICS"", ""target_score"": 6, ""boundary"": ""B1_EXCLUDED"", ""boundary_score"": 1, ""matches"": {""B2_ECONOMICS"": ""数据要素,经济增长,经济总量,boost:数据要素,boost:经济增长,boost:经济总量"", ""B1_EXCLUDED"": ""改革开放""}}",future_baodian_intake,main_matrix_original
2026_通州_一模,2026,通州,一模,7,,question,B2_ECONOMICS,objective,/Users/wanglifei/Desktop/北京高考政治/reports/必修二三与必修四文化_题源分类准备_20260617_1301/02_text_cache/ocr_cache/2026_通州_一模/2026北京通州高三一模政治.ocr.txt,ocr-cache,included,/Users/wanglifei/Desktop/北京高考政治/reports/必修二三与必修四文化_题源分类准备_20260617_1301/02_text_cache/ocr_absorbed/2026_通州_一模.txt,"{""target"": ""B2_ECONOMICS"", ""target_score"": 13, ""boundary"": ""B4_PHILOSOPHY_EXCLUDED"", ""boundary_score"": 2, ""matches"": {""B2_ECONOMICS"": ""社会保障,消费,扩大内需,养老服务,就业,劳动者,人力资源,boost:社会保障,boost:扩大内需,boost:养老服务,boost:就业"", ""B4_PHILOSOPHY_EXCLUDED"": ""矛盾,boost:矛盾""}}",future_baodian_intake,main_matrix_original
2026_通州_一模,2026,通州,一模,8,,question,XB1_EXCLUDED,objective,/Users/wanglifei/Desktop/北京高考政治/reports/必修二三与必修四文化_题源分类准备_20260617_1301/02_text_cache/ocr_cache/2026_通州_一模/2026北京通州高三一模政治.ocr.txt,ocr-cache,module-boundary-excluded,/Users/wanglifei/Desktop/北京高考政治/reports/必修二三与必修四文化_题源分类准备_20260617_1301/02_text_cache/ocr_absorbed/2026_通州_一模.txt,"{""target"": ""B2_ECONOMICS"", ""target_score"": 0, ""boundary"": ""XB1_EXCLUDED"", ""boundary_score"": 10, ""matches"": {""B4_PHILOSOPHY_EXCLUDED"": ""实践"", ""XB1_EXCLUDED"": ""国家利益,人类命运共同体,外交,南南合作,boost:国家利益,boost:人类命运共同体,boost:外交,boost:南南合作""}, ""explicit_boundary_modules"": {""XB1_EXCLUDED"": [""国家利益"", ""人类命运共同体""]}, ""override"": ""explicit_boundary_term""}",exclude_from_three_target_lines,main_matrix_original
2026_通州_一模,2026,通州,一模,9,,question,B4_CULTURE,objective,/Users/wanglifei/Desktop/北京高考政治/reports/必修二三与必修四文化_题源分类准备_20260617_1301/02_text_cache/ocr_cache/2026_通州_一模/2026北京通州高三一模政治.ocr.txt,ocr-cache,included,/Users/wanglifei/Desktop/北京高考政治/reports/必修二三与必修四文化_题源分类准备_20260617_1301/02_text_cache/ocr_absorbed/2026_通州_一模.txt,"{""target"": ""B4_CULTURE"", ""target_score"": 22, ""boundary"": ""B4_PHILOSOPHY_EXCLUDED"", ""boundary_score"": 0, ""matches"": {""B4_CULTURE"": ""文化,中华优秀传统文化,优秀传统文化,传统文化,文创,文化软实力,boost:中华优秀传统文化,boost:优秀传统文化,boost:传统文化,boost:文创,boost:文化软实力""}}",future_baodian_intake,main_matrix_original
2026_通州_期末,2026,通州,期末,1,,question,B3_POLITICS_RULE_OF_LAW,objective,/Users/wanglifei/Desktop/2026模拟题/2026各区期末和期中/2026通州期末/试卷/试卷.pdf,paper,included,/Users/wanglifei/Desktop/北京高考政治/reports/必修二三与必修四文化_题源分类准备_20260617_1301/03_question_index/question_candidates.csv,"{""target"": ""B3_POLITICS_RULE_OF_LAW"", ""target_score"": 2, ""boundary"": ""B4_PHILOSOPHY_EXCLUDED"", ""boundary_score"": 0, ""matches"": {""B3_POLITICS_RULE_OF_LAW"": ""中国共产党,boost:中国共产党""}}",future_baodian_intake,main_matrix_original
2026_通州_期末,2026,通州,期末,10,,question,UNKNOWN_OR_MIXED,objective,/Users/wanglifei/Desktop/2026模拟题/2026各区期末和期中/2026通州期末/试卷/试卷.pdf,paper,blocked,/Users/wanglifei/Desktop/北京高考政治/reports/必修二三与必修四文化_题源分类准备_20260617_1301/03_question_index/question_candidates.csv,"{""target"": ""B2_ECONOMICS"", ""target_score"": 0, ""boundary"": ""B4_PHILOSOPHY_EXCLUDED"", ""boundary_score"": 1, ""matches"": {""B4_PHILOSOPHY_EXCLUDED"": ""实践""}}",manual_review_needed,main_matrix_original
2026_通州_期末,2026,通州,期末,11,,question,XB3_EXCLUDED,objective,/Users/wanglifei/Desktop/2026模拟题/2026各区期末和期中/2026通州期末/试卷/试卷.pdf,paper,module-boundary-excluded,/Users/wanglifei/Desktop/北京高考政治/reports/必修二三与必修四文化_题源分类准备_20260617_1301/03_question_index/question_candidates.csv,"{""target"": ""B4_CULTURE"", ""target_score"": 6, ""boundary"": ""XB3_EXCLUDED"", ""boundary_score"": 6, ""matches"": {""B4_CULTURE"": ""文化,大运河,时代精神,boost:大运河,boost:时代精神"", ""B4_PHILOSOPHY_EXCLUDED"": ""认识"", ""XB3_EXCLUDED"": ""迁移,推理,类比推理,boost:迁移,boost:推理,boost:类比推理""}, ""explicit_boundary_modules"": {""XB3_EXCLUDED"": [""推理"", ""迁移""]}, ""override"": ""explicit_boundary_term""}",exclude_from_three_target_lines,main_matrix_original
2026_通州_期末,2026,通州,期末,12,,question,XB2_EXCLUDED,objective,/Users/wanglifei/Desktop/2026模拟题/2026各区期末和期中/2026通州期末/试卷/试卷.pdf,paper,module-boundary-excluded,/Users/wanglifei/Desktop/北京高考政治/reports/必修二三与必修四文化_题源分类准备_20260617_1301/03_question_index/question_candidates.csv,"{""target"": ""B2_ECONOMICS"", ""target_score"": 0, ""boundary"": ""XB2_EXCLUDED"", ""boundary_score"": 6, ""matches"": {""XB2_EXCLUDED"": ""合同,继承,所有权,boost:合同,boost:继承,boost:所有权""}, ""explicit_boundary_modules"": {""XB2_EXCLUDED"": [""合同"", ""所有权""]}, ""override"": ""explicit_boundary_term""}",exclude_from_three_target_lines,main_matrix_original
2026_通州_期末,2026,通州,期末,13,,question,XB2_EXCLUDED,objective,/Users/wanglifei/Desktop/2026模拟题/2026各区期末和期中/2026通州期末/试卷/试卷.pdf,paper,module-boundary-excluded,/Users/wanglifei/Desktop/北京高考政治/reports/必修二三与必修四文化_题源分类准备_20260617_1301/03_question_index/question_candidates.csv,"{""target"": ""B3_POLITICS_RULE_OF_LAW"", ""target_score"": 1, ""boundary"": ""XB2_EXCLUDED"", ""boundary_score"": 8, ""matches"": {""B3_POLITICS_RULE_OF_LAW"": ""法院"", ""XB2_EXCLUDED"": ""侵权,举证,赔偿,boost:侵权,boost:举证""}, ""explicit_boundary_modules"": {""XB2_EXCLUDED"": [""侵权""]}, ""override"": ""explicit_boundary_term""}",exclude_from_three_target_lines,main_matrix_original
2026_通州_期末,2026,通州,期末,14,,question,XB1_EXCLUDED,objective,/Users/wanglifei/Desktop/2026模拟题/2026各区期末和期中/2026通州期末/试卷/试卷.pdf,paper,module-boundary-excluded,/Users/wanglifei/Desktop/北京高考政治/reports/必修二三与必修四文化_题源分类准备_20260617_1301/03_question_index/question_candidates.csv,"{""target"": ""B2_ECONOMICS"", ""target_score"": 0, ""boundary"": ""XB1_EXCLUDED"", ""boundary_score"": 2, ""matches"": {""XB1_EXCLUDED"": ""对外开放""}}",exclude_from_three_target_lines,main_matrix_original
2026_通州_期末,2026,通州,期末,15,,question,B2_ECONOMICS,objective,/Users/wanglifei/Desktop/2026模拟题/2026各区期末和期中/2026通州期末/试卷/试卷.pdf,paper,included,/Users/wanglifei/Desktop/北京高考政治/reports/必修二三与必修四文化_题源分类准备_20260617_1301/03_question_index/question_candidates.csv,"{""target"": ""B2_ECONOMICS"", ""target_score"": 3, ""boundary"": ""B4_PHILOSOPHY_EXCLUDED"", ""boundary_score"": 0, ""matches"": {""B2_ECONOMICS"": ""就业,boost:就业""}}",future_baodian_intake,main_matrix_original
2026_通州_期末,2026,通州,期末,16,,question,B4_CULTURE,subjective,/Users/wanglifei/Desktop/2026模拟题/2026各区期末和期中/2026通州期末/试卷/试卷.pdf,paper,included,/Users/wanglifei/Desktop/北京高考政治/reports/必修二三与必修四文化_题源分类准备_20260617_1301/03_question_index/question_candidates.csv,"{""target"": ""B4_CULTURE"", ""target_score"": 25, ""boundary"": ""B4_PHILOSOPHY_EXCLUDED"", ""boundary_score"": 4, ""matches"": {""B4_CULTURE"": ""文化,中华优秀传统文化,优秀传统文化,传统文化,创新性发展,民族精神,爱国主义,文化遗产,文物,boost:中华优秀传统文化,boost:优秀传统文化,boost:传统文化"", ""B4_PHILOSOPHY_EXCLUDED"": ""实践,发展的观点,主观能动性,boost:发展的观点""}}",future_baodian_intake,main_matrix_original
2026_通州_期末,2026,通州,期末,17,,question,B4_CULTURE,subjective,/Users/wanglifei/Desktop/2026模拟题/2026各区期末和期中/2026通州期末/试卷/试卷.pdf,paper,included,/Users/wanglifei/Desktop/北京高考政治/reports/必修二三与必修四文化_题源分类准备_20260617_1301/03_question_index/question_candidates.csv,"{""target"": ""B4_CULTURE"", ""target_score"": 24, ""boundary"": ""B4_PHILOSOPHY_EXCLUDED"", ""boundary_score"": 3, ""matches"": {""B3_POLITICS_RULE_OF_LAW"": ""政治与法治,法治政府,政府,检察,司法机关,人大常委会,科学立法,boost:政治与法治,boost:法治政府,boost:人大常委会,boost:科学立法"", ""B4_CULTURE"": ""文化,文化遗产,中轴线,文物,boost:文化遗产,boost:中轴线,boost:文物"", ""B4_PHILOSOPHY_EXCLUDED"": ""实践""}}",future_baodian_intake,main_matrix_original
2026_通州_期末,2026,通州,期末,18,,question,B2_ECONOMICS,subjective,/Users/wanglifei/Desktop/2026模拟题/2026各区期末和期中/2026通州期末/试卷/试卷.pdf,paper,included,/Users/wanglifei/Desktop/北京高考政治/reports/必修二三与必修四文化_题源分类准备_20260617_1301/03_question_index/question_candidates.csv,"{""target"": ""B2_ECONOMICS"", ""target_score"": 13, ""boundary"": ""B4_PHILOSOPHY_EXCLUDED"", ""boundary_score"": 0, ""matches"": {""B2_ECONOMICS"": ""经济与社会,高质量发展,实体经济,乡村振兴,消费,经济增长,boost:经济与社会,boost:高质量发展,boost:实体经济,boost:乡村振兴,boost:经济增长""}}",future_baodian_intake,main_matrix_original
2026_通州_期末,2026,通州,期末,19,,question,XB3_EXCLUDED,subjective,/Users/wanglifei/Desktop/2026模拟题/2026各区期末和期中/2026通州期末/试卷/试卷.pdf,paper,module-boundary-excluded,/Users/wanglifei/Desktop/北京高考政治/reports/必修二三与必修四文化_题源分类准备_20260617_1301/03_question_index/question_candidates.csv,"{""target"": ""B3_POLITICS_RULE_OF_LAW"", ""target_score"": 4, ""boundary"": ""XB3_EXCLUDED"", ""boundary_score"": 17, ""matches"": {""B3_POLITICS_RULE_OF_LAW"": ""法院"", ""XB2_EXCLUDED"": ""法律与生活,民法典,相邻关系,boost:法律与生活,boost:民法典,boost:相邻关系"", ""XB3_EXCLUDED"": ""逻辑与思维,推理,必要条件,充分条件,boost:逻辑与思维,boost:推理,boost:必要条件,boost:充分条件""}, ""explicit_boundary_modules"": {""XB2_EXCLUDED"": [""法律与生活"", ""民法典""], ""XB3_EXCLUDED"": [""逻辑与思维"", ""推理"", ""假言"", ""充分条件"", ""必要条件""]}, ""override"": ""explicit_boundary_term""}",exclude_from_three_target_lines,main_matrix_original
2026_通州_期末,2026,通州,期末,2,,question,B2_ECONOMICS,objective,/Users/wanglifei/Desktop/2026模拟题/2026各区期末和期中/2026通州期末/试卷/试卷.pdf,paper,included,/Users/wanglifei/Desktop/北京高考政治/reports/必修二三与必修四文化_题源分类准备_20260617_1301/03_question_index/question_candidates.csv,"{""target"": ""B2_ECONOMICS"", ""target_score"": 6, ""boundary"": ""B4_PHILOSOPHY_EXCLUDED"", ""boundary_score"": 1, ""matches"": {""B2_ECONOMICS"": ""新发展理念,高质量发展,基础设施,boost:新发展理念,boost:高质量发展"", ""B3_POLITICS_RULE_OF_LAW"": ""公共服务"", ""B4_PHILOSOPHY_EXCLUDED"": ""实践""}}",future_baodian_intake,main_matrix_original
2026_通州_期末,2026,通州,期末,20,,question,XB1_EXCLUDED,subjective,/Users/wanglifei/Desktop/2026模拟题/2026各区期末和期中/2026通州期末/试卷/试卷.pdf,paper,module-boundary-excluded,/Users/wanglifei/Desktop/北京高考政治/reports/必修二三与必修四文化_题源分类准备_20260617_1301/03_question_index/question_candidates.csv,"{""target"": ""B2_ECONOMICS"", ""target_score"": 0, ""boundary"": ""XB1_EXCLUDED"", ""boundary_score"": 23, ""matches"": {""B4_PHILOSOPHY_EXCLUDED"": ""实践"", ""XB1_EXCLUDED"": ""当代国际政治与经济,联合国,全球治理,和平与发展,boost:当代国际政治与经济,boost:联合国,boost:全球治理,boost:和平与发展""}, ""explicit_boundary_modules"": {""XB1_EXCLUDED"": [""当代国际政治与经济"", ""联合国"", ""全球治理""]}, ""override"": ""explicit_boundary_term""}",exclude_from_three_target_lines,main_matrix_original
2026_通州_期末,2026,通州,期末,21,,question,XB2_EXCLUDED,subjective,/Users/wanglifei/Desktop/2026模拟题/2026各区期末和期中/2026通州期末/试卷/试卷.pdf,paper,module-boundary-excluded,/Users/wanglifei/Desktop/北京高考政治/reports/必修二三与必修四文化_题源分类准备_20260617_1301/03_question_index/question_candidates.csv,"{""target"": ""B2_ECONOMICS"", ""target_score"": 4, ""boundary"": ""XB1_EXCLUDED"", ""boundary_score"": 2, ""matches"": {""B2_ECONOMICS"": ""高质量发展,就业,boost:高质量发展,boost:就业"", ""B3_POLITICS_RULE_OF_LAW"": ""党的领导,boost:党的领导"", ""B4_PHILOSOPHY_EXCLUDED"": ""实践"", ""XB1_EXCLUDED"": ""对外开放"", ""XB2_EXCLUDED"": ""专利,boost:专利""}, ""explicit_boundary_modules"": {""XB2_EXCLUDED"": [""专利""]}, ""override"": ""explicit_boundary_term""}",exclude_from_three_target_lines,main_matrix_original
2026_通州_期末,2026,通州,期末,3,,question,UNKNOWN_OR_MIXED,objective,/Users/wanglifei/Desktop/2026模拟题/2026各区期末和期中/2026通州期末/试卷/试卷.pdf,paper,blocked,/Users/wanglifei/Desktop/北京高考政治/reports/必修二三与必修四文化_题源分类准备_20260617_1301/03_question_index/question_candidates.csv,"{""target"": ""B2_ECONOMICS"", ""target_score"": 0, ""boundary"": ""XB1_EXCLUDED"", ""boundary_score"": 1, ""matches"": {""XB1_EXCLUDED"": ""对外开放""}}",manual_review_needed,main_matrix_original
2026_通州_期末,2026,通州,期末,4,,question,B3_POLITICS_RULE_OF_LAW,objective,/Users/wanglifei/Desktop/2026模拟题/2026各区期末和期中/2026通州期末/试卷/试卷.pdf,paper,included,/Users/wanglifei/Desktop/北京高考政治/reports/必修二三与必修四文化_题源分类准备_20260617_1301/03_question_index/question_candidates.csv,"{""target"": ""B3_POLITICS_RULE_OF_LAW"", ""target_score"": 4, ""boundary"": ""B4_PHILOSOPHY_EXCLUDED"", ""boundary_score"": 0, ""matches"": {""B3_POLITICS_RULE_OF_LAW"": ""政府,公共服务""}}",future_baodian_intake,main_matrix_original
2026_通州_期末,2026,通州,期末,5,,question,XB3_EXCLUDED,objective,/Users/wanglifei/Desktop/2026模拟题/2026各区期末和期中/2026通州期末/试卷/试卷.pdf,paper,module-boundary-excluded,/Users/wanglifei/Desktop/北京高考政治/reports/必修二三与必修四文化_题源分类准备_20260617_1301/03_question_index/question_candidates.csv,"{""target"": ""B3_POLITICS_RULE_OF_LAW"", ""target_score"": 7, ""boundary"": ""XB3_EXCLUDED"", ""boundary_score"": 2, ""matches"": {""B3_POLITICS_RULE_OF_LAW"": ""政府,基层治理,社会治理,boost:基层治理"", ""XB3_EXCLUDED"": ""辩证思维,boost:辩证思维""}, ""explicit_boundary_modules"": {""XB3_EXCLUDED"": [""辩证思维""]}, ""override"": ""explicit_boundary_term""}",exclude_from_three_target_lines,main_matrix_original
2026_通州_期末,2026,通州,期末,6,,question,B4_CULTURE,objective,/Users/wanglifei/Desktop/2026模拟题/2026各区期末和期中/2026通州期末/试卷/试卷.pdf,paper,included,/Users/wanglifei/Desktop/北京高考政治/reports/必修二三与必修四文化_题源分类准备_20260617_1301/03_question_index/question_candidates.csv,"{""target"": ""B4_CULTURE"", ""target_score"": 10, ""boundary"": ""B4_PHILOSOPHY_EXCLUDED"", ""boundary_score"": 0, ""matches"": {""B4_CULTURE"": ""文化,传统文化,创造性转化,boost:传统文化,boost:创造性转化""}}",future_baodian_intake,main_matrix_original
2026_通州_期末,2026,通州,期末,7,,question,B4_CULTURE,objective,/Users/wanglifei/Desktop/2026模拟题/2026各区期末和期中/2026通州期末/试卷/试卷.pdf,paper,included,/Users/wanglifei/Desktop/北京高考政治/reports/必修二三与必修四文化_题源分类准备_20260617_1301/03_question_index/question_candidates.csv,"{""target"": ""B4_CULTURE"", ""target_score"": 7, ""boundary"": ""B4_PHILOSOPHY_EXCLUDED"", ""boundary_score"": 6, ""matches"": {""B4_CULTURE"": ""文化,中华优秀传统文化,优秀传统文化,传统文化,boost:中华优秀传统文化,boost:优秀传统文化,boost:传统文化"", ""B4_PHILOSOPHY_EXCLUDED"": ""矛盾,量变,质变,boost:矛盾,boost:量变,boost:质变""}}",future_baodian_intake,main_matrix_original
2026_通州_期末,2026,通州,期末,8,,question,B4_CULTURE,objective,/Users/wanglifei/Desktop/2026模拟题/2026各区期末和期中/2026通州期末/试卷/试卷.pdf,paper,included,/Users/wanglifei/Desktop/北京高考政治/reports/必修二三与必修四文化_题源分类准备_20260617_1301/03_question_index/question_candidates.csv,"{""target"": ""B4_CULTURE"", ""target_score"": 4, ""boundary"": ""B4_PHILOSOPHY_EXCLUDED"", ""boundary_score"": 0, ""matches"": {""B4_CULTURE"": ""爱国主义,博物馆,boost:爱国主义,boost:博物馆""}}",future_baodian_intake,main_matrix_original
2026_通州_期末,2026,通州,期末,9,,question,XB3_EXCLUDED,objective,/Users/wanglifei/Desktop/2026模拟题/2026各区期末和期中/2026通州期末/试卷/试卷.pdf,paper,module-boundary-excluded,/Users/wanglifei/Desktop/北京高考政治/reports/必修二三与必修四文化_题源分类准备_20260617_1301/03_question_index/question_candidates.csv,"{""target"": ""B2_ECONOMICS"", ""target_score"": 5, ""boundary"": ""XB3_EXCLUDED"", ""boundary_score"": 4, ""matches"": {""B2_ECONOMICS"": ""医保,boost:医保"", ""XB3_EXCLUDED"": ""创新思维,发散思维,boost:创新思维,boost:发散思维""}, ""explicit_boundary_modules"": {""XB3_EXCLUDED"": [""创新思维""]}, ""override"": ""explicit_boundary_term""}",exclude_from_three_target_lines,main_matrix_original
2026_门头沟_一模,2026,门头沟,一模,1,,question,B3_POLITICS_RULE_OF_LAW,objective,/Users/wanglifei/Desktop/2026模拟题/2026各区一模/2026门头沟一模/试卷/试卷.pdf,paper,included,/Users/wanglifei/Desktop/北京高考政治/reports/必修二三与必修四文化_题源分类准备_20260617_1301/03_question_index/question_candidates.csv,"{""target"": ""B3_POLITICS_RULE_OF_LAW"", ""target_score"": 2, ""boundary"": ""B1_EXCLUDED"", ""boundary_score"": 1, ""matches"": {""B3_POLITICS_RULE_OF_LAW"": ""政协,boost:政协"", ""B1_EXCLUDED"": ""中国特色社会主义""}}",future_baodian_intake,main_matrix_original
2026_门头沟_一模,2026,门头沟,一模,10,,question,UNKNOWN_OR_MIXED,objective,/Users/wanglifei/Desktop/2026模拟题/2026各区一模/2026门头沟一模/试卷/试卷.pdf,paper,blocked,/Users/wanglifei/Desktop/北京高考政治/reports/必修二三与必修四文化_题源分类准备_20260617_1301/03_question_index/question_candidates.csv,"{""target"": ""B2_ECONOMICS"", ""target_score"": 0, ""boundary"": ""B4_PHILOSOPHY_EXCLUDED"", ""boundary_score"": 0, ""matches"": {}}",manual_review_needed,main_matrix_original
2026_门头沟_一模,2026,门头沟,一模,11,,question,XB2_EXCLUDED,objective,/Users/wanglifei/Desktop/2026模拟题/2026各区一模/2026门头沟一模/试卷/试卷.pdf,paper,module-boundary-excluded,/Users/wanglifei/Desktop/北京高考政治/reports/必修二三与必修四文化_题源分类准备_20260617_1301/03_question_index/question_candidates.csv,"{""target"": ""B2_ECONOMICS"", ""target_score"": 1, ""boundary"": ""XB2_EXCLUDED"", ""boundary_score"": 8, ""matches"": {""B2_ECONOMICS"": ""市场主体"", ""B3_POLITICS_RULE_OF_LAW"": ""法院"", ""XB2_EXCLUDED"": ""诉讼,民事,民事主体,专利,boost:诉讼,boost:民事,boost:民事主体,boost:专利""}, ""explicit_boundary_modules"": {""XB2_EXCLUDED"": [""诉讼"", ""民事"", ""专利""]}, ""override"": ""explicit_boundary_term""}",exclude_from_three_target_lines,main_matrix_original
2026_门头沟_一模,2026,门头沟,一模,12,,question,B2_ECONOMICS,objective,/Users/wanglifei/Desktop/2026模拟题/2026各区一模/2026门头沟一模/试卷/试卷.pdf,paper,included,/Users/wanglifei/Desktop/北京高考政治/reports/必修二三与必修四文化_题源分类准备_20260617_1301/03_question_index/question_candidates.csv,"{""target"": ""B2_ECONOMICS"", ""target_score"": 8, ""boundary"": ""B4_PHILOSOPHY_EXCLUDED"", ""boundary_score"": 0, ""matches"": {""B2_ECONOMICS"": ""有效市场,有为政府,社会保障,税收,消费,boost:社会保障,boost:税收"", ""B3_POLITICS_RULE_OF_LAW"": ""政府,公共服务"", ""B4_CULTURE"": ""文化,文化产业""}}",future_baodian_intake,main_matrix_original
2026_门头沟_一模,2026,门头沟,一模,13,,question,XB2_EXCLUDED,objective,/Users/wanglifei/Desktop/2026模拟题/2026各区一模/2026门头沟一模/试卷/试卷.pdf,paper,module-boundary-excluded,/Users/wanglifei/Desktop/北京高考政治/reports/必修二三与必修四文化_题源分类准备_20260617_1301/03_question_index/question_candidates.csv,"{""target"": ""B2_ECONOMICS"", ""target_score"": 2, ""boundary"": ""XB2_EXCLUDED"", ""boundary_score"": 4, ""matches"": {""B2_ECONOMICS"": ""高质量发展,boost:高质量发展"", ""XB2_EXCLUDED"": ""知识产权,专利,boost:知识产权,boost:专利""}, ""explicit_boundary_modules"": {""XB2_EXCLUDED"": [""知识产权"", ""专利""]}, ""override"": ""explicit_boundary_term""}",exclude_from_three_target_lines,main_matrix_original
2026_门头沟_一模,2026,门头沟,一模,14,,question,XB1_EXCLUDED,objective,/Users/wanglifei/Desktop/2026模拟题/2026各区一模/2026门头沟一模/试卷/试卷.pdf,paper,module-boundary-excluded,/Users/wanglifei/Desktop/北京高考政治/reports/必修二三与必修四文化_题源分类准备_20260617_1301/03_question_index/question_candidates.csv,"{""target"": ""B2_ECONOMICS"", ""target_score"": 0, ""boundary"": ""XB1_EXCLUDED"", ""boundary_score"": 10, ""matches"": {""XB1_EXCLUDED"": ""联合国,全球治理,人类命运共同体,boost:联合国,boost:全球治理,boost:人类命运共同体""}, ""explicit_boundary_modules"": {""XB1_EXCLUDED"": [""联合国"", ""全球治理"", ""人类命运共同体""]}, ""override"": ""explicit_boundary_term""}",exclude_from_three_target_lines,main_matrix_original
2026_门头沟_一模,2026,门头沟,一模,15,,question,XB2_EXCLUDED,objective,/Users/wanglifei/Desktop/2026模拟题/2026各区一模/2026门头沟一模/试卷/试卷.pdf,paper,module-boundary-excluded,/Users/wanglifei/Desktop/北京高考政治/reports/必修二三与必修四文化_题源分类准备_20260617_1301/03_question_index/question_candidates.csv,"{""target"": ""B2_ECONOMICS"", ""target_score"": 2, ""boundary"": ""XB1_EXCLUDED"", ""boundary_score"": 2, ""matches"": {""B2_ECONOMICS"": ""经济增长,boost:经济增长"", ""XB1_EXCLUDED"": ""国际贸易,boost:国际贸易"", ""XB2_EXCLUDED"": ""专利,boost:专利""}, ""explicit_boundary_modules"": {""XB2_EXCLUDED"": [""专利""]}, ""override"": ""explicit_boundary_term""}",exclude_from_three_target_lines,main_matrix_original
2026_门头沟_一模,2026,门头沟,一模,16,,question,B4_CULTURE,subjective,/Users/wanglifei/Desktop/2026模拟题/2026各区一模/2026门头沟一模/试卷/试卷.pdf,paper,included,/Users/wanglifei/Desktop/北京高考政治/reports/必修二三与必修四文化_题源分类准备_20260617_1301/03_question_index/question_candidates.csv,"{""target"": ""B4_CULTURE"", ""target_score"": 5, ""boundary"": ""B4_PHILOSOPHY_EXCLUDED"", ""boundary_score"": 0, ""matches"": {""B4_CULTURE"": ""文化,文物,boost:文物""}}",future_baodian_intake,main_matrix_original
2026_门头沟_一模,2026,门头沟,一模,17,,question,B3_POLITICS_RULE_OF_LAW,subjective,/Users/wanglifei/Desktop/2026模拟题/2026各区一模/2026门头沟一模/试卷/试卷.pdf,paper,included,/Users/wanglifei/Desktop/北京高考政治/reports/必修二三与必修四文化_题源分类准备_20260617_1301/03_question_index/question_candidates.csv,"{""target"": ""B3_POLITICS_RULE_OF_LAW"", ""target_score"": 2, ""boundary"": ""B4_PHILOSOPHY_EXCLUDED"", ""boundary_score"": 0, ""matches"": {""B3_POLITICS_RULE_OF_LAW"": ""政治与法治,boost:政治与法治"", ""B4_CULTURE"": ""文化""}}",future_baodian_intake,main_matrix_original
2026_门头沟_一模,2026,门头沟,一模,18,,question,XB2_EXCLUDED,subjective,/Users/wanglifei/Desktop/2026模拟题/2026各区一模/2026门头沟一模/试卷/试卷.pdf,paper,module-boundary-excluded,/Users/wanglifei/Desktop/北京高考政治/reports/必修二三与必修四文化_题源分类准备_20260617_1301/03_question_index/question_candidates.csv,"{""target"": ""B3_POLITICS_RULE_OF_LAW"", ""target_score"": 6, ""boundary"": ""XB2_EXCLUDED"", ""boundary_score"": 15, ""matches"": {""B3_POLITICS_RULE_OF_LAW"": ""法院"", ""B4_CULTURE"": ""文物,boost:文物"", ""XB2_EXCLUDED"": ""法律与生活,诉讼,调解,民事,boost:法律与生活,boost:诉讼,boost:调解,boost:民事"", ""XB3_EXCLUDED"": ""逻辑与思维,科学思维,boost:逻辑与思维,boost:科学思维""}, ""explicit_boundary_modules"": {""XB2_EXCLUDED"": [""法律与生活"", ""诉讼"", ""民事""], ""XB3_EXCLUDED"": [""逻辑与思维"", ""科学思维""]}, ""override"": ""explicit_boundary_term""}",exclude_from_three_target_lines,main_matrix_original
2026_门头沟_一模,2026,门头沟,一模,19,,question,B2_ECONOMICS,subjective,/Users/wanglifei/Desktop/2026模拟题/2026各区一模/2026门头沟一模/试卷/试卷.pdf,paper,included,/Users/wanglifei/Desktop/北京高考政治/reports/必修二三与必修四文化_题源分类准备_20260617_1301/03_question_index/question_candidates.csv,"{""target"": ""B2_ECONOMICS"", ""target_score"": 8, ""boundary"": ""B4_PHILOSOPHY_EXCLUDED"", ""boundary_score"": 0, ""matches"": {""B2_ECONOMICS"": ""经济与社会,财政,消费,boost:经济与社会,boost:财政""}}",future_baodian_intake,main_matrix_original
2026_门头沟_一模,2026,门头沟,一模,2,,question,B3_POLITICS_RULE_OF_LAW,objective,/Users/wanglifei/Desktop/2026模拟题/2026各区一模/2026门头沟一模/试卷/试卷.pdf,paper,included,/Users/wanglifei/Desktop/北京高考政治/reports/必修二三与必修四文化_题源分类准备_20260617_1301/03_question_index/question_candidates.csv,"{""target"": ""B3_POLITICS_RULE_OF_LAW"", ""target_score"": 2, ""boundary"": ""B1_EXCLUDED"", ""boundary_score"": 1, ""matches"": {""B3_POLITICS_RULE_OF_LAW"": ""中国共产党,boost:中国共产党"", ""B1_EXCLUDED"": ""中国梦""}}",future_baodian_intake,main_matrix_original
2026_门头沟_一模,2026,门头沟,一模,20,,question,XB1_EXCLUDED,subjective,/Users/wanglifei/Desktop/2026模拟题/2026各区一模/2026门头沟一模/试卷/试卷.pdf,paper,module-boundary-excluded,/Users/wanglifei/Desktop/北京高考政治/reports/必修二三与必修四文化_题源分类准备_20260617_1301/03_question_index/question_candidates.csv,"{""target"": ""B2_ECONOMICS"", ""target_score"": 2, ""boundary"": ""XB1_EXCLUDED"", ""boundary_score"": 3, ""matches"": {""B2_ECONOMICS"": ""税收,boost:税收"", ""XB1_EXCLUDED"": ""当代国际政治与经济,对外开放,boost:当代国际政治与经济""}, ""explicit_boundary_modules"": {""XB1_EXCLUDED"": [""当代国际政治与经济""]}, ""override"": ""explicit_boundary_term""}",exclude_from_three_target_lines,main_matrix_original
2026_门头沟_一模,2026,门头沟,一模,21,,question,B2_ECONOMICS,subjective,/Users/wanglifei/Desktop/2026模拟题/2026各区一模/2026门头沟一模/试卷/试卷.pdf,paper,included,/Users/wanglifei/Desktop/北京高考政治/reports/必修二三与必修四文化_题源分类准备_20260617_1301/03_question_index/question_candidates.csv,"{""target"": ""B2_ECONOMICS"", ""target_score"": 3, ""boundary"": ""B4_PHILOSOPHY_EXCLUDED"", ""boundary_score"": 0, ""matches"": {""B2_ECONOMICS"": ""高质量发展,消费,boost:高质量发展"", ""B3_POLITICS_RULE_OF_LAW"": ""国家治理,boost:国家治理""}}",future_baodian_intake,main_matrix_original
2026_门头沟_一模,2026,门头沟,一模,3,,question,B2_ECONOMICS,objective,/Users/wanglifei/Desktop/2026模拟题/2026各区一模/2026门头沟一模/试卷/试卷.pdf,paper,included,/Users/wanglifei/Desktop/北京高考政治/reports/必修二三与必修四文化_题源分类准备_20260617_1301/03_question_index/question_candidates.csv,"{""target"": ""B2_ECONOMICS"", ""target_score"": 2, ""boundary"": ""B4_PHILOSOPHY_EXCLUDED"", ""boundary_score"": 0, ""matches"": {""B2_ECONOMICS"": ""社会保障,boost:社会保障"", ""B4_CULTURE"": ""文化""}}",future_baodian_intake,main_matrix_original
2026_门头沟_一模,2026,门头沟,一模,4,,question,B4_CULTURE,objective,/Users/wanglifei/Desktop/2026模拟题/2026各区一模/2026门头沟一模/试卷/试卷.pdf,paper,included,/Users/wanglifei/Desktop/北京高考政治/reports/必修二三与必修四文化_题源分类准备_20260617_1301/03_question_index/question_candidates.csv,"{""target"": ""B4_CULTURE"", ""target_score"": 3, ""boundary"": ""B4_PHILOSOPHY_EXCLUDED"", ""boundary_score"": 1, ""matches"": {""B2_ECONOMICS"": ""消费"", ""B4_CULTURE"": ""文化,文旅,boost:文旅"", ""B4_PHILOSOPHY_EXCLUDED"": ""实践""}}",future_baodian_intake,main_matrix_original
2026_门头沟_一模,2026,门头沟,一模,5,,question,B4_PHILOSOPHY_EXCLUDED,objective,/Users/wanglifei/Desktop/2026模拟题/2026各区一模/2026门头沟一模/试卷/试卷.pdf,paper,module-boundary-excluded,/Users/wanglifei/Desktop/北京高考政治/reports/必修二三与必修四文化_题源分类准备_20260617_1301/03_question_index/question_candidates.csv,"{""target"": ""B2_ECONOMICS"", ""target_score"": 0, ""boundary"": ""B4_PHILOSOPHY_EXCLUDED"", ""boundary_score"": 4, ""matches"": {""B4_PHILOSOPHY_EXCLUDED"": ""系统优化,矛盾,boost:系统优化,boost:矛盾""}, ""explicit_boundary_modules"": {""B4_PHILOSOPHY_EXCLUDED"": [""系统优化""]}, ""override"": ""explicit_boundary_term""}",exclude_from_three_target_lines,main_matrix_original
2026_门头沟_一模,2026,门头沟,一模,6,,question,XB3_EXCLUDED,objective,/Users/wanglifei/Desktop/2026模拟题/2026各区一模/2026门头沟一模/试卷/试卷.pdf,paper,module-boundary-excluded,/Users/wanglifei/Desktop/北京高考政治/reports/必修二三与必修四文化_题源分类准备_20260617_1301/03_question_index/question_candidates.csv,"{""target"": ""B2_ECONOMICS"", ""target_score"": 0, ""boundary"": ""XB3_EXCLUDED"", ""boundary_score"": 7, ""matches"": {""XB3_EXCLUDED"": ""推理,属种关系,类比推理,boost:推理,boost:属种关系,boost:类比推理""}, ""explicit_boundary_modules"": {""XB3_EXCLUDED"": [""推理""]}, ""override"": ""explicit_boundary_term""}",exclude_from_three_target_lines,main_matrix_original
2026_门头沟_一模,2026,门头沟,一模,7,,question,XB3_EXCLUDED,objective,/Users/wanglifei/Desktop/2026模拟题/2026各区一模/2026门头沟一模/试卷/试卷.pdf,paper,module-boundary-excluded,/Users/wanglifei/Desktop/北京高考政治/reports/必修二三与必修四文化_题源分类准备_20260617_1301/03_question_index/question_candidates.csv,"{""target"": ""B2_ECONOMICS"", ""target_score"": 0, ""boundary"": ""B4_PHILOSOPHY_EXCLUDED"", ""boundary_score"": 3, ""matches"": {""B4_PHILOSOPHY_EXCLUDED"": ""实践"", ""XB3_EXCLUDED"": ""辩证思维,boost:辩证思维""}, ""explicit_boundary_modules"": {""XB3_EXCLUDED"": [""辩证思维""]}, ""override"": ""explicit_boundary_term""}",exclude_from_three_target_lines,main_matrix_original
2026_门头沟_一模,2026,门头沟,一模,8,,question,UNKNOWN_OR_MIXED,objective,/Users/wanglifei/Desktop/2026模拟题/2026各区一模/2026门头沟一模/试卷/试卷.pdf,paper,blocked,/Users/wanglifei/Desktop/北京高考政治/reports/必修二三与必修四文化_题源分类准备_20260617_1301/03_question_index/question_candidates.csv,"{""target"": ""B2_ECONOMICS"", ""target_score"": 0, ""boundary"": ""B1_EXCLUDED"", ""boundary_score"": 1, ""matches"": {""B1_EXCLUDED"": ""中国特色社会主义""}}",manual_review_needed,main_matrix_original
2026_门头沟_一模,2026,门头沟,一模,9,,question,B3_POLITICS_RULE_OF_LAW,objective,/Users/wanglifei/Desktop/2026模拟题/2026各区一模/2026门头沟一模/试卷/试卷.pdf,paper,included,/Users/wanglifei/Desktop/北京高考政治/reports/必修二三与必修四文化_题源分类准备_20260617_1301/03_question_index/question_candidates.csv,"{""target"": ""B3_POLITICS_RULE_OF_LAW"", ""target_score"": 7, ""boundary"": ""B4_PHILOSOPHY_EXCLUDED"", ""boundary_score"": 0, ""matches"": {""B2_ECONOMICS"": ""共同富裕,居民收入,boost:共同富裕"", ""B3_POLITICS_RULE_OF_LAW"": ""民族区域自治,宪法,国家治理,boost:民族区域自治,boost:宪法,boost:国家治理""}}",future_baodian_intake,main_matrix_original
2026_顺义_一模,2026,顺义,一模,1,,question,B3_POLITICS_RULE_OF_LAW,objective,/Users/wanglifei/Desktop/2026模拟题/2026各区一模/2026顺义一模/试卷/试卷.pdf,paper,included,/Users/wanglifei/Desktop/北京高考政治/reports/必修二三与必修四文化_题源分类准备_20260617_1301/03_question_index/question_candidates.csv,"{""target"": ""B3_POLITICS_RULE_OF_LAW"", ""target_score"": 4, ""boundary"": ""B1_EXCLUDED"", ""boundary_score"": 1, ""matches"": {""B2_ECONOMICS"": ""社会保障,boost:社会保障"", ""B3_POLITICS_RULE_OF_LAW"": ""中国共产党,党的领导,boost:中国共产党,boost:党的领导"", ""B1_EXCLUDED"": ""中国特色社会主义""}}",future_baodian_intake,main_matrix_original
2026_顺义_一模,2026,顺义,一模,10,,question,XB2_EXCLUDED,objective,/Users/wanglifei/Desktop/2026模拟题/2026各区一模/2026顺义一模/试卷/试卷.pdf,paper,module-boundary-excluded,/Users/wanglifei/Desktop/北京高考政治/reports/必修二三与必修四文化_题源分类准备_20260617_1301/03_question_index/question_candidates.csv,"{""target"": ""B3_POLITICS_RULE_OF_LAW"", ""target_score"": 2, ""boundary"": ""XB2_EXCLUDED"", ""boundary_score"": 13, ""matches"": {""B3_POLITICS_RULE_OF_LAW"": ""法院"", ""XB2_EXCLUDED"": ""侵权,诉讼,民事,民事主体,侵权责任,赔偿,boost:侵权,boost:诉讼,boost:民事,boost:民事主体,boost:侵权责任""}, ""explicit_boundary_modules"": {""XB2_EXCLUDED"": [""侵权"", ""诉讼"", ""民事""]}, ""override"": ""explicit_boundary_term""}",exclude_from_three_target_lines,main_matrix_original
2026_顺义_一模,2026,顺义,一模,11,,question,XB2_EXCLUDED,objective,/Users/wanglifei/Desktop/2026模拟题/2026各区一模/2026顺义一模/试卷/试卷.pdf,paper,module-boundary-excluded,/Users/wanglifei/Desktop/北京高考政治/reports/必修二三与必修四文化_题源分类准备_20260617_1301/03_question_index/question_candidates.csv,"{""target"": ""B3_POLITICS_RULE_OF_LAW"", ""target_score"": 1, ""boundary"": ""XB2_EXCLUDED"", ""boundary_score"": 18, ""matches"": {""B3_POLITICS_RULE_OF_LAW"": ""法院"", ""XB2_EXCLUDED"": ""侵权,诉讼,人格权,举证,民事,民事行为能力,赔偿,监护人,辩护人,boost:侵权,boost:诉讼,boost:人格权""}, ""explicit_boundary_modules"": {""XB2_EXCLUDED"": [""侵权"", ""诉讼"", ""民事"", ""人格权""]}, ""override"": ""explicit_boundary_term""}",exclude_from_three_target_lines,main_matrix_original
2026_顺义_一模,2026,顺义,一模,12,,question,B2_ECONOMICS,objective,/Users/wanglifei/Desktop/2026模拟题/2026各区一模/2026顺义一模/试卷/试卷.pdf,paper,included,/Users/wanglifei/Desktop/北京高考政治/reports/必修二三与必修四文化_题源分类准备_20260617_1301/03_question_index/question_candidates.csv,"{""target"": ""B2_ECONOMICS"", ""target_score"": 7, ""boundary"": ""B4_PHILOSOPHY_EXCLUDED"", ""boundary_score"": 0, ""matches"": {""B2_ECONOMICS"": ""高质量发展,产业链,供应链,boost:高质量发展,boost:产业链,boost:供应链""}}",future_baodian_intake,main_matrix_original
2026_顺义_一模,2026,顺义,一模,13,,question,B2_ECONOMICS,objective,/Users/wanglifei/Desktop/2026模拟题/2026各区一模/2026顺义一模/试卷/试卷.pdf,paper,included,/Users/wanglifei/Desktop/北京高考政治/reports/必修二三与必修四文化_题源分类准备_20260617_1301/03_question_index/question_candidates.csv,"{""target"": ""B2_ECONOMICS"", ""target_score"": 10, ""boundary"": ""B4_PHILOSOPHY_EXCLUDED"", ""boundary_score"": 0, ""matches"": {""B2_ECONOMICS"": ""社会保障,低保,社会救助,boost:社会保障,boost:低保,boost:社会救助"", ""B3_POLITICS_RULE_OF_LAW"": ""政府""}}",future_baodian_intake,main_matrix_original
2026_顺义_一模,2026,顺义,一模,14,,question,XB1_EXCLUDED,objective,/Users/wanglifei/Desktop/2026模拟题/2026各区一模/2026顺义一模/试卷/试卷.pdf,paper,module-boundary-excluded,/Users/wanglifei/Desktop/北京高考政治/reports/必修二三与必修四文化_题源分类准备_20260617_1301/03_question_index/question_candidates.csv,"{""target"": ""B2_ECONOMICS"", ""target_score"": 2, ""boundary"": ""XB1_EXCLUDED"", ""boundary_score"": 7, ""matches"": {""B2_ECONOMICS"": ""高质量发展,boost:高质量发展"", ""XB1_EXCLUDED"": ""国际贸易,全球价值链,贸易强国,boost:国际贸易,boost:全球价值链,boost:贸易强国""}}",exclude_from_three_target_lines,main_matrix_original
2026_顺义_一模,2026,顺义,一模,15,,question,XB1_EXCLUDED,objective,/Users/wanglifei/Desktop/2026模拟题/2026各区一模/2026顺义一模/试卷/试卷.pdf,paper,module-boundary-excluded,/Users/wanglifei/Desktop/北京高考政治/reports/必修二三与必修四文化_题源分类准备_20260617_1301/03_question_index/question_candidates.csv,"{""target"": ""B2_ECONOMICS"", ""target_score"": 4, ""boundary"": ""XB1_EXCLUDED"", ""boundary_score"": 13, ""matches"": {""B2_ECONOMICS"": ""新质生产力,boost:新质生产力"", ""B4_PHILOSOPHY_EXCLUDED"": ""实践"", ""XB1_EXCLUDED"": ""全球治理,世界多极化,国际组织,金砖,boost:全球治理,boost:世界多极化,boost:国际组织,boost:金砖""}, ""explicit_boundary_modules"": {""XB1_EXCLUDED"": [""世界多极化"", ""全球治理"", ""国际组织""]}, ""override"": ""explicit_boundary_term""}",exclude_from_three_target_lines,main_matrix_original
2026_顺义_一模,2026,顺义,一模,16,,question,XB1_EXCLUDED,subjective,/Users/wanglifei/Desktop/2026模拟题/2026各区一模/2026顺义一模/试卷/试卷.pdf,paper,module-boundary-excluded,/Users/wanglifei/Desktop/北京高考政治/reports/必修二三与必修四文化_题源分类准备_20260617_1301/03_question_index/question_candidates.csv,"{""target"": ""B3_POLITICS_RULE_OF_LAW"", ""target_score"": 1, ""boundary"": ""XB1_EXCLUDED"", ""boundary_score"": 2, ""matches"": {""B3_POLITICS_RULE_OF_LAW"": ""社会治理"", ""B4_CULTURE"": ""文化"", ""XB1_EXCLUDED"": ""全球治理,boost:全球治理""}, ""explicit_boundary_modules"": {""XB1_EXCLUDED"": [""全球治理""]}, ""override"": ""explicit_boundary_term""}",exclude_from_three_target_lines,main_matrix_original
2026_顺义_一模,2026,顺义,一模,17,,question,B3_POLITICS_RULE_OF_LAW,subjective,/Users/wanglifei/Desktop/2026模拟题/2026各区一模/2026顺义一模/试卷/试卷.pdf,paper,included,/Users/wanglifei/Desktop/北京高考政治/reports/必修二三与必修四文化_题源分类准备_20260617_1301/03_question_index/question_candidates.csv,"{""target"": ""B3_POLITICS_RULE_OF_LAW"", ""target_score"": 4, ""boundary"": ""B4_PHILOSOPHY_EXCLUDED"", ""boundary_score"": 0, ""matches"": {""B3_POLITICS_RULE_OF_LAW"": ""政治与法治,政府,boost:政治与法治""}}",future_baodian_intake,main_matrix_original
2026_顺义_一模,2026,顺义,一模,18,,question,XB2_EXCLUDED,subjective,/Users/wanglifei/Desktop/2026模拟题/2026各区一模/2026顺义一模/试卷/试卷.pdf,paper,module-boundary-excluded,/Users/wanglifei/Desktop/北京高考政治/reports/必修二三与必修四文化_题源分类准备_20260617_1301/03_question_index/question_candidates.csv,"{""target"": ""B2_ECONOMICS"", ""target_score"": 4, ""boundary"": ""XB2_EXCLUDED"", ""boundary_score"": 22, ""matches"": {""B2_ECONOMICS"": ""劳动者"", ""B3_POLITICS_RULE_OF_LAW"": ""法院"", ""XB2_EXCLUDED"": ""法律与生活,合同,劳动合同,劳动关系,诉讼,仲裁,违约,boost:法律与生活,boost:合同,boost:劳动合同,boost:劳动关系,boost:诉讼""}, ""explicit_boundary_modules"": {""XB2_EXCLUDED"": [""法律与生活"", ""合同"", ""诉讼"", ""劳动合同""]}, ""override"": ""explicit_boundary_term""}",exclude_from_three_target_lines,main_matrix_original
2026_顺义_一模,2026,顺义,一模,19,,question,XB3_EXCLUDED,subjective,/Users/wanglifei/Desktop/2026模拟题/2026各区一模/2026顺义一模/试卷/试卷.pdf,paper,module-boundary-excluded,/Users/wanglifei/Desktop/北京高考政治/reports/必修二三与必修四文化_题源分类准备_20260617_1301/03_question_index/question_candidates.csv,"{""target"": ""B2_ECONOMICS"", ""target_score"": 5, ""boundary"": ""XB3_EXCLUDED"", ""boundary_score"": 8, ""matches"": {""B2_ECONOMICS"": ""消费,产业链,经济增长,boost:产业链,boost:经济增长"", ""B3_POLITICS_RULE_OF_LAW"": ""公共服务"", ""XB3_EXCLUDED"": ""逻辑与思维,科学思维,推理,推论,boost:逻辑与思维,boost:科学思维,boost:推理,boost:推论""}, ""explicit_boundary_modules"": {""XB3_EXCLUDED"": [""逻辑与思维"", ""科学思维"", ""推理""]}, ""override"": ""explicit_boundary_term""}",exclude_from_three_target_lines,main_matrix_original
2026_顺义_一模,2026,顺义,一模,2,,question,UNKNOWN_OR_MIXED,objective,/Users/wanglifei/Desktop/2026模拟题/2026各区一模/2026顺义一模/试卷/试卷.pdf,paper,blocked,/Users/wanglifei/Desktop/北京高考政治/reports/必修二三与必修四文化_题源分类准备_20260617_1301/03_question_index/question_candidates.csv,"{""target"": ""B4_CULTURE"", ""target_score"": 1, ""boundary"": ""B4_PHILOSOPHY_EXCLUDED"", ""boundary_score"": 0, ""matches"": {""B4_CULTURE"": ""文化""}}",manual_review_needed,main_matrix_original
2026_顺义_一模,2026,顺义,一模,20,,question,XB1_EXCLUDED,subjective,/Users/wanglifei/Desktop/2026模拟题/2026各区一模/2026顺义一模/试卷/试卷.pdf,paper,module-boundary-excluded,/Users/wanglifei/Desktop/北京高考政治/reports/必修二三与必修四文化_题源分类准备_20260617_1301/03_question_index/question_candidates.csv,"{""target"": ""B2_ECONOMICS"", ""target_score"": 0, ""boundary"": ""XB1_EXCLUDED"", ""boundary_score"": 6, ""matches"": {""B4_PHILOSOPHY_EXCLUDED"": ""实践"", ""XB1_EXCLUDED"": ""当代国际政治与经济,南南合作,boost:当代国际政治与经济,boost:南南合作""}, ""explicit_boundary_modules"": {""XB1_EXCLUDED"": [""当代国际政治与经济""]}, ""override"": ""explicit_boundary_term""}",exclude_from_three_target_lines,main_matrix_original
2026_顺义_一模,2026,顺义,一模,21,,question,XB1_EXCLUDED,subjective,/Users/wanglifei/Desktop/2026模拟题/2026各区一模/2026顺义一模/试卷/试卷.pdf,paper,module-boundary-excluded,/Users/wanglifei/Desktop/北京高考政治/reports/必修二三与必修四文化_题源分类准备_20260617_1301/03_question_index/question_candidates.csv,"{""target"": ""B4_CULTURE"", ""target_score"": 9, ""boundary"": ""B4_PHILOSOPHY_EXCLUDED"", ""boundary_score"": 2, ""matches"": {""B2_ECONOMICS"": ""高质量发展,经济总量,boost:高质量发展,boost:经济总量"", ""B3_POLITICS_RULE_OF_LAW"": ""中国共产党,boost:中国共产党"", ""B4_CULTURE"": ""文化,中华优秀传统文化,优秀传统文化,传统文化,中华文明,boost:中华优秀传统文化,boost:优秀传统文化,boost:传统文化,boost:中华文明"", ""B4_PHILOSOPHY_EXCLUDED"": ""人民群众,boost:人民群众"", ""XB1_EXCLUDED"": ""全球治理,boost:全球治理""}, ""explicit_boundary_modules"": {""XB1_EXCLUDED"": [""全球治理""]}, ""override"": ""explicit_boundary_term""}",exclude_from_three_target_lines,main_matrix_original
2026_顺义_一模,2026,顺义,一模,3,,question,XB3_EXCLUDED,objective,/Users/wanglifei/Desktop/2026模拟题/2026各区一模/2026顺义一模/试卷/试卷.pdf,paper,module-boundary-excluded,/Users/wanglifei/Desktop/北京高考政治/reports/必修二三与必修四文化_题源分类准备_20260617_1301/03_question_index/question_candidates.csv,"{""target"": ""B2_ECONOMICS"", ""target_score"": 0, ""boundary"": ""B4_PHILOSOPHY_EXCLUDED"", ""boundary_score"": 3, ""matches"": {""B4_PHILOSOPHY_EXCLUDED"": ""矛盾,boost:矛盾"", ""XB3_EXCLUDED"": ""分析与综合,boost:分析与综合""}, ""explicit_boundary_modules"": {""XB3_EXCLUDED"": [""分析与综合""]}, ""override"": ""explicit_boundary_term""}",exclude_from_three_target_lines,main_matrix_original
2026_顺义_一模,2026,顺义,一模,4,,question,XB3_EXCLUDED,objective,/Users/wanglifei/Desktop/2026模拟题/2026各区一模/2026顺义一模/试卷/试卷.pdf,paper,module-boundary-excluded,/Users/wanglifei/Desktop/北京高考政治/reports/必修二三与必修四文化_题源分类准备_20260617_1301/03_question_index/question_candidates.csv,"{""target"": ""B2_ECONOMICS"", ""target_score"": 2, ""boundary"": ""XB3_EXCLUDED"", ""boundary_score"": 7, ""matches"": {""B2_ECONOMICS"": ""乡村振兴,boost:乡村振兴"", ""XB3_EXCLUDED"": ""推理,类比推理,归纳推理,boost:推理,boost:类比推理,boost:归纳推理""}, ""explicit_boundary_modules"": {""XB3_EXCLUDED"": [""推理""]}, ""override"": ""explicit_boundary_term""}",exclude_from_three_target_lines,main_matrix_original
2026_顺义_一模,2026,顺义,一模,5,,question,B4_CULTURE,objective,/Users/wanglifei/Desktop/2026模拟题/2026各区一模/2026顺义一模/试卷/试卷.pdf,paper,included,/Users/wanglifei/Desktop/北京高考政治/reports/必修二三与必修四文化_题源分类准备_20260617_1301/03_question_index/question_candidates.csv,"{""target"": ""B4_CULTURE"", ""target_score"": 20, ""boundary"": ""XB3_EXCLUDED"", ""boundary_score"": 6, ""matches"": {""B4_CULTURE"": ""文化,中华优秀传统文化,优秀传统文化,传统文化,博物馆,boost:中华优秀传统文化,boost:优秀传统文化,boost:传统文化,boost:博物馆"", ""B4_PHILOSOPHY_EXCLUDED"": ""认识"", ""XB3_EXCLUDED"": ""发散思维,关系判断,周延,boost:发散思维,boost:关系判断,boost:周延""}}",future_baodian_intake,main_matrix_original
2026_顺义_一模,2026,顺义,一模,6,,question,XB3_EXCLUDED,objective,/Users/wanglifei/Desktop/2026模拟题/2026各区一模/2026顺义一模/试卷/试卷.pdf,paper,module-boundary-excluded,/Users/wanglifei/Desktop/北京高考政治/reports/必修二三与必修四文化_题源分类准备_20260617_1301/03_question_index/question_candidates.csv,"{""target"": ""B2_ECONOMICS"", ""target_score"": 0, ""boundary"": ""B4_PHILOSOPHY_EXCLUDED"", ""boundary_score"": 3, ""matches"": {""B4_PHILOSOPHY_EXCLUDED"": ""认识"", ""XB3_EXCLUDED"": ""迁移,boost:迁移""}, ""explicit_boundary_modules"": {""XB3_EXCLUDED"": [""迁移""]}, ""override"": ""explicit_boundary_term""}",exclude_from_three_target_lines,main_matrix_original
2026_顺义_一模,2026,顺义,一模,7,,question,B4_PHILOSOPHY_EXCLUDED,objective,/Users/wanglifei/Desktop/2026模拟题/2026各区一模/2026顺义一模/试卷/试卷.pdf,paper,module-boundary-excluded,/Users/wanglifei/Desktop/北京高考政治/reports/必修二三与必修四文化_题源分类准备_20260617_1301/03_question_index/question_candidates.csv,"{""target"": ""B2_ECONOMICS"", ""target_score"": 0, ""boundary"": ""B4_PHILOSOPHY_EXCLUDED"", ""boundary_score"": 6, ""matches"": {""B4_PHILOSOPHY_EXCLUDED"": ""矛盾,价值判断,价值选择,boost:矛盾,boost:价值判断,boost:价值选择"", ""XB2_EXCLUDED"": ""调解,boost:调解""}, ""explicit_boundary_modules"": {""B4_PHILOSOPHY_EXCLUDED"": [""价值判断"", ""价值选择""]}, ""override"": ""explicit_boundary_term""}",exclude_from_three_target_lines,main_matrix_original
2026_顺义_一模,2026,顺义,一模,8,,question,B3_POLITICS_RULE_OF_LAW,objective,/Users/wanglifei/Desktop/2026模拟题/2026各区一模/2026顺义一模/试卷/试卷.pdf,paper,included,/Users/wanglifei/Desktop/北京高考政治/reports/必修二三与必修四文化_题源分类准备_20260617_1301/03_question_index/question_candidates.csv,"{""target"": ""B3_POLITICS_RULE_OF_LAW"", ""target_score"": 4, ""boundary"": ""B4_PHILOSOPHY_EXCLUDED"", ""boundary_score"": 0, ""matches"": {""B2_ECONOMICS"": ""基础设施"", ""B3_POLITICS_RULE_OF_LAW"": ""中国共产党,民族区域自治,boost:中国共产党,boost:民族区域自治""}}",future_baodian_intake,main_matrix_original
2026_顺义_一模,2026,顺义,一模,9,,question,XB3_EXCLUDED,objective,/Users/wanglifei/Desktop/2026模拟题/2026各区一模/2026顺义一模/试卷/试卷.pdf,paper,module-boundary-excluded,/Users/wanglifei/Desktop/北京高考政治/reports/必修二三与必修四文化_题源分类准备_20260617_1301/03_question_index/question_candidates.csv,"{""target"": ""B3_POLITICS_RULE_OF_LAW"", ""target_score"": 2, ""boundary"": ""XB3_EXCLUDED"", ""boundary_score"": 2, ""matches"": {""B3_POLITICS_RULE_OF_LAW"": ""政府"", ""XB3_EXCLUDED"": ""迁移,boost:迁移""}, ""explicit_boundary_modules"": {""XB3_EXCLUDED"": [""迁移""]}, ""override"": ""explicit_boundary_term""}",exclude_from_three_target_lines,main_matrix_original
2026_顺义_二模,2026,顺义,二模,1,,question,UNKNOWN_OR_MIXED,objective,/Users/wanglifei/GaokaoPolitics/beijing-politics-sync/选必三双宝典_哲学宝典完全对齐返工_2026-05-25/12_reasoning_exercise_compilation_20260531/ocr_cache/d421a3c0899e/merged.ocr.txt,ocr-cache,blocked,/Users/wanglifei/Desktop/北京高考政治/reports/必修二三与必修四文化_题源分类准备_20260617_1301/02_text_cache/ocr_absorbed/2026_顺义_二模.txt,"{""target"": ""B2_ECONOMICS"", ""target_score"": 2, ""boundary"": ""B1_EXCLUDED"", ""boundary_score"": 2, ""matches"": {""B2_ECONOMICS"": ""基础设施"", ""B4_PHILOSOPHY_EXCLUDED"": ""认识"", ""B1_EXCLUDED"": ""中国特色社会主义,社会主义现代化强国""}}",manual_review_needed,main_matrix_original
2026_顺义_二模,2026,顺义,二模,10,,question,XB2_EXCLUDED,objective,/Users/wanglifei/GaokaoPolitics/beijing-politics-sync/选必三双宝典_哲学宝典完全对齐返工_2026-05-25/12_reasoning_exercise_compilation_20260531/ocr_cache/d421a3c0899e/merged.ocr.txt,ocr-cache,module-boundary-excluded,/Users/wanglifei/Desktop/北京高考政治/reports/必修二三与必修四文化_题源分类准备_20260617_1301/02_text_cache/ocr_absorbed/2026_顺义_二模.txt,"{""target"": ""B2_ECONOMICS"", ""target_score"": 2, ""boundary"": ""XB2_EXCLUDED"", ""boundary_score"": 5, ""matches"": {""B2_ECONOMICS"": ""消费"", ""B4_PHILOSOPHY_EXCLUDED"": ""认识"", ""XB2_EXCLUDED"": ""侵权,仲裁,boost:侵权,boost:仲裁""}, ""explicit_boundary_modules"": {""XB2_EXCLUDED"": [""侵权""]}, ""override"": ""explicit_boundary_term""}",exclude_from_three_target_lines,main_matrix_original
2026_顺义_二模,2026,顺义,二模,11,,question,XB2_EXCLUDED,objective,/Users/wanglifei/GaokaoPolitics/beijing-politics-sync/选必三双宝典_哲学宝典完全对齐返工_2026-05-25/12_reasoning_exercise_compilation_20260531/ocr_cache/d421a3c0899e/merged.ocr.txt,ocr-cache,module-boundary-excluded,/Users/wanglifei/Desktop/北京高考政治/reports/必修二三与必修四文化_题源分类准备_20260617_1301/02_text_cache/ocr_absorbed/2026_顺义_二模.txt,"{""target"": ""B2_ECONOMICS"", ""target_score"": 0, ""boundary"": ""XB2_EXCLUDED"", ""boundary_score"": 12, ""matches"": {""B4_PHILOSOPHY_EXCLUDED"": ""认识"", ""XB2_EXCLUDED"": ""民法典,合同,诉讼,所有权,boost:民法典,boost:合同,boost:诉讼,boost:所有权""}, ""explicit_boundary_modules"": {""XB2_EXCLUDED"": [""民法典"", ""合同"", ""诉讼"", ""所有权""]}, ""override"": ""explicit_boundary_term""}",exclude_from_three_target_lines,main_matrix_original
2026_顺义_二模,2026,顺义,二模,12,,question,B2_ECONOMICS,objective,/Users/wanglifei/GaokaoPolitics/beijing-politics-sync/选必三双宝典_哲学宝典完全对齐返工_2026-05-25/12_reasoning_exercise_compilation_20260531/ocr_cache/d421a3c0899e/merged.ocr.txt,ocr-cache,included,/Users/wanglifei/Desktop/北京高考政治/reports/必修二三与必修四文化_题源分类准备_20260617_1301/02_text_cache/ocr_absorbed/2026_顺义_二模.txt,"{""target"": ""B2_ECONOMICS"", ""target_score"": 4, ""boundary"": ""B4_PHILOSOPHY_EXCLUDED"", ""boundary_score"": 0, ""matches"": {""B2_ECONOMICS"": ""市场经济,新质生产力,boost:市场经济,boost:新质生产力""}}",future_baodian_intake,main_matrix_original
2026_顺义_二模,2026,顺义,二模,13,,question,B2_ECONOMICS,objective,/Users/wanglifei/GaokaoPolitics/beijing-politics-sync/选必三双宝典_哲学宝典完全对齐返工_2026-05-25/12_reasoning_exercise_compilation_20260531/ocr_cache/d421a3c0899e/merged.ocr.txt,ocr-cache,included,/Users/wanglifei/Desktop/北京高考政治/reports/必修二三与必修四文化_题源分类准备_20260617_1301/02_text_cache/ocr_absorbed/2026_顺义_二模.txt,"{""target"": ""B2_ECONOMICS"", ""target_score"": 10, ""boundary"": ""B4_PHILOSOPHY_EXCLUDED"", ""boundary_score"": 0, ""matches"": {""B2_ECONOMICS"": ""消费"", ""B3_POLITICS_RULE_OF_LAW"": ""政府"", ""B4_CULTURE"": ""文化""}}",future_baodian_intake,main_matrix_original
2026_顺义_二模,2026,顺义,二模,14,,question,XB1_EXCLUDED,objective,/Users/wanglifei/GaokaoPolitics/beijing-politics-sync/选必三双宝典_哲学宝典完全对齐返工_2026-05-25/12_reasoning_exercise_compilation_20260531/ocr_cache/d421a3c0899e/merged.ocr.txt,ocr-cache,module-boundary-excluded,/Users/wanglifei/Desktop/北京高考政治/reports/必修二三与必修四文化_题源分类准备_20260617_1301/02_text_cache/ocr_absorbed/2026_顺义_二模.txt,"{""target"": ""B2_ECONOMICS"", ""target_score"": 4, ""boundary"": ""XB1_EXCLUDED"", ""boundary_score"": 4, ""matches"": {""B2_ECONOMICS"": ""产业链,boost:产业链"", ""XB1_EXCLUDED"": ""经济全球化,贸易强国,boost:经济全球化,boost:贸易强国""}, ""explicit_boundary_modules"": {""XB1_EXCLUDED"": [""经济全球化""]}, ""override"": ""explicit_boundary_term""}",exclude_from_three_target_lines,main_matrix_original
2026_顺义_二模,2026,顺义,二模,15,,question,XB1_EXCLUDED,objective,/Users/wanglifei/GaokaoPolitics/beijing-politics-sync/选必三双宝典_哲学宝典完全对齐返工_2026-05-25/12_reasoning_exercise_compilation_20260531/ocr_cache/d421a3c0899e/merged.ocr.txt,ocr-cache,module-boundary-excluded,/Users/wanglifei/Desktop/北京高考政治/reports/必修二三与必修四文化_题源分类准备_20260617_1301/02_text_cache/ocr_absorbed/2026_顺义_二模.txt,"{""target"": ""B2_ECONOMICS"", ""target_score"": 3, ""boundary"": ""XB1_EXCLUDED"", ""boundary_score"": 5, ""matches"": {""B2_ECONOMICS"": ""数字经济,boost:数字经济"", ""B3_POLITICS_RULE_OF_LAW"": ""政府"", ""XB1_EXCLUDED"": ""人类命运共同体,国际组织,boost:人类命运共同体,boost:国际组织""}, ""explicit_boundary_modules"": {""XB1_EXCLUDED"": [""人类命运共同体"", ""国际组织""]}, ""override"": ""explicit_boundary_term""}",exclude_from_three_target_lines,main_matrix_original
2026_顺义_二模,2026,顺义,二模,16,,question,B4_CULTURE,subjective,/Users/wanglifei/GaokaoPolitics/beijing-politics-sync/选必三双宝典_哲学宝典完全对齐返工_2026-05-25/12_reasoning_exercise_compilation_20260531/ocr_cache/d421a3c0899e/merged.ocr.txt,ocr-cache,included,/Users/wanglifei/Desktop/北京高考政治/reports/必修二三与必修四文化_题源分类准备_20260617_1301/02_text_cache/ocr_absorbed/2026_顺义_二模.txt,"{""target"": ""B4_CULTURE"", ""target_score"": 13, ""boundary"": ""B4_PHILOSOPHY_EXCLUDED"", ""boundary_score"": 0, ""matches"": {""B2_ECONOMICS"": ""乡村振兴,boost:乡村振兴"", ""B4_CULTURE"": ""文化,非遗,文艺,boost:非遗""}}",future_baodian_intake,main_matrix_original
2026_顺义_二模,2026,顺义,二模,17,,question,B3_POLITICS_RULE_OF_LAW,subjective,/Users/wanglifei/GaokaoPolitics/beijing-politics-sync/选必三双宝典_哲学宝典完全对齐返工_2026-05-25/12_reasoning_exercise_compilation_20260531/ocr_cache/d421a3c0899e/merged.ocr.txt,ocr-cache,included,/Users/wanglifei/Desktop/北京高考政治/reports/必修二三与必修四文化_题源分类准备_20260617_1301/02_text_cache/ocr_absorbed/2026_顺义_二模.txt,"{""target"": ""B3_POLITICS_RULE_OF_LAW"", ""target_score"": 9, ""boundary"": ""B4_PHILOSOPHY_EXCLUDED"", ""boundary_score"": 7, ""matches"": {""B3_POLITICS_RULE_OF_LAW"": ""政治与法治,国家治理,基层治理,社区治理,社会治理,boost:政治与法治,boost:国家治理,boost:基层治理"", ""B4_PHILOSOPHY_EXCLUDED"": ""矛盾,boost:矛盾"", ""XB2_EXCLUDED"": ""调解,boost:调解""}}",future_baodian_intake,main_matrix_original
2026_顺义_二模,2026,顺义,二模,18,,question,B4_PHILOSOPHY_EXCLUDED,subjective,/Users/wanglifei/GaokaoPolitics/beijing-politics-sync/选必三双宝典_哲学宝典完全对齐返工_2026-05-25/12_reasoning_exercise_compilation_20260531/ocr_cache/d421a3c0899e/merged.ocr.txt,ocr-cache,module-boundary-excluded,/Users/wanglifei/Desktop/北京高考政治/reports/必修二三与必修四文化_题源分类准备_20260617_1301/02_text_cache/ocr_absorbed/2026_顺义_二模.txt,"{""target"": ""B2_ECONOMICS"", ""target_score"": 0, ""boundary"": ""B4_PHILOSOPHY_EXCLUDED"", ""boundary_score"": 2, ""matches"": {""B4_PHILOSOPHY_EXCLUDED"": ""矛盾,boost:矛盾""}}",exclude_from_three_target_lines,main_matrix_original
2026_顺义_二模,2026,顺义,二模,19,,question,B2_ECONOMICS,subjective,/Users/wanglifei/GaokaoPolitics/beijing-politics-sync/选必三双宝典_哲学宝典完全对齐返工_2026-05-25/12_reasoning_exercise_compilation_20260531/ocr_cache/d421a3c0899e/merged.ocr.txt,ocr-cache,included,/Users/wanglifei/Desktop/北京高考政治/reports/必修二三与必修四文化_题源分类准备_20260617_1301/02_text_cache/ocr_absorbed/2026_顺义_二模.txt,"{""target"": ""B2_ECONOMICS"", ""target_score"": 5, ""boundary"": ""B4_PHILOSOPHY_EXCLUDED"", ""boundary_score"": 0, ""matches"": {""B2_ECONOMICS"": ""经济与社会,高质量发展,boost:经济与社会,boost:高质量发展""}}",future_baodian_intake,main_matrix_original
2026_顺义_二模,2026,顺义,二模,2,,question,XB2_EXCLUDED,objective,/Users/wanglifei/GaokaoPolitics/beijing-politics-sync/选必三双宝典_哲学宝典完全对齐返工_2026-05-25/12_reasoning_exercise_compilation_20260531/ocr_cache/d421a3c0899e/merged.ocr.txt,ocr-cache,module-boundary-excluded,/Users/wanglifei/Desktop/北京高考政治/reports/必修二三与必修四文化_题源分类准备_20260617_1301/02_text_cache/ocr_absorbed/2026_顺义_二模.txt,"{""target"": ""B4_CULTURE"", ""target_score"": 14, ""boundary"": ""XB2_EXCLUDED"", ""boundary_score"": 2, ""matches"": {""B4_CULTURE"": ""文化,中华优秀传统文化,优秀传统文化,传统文化,boost:中华优秀传统文化,boost:优秀传统文化,boost:传统文化"", ""XB2_EXCLUDED"": ""民事,boost:民事"", ""XB3_EXCLUDED"": ""逻辑与思维,boost:逻辑与思维""}, ""explicit_boundary_modules"": {""XB2_EXCLUDED"": [""民事""], ""XB3_EXCLUDED"": [""逻辑与思维""]}, ""override"": ""explicit_boundary_term""}",exclude_from_three_target_lines,main_matrix_original
2026_顺义_二模,2026,顺义,二模,20,,question,XB1_EXCLUDED,subjective,/Users/wanglifei/GaokaoPolitics/beijing-politics-sync/选必三双宝典_哲学宝典完全对齐返工_2026-05-25/12_reasoning_exercise_compilation_20260531/ocr_cache/d421a3c0899e/merged.ocr.txt,ocr-cache,module-boundary-excluded,/Users/wanglifei/Desktop/北京高考政治/reports/必修二三与必修四文化_题源分类准备_20260617_1301/02_text_cache/ocr_absorbed/2026_顺义_二模.txt,"{""target"": ""B2_ECONOMICS"", ""target_score"": 2, ""boundary"": ""XB1_EXCLUDED"", ""boundary_score"": 2, ""matches"": {""B2_ECONOMICS"": ""经济增长,boost:经济增长"", ""XB1_EXCLUDED"": ""当代国际政治与经济,boost:当代国际政治与经济""}, ""explicit_boundary_modules"": {""XB1_EXCLUDED"": [""当代国际政治与经济""]}, ""override"": ""explicit_boundary_term""}",exclude_from_three_target_lines,main_matrix_original
2026_顺义_二模,2026,顺义,二模,21,,question,UNKNOWN_OR_MIXED,subjective,/Users/wanglifei/GaokaoPolitics/beijing-politics-sync/选必三双宝典_哲学宝典完全对齐返工_2026-05-25/12_reasoning_exercise_compilation_20260531/ocr_cache/d421a3c0899e/merged.ocr.txt,ocr-cache,blocked,/Users/wanglifei/Desktop/北京高考政治/reports/必修二三与必修四文化_题源分类准备_20260617_1301/02_text_cache/ocr_absorbed/2026_顺义_二模.txt,"{""target"": ""B2_ECONOMICS"", ""target_score"": 2, ""boundary"": ""B4_PHILOSOPHY_EXCLUDED"", ""boundary_score"": 3, ""matches"": {""B2_ECONOMICS"": ""高质量发展,boost:高质量发展"", ""B4_CULTURE"": ""中华文明,boost:中华文明"", ""B4_PHILOSOPHY_EXCLUDED"": ""实践"", ""B1_EXCLUDED"": ""中国特色社会主义,改革开放""}}",manual_review_needed,main_matrix_original
2026_顺义_二模,2026,顺义,二模,3,,question,B4_PHILOSOPHY_EXCLUDED,objective,/Users/wanglifei/GaokaoPolitics/beijing-politics-sync/选必三双宝典_哲学宝典完全对齐返工_2026-05-25/12_reasoning_exercise_compilation_20260531/ocr_cache/d421a3c0899e/merged.ocr.txt,ocr-cache,module-boundary-excluded,/Users/wanglifei/Desktop/北京高考政治/reports/必修二三与必修四文化_题源分类准备_20260617_1301/02_text_cache/ocr_absorbed/2026_顺义_二模.txt,"{""target"": ""B2_ECONOMICS"", ""target_score"": 0, ""boundary"": ""B4_PHILOSOPHY_EXCLUDED"", ""boundary_score"": 7, ""matches"": {""B4_PHILOSOPHY_EXCLUDED"": ""实践,认识,真理,boost:真理""}}",exclude_from_three_target_lines,main_matrix_original
2026_顺义_二模,2026,顺义,二模,4,,question,XB2_EXCLUDED,objective,/Users/wanglifei/GaokaoPolitics/beijing-politics-sync/选必三双宝典_哲学宝典完全对齐返工_2026-05-25/12_reasoning_exercise_compilation_20260531/ocr_cache/d421a3c0899e/merged.ocr.txt,ocr-cache,module-boundary-excluded,/Users/wanglifei/Desktop/北京高考政治/reports/必修二三与必修四文化_题源分类准备_20260617_1301/02_text_cache/ocr_absorbed/2026_顺义_二模.txt,"{""target"": ""B2_ECONOMICS"", ""target_score"": 2, ""boundary"": ""B4_PHILOSOPHY_EXCLUDED"", ""boundary_score"": 2, ""matches"": {""B2_ECONOMICS"": ""收入分配,boost:收入分配"", ""B4_PHILOSOPHY_EXCLUDED"": ""矛盾,boost:矛盾"", ""XB2_EXCLUDED"": ""专利,boost:专利""}, ""explicit_boundary_modules"": {""XB2_EXCLUDED"": [""专利""]}, ""override"": ""explicit_boundary_term""}",exclude_from_three_target_lines,main_matrix_original
2026_顺义_二模,2026,顺义,二模,5,,question,UNKNOWN_OR_MIXED,objective,/Users/wanglifei/GaokaoPolitics/beijing-politics-sync/选必三双宝典_哲学宝典完全对齐返工_2026-05-25/12_reasoning_exercise_compilation_20260531/ocr_cache/d421a3c0899e/merged.ocr.txt,ocr-cache,blocked,/Users/wanglifei/Desktop/北京高考政治/reports/必修二三与必修四文化_题源分类准备_20260617_1301/02_text_cache/ocr_absorbed/2026_顺义_二模.txt,"{""target"": ""B2_ECONOMICS"", ""target_score"": 0, ""boundary"": ""B4_PHILOSOPHY_EXCLUDED"", ""boundary_score"": 0, ""matches"": {}}",manual_review_needed,main_matrix_original
2026_顺义_二模,2026,顺义,二模,6,,question,B4_PHILOSOPHY_EXCLUDED,objective,/Users/wanglifei/GaokaoPolitics/beijing-politics-sync/选必三双宝典_哲学宝典完全对齐返工_2026-05-25/12_reasoning_exercise_compilation_20260531/ocr_cache/d421a3c0899e/merged.ocr.txt,ocr-cache,module-boundary-excluded,/Users/wanglifei/Desktop/北京高考政治/reports/必修二三与必修四文化_题源分类准备_20260617_1301/02_text_cache/ocr_absorbed/2026_顺义_二模.txt,"{""target"": ""B2_ECONOMICS"", ""target_score"": 3, ""boundary"": ""B4_PHILOSOPHY_EXCLUDED"", ""boundary_score"": 2, ""matches"": {""B2_ECONOMICS"": ""消费"", ""B4_PHILOSOPHY_EXCLUDED"": ""系统优化,boost:系统优化""}, ""explicit_boundary_modules"": {""B4_PHILOSOPHY_EXCLUDED"": [""系统优化""]}, ""override"": ""explicit_boundary_term""}",exclude_from_three_target_lines,main_matrix_original
2026_顺义_二模,2026,顺义,二模,7,,question,B3_POLITICS_RULE_OF_LAW,objective,/Users/wanglifei/GaokaoPolitics/beijing-politics-sync/选必三双宝典_哲学宝典完全对齐返工_2026-05-25/12_reasoning_exercise_compilation_20260531/ocr_cache/d421a3c0899e/merged.ocr.txt,ocr-cache,included,/Users/wanglifei/Desktop/北京高考政治/reports/必修二三与必修四文化_题源分类准备_20260617_1301/02_text_cache/ocr_absorbed/2026_顺义_二模.txt,"{""target"": ""B3_POLITICS_RULE_OF_LAW"", ""target_score"": 5, ""boundary"": ""B4_PHILOSOPHY_EXCLUDED"", ""boundary_score"": 2, ""matches"": {""B3_POLITICS_RULE_OF_LAW"": ""人大代表,全国人大,社区治理,boost:人大代表,boost:全国人大"", ""B4_PHILOSOPHY_EXCLUDED"": ""矛盾,boost:矛盾""}}",future_baodian_intake,main_matrix_original
2026_顺义_二模,2026,顺义,二模,8,,question,UNKNOWN_OR_MIXED,objective,/Users/wanglifei/GaokaoPolitics/beijing-politics-sync/选必三双宝典_哲学宝典完全对齐返工_2026-05-25/12_reasoning_exercise_compilation_20260531/ocr_cache/d421a3c0899e/merged.ocr.txt,ocr-cache,blocked,/Users/wanglifei/Desktop/北京高考政治/reports/必修二三与必修四文化_题源分类准备_20260617_1301/02_text_cache/ocr_absorbed/2026_顺义_二模.txt,"{""target"": ""B2_ECONOMICS"", ""target_score"": 0, ""boundary"": ""B1_EXCLUDED"", ""boundary_score"": 1, ""matches"": {""B1_EXCLUDED"": ""中国特色社会主义""}}",manual_review_needed,main_matrix_original
2026_顺义_二模,2026,顺义,二模,9,,question,B4_CULTURE,objective,/Users/wanglifei/GaokaoPolitics/beijing-politics-sync/选必三双宝典_哲学宝典完全对齐返工_2026-05-25/12_reasoning_exercise_compilation_20260531/ocr_cache/d421a3c0899e/merged.ocr.txt,ocr-cache,included,/Users/wanglifei/Desktop/北京高考政治/reports/必修二三与必修四文化_题源分类准备_20260617_1301/02_text_cache/ocr_absorbed/2026_顺义_二模.txt,"{""target"": ""B4_CULTURE"", ""target_score"": 6, ""boundary"": ""B4_PHILOSOPHY_EXCLUDED"", ""boundary_score"": 2, ""matches"": {""B2_ECONOMICS"": ""共同富裕,boost:共同富裕"", ""B3_POLITICS_RULE_OF_LAW"": ""全过程人民民主,政府,boost:全过程人民民主"", ""B4_CULTURE"": ""文化,传统文化,文化遗产,boost:传统文化,boost:文化遗产"", ""B4_PHILOSOPHY_EXCLUDED"": ""人民群众,boost:人民群众"", ""XB1_EXCLUDED"": ""外交,boost:外交""}}",future_baodian_intake,main_matrix_original
