suite_id,year,district,stage,file_path,root_path,relative_path,file_type,source_type,question_range,status,sha256,duplicate_of,size_bytes,modified_at,notes
2024_unknown_district_unknown_stage,2024,,,/Users/wanglifei/Desktop/2024模拟题/北京2024各区《经济与社会》考题-wlfwlf.docx,/Users/wanglifei/Desktop/2024模拟题,北京2024各区《经济与社会》考题-wlfwlf.docx,docx,paper,,inventory-only,be4202246df34b0cb4949bc07dece974ad1895cf9b729c3ef5ed838c9debad26,,3158520,2026-04-23T18:18:39,metadata_needs_review
2024_unknown_district_unknown_stage,2024,,,/Users/wanglifei/Desktop/2024模拟题/北京及2024各区《经济与社会》考题-wlf.pdf,/Users/wanglifei/Desktop/2024模拟题,北京及2024各区《经济与社会》考题-wlf.pdf,pdf,paper,,inventory-only,9a3f865ff2f0fabe473781a26ada28a934a996b2268a5fb30a8f44803e6926a5,,2437451,2026-04-23T18:18:45,metadata_needs_review
2024_unknown_district_一模,2024,,一模,/Users/wanglifei/Desktop/2024模拟题/202404各区一模试题分类（按模块）/2024届各区一模试题分类汇编必修1.docx,/Users/wanglifei/Desktop/2024模拟题,202404各区一模试题分类（按模块）/2024届各区一模试题分类汇编必修1.docx,docx,module-classification,,inventory-only,14501f7fbb96e038af1fe21b95440a26ed02eb944856cc9815ca1e5b867d6a90,,568828,2026-04-23T17:09:35,metadata_needs_review
2024_unknown_district_一模,2024,,一模,/Users/wanglifei/Desktop/2024模拟题/202404各区一模试题分类（按模块）/2024届各区一模试题分类汇编必修2 .docx,/Users/wanglifei/Desktop/2024模拟题,202404各区一模试题分类（按模块）/2024届各区一模试题分类汇编必修2 .docx,docx,module-classification,,inventory-only,3965bc306d35c89f6ed5fb4cecb7b71379c7f669fd63ab423ed0cfe9f9174b3b,,1633889,2026-04-23T17:09:30,metadata_needs_review
2024_unknown_district_一模,2024,,一模,/Users/wanglifei/Desktop/2024模拟题/202404各区一模试题分类（按模块）/2024届各区一模试题分类汇编必修3.docx,/Users/wanglifei/Desktop/2024模拟题,202404各区一模试题分类（按模块）/2024届各区一模试题分类汇编必修3.docx,docx,module-classification,,inventory-only,b2adb9acbea551522631e403a779ff7ac1afdd1e47127b987f5e13f4a6e2ae9d,,366309,2026-04-23T17:09:18,metadata_needs_review
2024_unknown_district_一模,2024,,一模,/Users/wanglifei/Desktop/2024模拟题/202404各区一模试题分类（按模块）/2024届各区一模试题分类汇编必修4.docx,/Users/wanglifei/Desktop/2024模拟题,202404各区一模试题分类（按模块）/2024届各区一模试题分类汇编必修4.docx,docx,module-classification,,inventory-only,3423b62eb032b5df1dd18b865bb05d7b34056cae623407b593e36d437bf4b510,,1517404,2026-04-23T17:09:44,metadata_needs_review
2024_unknown_district_一模,2024,,一模,/Users/wanglifei/Desktop/2024模拟题/202404各区一模试题分类（按模块）/2024届各区一模试题分类汇编选必1.docx,/Users/wanglifei/Desktop/2024模拟题,202404各区一模试题分类（按模块）/2024届各区一模试题分类汇编选必1.docx,docx,module-classification,,inventory-only,0f4414a153ba94c0b74d4eb708a13665083b340508ddbc103ff4d9f775620f1d,,1940457,2026-04-23T17:09:31,metadata_needs_review
2024_unknown_district_一模,2024,,一模,/Users/wanglifei/Desktop/2024模拟题/202404各区一模试题分类（按模块）/2024届各区一模试题分类汇编选必2.docx,/Users/wanglifei/Desktop/2024模拟题,202404各区一模试题分类（按模块）/2024届各区一模试题分类汇编选必2.docx,docx,module-classification,,inventory-only,c22ac0d594c5a7bb0cbb23196f15e2e7fbcfdbbf89dcc221ce9cc83c235269e1,,779706,2026-04-23T17:09:37,metadata_needs_review
2024_unknown_district_一模,2024,,一模,/Users/wanglifei/Desktop/2024模拟题/202404各区一模试题分类（按模块）/2024届各区一模试题分类汇编选必3.doc,/Users/wanglifei/Desktop/2024模拟题,202404各区一模试题分类（按模块）/2024届各区一模试题分类汇编选必3.doc,doc,module-classification,,inventory-only,4b25cddd4dc2992de1001f813db329ed483a2c3c3c8d5197bb13f59e61b5218f,,674304,2026-04-23T17:09:34,metadata_needs_review
2024_unknown_district_一模,2024,,一模,/Users/wanglifei/GaokaoPolitics/2024各区模拟题/202404各区一模试题分类（按模块）/2024届各区一模试题分类汇编必修1.docx,/Users/wanglifei/GaokaoPolitics/2024各区模拟题,202404各区一模试题分类（按模块）/2024届各区一模试题分类汇编必修1.docx,docx,module-classification,,duplicate-or-drift,14501f7fbb96e038af1fe21b95440a26ed02eb944856cc9815ca1e5b867d6a90,/Users/wanglifei/Desktop/2024模拟题/202404各区一模试题分类（按模块）/2024届各区一模试题分类汇编必修1.docx,568828,2026-04-23T17:09:35,exact_duplicate_of=/Users/wanglifei/Desktop/2024模拟题/202404各区一模试题分类（按模块）/2024届各区一模试题分类汇编必修1.docx; metadata_needs_review
2024_unknown_district_一模,2024,,一模,/Users/wanglifei/GaokaoPolitics/2024各区模拟题/202404各区一模试题分类（按模块）/2024届各区一模试题分类汇编必修2 .docx,/Users/wanglifei/GaokaoPolitics/2024各区模拟题,202404各区一模试题分类（按模块）/2024届各区一模试题分类汇编必修2 .docx,docx,module-classification,,duplicate-or-drift,3965bc306d35c89f6ed5fb4cecb7b71379c7f669fd63ab423ed0cfe9f9174b3b,/Users/wanglifei/Desktop/2024模拟题/202404各区一模试题分类（按模块）/2024届各区一模试题分类汇编必修2 .docx,1633889,2026-04-23T17:09:30,exact_duplicate_of=/Users/wanglifei/Desktop/2024模拟题/202404各区一模试题分类（按模块）/2024届各区一模试题分类汇编必修2 .docx; metadata_needs_review
2024_unknown_district_一模,2024,,一模,/Users/wanglifei/GaokaoPolitics/2024各区模拟题/202404各区一模试题分类（按模块）/2024届各区一模试题分类汇编必修3.docx,/Users/wanglifei/GaokaoPolitics/2024各区模拟题,202404各区一模试题分类（按模块）/2024届各区一模试题分类汇编必修3.docx,docx,module-classification,,duplicate-or-drift,b2adb9acbea551522631e403a779ff7ac1afdd1e47127b987f5e13f4a6e2ae9d,/Users/wanglifei/Desktop/2024模拟题/202404各区一模试题分类（按模块）/2024届各区一模试题分类汇编必修3.docx,366309,2026-04-23T17:09:18,exact_duplicate_of=/Users/wanglifei/Desktop/2024模拟题/202404各区一模试题分类（按模块）/2024届各区一模试题分类汇编必修3.docx; metadata_needs_review
2024_unknown_district_一模,2024,,一模,/Users/wanglifei/GaokaoPolitics/2024各区模拟题/202404各区一模试题分类（按模块）/2024届各区一模试题分类汇编必修4.docx,/Users/wanglifei/GaokaoPolitics/2024各区模拟题,202404各区一模试题分类（按模块）/2024届各区一模试题分类汇编必修4.docx,docx,module-classification,,duplicate-or-drift,3423b62eb032b5df1dd18b865bb05d7b34056cae623407b593e36d437bf4b510,/Users/wanglifei/Desktop/2024模拟题/202404各区一模试题分类（按模块）/2024届各区一模试题分类汇编必修4.docx,1517404,2026-04-23T17:09:44,exact_duplicate_of=/Users/wanglifei/Desktop/2024模拟题/202404各区一模试题分类（按模块）/2024届各区一模试题分类汇编必修4.docx; metadata_needs_review
2024_unknown_district_一模,2024,,一模,/Users/wanglifei/GaokaoPolitics/2024各区模拟题/202404各区一模试题分类（按模块）/2024届各区一模试题分类汇编选必1.docx,/Users/wanglifei/GaokaoPolitics/2024各区模拟题,202404各区一模试题分类（按模块）/2024届各区一模试题分类汇编选必1.docx,docx,module-classification,,duplicate-or-drift,0f4414a153ba94c0b74d4eb708a13665083b340508ddbc103ff4d9f775620f1d,/Users/wanglifei/Desktop/2024模拟题/202404各区一模试题分类（按模块）/2024届各区一模试题分类汇编选必1.docx,1940457,2026-04-23T17:09:31,exact_duplicate_of=/Users/wanglifei/Desktop/2024模拟题/202404各区一模试题分类（按模块）/2024届各区一模试题分类汇编选必1.docx; metadata_needs_review
2024_unknown_district_一模,2024,,一模,/Users/wanglifei/GaokaoPolitics/2024各区模拟题/202404各区一模试题分类（按模块）/2024届各区一模试题分类汇编选必2.docx,/Users/wanglifei/GaokaoPolitics/2024各区模拟题,202404各区一模试题分类（按模块）/2024届各区一模试题分类汇编选必2.docx,docx,module-classification,,duplicate-or-drift,c22ac0d594c5a7bb0cbb23196f15e2e7fbcfdbbf89dcc221ce9cc83c235269e1,/Users/wanglifei/Desktop/2024模拟题/202404各区一模试题分类（按模块）/2024届各区一模试题分类汇编选必2.docx,779706,2026-04-23T17:09:37,exact_duplicate_of=/Users/wanglifei/Desktop/2024模拟题/202404各区一模试题分类（按模块）/2024届各区一模试题分类汇编选必2.docx; metadata_needs_review
2024_unknown_district_一模,2024,,一模,/Users/wanglifei/GaokaoPolitics/2024各区模拟题/202404各区一模试题分类（按模块）/2024届各区一模试题分类汇编选必3.doc,/Users/wanglifei/GaokaoPolitics/2024各区模拟题,202404各区一模试题分类（按模块）/2024届各区一模试题分类汇编选必3.doc,doc,module-classification,,duplicate-or-drift,4b25cddd4dc2992de1001f813db329ed483a2c3c3c8d5197bb13f59e61b5218f,/Users/wanglifei/Desktop/2024模拟题/202404各区一模试题分类（按模块）/2024届各区一模试题分类汇编选必3.doc,674304,2026-04-23T17:09:34,exact_duplicate_of=/Users/wanglifei/Desktop/2024模拟题/202404各区一模试题分类（按模块）/2024届各区一模试题分类汇编选必3.doc; metadata_needs_review
2024_东城_一模,2024,东城,一模,/Users/wanglifei/Desktop/2024模拟题/2024东城一模/试卷/试卷.pdf,/Users/wanglifei/Desktop/2024模拟题,2024东城一模/试卷/试卷.pdf,pdf,paper,,inventory-only,74cdfac9253763bf12c9443d036ebbeab12693ba7015a2f335d19ccfcab6d96b,,12078779,2026-04-23T17:12:41,
2024_东城_一模,2024,东城,一模,/Users/wanglifei/GaokaoPolitics/2024各区模拟题/2024东城一模/北京市东城区2023-2024学年度第二学期高三综合练习（一）思想政治试卷(1).pdf,/Users/wanglifei/GaokaoPolitics/2024各区模拟题,2024东城一模/北京市东城区2023-2024学年度第二学期高三综合练习（一）思想政治试卷(1).pdf,pdf,paper,,duplicate-or-drift,74cdfac9253763bf12c9443d036ebbeab12693ba7015a2f335d19ccfcab6d96b,/Users/wanglifei/Desktop/2024模拟题/2024东城一模/试卷/试卷.pdf,12078779,2026-04-23T17:12:41,exact_duplicate_of=/Users/wanglifei/Desktop/2024模拟题/2024东城一模/试卷/试卷.pdf
2024_东城_一模,2024,东城,一模,/Users/wanglifei/GaokaoPolitics/2024各区模拟题/2024东城一模/北京市东城区2023-2024学年度第二学期高三综合练习（一）思想政治答案(1).pdf,/Users/wanglifei/GaokaoPolitics/2024各区模拟题,2024东城一模/北京市东城区2023-2024学年度第二学期高三综合练习（一）思想政治答案(1).pdf,pdf,reference-answer,,duplicate-or-drift,7b4eece2963205d8ac02ef13063307a3dad70cf6542b6169f3ed34276f16e115,/Users/wanglifei/Desktop/2024模拟题/2024东城一模/细则/补充材料/北京市东城区2023-2024学年度第二学期高三综合练习（一）思想政治答案(1).pdf,2611809,2026-04-23T17:12:08,exact_duplicate_of=/Users/wanglifei/Desktop/2024模拟题/2024东城一模/细则/补充材料/北京市东城区2023-2024学年度第二学期高三综合练习（一）思想政治答案(1).pdf
2024_东城_一模,2024,东城,一模,/Users/wanglifei/Desktop/2024模拟题/2024东城一模/细则/细则.pptx,/Users/wanglifei/Desktop/2024模拟题,2024东城一模/细则/细则.pptx,pptx,rubric,,inventory-only,4b2073bcc9e26f626b49b66dd6e0c64ec93650292d50719806830d7aea9fa3ce,,18611296,2026-04-23T17:12:54,
2024_东城_一模,2024,东城,一模,/Users/wanglifei/Desktop/2024模拟题/2024东城一模/细则/补充材料/北京市东城区2023-2024学年度第二学期高三综合练习（一）思想政治答案(1).pdf,/Users/wanglifei/Desktop/2024模拟题,2024东城一模/细则/补充材料/北京市东城区2023-2024学年度第二学期高三综合练习（一）思想政治答案(1).pdf,pdf,rubric,,inventory-only,7b4eece2963205d8ac02ef13063307a3dad70cf6542b6169f3ed34276f16e115,,2611809,2026-04-23T17:12:08,
2024_东城_一模,2024,东城,一模,/Users/wanglifei/GaokaoPolitics/2024各区模拟题/2024东城一模/2024东城一模政治评标1.pptx,/Users/wanglifei/GaokaoPolitics/2024各区模拟题,2024东城一模/2024东城一模政治评标1.pptx,pptx,rubric,,duplicate-or-drift,4b2073bcc9e26f626b49b66dd6e0c64ec93650292d50719806830d7aea9fa3ce,/Users/wanglifei/Desktop/2024模拟题/2024东城一模/细则/细则.pptx,18611296,2026-04-23T17:12:54,exact_duplicate_of=/Users/wanglifei/Desktop/2024模拟题/2024东城一模/细则/细则.pptx
2024_东城_二模,2024,东城,二模,/Users/wanglifei/GaokaoPolitics/2024各区模拟题/东城二模/阅卷总结/16题/16题二模阅卷总结.docx,/Users/wanglifei/GaokaoPolitics/2024各区模拟题,东城二模/阅卷总结/16题/16题二模阅卷总结.docx,docx,marking-report,,duplicate-or-drift,3fe06deac367805d39bc33669269116e42be7e0e03a8f09f14961f5b37532691,/Users/wanglifei/Desktop/2024模拟题/东城二模/细则/分题细则/阅卷总结/16题/16题二模阅卷总结.docx,1030669,2026-04-23T17:09:05,exact_duplicate_of=/Users/wanglifei/Desktop/2024模拟题/东城二模/细则/分题细则/阅卷总结/16题/16题二模阅卷总结.docx
2024_东城_二模,2024,东城,二模,/Users/wanglifei/GaokaoPolitics/2024各区模拟题/东城二模/阅卷总结/17题/17(1).docx,/Users/wanglifei/GaokaoPolitics/2024各区模拟题,东城二模/阅卷总结/17题/17(1).docx,docx,marking-report,,duplicate-or-drift,47c34e3af056b334dd996f812b5d42727be3702de4feafbae10f229544f7bd08,/Users/wanglifei/Desktop/2024模拟题/东城二模/细则/分题细则/阅卷总结/17题/17(1).docx,887638,2026-04-23T17:09:12,exact_duplicate_of=/Users/wanglifei/Desktop/2024模拟题/东城二模/细则/分题细则/阅卷总结/17题/17(1).docx
2024_东城_二模,2024,东城,二模,/Users/wanglifei/GaokaoPolitics/2024各区模拟题/东城二模/阅卷总结/17题/17-2.docx,/Users/wanglifei/GaokaoPolitics/2024各区模拟题,东城二模/阅卷总结/17题/17-2.docx,docx,marking-report,,duplicate-or-drift,72fd64a3dddd2c89bbd06e5e6328db85aeec5424a2831210e2a8e9bc114c1530,/Users/wanglifei/Desktop/2024模拟题/东城二模/细则/分题细则/阅卷总结/17题/17-2.docx,819612,2026-04-23T17:09:09,exact_duplicate_of=/Users/wanglifei/Desktop/2024模拟题/东城二模/细则/分题细则/阅卷总结/17题/17-2.docx
2024_东城_二模,2024,东城,二模,/Users/wanglifei/GaokaoPolitics/2024各区模拟题/东城二模/阅卷总结/18题/18(1).docx,/Users/wanglifei/GaokaoPolitics/2024各区模拟题,东城二模/阅卷总结/18题/18(1).docx,docx,marking-report,,duplicate-or-drift,4238b9f0bc92fe5b3f58323b74891534a8d8f75090bde8bdfbe250ad6eb8b270,/Users/wanglifei/Desktop/2024模拟题/东城二模/细则/分题细则/阅卷总结/18题/18(1).docx,1488308,2026-04-23T17:08:57,exact_duplicate_of=/Users/wanglifei/Desktop/2024模拟题/东城二模/细则/分题细则/阅卷总结/18题/18(1).docx
2024_东城_二模,2024,东城,二模,/Users/wanglifei/GaokaoPolitics/2024各区模拟题/东城二模/阅卷总结/18题/18（2）.docx,/Users/wanglifei/GaokaoPolitics/2024各区模拟题,东城二模/阅卷总结/18题/18（2）.docx,docx,marking-report,,duplicate-or-drift,6c445538df98876c8f6403311e9861f6eb6e197842299ee1eaa4b6e128e47774,/Users/wanglifei/Desktop/2024模拟题/东城二模/细则/分题细则/阅卷总结/18题/18（2）.docx,1472682,2026-04-23T17:09:04,exact_duplicate_of=/Users/wanglifei/Desktop/2024模拟题/东城二模/细则/分题细则/阅卷总结/18题/18（2）.docx
2024_东城_二模,2024,东城,二模,/Users/wanglifei/GaokaoPolitics/2024各区模拟题/东城二模/阅卷总结/19题/19（1）.docx,/Users/wanglifei/GaokaoPolitics/2024各区模拟题,东城二模/阅卷总结/19题/19（1）.docx,docx,marking-report,,duplicate-or-drift,d682ecb2695e5e33707dce0cdd1b130fe562eee0beb49bd6a6062cb1e8565394,/Users/wanglifei/Desktop/2024模拟题/东城二模/细则/分题细则/阅卷总结/19题/19（1）.docx,1545984,2026-04-23T17:09:18,exact_duplicate_of=/Users/wanglifei/Desktop/2024模拟题/东城二模/细则/分题细则/阅卷总结/19题/19（1）.docx
2024_东城_二模,2024,东城,二模,/Users/wanglifei/GaokaoPolitics/2024各区模拟题/东城二模/阅卷总结/19题/19（2）.docx,/Users/wanglifei/GaokaoPolitics/2024各区模拟题,东城二模/阅卷总结/19题/19（2）.docx,docx,marking-report,,duplicate-or-drift,5c18cbecb82d97a6baea3a713f8752aa6b823aac2abaa987d8f4667a7dd3e6c8,/Users/wanglifei/Desktop/2024模拟题/东城二模/细则/分题细则/阅卷总结/19题/19（2）.docx,20052,2026-04-23T17:09:12,exact_duplicate_of=/Users/wanglifei/Desktop/2024模拟题/东城二模/细则/分题细则/阅卷总结/19题/19（2）.docx
2024_东城_二模,2024,东城,二模,/Users/wanglifei/GaokaoPolitics/2024各区模拟题/东城二模/阅卷总结/21题/20小题二模阅卷总结.docx,/Users/wanglifei/GaokaoPolitics/2024各区模拟题,东城二模/阅卷总结/21题/20小题二模阅卷总结.docx,docx,marking-report,,duplicate-or-drift,4c98484a2246ecdd9e1f7c2d58679a3fe54dbb2e95ea6d588c3220e6ea00bf13,/Users/wanglifei/Desktop/2024模拟题/东城二模/细则/分题细则/阅卷总结/21题/20小题二模阅卷总结.docx,941301,2026-04-23T17:08:47,exact_duplicate_of=/Users/wanglifei/Desktop/2024模拟题/东城二模/细则/分题细则/阅卷总结/21题/20小题二模阅卷总结.docx
2024_东城_二模,2024,东城,二模,/Users/wanglifei/GaokaoPolitics/2024各区模拟题/东城二模/阅卷总结/21题/21.docx,/Users/wanglifei/GaokaoPolitics/2024各区模拟题,东城二模/阅卷总结/21题/21.docx,docx,marking-report,,duplicate-or-drift,9019906692e8a1e9fc0c653ac39c94544d0e02c717790f7fad5e84f79b68cd11,/Users/wanglifei/Desktop/2024模拟题/东城二模/细则/分题细则/阅卷总结/21题/21.docx,840466,2026-04-23T17:08:38,exact_duplicate_of=/Users/wanglifei/Desktop/2024模拟题/东城二模/细则/分题细则/阅卷总结/21题/21.docx
2024_东城_二模,2024,东城,二模,/Users/wanglifei/GaokaoPolitics/2024各区模拟题/东城二模/阅卷总结/21题/21题(1).pptx,/Users/wanglifei/GaokaoPolitics/2024各区模拟题,东城二模/阅卷总结/21题/21题(1).pptx,pptx,marking-report,,duplicate-or-drift,bdc183dc9541edf3ec26e517b9b69ed5e59bc4ae2bb558bf66b766e5842e835d,/Users/wanglifei/Desktop/2024模拟题/东城二模/细则/分题细则/阅卷总结/21题/21题(1).pptx,1014166,2026-04-23T17:09:11,exact_duplicate_of=/Users/wanglifei/Desktop/2024模拟题/东城二模/细则/分题细则/阅卷总结/21题/21题(1).pptx
2024_东城_二模,2024,东城,二模,/Users/wanglifei/Desktop/2024模拟题/东城二模/试卷/试卷.pdf,/Users/wanglifei/Desktop/2024模拟题,东城二模/试卷/试卷.pdf,pdf,paper,,inventory-only,da9fdcae666d34128190db5418c8c6730e7f002442ec3953c614cc2f568ccb0f,,18119420,2026-04-23T17:11:34,
2024_东城_二模,2024,东城,二模,/Users/wanglifei/GaokaoPolitics/2024各区模拟题/东城二模/001北京市东城区2023-2024学年度第二学期高三综合练习（二）思想政治.pdf,/Users/wanglifei/GaokaoPolitics/2024各区模拟题,东城二模/001北京市东城区2023-2024学年度第二学期高三综合练习（二）思想政治.pdf,pdf,paper,,duplicate-or-drift,da9fdcae666d34128190db5418c8c6730e7f002442ec3953c614cc2f568ccb0f,/Users/wanglifei/Desktop/2024模拟题/东城二模/试卷/试卷.pdf,18119420,2026-04-23T17:11:34,exact_duplicate_of=/Users/wanglifei/Desktop/2024模拟题/东城二模/试卷/试卷.pdf
2024_东城_二模,2024,东城,二模,/Users/wanglifei/GaokaoPolitics/2024各区模拟题/东城二模/002北京市东城区2023-2024学年度第二学期高三综合练习（二）思想政治答案.pdf,/Users/wanglifei/GaokaoPolitics/2024各区模拟题,东城二模/002北京市东城区2023-2024学年度第二学期高三综合练习（二）思想政治答案.pdf,pdf,reference-answer,,duplicate-or-drift,8db78abe18de23092b76d0e9c9e32751026a31b07b1c3fad790b52daa3dbf842,/Users/wanglifei/Desktop/2024模拟题/东城二模/细则/补充材料/细则.pdf,3561061,2026-04-23T17:10:11,exact_duplicate_of=/Users/wanglifei/Desktop/2024模拟题/东城二模/细则/补充材料/细则.pdf
2024_东城_二模,2024,东城,二模,/Users/wanglifei/Desktop/2024模拟题/东城二模/细则/分题细则/阅卷总结/16题/16题二模阅卷总结.docx,/Users/wanglifei/Desktop/2024模拟题,东城二模/细则/分题细则/阅卷总结/16题/16题二模阅卷总结.docx,docx,rubric,,inventory-only,3fe06deac367805d39bc33669269116e42be7e0e03a8f09f14961f5b37532691,,1030669,2026-04-23T17:09:05,
2024_东城_二模,2024,东城,二模,/Users/wanglifei/Desktop/2024模拟题/东城二模/细则/分题细则/阅卷总结/16题/16题评分细则.pptx,/Users/wanglifei/Desktop/2024模拟题,东城二模/细则/分题细则/阅卷总结/16题/16题评分细则.pptx,pptx,rubric,,inventory-only,896b0f378cbdeb1f970df2a3b24e3cd6fdcb261cfd3ad4cd94b167d6d0a98e08,,42333,2026-04-23T17:08:59,
2024_东城_二模,2024,东城,二模,/Users/wanglifei/Desktop/2024模拟题/东城二模/细则/分题细则/阅卷总结/17题/17(1).docx,/Users/wanglifei/Desktop/2024模拟题,东城二模/细则/分题细则/阅卷总结/17题/17(1).docx,docx,rubric,,inventory-only,47c34e3af056b334dd996f812b5d42727be3702de4feafbae10f229544f7bd08,,887638,2026-04-23T17:09:12,
2024_东城_二模,2024,东城,二模,/Users/wanglifei/Desktop/2024模拟题/东城二模/细则/分题细则/阅卷总结/17题/17-2.docx,/Users/wanglifei/Desktop/2024模拟题,东城二模/细则/分题细则/阅卷总结/17题/17-2.docx,docx,rubric,,inventory-only,72fd64a3dddd2c89bbd06e5e6328db85aeec5424a2831210e2a8e9bc114c1530,,819612,2026-04-23T17:09:09,
2024_东城_二模,2024,东城,二模,/Users/wanglifei/Desktop/2024模拟题/东城二模/细则/分题细则/阅卷总结/18题/18(1).docx,/Users/wanglifei/Desktop/2024模拟题,东城二模/细则/分题细则/阅卷总结/18题/18(1).docx,docx,rubric,,inventory-only,4238b9f0bc92fe5b3f58323b74891534a8d8f75090bde8bdfbe250ad6eb8b270,,1488308,2026-04-23T17:08:57,
2024_东城_二模,2024,东城,二模,/Users/wanglifei/Desktop/2024模拟题/东城二模/细则/分题细则/阅卷总结/18题/18（2）.docx,/Users/wanglifei/Desktop/2024模拟题,东城二模/细则/分题细则/阅卷总结/18题/18（2）.docx,docx,rubric,,inventory-only,6c445538df98876c8f6403311e9861f6eb6e197842299ee1eaa4b6e128e47774,,1472682,2026-04-23T17:09:04,
2024_东城_二模,2024,东城,二模,/Users/wanglifei/Desktop/2024模拟题/东城二模/细则/分题细则/阅卷总结/19题/19（1）.docx,/Users/wanglifei/Desktop/2024模拟题,东城二模/细则/分题细则/阅卷总结/19题/19（1）.docx,docx,rubric,,inventory-only,d682ecb2695e5e33707dce0cdd1b130fe562eee0beb49bd6a6062cb1e8565394,,1545984,2026-04-23T17:09:18,
2024_东城_二模,2024,东城,二模,/Users/wanglifei/Desktop/2024模拟题/东城二模/细则/分题细则/阅卷总结/19题/19（2）.docx,/Users/wanglifei/Desktop/2024模拟题,东城二模/细则/分题细则/阅卷总结/19题/19（2）.docx,docx,rubric,,inventory-only,5c18cbecb82d97a6baea3a713f8752aa6b823aac2abaa987d8f4667a7dd3e6c8,,20052,2026-04-23T17:09:12,
2024_东城_二模,2024,东城,二模,/Users/wanglifei/Desktop/2024模拟题/东城二模/细则/分题细则/阅卷总结/21题/20小题二模阅卷总结.docx,/Users/wanglifei/Desktop/2024模拟题,东城二模/细则/分题细则/阅卷总结/21题/20小题二模阅卷总结.docx,docx,rubric,,inventory-only,4c98484a2246ecdd9e1f7c2d58679a3fe54dbb2e95ea6d588c3220e6ea00bf13,,941301,2026-04-23T17:08:47,
2024_东城_二模,2024,东城,二模,/Users/wanglifei/Desktop/2024模拟题/东城二模/细则/分题细则/阅卷总结/21题/21.docx,/Users/wanglifei/Desktop/2024模拟题,东城二模/细则/分题细则/阅卷总结/21题/21.docx,docx,rubric,,inventory-only,9019906692e8a1e9fc0c653ac39c94544d0e02c717790f7fad5e84f79b68cd11,,840466,2026-04-23T17:08:38,
2024_东城_二模,2024,东城,二模,/Users/wanglifei/Desktop/2024模拟题/东城二模/细则/分题细则/阅卷总结/21题/21题(1).pptx,/Users/wanglifei/Desktop/2024模拟题,东城二模/细则/分题细则/阅卷总结/21题/21题(1).pptx,pptx,rubric,,inventory-only,bdc183dc9541edf3ec26e517b9b69ed5e59bc4ae2bb558bf66b766e5842e835d,,1014166,2026-04-23T17:09:11,
2024_东城_二模,2024,东城,二模,/Users/wanglifei/Desktop/2024模拟题/东城二模/细则/补充材料/细则.pdf,/Users/wanglifei/Desktop/2024模拟题,东城二模/细则/补充材料/细则.pdf,pdf,rubric,,inventory-only,8db78abe18de23092b76d0e9c9e32751026a31b07b1c3fad790b52daa3dbf842,,3561061,2026-04-23T17:10:11,
2024_东城_二模,2024,东城,二模,/Users/wanglifei/GaokaoPolitics/2024各区模拟题/东城二模/阅卷总结/16题/16题评分细则.pptx,/Users/wanglifei/GaokaoPolitics/2024各区模拟题,东城二模/阅卷总结/16题/16题评分细则.pptx,pptx,rubric,,duplicate-or-drift,896b0f378cbdeb1f970df2a3b24e3cd6fdcb261cfd3ad4cd94b167d6d0a98e08,/Users/wanglifei/Desktop/2024模拟题/东城二模/细则/分题细则/阅卷总结/16题/16题评分细则.pptx,42333,2026-04-23T17:08:59,exact_duplicate_of=/Users/wanglifei/Desktop/2024模拟题/东城二模/细则/分题细则/阅卷总结/16题/16题评分细则.pptx
2024_丰台_一模,2024,丰台,一模,/Users/wanglifei/Desktop/2024模拟题/丰台一模/试卷/试卷.pdf,/Users/wanglifei/Desktop/2024模拟题,丰台一模/试卷/试卷.pdf,pdf,paper,,inventory-only,4800d0b858f0ede60439e12a5beb3bc2fc32754fa602054f5f6fd74ce4bb6bc4,,4148690,2026-04-23T17:10:16,
2024_丰台_一模,2024,丰台,一模,/Users/wanglifei/GaokaoPolitics/2024各区模拟题/丰台一模/丰台高三一模政治试卷终版.pdf,/Users/wanglifei/GaokaoPolitics/2024各区模拟题,丰台一模/丰台高三一模政治试卷终版.pdf,pdf,paper,,duplicate-or-drift,4800d0b858f0ede60439e12a5beb3bc2fc32754fa602054f5f6fd74ce4bb6bc4,/Users/wanglifei/Desktop/2024模拟题/丰台一模/试卷/试卷.pdf,4148690,2026-04-23T17:10:16,exact_duplicate_of=/Users/wanglifei/Desktop/2024模拟题/丰台一模/试卷/试卷.pdf
2024_丰台_一模,2024,丰台,一模,/Users/wanglifei/Desktop/2024模拟题/丰台一模/试卷/补充材料/2024北京丰台高三一模政治试题及答案.pdf,/Users/wanglifei/Desktop/2024模拟题,丰台一模/试卷/补充材料/2024北京丰台高三一模政治试题及答案.pdf,pdf,reference-answer,,inventory-only,5f5486bfc3baab2bc1a8e43b06b8aac6377e1402d4402e5d0bb90ad292755521,,458340,2026-04-23T17:09:55,
2024_丰台_一模,2024,丰台,一模,/Users/wanglifei/GaokaoPolitics/2024各区模拟题/丰台一模/2024北京丰台高三一模政治试题及答案.pdf,/Users/wanglifei/GaokaoPolitics/2024各区模拟题,丰台一模/2024北京丰台高三一模政治试题及答案.pdf,pdf,reference-answer,,duplicate-or-drift,5f5486bfc3baab2bc1a8e43b06b8aac6377e1402d4402e5d0bb90ad292755521,/Users/wanglifei/Desktop/2024模拟题/丰台一模/试卷/补充材料/2024北京丰台高三一模政治试题及答案.pdf,458340,2026-04-23T17:09:55,exact_duplicate_of=/Users/wanglifei/Desktop/2024模拟题/丰台一模/试卷/补充材料/2024北京丰台高三一模政治试题及答案.pdf
2024_丰台_一模,2024,丰台,一模,/Users/wanglifei/Desktop/2024模拟题/丰台一模/细则/细则.docx,/Users/wanglifei/Desktop/2024模拟题,丰台一模/细则/细则.docx,docx,rubric,,inventory-only,950d6b2d3cdda441625d9b2a0c2329d7ae34212d804c3fe005a66b23fb369a49,,24557,2026-04-23T17:09:49,
2024_丰台_一模,2024,丰台,一模,/Users/wanglifei/GaokaoPolitics/2024各区模拟题/丰台一模/丰台一模评标细则汇总.docx,/Users/wanglifei/GaokaoPolitics/2024各区模拟题,丰台一模/丰台一模评标细则汇总.docx,docx,rubric,,duplicate-or-drift,950d6b2d3cdda441625d9b2a0c2329d7ae34212d804c3fe005a66b23fb369a49,/Users/wanglifei/Desktop/2024模拟题/丰台一模/细则/细则.docx,24557,2026-04-23T17:09:49,exact_duplicate_of=/Users/wanglifei/Desktop/2024模拟题/丰台一模/细则/细则.docx
2024_丰台_二模,2024,丰台,二模,/Users/wanglifei/Desktop/2024模拟题/丰台二模/试卷/试卷.pdf,/Users/wanglifei/Desktop/2024模拟题,丰台二模/试卷/试卷.pdf,pdf,paper,,inventory-only,57ddd500c48eeec9f821b74e2b9676696c1b1ea8f727fb39e33e2e46626f36fc,,10551122,2026-04-23T17:10:38,
2024_丰台_二模,2024,丰台,二模,/Users/wanglifei/GaokaoPolitics/2024各区模拟题/丰台二模/丰台高三二模政治试卷.pdf,/Users/wanglifei/GaokaoPolitics/2024各区模拟题,丰台二模/丰台高三二模政治试卷.pdf,pdf,paper,,duplicate-or-drift,57ddd500c48eeec9f821b74e2b9676696c1b1ea8f727fb39e33e2e46626f36fc,/Users/wanglifei/Desktop/2024模拟题/丰台二模/试卷/试卷.pdf,10551122,2026-04-23T17:10:38,exact_duplicate_of=/Users/wanglifei/Desktop/2024模拟题/丰台二模/试卷/试卷.pdf
2024_丰台_二模,2024,丰台,二模,/Users/wanglifei/Desktop/2024模拟题/丰台二模/细则/细则.docx,/Users/wanglifei/Desktop/2024模拟题,丰台二模/细则/细则.docx,docx,rubric,,inventory-only,71fcaa9e66afc5db6c6622c198276a430335b4df2029694dba5100727f1652c6,,58578,2026-04-23T17:09:36,
2024_丰台_二模,2024,丰台,二模,/Users/wanglifei/GaokaoPolitics/2024各区模拟题/丰台二模/丰台政治二模阅卷评标.docx,/Users/wanglifei/GaokaoPolitics/2024各区模拟题,丰台二模/丰台政治二模阅卷评标.docx,docx,rubric,,duplicate-or-drift,71fcaa9e66afc5db6c6622c198276a430335b4df2029694dba5100727f1652c6,/Users/wanglifei/Desktop/2024模拟题/丰台二模/细则/细则.docx,58578,2026-04-23T17:09:36,exact_duplicate_of=/Users/wanglifei/Desktop/2024模拟题/丰台二模/细则/细则.docx
2024_朝阳_一模,2024,朝阳,一模,/Users/wanglifei/Desktop/2024模拟题/2024朝阳一模/其他材料/202404朝阳高三政治一模试卷讲评.pptx,/Users/wanglifei/Desktop/2024模拟题,2024朝阳一模/其他材料/202404朝阳高三政治一模试卷讲评.pptx,pptx,marking-report,,duplicate-or-drift,d64506799887753ee409ebc7e63cf977de6843f62f7ebb327b6cca74477a8272,/Users/wanglifei/Desktop/2024模拟题/2024朝阳一模/细则/细则.pptx,7699972,2026-04-23T17:12:16,exact_duplicate_of=/Users/wanglifei/Desktop/2024模拟题/2024朝阳一模/细则/细则.pptx
2024_朝阳_一模,2024,朝阳,一模,/Users/wanglifei/GaokaoPolitics/2024各区模拟题/2024朝阳一模/202404朝阳高三政治一模试卷讲评.pptx,/Users/wanglifei/GaokaoPolitics/2024各区模拟题,2024朝阳一模/202404朝阳高三政治一模试卷讲评.pptx,pptx,marking-report,,duplicate-or-drift,d64506799887753ee409ebc7e63cf977de6843f62f7ebb327b6cca74477a8272,/Users/wanglifei/Desktop/2024模拟题/2024朝阳一模/细则/细则.pptx,7699972,2026-04-23T17:12:16,exact_duplicate_of=/Users/wanglifei/Desktop/2024模拟题/2024朝阳一模/细则/细则.pptx
2024_朝阳_一模,2024,朝阳,一模,/Users/wanglifei/Desktop/2024模拟题/2024朝阳一模/试卷/试卷.pdf,/Users/wanglifei/Desktop/2024模拟题,2024朝阳一模/试卷/试卷.pdf,pdf,paper,,inventory-only,25b655e73b7424e7aa7bb467e71553461c8133b8e7e161e6d9de575176b949cc,,1324697,2026-04-23T17:11:37,
2024_朝阳_一模,2024,朝阳,一模,/Users/wanglifei/GaokaoPolitics/2024各区模拟题/2024朝阳一模/202404朝阳高三一模试题.pdf,/Users/wanglifei/GaokaoPolitics/2024各区模拟题,2024朝阳一模/202404朝阳高三一模试题.pdf,pdf,paper,,duplicate-or-drift,25b655e73b7424e7aa7bb467e71553461c8133b8e7e161e6d9de575176b949cc,/Users/wanglifei/Desktop/2024模拟题/2024朝阳一模/试卷/试卷.pdf,1324697,2026-04-23T17:11:37,exact_duplicate_of=/Users/wanglifei/Desktop/2024模拟题/2024朝阳一模/试卷/试卷.pdf
2024_朝阳_一模,2024,朝阳,一模,/Users/wanglifei/GaokaoPolitics/2024各区模拟题/2024朝阳一模/202404朝阳高三政治质量检测一参考答案 上交版.docx,/Users/wanglifei/GaokaoPolitics/2024各区模拟题,2024朝阳一模/202404朝阳高三政治质量检测一参考答案 上交版.docx,docx,reference-answer,,duplicate-or-drift,f6013d54b52c02dcf40a2ff1f845c124598281324f98545a577914b901e7688c,/Users/wanglifei/Desktop/2024模拟题/2024朝阳一模/细则/补充材料/细则.docx,29215,2026-04-23T17:11:29,exact_duplicate_of=/Users/wanglifei/Desktop/2024模拟题/2024朝阳一模/细则/补充材料/细则.docx
2024_朝阳_一模,2024,朝阳,一模,/Users/wanglifei/Desktop/2024模拟题/2024朝阳一模/细则/细则.pptx,/Users/wanglifei/Desktop/2024模拟题,2024朝阳一模/细则/细则.pptx,pptx,rubric,,inventory-only,d64506799887753ee409ebc7e63cf977de6843f62f7ebb327b6cca74477a8272,,7699972,2026-04-23T17:12:16,
2024_朝阳_一模,2024,朝阳,一模,/Users/wanglifei/Desktop/2024模拟题/2024朝阳一模/细则/补充材料/细则.docx,/Users/wanglifei/Desktop/2024模拟题,2024朝阳一模/细则/补充材料/细则.docx,docx,rubric,,inventory-only,f6013d54b52c02dcf40a2ff1f845c124598281324f98545a577914b901e7688c,,29215,2026-04-23T17:11:29,
2024_朝阳_一模,2024,朝阳,一模,/Users/wanglifei/GaokaoPolitics/2024各区模拟题/2024朝阳一模/2024朝阳一模政治评标.pptx,/Users/wanglifei/GaokaoPolitics/2024各区模拟题,2024朝阳一模/2024朝阳一模政治评标.pptx,pptx,rubric,,duplicate-or-drift,d64506799887753ee409ebc7e63cf977de6843f62f7ebb327b6cca74477a8272,/Users/wanglifei/Desktop/2024模拟题/2024朝阳一模/细则/细则.pptx,7699972,2026-04-23T17:12:16,exact_duplicate_of=/Users/wanglifei/Desktop/2024模拟题/2024朝阳一模/细则/细则.pptx
2024_朝阳_二模,2024,朝阳,二模,/Users/wanglifei/GaokaoPolitics/2024各区模拟题/2024朝阳二模/2024年朝阳二模主观题阅卷总结.pdf,/Users/wanglifei/GaokaoPolitics/2024各区模拟题,2024朝阳二模/2024年朝阳二模主观题阅卷总结.pdf,pdf,marking-report,,duplicate-or-drift,84218459671af8ac66324584cd608c778703ef44e2eda745694745b53e3de302,/Users/wanglifei/Desktop/2024模拟题/2024朝阳二模/细则/细则.pdf,558870,2026-04-23T17:11:42,exact_duplicate_of=/Users/wanglifei/Desktop/2024模拟题/2024朝阳二模/细则/细则.pdf
2024_朝阳_二模,2024,朝阳,二模,/Users/wanglifei/Desktop/2024模拟题/2024朝阳二模/试卷/试卷.pdf,/Users/wanglifei/Desktop/2024模拟题,2024朝阳二模/试卷/试卷.pdf,pdf,paper,,inventory-only,9223488a4b5e6f80ad8c2b56a1eb09e4c2f5bfed13ce12ac2f0a2cccc7d46dce,,686177,2026-04-23T17:11:38,
2024_朝阳_二模,2024,朝阳,二模,/Users/wanglifei/GaokaoPolitics/2024各区模拟题/2024朝阳二模/003202405朝阳高三二模政治试题.pdf,/Users/wanglifei/GaokaoPolitics/2024各区模拟题,2024朝阳二模/003202405朝阳高三二模政治试题.pdf,pdf,paper,,duplicate-or-drift,9223488a4b5e6f80ad8c2b56a1eb09e4c2f5bfed13ce12ac2f0a2cccc7d46dce,/Users/wanglifei/Desktop/2024模拟题/2024朝阳二模/试卷/试卷.pdf,686177,2026-04-23T17:11:38,exact_duplicate_of=/Users/wanglifei/Desktop/2024模拟题/2024朝阳二模/试卷/试卷.pdf
2024_朝阳_二模,2024,朝阳,二模,/Users/wanglifei/GaokaoPolitics/2024各区模拟题/2024朝阳二模/004202405朝阳高三政治质量检测二参考答案（以PDF为准）.docx,/Users/wanglifei/GaokaoPolitics/2024各区模拟题,2024朝阳二模/004202405朝阳高三政治质量检测二参考答案（以PDF为准）.docx,docx,reference-answer,,duplicate-or-drift,f7c4cc4ac52ecefd124cb890fb4f0e117c7a9312d2f51a97d6e2d102e3ef4cf1,/Users/wanglifei/Desktop/2024模拟题/2024朝阳二模/细则/补充材料/细则.docx,28300,2026-04-23T17:11:38,exact_duplicate_of=/Users/wanglifei/Desktop/2024模拟题/2024朝阳二模/细则/补充材料/细则.docx
2024_朝阳_二模,2024,朝阳,二模,/Users/wanglifei/Desktop/2024模拟题/2024朝阳二模/细则/细则.pdf,/Users/wanglifei/Desktop/2024模拟题,2024朝阳二模/细则/细则.pdf,pdf,rubric,,inventory-only,84218459671af8ac66324584cd608c778703ef44e2eda745694745b53e3de302,,558870,2026-04-23T17:11:42,
2024_朝阳_二模,2024,朝阳,二模,/Users/wanglifei/Desktop/2024模拟题/2024朝阳二模/细则/补充材料/细则.docx,/Users/wanglifei/Desktop/2024模拟题,2024朝阳二模/细则/补充材料/细则.docx,docx,rubric,,inventory-only,f7c4cc4ac52ecefd124cb890fb4f0e117c7a9312d2f51a97d6e2d102e3ef4cf1,,28300,2026-04-23T17:11:38,
2024_朝阳_期中,2024,朝阳,期中,/Users/wanglifei/Desktop/2024模拟题/2024朝阳期中/试卷/补充材料/202411朝阳高三政治 期中1试题(1).pdf,/Users/wanglifei/Desktop/2024模拟题,2024朝阳期中/试卷/补充材料/202411朝阳高三政治 期中1试题(1).pdf,pdf,paper,,duplicate-or-drift,0a50f76fd1e1c50fc92b340a7d9f874bab34cd33def4aae1c4bb4ad9681a405e,/Users/wanglifei/Desktop/2024模拟题/2024朝阳期中/试卷/试卷.pdf,532797,2026-04-23T17:10:55,exact_duplicate_of=/Users/wanglifei/Desktop/2024模拟题/2024朝阳期中/试卷/试卷.pdf
2024_朝阳_期中,2024,朝阳,期中,/Users/wanglifei/Desktop/2024模拟题/2024朝阳期中/试卷/试卷.pdf,/Users/wanglifei/Desktop/2024模拟题,2024朝阳期中/试卷/试卷.pdf,pdf,paper,,inventory-only,0a50f76fd1e1c50fc92b340a7d9f874bab34cd33def4aae1c4bb4ad9681a405e,,532797,2026-04-23T17:10:45,
2024_朝阳_期中,2024,朝阳,期中,/Users/wanglifei/GaokaoPolitics/2024各区模拟题/2024朝阳期中/202411朝阳高三政治 期中1试题(1).pdf,/Users/wanglifei/GaokaoPolitics/2024各区模拟题,2024朝阳期中/202411朝阳高三政治 期中1试题(1).pdf,pdf,paper,,duplicate-or-drift,0a50f76fd1e1c50fc92b340a7d9f874bab34cd33def4aae1c4bb4ad9681a405e,/Users/wanglifei/Desktop/2024模拟题/2024朝阳期中/试卷/试卷.pdf,532797,2026-04-23T17:10:55,exact_duplicate_of=/Users/wanglifei/Desktop/2024模拟题/2024朝阳期中/试卷/试卷.pdf
2024_朝阳_期中,2024,朝阳,期中,/Users/wanglifei/GaokaoPolitics/2024各区模拟题/2024朝阳期中/202411朝阳高三政治 期中1试题.pdf,/Users/wanglifei/GaokaoPolitics/2024各区模拟题,2024朝阳期中/202411朝阳高三政治 期中1试题.pdf,pdf,paper,,duplicate-or-drift,0a50f76fd1e1c50fc92b340a7d9f874bab34cd33def4aae1c4bb4ad9681a405e,/Users/wanglifei/Desktop/2024模拟题/2024朝阳期中/试卷/试卷.pdf,532797,2026-04-23T17:10:45,exact_duplicate_of=/Users/wanglifei/Desktop/2024模拟题/2024朝阳期中/试卷/试卷.pdf
2024_朝阳_期中,2024,朝阳,期中,/Users/wanglifei/Desktop/2024模拟题/2024朝阳期中/细则/细则.docx,/Users/wanglifei/Desktop/2024模拟题,2024朝阳期中/细则/细则.docx,docx,rubric,,inventory-only,0f8ea3bbe2629d2f6b750e3d95a3505f2d664078ff4b03f2ca7845c70fb057d3,,29099,2026-04-23T17:10:49,
2024_朝阳_期中,2024,朝阳,期中,/Users/wanglifei/Desktop/2024模拟题/2024朝阳期中/细则/补充材料/2024.11期中政治朝阳评标2.docx,/Users/wanglifei/Desktop/2024模拟题,2024朝阳期中/细则/补充材料/2024.11期中政治朝阳评标2.docx,docx,rubric,,inventory-only,92a268ce852f69446644c8427066cccff0fd143bdc9ff70a4d813f1c3b82d261,,121373,2026-04-23T17:10:52,
2024_朝阳_期中,2024,朝阳,期中,/Users/wanglifei/GaokaoPolitics/2024各区模拟题/2024朝阳期中/2024.11期中政治朝阳评标2.docx,/Users/wanglifei/GaokaoPolitics/2024各区模拟题,2024朝阳期中/2024.11期中政治朝阳评标2.docx,docx,rubric,,duplicate-or-drift,92a268ce852f69446644c8427066cccff0fd143bdc9ff70a4d813f1c3b82d261,/Users/wanglifei/Desktop/2024模拟题/2024朝阳期中/细则/补充材料/2024.11期中政治朝阳评标2.docx,121373,2026-04-23T17:10:52,exact_duplicate_of=/Users/wanglifei/Desktop/2024模拟题/2024朝阳期中/细则/补充材料/2024.11期中政治朝阳评标2.docx
2024_朝阳_期中,2024,朝阳,期中,/Users/wanglifei/GaokaoPolitics/2024各区模拟题/2024朝阳期中/2024.11期中政治朝阳评标docx.docx,/Users/wanglifei/GaokaoPolitics/2024各区模拟题,2024朝阳期中/2024.11期中政治朝阳评标docx.docx,docx,rubric,,duplicate-or-drift,0f8ea3bbe2629d2f6b750e3d95a3505f2d664078ff4b03f2ca7845c70fb057d3,/Users/wanglifei/Desktop/2024模拟题/2024朝阳期中/细则/细则.docx,29099,2026-04-23T17:10:49,exact_duplicate_of=/Users/wanglifei/Desktop/2024模拟题/2024朝阳期中/细则/细则.docx
2024_海淀_一模,2024,海淀,一模,/Users/wanglifei/Desktop/2024模拟题/2024海淀一模/试卷/试卷.pdf,/Users/wanglifei/Desktop/2024模拟题,2024海淀一模/试卷/试卷.pdf,pdf,paper,,inventory-only,4bc0edec2a08a90ef83b813fd06a431d5ee7a1fc68cf77bd65b2c98d553d2eaa,,658903,2026-04-23T17:11:42,
2024_海淀_一模,2024,海淀,一模,/Users/wanglifei/GaokaoPolitics/2024各区模拟题/2024海淀一模/高三政治：一模试题.pdf,/Users/wanglifei/GaokaoPolitics/2024各区模拟题,2024海淀一模/高三政治：一模试题.pdf,pdf,paper,,duplicate-or-drift,4bc0edec2a08a90ef83b813fd06a431d5ee7a1fc68cf77bd65b2c98d553d2eaa,/Users/wanglifei/Desktop/2024模拟题/2024海淀一模/试卷/试卷.pdf,658903,2026-04-23T17:11:42,exact_duplicate_of=/Users/wanglifei/Desktop/2024模拟题/2024海淀一模/试卷/试卷.pdf
2024_海淀_一模,2024,海淀,一模,/Users/wanglifei/GaokaoPolitics/2024各区模拟题/2024海淀一模/一模政治-答案.docx,/Users/wanglifei/GaokaoPolitics/2024各区模拟题,2024海淀一模/一模政治-答案.docx,docx,reference-answer,,duplicate-or-drift,98d1d762f302004f8166a9f61d972313912724efef27025c64f909cc1b585c65,/Users/wanglifei/Desktop/2024模拟题/2024海淀一模/细则/补充材料/一模政治-答案.docx,22184,2026-04-23T17:11:42,exact_duplicate_of=/Users/wanglifei/Desktop/2024模拟题/2024海淀一模/细则/补充材料/一模政治-答案.docx
2024_海淀_一模,2024,海淀,一模,/Users/wanglifei/Desktop/2024模拟题/2024海淀一模/细则/细则.docx,/Users/wanglifei/Desktop/2024模拟题,2024海淀一模/细则/细则.docx,docx,rubric,,inventory-only,b692254ceb1b81747ef1b03d5e5f42daeb261dab7b8951bcbb992980e56ad378,,67046,2026-04-23T17:11:39,
2024_海淀_一模,2024,海淀,一模,/Users/wanglifei/Desktop/2024模拟题/2024海淀一模/细则/补充材料/一模政治-答案.docx,/Users/wanglifei/Desktop/2024模拟题,2024海淀一模/细则/补充材料/一模政治-答案.docx,docx,rubric,,inventory-only,98d1d762f302004f8166a9f61d972313912724efef27025c64f909cc1b585c65,,22184,2026-04-23T17:11:42,
2024_海淀_一模,2024,海淀,一模,/Users/wanglifei/GaokaoPolitics/2024各区模拟题/2024海淀一模/海淀区一模细则及答案docx.docx,/Users/wanglifei/GaokaoPolitics/2024各区模拟题,2024海淀一模/海淀区一模细则及答案docx.docx,docx,rubric,,duplicate-or-drift,b692254ceb1b81747ef1b03d5e5f42daeb261dab7b8951bcbb992980e56ad378,/Users/wanglifei/Desktop/2024模拟题/2024海淀一模/细则/细则.docx,67046,2026-04-23T17:11:39,exact_duplicate_of=/Users/wanglifei/Desktop/2024模拟题/2024海淀一模/细则/细则.docx
2024_海淀_二模,2024,海淀,二模,/Users/wanglifei/Desktop/2024模拟题/海淀二模/试卷/补充材料/高三二模：政治试题（以PDF为准）(1).docx,/Users/wanglifei/Desktop/2024模拟题,海淀二模/试卷/补充材料/高三二模：政治试题（以PDF为准）(1).docx,docx,paper,,inventory-only,13d454fdd813a0391d5dae21dbec99376ac2068d752173587130d5f266037572,,253229,2026-04-23T17:09:40,
2024_海淀_二模,2024,海淀,二模,/Users/wanglifei/Desktop/2024模拟题/海淀二模/试卷/试卷.pdf,/Users/wanglifei/Desktop/2024模拟题,海淀二模/试卷/试卷.pdf,pdf,paper,,inventory-only,5355283f436e322953d1c6cb1f07663915a738594d8733a379aaf1109b31385c,,513944,2026-04-23T17:09:48,
2024_海淀_二模,2024,海淀,二模,/Users/wanglifei/GaokaoPolitics/2024各区模拟题/海淀二模/高三二模：政治试题（以PDF为准）(1).docx,/Users/wanglifei/GaokaoPolitics/2024各区模拟题,海淀二模/高三二模：政治试题（以PDF为准）(1).docx,docx,paper,,duplicate-or-drift,13d454fdd813a0391d5dae21dbec99376ac2068d752173587130d5f266037572,/Users/wanglifei/Desktop/2024模拟题/海淀二模/试卷/补充材料/高三二模：政治试题（以PDF为准）(1).docx,253229,2026-04-23T17:09:40,exact_duplicate_of=/Users/wanglifei/Desktop/2024模拟题/海淀二模/试卷/补充材料/高三二模：政治试题（以PDF为准）(1).docx
2024_海淀_二模,2024,海淀,二模,/Users/wanglifei/GaokaoPolitics/2024各区模拟题/海淀二模/高三政治：二模试题（海）(1).pdf,/Users/wanglifei/GaokaoPolitics/2024各区模拟题,海淀二模/高三政治：二模试题（海）(1).pdf,pdf,paper,,duplicate-or-drift,5355283f436e322953d1c6cb1f07663915a738594d8733a379aaf1109b31385c,/Users/wanglifei/Desktop/2024模拟题/海淀二模/试卷/试卷.pdf,513944,2026-04-23T17:09:48,exact_duplicate_of=/Users/wanglifei/Desktop/2024模拟题/海淀二模/试卷/试卷.pdf
2024_海淀_二模,2024,海淀,二模,/Users/wanglifei/GaokaoPolitics/2024各区模拟题/海淀二模/高三二模：政治答案(2).docx,/Users/wanglifei/GaokaoPolitics/2024各区模拟题,海淀二模/高三二模：政治答案(2).docx,docx,reference-answer,,duplicate-or-drift,8f109fb09efc0c6ae1ffbad76a5ad99bf071a766b0e8c512247d468dc37fc6b3,/Users/wanglifei/Desktop/2024模拟题/海淀二模/细则/补充材料/高三二模：政治答案(2).docx,22380,2026-04-23T17:09:45,exact_duplicate_of=/Users/wanglifei/Desktop/2024模拟题/海淀二模/细则/补充材料/高三二模：政治答案(2).docx
2024_海淀_二模,2024,海淀,二模,/Users/wanglifei/Desktop/2024模拟题/海淀二模/细则/细则.docx,/Users/wanglifei/Desktop/2024模拟题,海淀二模/细则/细则.docx,docx,rubric,,inventory-only,227192d22e10241b73c445e7ab168c6f7317999c99d908aa84621a38b0b544e7,,535443,2026-04-23T17:09:44,
2024_海淀_二模,2024,海淀,二模,/Users/wanglifei/Desktop/2024模拟题/海淀二模/细则/补充材料/高三二模：政治答案(2).docx,/Users/wanglifei/Desktop/2024模拟题,海淀二模/细则/补充材料/高三二模：政治答案(2).docx,docx,rubric,,inventory-only,8f109fb09efc0c6ae1ffbad76a5ad99bf071a766b0e8c512247d468dc37fc6b3,,22380,2026-04-23T17:09:45,
2024_海淀_二模,2024,海淀,二模,/Users/wanglifei/GaokaoPolitics/2024各区模拟题/海淀二模/高三二模：政治答案+细则.docx,/Users/wanglifei/GaokaoPolitics/2024各区模拟题,海淀二模/高三二模：政治答案+细则.docx,docx,rubric,,duplicate-or-drift,227192d22e10241b73c445e7ab168c6f7317999c99d908aa84621a38b0b544e7,/Users/wanglifei/Desktop/2024模拟题/海淀二模/细则/细则.docx,535443,2026-04-23T17:09:44,exact_duplicate_of=/Users/wanglifei/Desktop/2024模拟题/海淀二模/细则/细则.docx
2024_海淀_期中,2024,海淀,期中,/Users/wanglifei/GaokaoPolitics/2024各区模拟题/2024海淀期中/区里最后的讲评.pdf,/Users/wanglifei/GaokaoPolitics/2024各区模拟题,2024海淀期中/区里最后的讲评.pdf,pdf,marking-report,,duplicate-or-drift,fee5258a9b7359d59a4bc6ed5cd3524d055ca156768bc04de81227f6397c3cee,/Users/wanglifei/Desktop/2024模拟题/2024海淀期中/细则/细则.pdf,5808964,2026-04-23T17:11:33,exact_duplicate_of=/Users/wanglifei/Desktop/2024模拟题/2024海淀期中/细则/细则.pdf
2024_海淀_期中,2024,海淀,期中,/Users/wanglifei/Desktop/2024模拟题/2024海淀期中/试卷/试卷.pdf,/Users/wanglifei/Desktop/2024模拟题,2024海淀期中/试卷/试卷.pdf,pdf,paper,,inventory-only,16c75dff224a222c0e7ba19eb0e6a147560e92549376e7859b830b2f1449f512,,4988708,2026-04-23T17:11:27,
2024_海淀_期中,2024,海淀,期中,/Users/wanglifei/GaokaoPolitics/2024各区模拟题/2024海淀期中/海淀区2024～2025学年第一学期期中练习政治试题.pdf,/Users/wanglifei/GaokaoPolitics/2024各区模拟题,2024海淀期中/海淀区2024～2025学年第一学期期中练习政治试题.pdf,pdf,paper,,duplicate-or-drift,16c75dff224a222c0e7ba19eb0e6a147560e92549376e7859b830b2f1449f512,/Users/wanglifei/Desktop/2024模拟题/2024海淀期中/试卷/试卷.pdf,4988708,2026-04-23T17:11:27,exact_duplicate_of=/Users/wanglifei/Desktop/2024模拟题/2024海淀期中/试卷/试卷.pdf
2024_海淀_期中,2024,海淀,期中,/Users/wanglifei/Desktop/2024模拟题/2024海淀期中/细则/细则.pdf,/Users/wanglifei/Desktop/2024模拟题,2024海淀期中/细则/细则.pdf,pdf,rubric,,inventory-only,fee5258a9b7359d59a4bc6ed5cd3524d055ca156768bc04de81227f6397c3cee,,5808964,2026-04-23T17:11:33,
2024_石景山_一模,2024,石景山,一模,/Users/wanglifei/Desktop/2024模拟题/石景山一模/试卷/试卷.docx,/Users/wanglifei/Desktop/2024模拟题,石景山一模/试卷/试卷.docx,docx,paper,,inventory-only,f581620be44a4c2cae69e737697ee15d754603627ddd385dd6be1c207c5e43f6,,353125,2026-04-23T17:10:40,
2024_石景山_一模,2024,石景山,一模,/Users/wanglifei/GaokaoPolitics/2024各区模拟题/石景山一模/2024年石景山一模.pptx,/Users/wanglifei/GaokaoPolitics/2024各区模拟题,石景山一模/2024年石景山一模.pptx,pptx,paper,,duplicate-or-drift,935b8ea1e01b3ba5839af0dcf7680952bcfce7b3d5f389c487f2d4c2b5581e83,/Users/wanglifei/Desktop/2024模拟题/石景山一模/细则/细则.pptx,10536645,2026-04-23T17:13:19,exact_duplicate_of=/Users/wanglifei/Desktop/2024模拟题/石景山一模/细则/细则.pptx
2024_石景山_一模,2024,石景山,一模,/Users/wanglifei/GaokaoPolitics/2024各区模拟题/石景山一模/2024北京石景山高三一模政治（教师版带答案）.docx,/Users/wanglifei/GaokaoPolitics/2024各区模拟题,石景山一模/2024北京石景山高三一模政治（教师版带答案）.docx,docx,reference-answer,,duplicate-or-drift,f581620be44a4c2cae69e737697ee15d754603627ddd385dd6be1c207c5e43f6,/Users/wanglifei/Desktop/2024模拟题/石景山一模/试卷/试卷.docx,353125,2026-04-23T17:10:40,exact_duplicate_of=/Users/wanglifei/Desktop/2024模拟题/石景山一模/试卷/试卷.docx
2024_石景山_一模,2024,石景山,一模,/Users/wanglifei/Desktop/2024模拟题/石景山一模/细则/细则.pptx,/Users/wanglifei/Desktop/2024模拟题,石景山一模/细则/细则.pptx,pptx,rubric,,inventory-only,935b8ea1e01b3ba5839af0dcf7680952bcfce7b3d5f389c487f2d4c2b5581e83,,10536645,2026-04-23T17:13:19,
2024_西城_一模,2024,西城,一模,/Users/wanglifei/Desktop/2024模拟题/西城一模/试卷/试卷.docx,/Users/wanglifei/Desktop/2024模拟题,西城一模/试卷/试卷.docx,docx,paper,,inventory-only,2aa2ee045f75ecd86ef7f244b034451ef8d587c96ea3805c41189bcb09b43e74,,2046293,2026-04-23T17:09:29,
2024_西城_一模,2024,西城,一模,/Users/wanglifei/GaokaoPolitics/2024各区模拟题/西城一模/2024.4高三统一测试思想政治试卷.docx,/Users/wanglifei/GaokaoPolitics/2024各区模拟题,西城一模/2024.4高三统一测试思想政治试卷.docx,docx,paper,,duplicate-or-drift,2aa2ee045f75ecd86ef7f244b034451ef8d587c96ea3805c41189bcb09b43e74,/Users/wanglifei/Desktop/2024模拟题/西城一模/试卷/试卷.docx,2046293,2026-04-23T17:09:29,exact_duplicate_of=/Users/wanglifei/Desktop/2024模拟题/西城一模/试卷/试卷.docx
2024_西城_一模,2024,西城,一模,/Users/wanglifei/GaokaoPolitics/2024各区模拟题/西城一模/2024.4高三统一测试思想政治答案.docx,/Users/wanglifei/GaokaoPolitics/2024各区模拟题,西城一模/2024.4高三统一测试思想政治答案.docx,docx,reference-answer,,duplicate-or-drift,91e28443e7a1bb0e34bca296c1123a8f31b6e7ed15bdb682f73f9dd8f5a8a0a2,/Users/wanglifei/Desktop/2024模拟题/西城一模/细则/补充材料/2024.4高三统一测试思想政治答案.docx,42156,2026-04-23T17:09:14,exact_duplicate_of=/Users/wanglifei/Desktop/2024模拟题/西城一模/细则/补充材料/2024.4高三统一测试思想政治答案.docx
2024_西城_一模,2024,西城,一模,/Users/wanglifei/Desktop/2024模拟题/西城一模/细则/细则.docx,/Users/wanglifei/Desktop/2024模拟题,西城一模/细则/细则.docx,docx,rubric,,inventory-only,f7bcf000f212cc694cabd0e1acf8ba29e5aa99810d2d5d25e839024388f97271,,48086,2026-04-23T17:09:14,
2024_西城_一模,2024,西城,一模,/Users/wanglifei/Desktop/2024模拟题/西城一模/细则/补充材料/2024.4高三统一测试思想政治答案.docx,/Users/wanglifei/Desktop/2024模拟题,西城一模/细则/补充材料/2024.4高三统一测试思想政治答案.docx,docx,rubric,,inventory-only,91e28443e7a1bb0e34bca296c1123a8f31b6e7ed15bdb682f73f9dd8f5a8a0a2,,42156,2026-04-23T17:09:14,
2024_西城_一模,2024,西城,一模,/Users/wanglifei/GaokaoPolitics/2024各区模拟题/西城一模/2024.4西城高三统一测试思想政治答案 阅卷细则（调整）.docx,/Users/wanglifei/GaokaoPolitics/2024各区模拟题,西城一模/2024.4西城高三统一测试思想政治答案 阅卷细则（调整）.docx,docx,rubric,,duplicate-or-drift,f7bcf000f212cc694cabd0e1acf8ba29e5aa99810d2d5d25e839024388f97271,/Users/wanglifei/Desktop/2024模拟题/西城一模/细则/细则.docx,48086,2026-04-23T17:09:14,exact_duplicate_of=/Users/wanglifei/Desktop/2024模拟题/西城一模/细则/细则.docx
2024_西城_二模,2024,西城,二模,/Users/wanglifei/Desktop/2024模拟题/西城二模/其他材料/西城东城二模选择题讲评.pdf,/Users/wanglifei/Desktop/2024模拟题,西城二模/其他材料/西城东城二模选择题讲评.pdf,pdf,marking-report,,inventory-only,0699487fb81048378f398686c741991c5716a610de8c25fb0da487e45cf9856b,,1174827,2026-04-23T17:10:30,
2024_西城_二模,2024,西城,二模,/Users/wanglifei/Desktop/2024模拟题/西城二模/其他材料/西城东城二模选择题讲评.pptx,/Users/wanglifei/Desktop/2024模拟题,西城二模/其他材料/西城东城二模选择题讲评.pptx,pptx,marking-report,,inventory-only,5253381d5b61a9ecb068a7d70c91a358c07a3a368ba142ffc1bc20e44be07bfd,,3106616,2026-04-23T17:10:47,
2024_西城_二模,2024,西城,二模,/Users/wanglifei/GaokaoPolitics/2024各区模拟题/西城二模/西城东城二模选择题讲评.pdf,/Users/wanglifei/GaokaoPolitics/2024各区模拟题,西城二模/西城东城二模选择题讲评.pdf,pdf,marking-report,,duplicate-or-drift,0699487fb81048378f398686c741991c5716a610de8c25fb0da487e45cf9856b,/Users/wanglifei/Desktop/2024模拟题/西城二模/其他材料/西城东城二模选择题讲评.pdf,1174827,2026-04-23T17:10:30,exact_duplicate_of=/Users/wanglifei/Desktop/2024模拟题/西城二模/其他材料/西城东城二模选择题讲评.pdf
2024_西城_二模,2024,西城,二模,/Users/wanglifei/GaokaoPolitics/2024各区模拟题/西城二模/西城东城二模选择题讲评.pptx,/Users/wanglifei/GaokaoPolitics/2024各区模拟题,西城二模/西城东城二模选择题讲评.pptx,pptx,marking-report,,duplicate-or-drift,5253381d5b61a9ecb068a7d70c91a358c07a3a368ba142ffc1bc20e44be07bfd,/Users/wanglifei/Desktop/2024模拟题/西城二模/其他材料/西城东城二模选择题讲评.pptx,3106616,2026-04-23T17:10:47,exact_duplicate_of=/Users/wanglifei/Desktop/2024模拟题/西城二模/其他材料/西城东城二模选择题讲评.pptx
2024_西城_二模,2024,西城,二模,/Users/wanglifei/Desktop/2024模拟题/西城二模/试卷/试卷.docx,/Users/wanglifei/Desktop/2024模拟题,西城二模/试卷/试卷.docx,docx,paper,,inventory-only,0dbd7271f7bf108d41417b2ffdd3f36dcd86ac93c99fe18a42b1bfee5565c0fc,,483636,2026-04-23T17:10:36,
2024_西城_二模,2024,西城,二模,/Users/wanglifei/GaokaoPolitics/2024各区模拟题/西城二模/高三模拟测试思想政治试卷.docx,/Users/wanglifei/GaokaoPolitics/2024各区模拟题,西城二模/高三模拟测试思想政治试卷.docx,docx,paper,,duplicate-or-drift,0dbd7271f7bf108d41417b2ffdd3f36dcd86ac93c99fe18a42b1bfee5565c0fc,/Users/wanglifei/Desktop/2024模拟题/西城二模/试卷/试卷.docx,483636,2026-04-23T17:10:36,exact_duplicate_of=/Users/wanglifei/Desktop/2024模拟题/西城二模/试卷/试卷.docx
2024_西城_二模,2024,西城,二模,/Users/wanglifei/GaokaoPolitics/2024各区模拟题/西城二模/高三模拟测试思想政治答案.docx,/Users/wanglifei/GaokaoPolitics/2024各区模拟题,西城二模/高三模拟测试思想政治答案.docx,docx,reference-answer,,duplicate-or-drift,85ebe0578ce81b181f9de0a1de0850bdd12c651609b8c9f8232c9aead56d3fd8,/Users/wanglifei/Desktop/2024模拟题/西城二模/细则/补充材料/高三模拟测试思想政治答案.docx,43143,2026-04-23T17:10:28,exact_duplicate_of=/Users/wanglifei/Desktop/2024模拟题/西城二模/细则/补充材料/高三模拟测试思想政治答案.docx
2024_西城_二模,2024,西城,二模,/Users/wanglifei/Desktop/2024模拟题/西城二模/细则/细则.docx,/Users/wanglifei/Desktop/2024模拟题,西城二模/细则/细则.docx,docx,rubric,,inventory-only,f2e1772f20ed20857c70e184b124244b55717f04354f46c8f6d2ec91206a2f50,,50023,2026-04-23T17:10:29,
2024_西城_二模,2024,西城,二模,/Users/wanglifei/Desktop/2024模拟题/西城二模/细则/补充材料/高三模拟测试思想政治答案.docx,/Users/wanglifei/Desktop/2024模拟题,西城二模/细则/补充材料/高三模拟测试思想政治答案.docx,docx,rubric,,inventory-only,85ebe0578ce81b181f9de0a1de0850bdd12c651609b8c9f8232c9aead56d3fd8,,43143,2026-04-23T17:10:28,
2024_西城_二模,2024,西城,二模,/Users/wanglifei/GaokaoPolitics/2024各区模拟题/西城二模/高三模拟测试思想政治答案细则.docx,/Users/wanglifei/GaokaoPolitics/2024各区模拟题,西城二模/高三模拟测试思想政治答案细则.docx,docx,rubric,,duplicate-or-drift,f2e1772f20ed20857c70e184b124244b55717f04354f46c8f6d2ec91206a2f50,/Users/wanglifei/Desktop/2024模拟题/西城二模/细则/细则.docx,50023,2026-04-23T17:10:29,exact_duplicate_of=/Users/wanglifei/Desktop/2024模拟题/西城二模/细则/细则.docx
2024_顺义_二模,2024,顺义,二模,/Users/wanglifei/Desktop/2024模拟题/顺义思政二模/试卷/试卷.docx,/Users/wanglifei/Desktop/2024模拟题,顺义思政二模/试卷/试卷.docx,docx,paper,,inventory-only,33010f3bed39e2759cf1ca3d22d4526f77e22833c208efb1aaf3611a8dd67df7,,13156426,2026-04-23T17:11:27,
2024_顺义_二模,2024,顺义,二模,/Users/wanglifei/GaokaoPolitics/2024各区模拟题/顺义思政二模/20240318顺义思政二模试题（定）.docx,/Users/wanglifei/GaokaoPolitics/2024各区模拟题,顺义思政二模/20240318顺义思政二模试题（定）.docx,docx,paper,,duplicate-or-drift,33010f3bed39e2759cf1ca3d22d4526f77e22833c208efb1aaf3611a8dd67df7,/Users/wanglifei/Desktop/2024模拟题/顺义思政二模/试卷/试卷.docx,13156426,2026-04-23T17:11:27,exact_duplicate_of=/Users/wanglifei/Desktop/2024模拟题/顺义思政二模/试卷/试卷.docx
2024_顺义_二模,2024,顺义,二模,/Users/wanglifei/GaokaoPolitics/2024各区模拟题/顺义思政二模/顺义区 2024届高三第二次统练试题（思想政治）参考答案docx.docx,/Users/wanglifei/GaokaoPolitics/2024各区模拟题,顺义思政二模/顺义区 2024届高三第二次统练试题（思想政治）参考答案docx.docx,docx,reference-answer,,duplicate-or-drift,f986728ea555a6edc1669835ceef949b8129895ba54cc64f0de67968ea29527f,/Users/wanglifei/Desktop/2024模拟题/顺义思政二模/细则/细则.docx,32521,2026-04-23T17:10:19,exact_duplicate_of=/Users/wanglifei/Desktop/2024模拟题/顺义思政二模/细则/细则.docx
2024_顺义_二模,2024,顺义,二模,/Users/wanglifei/Desktop/2024模拟题/顺义思政二模/细则/细则.docx,/Users/wanglifei/Desktop/2024模拟题,顺义思政二模/细则/细则.docx,docx,rubric,,inventory-only,f986728ea555a6edc1669835ceef949b8129895ba54cc64f0de67968ea29527f,,32521,2026-04-23T17:10:19,
2025_东城_一模,2025,东城,一模,/Users/wanglifei/GaokaoPolitics/2025各区模拟题/2025各区一模/2025东城一模/东城区25届高三政治一模统测阅卷报告 4.12.pdf,/Users/wanglifei/GaokaoPolitics/2025各区模拟题,2025各区一模/2025东城一模/东城区25届高三政治一模统测阅卷报告 4.12.pdf,pdf,marking-report,,duplicate-or-drift,c254bbee61da4abda65388bd2bd144b0e7efc781e9890208535e7882fbf278da,/Users/wanglifei/Desktop/2025模拟题/2025各区一模/2025东城一模/细则/细则.pdf,370507,2026-04-23T17:05:42,exact_duplicate_of=/Users/wanglifei/Desktop/2025模拟题/2025各区一模/2025东城一模/细则/细则.pdf
2025_东城_一模,2025,东城,一模,/Users/wanglifei/Desktop/2025模拟题/2025各区一模/2025东城一模/试卷/试卷.pdf,/Users/wanglifei/Desktop/2025模拟题,2025各区一模/2025东城一模/试卷/试卷.pdf,pdf,paper,,inventory-only,46c444a91d491a4fc02f2497e24eb79f6639652c8b8f962b60a562f89c25a9d0,,810417,2026-04-23T17:05:38,
2025_东城_一模,2025,东城,一模,/Users/wanglifei/GaokaoPolitics/2025各区模拟题/2025各区一模/2025东城一模/2025北京东城高三一模政治（教师版）.pdf,/Users/wanglifei/GaokaoPolitics/2025各区模拟题,2025各区一模/2025东城一模/2025北京东城高三一模政治（教师版）.pdf,pdf,paper,,duplicate-or-drift,46c444a91d491a4fc02f2497e24eb79f6639652c8b8f962b60a562f89c25a9d0,/Users/wanglifei/Desktop/2025模拟题/2025各区一模/2025东城一模/试卷/试卷.pdf,810417,2026-04-23T17:05:38,exact_duplicate_of=/Users/wanglifei/Desktop/2025模拟题/2025各区一模/2025东城一模/试卷/试卷.pdf
2025_东城_一模,2025,东城,一模,/Users/wanglifei/Desktop/2025模拟题/2025各区一模/2025东城一模/细则/细则.pdf,/Users/wanglifei/Desktop/2025模拟题,2025各区一模/2025东城一模/细则/细则.pdf,pdf,rubric,,inventory-only,c254bbee61da4abda65388bd2bd144b0e7efc781e9890208535e7882fbf278da,,370507,2026-04-23T17:05:42,
2025_东城_二模,2025,东城,二模,/Users/wanglifei/GaokaoPolitics/2025各区模拟题/2025各区二模/2025东城二模/东城区25届高三政治二模统测阅卷报告 5.9.pdf,/Users/wanglifei/GaokaoPolitics/2025各区模拟题,2025各区二模/2025东城二模/东城区25届高三政治二模统测阅卷报告 5.9.pdf,pdf,marking-report,,duplicate-or-drift,606dbae1d5ce3e59c8daef227c8b797cfbda2b7f90b8c9e07f47654af13e1cc2,/Users/wanglifei/Desktop/2025模拟题/2025各区二模/2025东城二模/细则/细则.pdf,327662,2026-04-23T17:07:10,exact_duplicate_of=/Users/wanglifei/Desktop/2025模拟题/2025各区二模/2025东城二模/细则/细则.pdf
2025_东城_二模,2025,东城,二模,/Users/wanglifei/Desktop/2025模拟题/2025各区二模/2025东城二模/试卷/试卷.pdf,/Users/wanglifei/Desktop/2025模拟题,2025各区二模/2025东城二模/试卷/试卷.pdf,pdf,paper,,inventory-only,9b287871f660f23de9593be4c16952103c1c6873d6bd52d25ddd57ddd1a8d268,,575180,2026-04-23T17:07:08,
2025_东城_二模,2025,东城,二模,/Users/wanglifei/GaokaoPolitics/2025各区模拟题/2025各区二模/2025东城二模/2025北京东城高三二模政治（教师版）.pdf,/Users/wanglifei/GaokaoPolitics/2025各区模拟题,2025各区二模/2025东城二模/2025北京东城高三二模政治（教师版）.pdf,pdf,paper,,duplicate-or-drift,9b287871f660f23de9593be4c16952103c1c6873d6bd52d25ddd57ddd1a8d268,/Users/wanglifei/Desktop/2025模拟题/2025各区二模/2025东城二模/试卷/试卷.pdf,575180,2026-04-23T17:07:08,exact_duplicate_of=/Users/wanglifei/Desktop/2025模拟题/2025各区二模/2025东城二模/试卷/试卷.pdf
2025_东城_二模,2025,东城,二模,/Users/wanglifei/Desktop/2025模拟题/2025各区二模/2025东城二模/细则/细则.pdf,/Users/wanglifei/Desktop/2025模拟题,2025各区二模/2025东城二模/细则/细则.pdf,pdf,rubric,,inventory-only,606dbae1d5ce3e59c8daef227c8b797cfbda2b7f90b8c9e07f47654af13e1cc2,,327662,2026-04-23T17:07:10,
2025_东城_期末,2025,东城,期末,/Users/wanglifei/GaokaoPolitics/2025各区模拟题/2025各区期末/2025东城期末/2025。1东城讲评 修改.pdf,/Users/wanglifei/GaokaoPolitics/2025各区模拟题,2025各区期末/2025东城期末/2025。1东城讲评 修改.pdf,pdf,marking-report,,duplicate-or-drift,5b78436dd863858bc3d3d587daf89ed6bcef61f9a5796608fc598bd2931b0029,/Users/wanglifei/Desktop/2025模拟题/2025各区期末/2025东城期末/细则/细则.pdf,1375593,2026-04-23T17:08:30,exact_duplicate_of=/Users/wanglifei/Desktop/2025模拟题/2025各区期末/2025东城期末/细则/细则.pdf
2025_东城_期末,2025,东城,期末,/Users/wanglifei/Desktop/2025模拟题/2025各区期末/2025东城期末/试卷/试卷.pdf,/Users/wanglifei/Desktop/2025模拟题,2025各区期末/2025东城期末/试卷/试卷.pdf,pdf,paper,,inventory-only,8eda36bd87dba1947b49352c5f2451852bf9c57a58f896f907c8adfd35c12fa9,,704654,2026-04-23T17:08:15,
2025_东城_期末,2025,东城,期末,/Users/wanglifei/GaokaoPolitics/2025各区模拟题/2025各区期末/2025东城期末/2025北京东城高三（上）期末政治（教师版）.pdf,/Users/wanglifei/GaokaoPolitics/2025各区模拟题,2025各区期末/2025东城期末/2025北京东城高三（上）期末政治（教师版）.pdf,pdf,paper,,duplicate-or-drift,8eda36bd87dba1947b49352c5f2451852bf9c57a58f896f907c8adfd35c12fa9,/Users/wanglifei/Desktop/2025模拟题/2025各区期末/2025东城期末/试卷/试卷.pdf,704654,2026-04-23T17:08:15,exact_duplicate_of=/Users/wanglifei/Desktop/2025模拟题/2025各区期末/2025东城期末/试卷/试卷.pdf
2025_东城_期末,2025,东城,期末,/Users/wanglifei/GaokaoPolitics/2025各区模拟题/2025各区期末/2025东城期末/东城期末.pptx,/Users/wanglifei/GaokaoPolitics/2025各区模拟题,2025各区期末/2025东城期末/东城期末.pptx,pptx,paper,,duplicate-or-drift,26b1173765262a2f34fc48932fa71fb8f6c77085cdc57aa27a5b597eb3caa2ec,/Users/wanglifei/Desktop/2025模拟题/2025各区期末/2025东城期末/细则/补充材料/东城期末.pptx,8107362,2026-04-23T17:08:53,exact_duplicate_of=/Users/wanglifei/Desktop/2025模拟题/2025各区期末/2025东城期末/细则/补充材料/东城期末.pptx
2025_东城_期末,2025,东城,期末,/Users/wanglifei/Desktop/2025模拟题/2025各区期末/2025东城期末/细则/细则.pdf,/Users/wanglifei/Desktop/2025模拟题,2025各区期末/2025东城期末/细则/细则.pdf,pdf,rubric,,inventory-only,5b78436dd863858bc3d3d587daf89ed6bcef61f9a5796608fc598bd2931b0029,,1375593,2026-04-23T17:08:30,
2025_东城_期末,2025,东城,期末,/Users/wanglifei/Desktop/2025模拟题/2025各区期末/2025东城期末/细则/补充材料/东城期末.pptx,/Users/wanglifei/Desktop/2025模拟题,2025各区期末/2025东城期末/细则/补充材料/东城期末.pptx,pptx,rubric,,inventory-only,26b1173765262a2f34fc48932fa71fb8f6c77085cdc57aa27a5b597eb3caa2ec,,8107362,2026-04-23T17:08:53,
2025_丰台_一模,2025,丰台,一模,/Users/wanglifei/Desktop/2025模拟题/2025各区一模/2025丰台一模/试卷/试卷.pdf,/Users/wanglifei/Desktop/2025模拟题,2025各区一模/2025丰台一模/试卷/试卷.pdf,pdf,paper,,inventory-only,e8823e6dc1a71cac6fefaa93e8ec2ab6e91459e0ff590a0d5b6c253428f790be,,820699,2026-04-23T17:05:45,
2025_丰台_一模,2025,丰台,一模,/Users/wanglifei/GaokaoPolitics/2025各区模拟题/2025各区一模/2025丰台一模/2025北京丰台高三一模政治（教师版）.pdf,/Users/wanglifei/GaokaoPolitics/2025各区模拟题,2025各区一模/2025丰台一模/2025北京丰台高三一模政治（教师版）.pdf,pdf,paper,,duplicate-or-drift,e8823e6dc1a71cac6fefaa93e8ec2ab6e91459e0ff590a0d5b6c253428f790be,/Users/wanglifei/Desktop/2025模拟题/2025各区一模/2025丰台一模/试卷/试卷.pdf,820699,2026-04-23T17:05:45,exact_duplicate_of=/Users/wanglifei/Desktop/2025模拟题/2025各区一模/2025丰台一模/试卷/试卷.pdf
2025_丰台_一模,2025,丰台,一模,/Users/wanglifei/Desktop/2025模拟题/2025各区一模/2025丰台一模/细则/细则.docx,/Users/wanglifei/Desktop/2025模拟题,2025各区一模/2025丰台一模/细则/细则.docx,docx,rubric,,inventory-only,c143f0d3215c3417f3d92a9257422f5507ed541c417298f7d25b9e92986b4390,,28150,2026-04-23T17:05:43,
2025_丰台_一模,2025,丰台,一模,/Users/wanglifei/GaokaoPolitics/2025各区模拟题/2025各区一模/2025丰台一模/丰台高三一模阅卷细则 2025.docx,/Users/wanglifei/GaokaoPolitics/2025各区模拟题,2025各区一模/2025丰台一模/丰台高三一模阅卷细则 2025.docx,docx,rubric,,duplicate-or-drift,c143f0d3215c3417f3d92a9257422f5507ed541c417298f7d25b9e92986b4390,/Users/wanglifei/Desktop/2025模拟题/2025各区一模/2025丰台一模/细则/细则.docx,28150,2026-04-23T17:05:43,exact_duplicate_of=/Users/wanglifei/Desktop/2025模拟题/2025各区一模/2025丰台一模/细则/细则.docx
2025_丰台_二模,2025,丰台,二模,/Users/wanglifei/Desktop/2025模拟题/2025各区二模/2025丰台二模/试卷/试卷.pdf,/Users/wanglifei/Desktop/2025模拟题,2025各区二模/2025丰台二模/试卷/试卷.pdf,pdf,paper,,inventory-only,9f3b486088840b526e13f216898462df05e33de9567fe75145c7491cd5a0e11b,,851941,2026-04-23T17:07:13,
2025_丰台_二模,2025,丰台,二模,/Users/wanglifei/GaokaoPolitics/2025各区模拟题/2025各区二模/2025丰台二模/2025北京丰台高三二模政治（教师版）.pdf,/Users/wanglifei/GaokaoPolitics/2025各区模拟题,2025各区二模/2025丰台二模/2025北京丰台高三二模政治（教师版）.pdf,pdf,paper,,duplicate-or-drift,9f3b486088840b526e13f216898462df05e33de9567fe75145c7491cd5a0e11b,/Users/wanglifei/Desktop/2025模拟题/2025各区二模/2025丰台二模/试卷/试卷.pdf,851941,2026-04-23T17:07:13,exact_duplicate_of=/Users/wanglifei/Desktop/2025模拟题/2025各区二模/2025丰台二模/试卷/试卷.pdf
2025_丰台_二模,2025,丰台,二模,/Users/wanglifei/Desktop/2025模拟题/2025各区二模/2025丰台二模/细则/分题细则/2025丰台二模评标细则/2025丰台二模评标细则/16.(1).doc,/Users/wanglifei/Desktop/2025模拟题,2025各区二模/2025丰台二模/细则/分题细则/2025丰台二模评标细则/2025丰台二模评标细则/16.(1).doc,doc,rubric,,inventory-only,2f596046ed6d0ce5594043cdd14f103d0a758e43bd82cf79133ce456734a09b3,,1120834,2026-04-23T17:05:25,
2025_丰台_二模,2025,丰台,二模,/Users/wanglifei/Desktop/2025模拟题/2025各区二模/2025丰台二模/细则/分题细则/2025丰台二模评标细则/2025丰台二模评标细则/16.(2).docx,/Users/wanglifei/Desktop/2025模拟题,2025各区二模/2025丰台二模/细则/分题细则/2025丰台二模评标细则/2025丰台二模评标细则/16.(2).docx,docx,rubric,,inventory-only,e3e9942211ec52f96c2c74e685e28ec811bfe87ccd9d97b08fde3864f6c2bf0a,,861603,2026-04-23T17:05:25,
2025_丰台_二模,2025,丰台,二模,/Users/wanglifei/Desktop/2025模拟题/2025各区二模/2025丰台二模/细则/分题细则/2025丰台二模评标细则/2025丰台二模评标细则/17题.docx,/Users/wanglifei/Desktop/2025模拟题,2025各区二模/2025丰台二模/细则/分题细则/2025丰台二模评标细则/2025丰台二模评标细则/17题.docx,docx,rubric,,inventory-only,71d970ada83cbd28a7efb16aa888c15ee8396de35b1e47f2bc08825b4b98aadb,,1892630,2026-04-23T17:05:27,
2025_丰台_二模,2025,丰台,二模,/Users/wanglifei/Desktop/2025模拟题/2025各区二模/2025丰台二模/细则/分题细则/2025丰台二模评标细则/2025丰台二模评标细则/18题 .docx,/Users/wanglifei/Desktop/2025模拟题,2025各区二模/2025丰台二模/细则/分题细则/2025丰台二模评标细则/2025丰台二模评标细则/18题 .docx,docx,rubric,,inventory-only,56b5533477c242dc3b3a476869ddb64b4d3714c82fb86f6bae6e70dbf9444d66,,3477321,2026-04-23T17:05:44,
2025_丰台_二模,2025,丰台,二模,/Users/wanglifei/Desktop/2025模拟题/2025各区二模/2025丰台二模/细则/分题细则/2025丰台二模评标细则/2025丰台二模评标细则/19.(1).docx,/Users/wanglifei/Desktop/2025模拟题,2025各区二模/2025丰台二模/细则/分题细则/2025丰台二模评标细则/2025丰台二模评标细则/19.(1).docx,docx,rubric,,inventory-only,0e0ec077bf92033604024f22d3de9236ae281cf070249362feb41ea8254e29fc,,650202,2026-04-23T17:05:31,
2025_丰台_二模,2025,丰台,二模,/Users/wanglifei/Desktop/2025模拟题/2025各区二模/2025丰台二模/细则/分题细则/2025丰台二模评标细则/2025丰台二模评标细则/19.(2).docx,/Users/wanglifei/Desktop/2025模拟题,2025各区二模/2025丰台二模/细则/分题细则/2025丰台二模评标细则/2025丰台二模评标细则/19.(2).docx,docx,rubric,,inventory-only,a85076fc73d8e53eaa3013c21f6968715c0af0df7aace713e41c1b6c89b25683,,530536,2026-04-23T17:05:33,
2025_丰台_二模,2025,丰台,二模,/Users/wanglifei/Desktop/2025模拟题/2025各区二模/2025丰台二模/细则/分题细则/2025丰台二模评标细则/2025丰台二模评标细则/20题.docx,/Users/wanglifei/Desktop/2025模拟题,2025各区二模/2025丰台二模/细则/分题细则/2025丰台二模评标细则/2025丰台二模评标细则/20题.docx,docx,rubric,,inventory-only,17616554d57330bb3b0b4858d658c94d4a95f840bd83916e5695d63bf82f548d,,894350,2026-04-23T17:05:48,
2025_丰台_二模,2025,丰台,二模,/Users/wanglifei/Desktop/2025模拟题/2025各区二模/2025丰台二模/细则/分题细则/2025丰台二模评标细则/2025丰台二模评标细则/21题.docx,/Users/wanglifei/Desktop/2025模拟题,2025各区二模/2025丰台二模/细则/分题细则/2025丰台二模评标细则/2025丰台二模评标细则/21题.docx,docx,rubric,,inventory-only,11303432404cb656cc27829621d2b3531ecabcadf74eb04d9736cf5a117adb3a,,5374172,2026-04-23T17:05:11,
2025_丰台_二模,2025,丰台,二模,/Users/wanglifei/GaokaoPolitics/2025各区模拟题/2025各区二模/2025丰台二模/2025丰台二模评标细则/2025丰台二模评标细则/16.(1).doc,/Users/wanglifei/GaokaoPolitics/2025各区模拟题,2025各区二模/2025丰台二模/2025丰台二模评标细则/2025丰台二模评标细则/16.(1).doc,doc,rubric,,duplicate-or-drift,2f596046ed6d0ce5594043cdd14f103d0a758e43bd82cf79133ce456734a09b3,/Users/wanglifei/Desktop/2025模拟题/2025各区二模/2025丰台二模/细则/分题细则/2025丰台二模评标细则/2025丰台二模评标细则/16.(1).doc,1120834,2026-04-23T17:05:25,exact_duplicate_of=/Users/wanglifei/Desktop/2025模拟题/2025各区二模/2025丰台二模/细则/分题细则/2025丰台二模评标细则/2025丰台二模评标细则/16.(1).doc
2025_丰台_二模,2025,丰台,二模,/Users/wanglifei/GaokaoPolitics/2025各区模拟题/2025各区二模/2025丰台二模/2025丰台二模评标细则/2025丰台二模评标细则/16.(2).docx,/Users/wanglifei/GaokaoPolitics/2025各区模拟题,2025各区二模/2025丰台二模/2025丰台二模评标细则/2025丰台二模评标细则/16.(2).docx,docx,rubric,,duplicate-or-drift,e3e9942211ec52f96c2c74e685e28ec811bfe87ccd9d97b08fde3864f6c2bf0a,/Users/wanglifei/Desktop/2025模拟题/2025各区二模/2025丰台二模/细则/分题细则/2025丰台二模评标细则/2025丰台二模评标细则/16.(2).docx,861603,2026-04-23T17:05:25,exact_duplicate_of=/Users/wanglifei/Desktop/2025模拟题/2025各区二模/2025丰台二模/细则/分题细则/2025丰台二模评标细则/2025丰台二模评标细则/16.(2).docx
2025_丰台_二模,2025,丰台,二模,/Users/wanglifei/GaokaoPolitics/2025各区模拟题/2025各区二模/2025丰台二模/2025丰台二模评标细则/2025丰台二模评标细则/17题.docx,/Users/wanglifei/GaokaoPolitics/2025各区模拟题,2025各区二模/2025丰台二模/2025丰台二模评标细则/2025丰台二模评标细则/17题.docx,docx,rubric,,duplicate-or-drift,71d970ada83cbd28a7efb16aa888c15ee8396de35b1e47f2bc08825b4b98aadb,/Users/wanglifei/Desktop/2025模拟题/2025各区二模/2025丰台二模/细则/分题细则/2025丰台二模评标细则/2025丰台二模评标细则/17题.docx,1892630,2026-04-23T17:05:27,exact_duplicate_of=/Users/wanglifei/Desktop/2025模拟题/2025各区二模/2025丰台二模/细则/分题细则/2025丰台二模评标细则/2025丰台二模评标细则/17题.docx
2025_丰台_二模,2025,丰台,二模,/Users/wanglifei/GaokaoPolitics/2025各区模拟题/2025各区二模/2025丰台二模/2025丰台二模评标细则/2025丰台二模评标细则/18题 .docx,/Users/wanglifei/GaokaoPolitics/2025各区模拟题,2025各区二模/2025丰台二模/2025丰台二模评标细则/2025丰台二模评标细则/18题 .docx,docx,rubric,,duplicate-or-drift,56b5533477c242dc3b3a476869ddb64b4d3714c82fb86f6bae6e70dbf9444d66,/Users/wanglifei/Desktop/2025模拟题/2025各区二模/2025丰台二模/细则/分题细则/2025丰台二模评标细则/2025丰台二模评标细则/18题 .docx,3477321,2026-04-23T17:05:44,exact_duplicate_of=/Users/wanglifei/Desktop/2025模拟题/2025各区二模/2025丰台二模/细则/分题细则/2025丰台二模评标细则/2025丰台二模评标细则/18题 .docx
2025_丰台_二模,2025,丰台,二模,/Users/wanglifei/GaokaoPolitics/2025各区模拟题/2025各区二模/2025丰台二模/2025丰台二模评标细则/2025丰台二模评标细则/19.(1).docx,/Users/wanglifei/GaokaoPolitics/2025各区模拟题,2025各区二模/2025丰台二模/2025丰台二模评标细则/2025丰台二模评标细则/19.(1).docx,docx,rubric,,duplicate-or-drift,0e0ec077bf92033604024f22d3de9236ae281cf070249362feb41ea8254e29fc,/Users/wanglifei/Desktop/2025模拟题/2025各区二模/2025丰台二模/细则/分题细则/2025丰台二模评标细则/2025丰台二模评标细则/19.(1).docx,650202,2026-04-23T17:05:31,exact_duplicate_of=/Users/wanglifei/Desktop/2025模拟题/2025各区二模/2025丰台二模/细则/分题细则/2025丰台二模评标细则/2025丰台二模评标细则/19.(1).docx
2025_丰台_二模,2025,丰台,二模,/Users/wanglifei/GaokaoPolitics/2025各区模拟题/2025各区二模/2025丰台二模/2025丰台二模评标细则/2025丰台二模评标细则/19.(2).docx,/Users/wanglifei/GaokaoPolitics/2025各区模拟题,2025各区二模/2025丰台二模/2025丰台二模评标细则/2025丰台二模评标细则/19.(2).docx,docx,rubric,,duplicate-or-drift,a85076fc73d8e53eaa3013c21f6968715c0af0df7aace713e41c1b6c89b25683,/Users/wanglifei/Desktop/2025模拟题/2025各区二模/2025丰台二模/细则/分题细则/2025丰台二模评标细则/2025丰台二模评标细则/19.(2).docx,530536,2026-04-23T17:05:33,exact_duplicate_of=/Users/wanglifei/Desktop/2025模拟题/2025各区二模/2025丰台二模/细则/分题细则/2025丰台二模评标细则/2025丰台二模评标细则/19.(2).docx
2025_丰台_二模,2025,丰台,二模,/Users/wanglifei/GaokaoPolitics/2025各区模拟题/2025各区二模/2025丰台二模/2025丰台二模评标细则/2025丰台二模评标细则/20题.docx,/Users/wanglifei/GaokaoPolitics/2025各区模拟题,2025各区二模/2025丰台二模/2025丰台二模评标细则/2025丰台二模评标细则/20题.docx,docx,rubric,,duplicate-or-drift,17616554d57330bb3b0b4858d658c94d4a95f840bd83916e5695d63bf82f548d,/Users/wanglifei/Desktop/2025模拟题/2025各区二模/2025丰台二模/细则/分题细则/2025丰台二模评标细则/2025丰台二模评标细则/20题.docx,894350,2026-04-23T17:05:48,exact_duplicate_of=/Users/wanglifei/Desktop/2025模拟题/2025各区二模/2025丰台二模/细则/分题细则/2025丰台二模评标细则/2025丰台二模评标细则/20题.docx
2025_丰台_二模,2025,丰台,二模,/Users/wanglifei/GaokaoPolitics/2025各区模拟题/2025各区二模/2025丰台二模/2025丰台二模评标细则/2025丰台二模评标细则/21题.docx,/Users/wanglifei/GaokaoPolitics/2025各区模拟题,2025各区二模/2025丰台二模/2025丰台二模评标细则/2025丰台二模评标细则/21题.docx,docx,rubric,,duplicate-or-drift,11303432404cb656cc27829621d2b3531ecabcadf74eb04d9736cf5a117adb3a,/Users/wanglifei/Desktop/2025模拟题/2025各区二模/2025丰台二模/细则/分题细则/2025丰台二模评标细则/2025丰台二模评标细则/21题.docx,5374172,2026-04-23T17:05:11,exact_duplicate_of=/Users/wanglifei/Desktop/2025模拟题/2025各区二模/2025丰台二模/细则/分题细则/2025丰台二模评标细则/2025丰台二模评标细则/21题.docx
2025_丰台_期末,2025,丰台,期末,/Users/wanglifei/Desktop/2025模拟题/2025各区期末/2025丰台期末/试卷/试卷.pdf,/Users/wanglifei/Desktop/2025模拟题,2025各区期末/2025丰台期末/试卷/试卷.pdf,pdf,paper,,inventory-only,89765092a6f26242da94c2aca30992e3b2a42cf803733f8b63641227d1780e70,,1008849,2026-04-23T17:08:07,
2025_丰台_期末,2025,丰台,期末,/Users/wanglifei/GaokaoPolitics/2025各区模拟题/2025各区期末/2025丰台期末/2025北京丰台高三（上）期末政治（教师版）.pdf,/Users/wanglifei/GaokaoPolitics/2025各区模拟题,2025各区期末/2025丰台期末/2025北京丰台高三（上）期末政治（教师版）.pdf,pdf,paper,,duplicate-or-drift,89765092a6f26242da94c2aca30992e3b2a42cf803733f8b63641227d1780e70,/Users/wanglifei/Desktop/2025模拟题/2025各区期末/2025丰台期末/试卷/试卷.pdf,1008849,2026-04-23T17:08:07,exact_duplicate_of=/Users/wanglifei/Desktop/2025模拟题/2025各区期末/2025丰台期末/试卷/试卷.pdf
2025_丰台_期末,2025,丰台,期末,/Users/wanglifei/Desktop/2025模拟题/2025各区期末/2025丰台期末/细则/细则.pptx,/Users/wanglifei/Desktop/2025模拟题,2025各区期末/2025丰台期末/细则/细则.pptx,pptx,rubric,,inventory-only,360d57a4b250de8126e5f775fae9d9a024b4d8b284c6450e9532daf50fffb691,,5796219,2026-04-23T17:08:14,
2025_丰台_期末,2025,丰台,期末,/Users/wanglifei/GaokaoPolitics/2025各区模拟题/2025各区期末/2025丰台期末/丰台期末细则.pptx,/Users/wanglifei/GaokaoPolitics/2025各区模拟题,2025各区期末/2025丰台期末/丰台期末细则.pptx,pptx,rubric,,duplicate-or-drift,360d57a4b250de8126e5f775fae9d9a024b4d8b284c6450e9532daf50fffb691,/Users/wanglifei/Desktop/2025模拟题/2025各区期末/2025丰台期末/细则/细则.pptx,5796219,2026-04-23T17:08:14,exact_duplicate_of=/Users/wanglifei/Desktop/2025模拟题/2025各区期末/2025丰台期末/细则/细则.pptx
2025_延庆_一模,2025,延庆,一模,/Users/wanglifei/Desktop/2025模拟题/2025各区一模/2025延庆一模/试卷/试卷.pdf,/Users/wanglifei/Desktop/2025模拟题,2025各区一模/2025延庆一模/试卷/试卷.pdf,pdf,paper,,inventory-only,94785525e6452e6fd5e8d4ca2abd0f858cc1e7dfdf02bdd97a1a7b90bee3bdc5,,870780,2026-04-23T17:05:51,
2025_延庆_一模,2025,延庆,一模,/Users/wanglifei/GaokaoPolitics/2025各区模拟题/2025各区一模/2025延庆一模/2025北京延庆高三一模政治（教师版）.pdf,/Users/wanglifei/GaokaoPolitics/2025各区模拟题,2025各区一模/2025延庆一模/2025北京延庆高三一模政治（教师版）.pdf,pdf,paper,,duplicate-or-drift,94785525e6452e6fd5e8d4ca2abd0f858cc1e7dfdf02bdd97a1a7b90bee3bdc5,/Users/wanglifei/Desktop/2025模拟题/2025各区一模/2025延庆一模/试卷/试卷.pdf,870780,2026-04-23T17:05:51,exact_duplicate_of=/Users/wanglifei/Desktop/2025模拟题/2025各区一模/2025延庆一模/试卷/试卷.pdf
2025_延庆_一模,2025,延庆,一模,/Users/wanglifei/GaokaoPolitics/2025各区模拟题/2025各区一模/2025延庆一模/2025延庆区一模政治 答案.docx,/Users/wanglifei/GaokaoPolitics/2025各区模拟题,2025各区一模/2025延庆一模/2025延庆区一模政治 答案.docx,docx,reference-answer,,duplicate-or-drift,c0a3990e95796ddd4cd3b26a92bc9b30a041d503605e53322d2f26528c51bb4c,/Users/wanglifei/Desktop/2025模拟题/2025各区一模/2025延庆一模/细则/细则.docx,21765,2026-04-23T17:05:49,exact_duplicate_of=/Users/wanglifei/Desktop/2025模拟题/2025各区一模/2025延庆一模/细则/细则.docx
2025_延庆_一模,2025,延庆,一模,/Users/wanglifei/Desktop/2025模拟题/2025各区一模/2025延庆一模/细则/细则.docx,/Users/wanglifei/Desktop/2025模拟题,2025各区一模/2025延庆一模/细则/细则.docx,docx,rubric,,inventory-only,c0a3990e95796ddd4cd3b26a92bc9b30a041d503605e53322d2f26528c51bb4c,,21765,2026-04-23T17:05:49,
2025_房山_一模,2025,房山,一模,/Users/wanglifei/Desktop/2025模拟题/2025各区一模/2025房山一模/试卷/试卷.pdf,/Users/wanglifei/Desktop/2025模拟题,2025各区一模/2025房山一模/试卷/试卷.pdf,pdf,paper,,inventory-only,3227fd51f2020c047e93984cd14d604177ce97094364e17f2dac099fabac1d69,,785455,2026-04-23T17:05:51,
2025_房山_一模,2025,房山,一模,/Users/wanglifei/GaokaoPolitics/2025各区模拟题/2025各区一模/2025房山一模/2025北京房山高三一模政治（教师版）.pdf,/Users/wanglifei/GaokaoPolitics/2025各区模拟题,2025各区一模/2025房山一模/2025北京房山高三一模政治（教师版）.pdf,pdf,paper,,duplicate-or-drift,3227fd51f2020c047e93984cd14d604177ce97094364e17f2dac099fabac1d69,/Users/wanglifei/Desktop/2025模拟题/2025各区一模/2025房山一模/试卷/试卷.pdf,785455,2026-04-23T17:05:51,exact_duplicate_of=/Users/wanglifei/Desktop/2025模拟题/2025各区一模/2025房山一模/试卷/试卷.pdf
2025_房山_一模,2025,房山,一模,/Users/wanglifei/Desktop/2025模拟题/2025各区一模/2025房山一模/细则/细则.pdf,/Users/wanglifei/Desktop/2025模拟题,2025各区一模/2025房山一模/细则/细则.pdf,pdf,rubric,,inventory-only,17cdecfbd774ee7902feb4494c59cdd2f944a217046b51205283bcf1c9ed0ca3,,245221,2026-04-23T17:05:58,
2025_房山_一模,2025,房山,一模,/Users/wanglifei/GaokaoPolitics/2025各区模拟题/2025各区一模/2025房山一模/房山一模政治参考答案细则(4).pdf,/Users/wanglifei/GaokaoPolitics/2025各区模拟题,2025各区一模/2025房山一模/房山一模政治参考答案细则(4).pdf,pdf,rubric,,duplicate-or-drift,17cdecfbd774ee7902feb4494c59cdd2f944a217046b51205283bcf1c9ed0ca3,/Users/wanglifei/Desktop/2025模拟题/2025各区一模/2025房山一模/细则/细则.pdf,245221,2026-04-23T17:05:58,exact_duplicate_of=/Users/wanglifei/Desktop/2025模拟题/2025各区一模/2025房山一模/细则/细则.pdf
2025_昌平_二模,2025,昌平,二模,/Users/wanglifei/Desktop/2025模拟题/2025各区二模/2025昌平二模/试卷/试卷.pdf,/Users/wanglifei/Desktop/2025模拟题,2025各区二模/2025昌平二模/试卷/试卷.pdf,pdf,paper,,inventory-only,6e5080fb116ab8fc4c0672da05e0a326e7f5b012c0f0a283d5f05a5155a7352d,,826723,2026-04-23T17:07:13,
2025_昌平_二模,2025,昌平,二模,/Users/wanglifei/GaokaoPolitics/2025各区模拟题/2025各区二模/2025昌平二模/2025北京昌平高三二模政治（教师版）.pdf,/Users/wanglifei/GaokaoPolitics/2025各区模拟题,2025各区二模/2025昌平二模/2025北京昌平高三二模政治（教师版）.pdf,pdf,paper,,duplicate-or-drift,6e5080fb116ab8fc4c0672da05e0a326e7f5b012c0f0a283d5f05a5155a7352d,/Users/wanglifei/Desktop/2025模拟题/2025各区二模/2025昌平二模/试卷/试卷.pdf,826723,2026-04-23T17:07:13,exact_duplicate_of=/Users/wanglifei/Desktop/2025模拟题/2025各区二模/2025昌平二模/试卷/试卷.pdf
2025_昌平_二模,2025,昌平,二模,/Users/wanglifei/Desktop/2025模拟题/2025各区二模/2025昌平二模/细则/细则.pptx,/Users/wanglifei/Desktop/2025模拟题,2025各区二模/2025昌平二模/细则/细则.pptx,pptx,rubric,,inventory-only,af3875177855a6115e7e1ce0c5ff702139c737a7995b08fd56d1878f2dd208af,,3287406,2026-04-23T17:07:30,
2025_昌平_二模,2025,昌平,二模,/Users/wanglifei/GaokaoPolitics/2025各区模拟题/2025各区二模/2025昌平二模/2025昌平二模 政治评标.pptx,/Users/wanglifei/GaokaoPolitics/2025各区模拟题,2025各区二模/2025昌平二模/2025昌平二模 政治评标.pptx,pptx,rubric,,duplicate-or-drift,af3875177855a6115e7e1ce0c5ff702139c737a7995b08fd56d1878f2dd208af,/Users/wanglifei/Desktop/2025模拟题/2025各区二模/2025昌平二模/细则/细则.pptx,3287406,2026-04-23T17:07:30,exact_duplicate_of=/Users/wanglifei/Desktop/2025模拟题/2025各区二模/2025昌平二模/细则/细则.pptx
2025_朝阳_一模,2025,朝阳,一模,/Users/wanglifei/Desktop/2025模拟题/2025各区一模/2025朝阳一模/其他材料/高三政治一模试卷讲评.pptx,/Users/wanglifei/Desktop/2025模拟题,2025各区一模/2025朝阳一模/其他材料/高三政治一模试卷讲评.pptx,pptx,marking-report,,inventory-only,ba64c66630749a52d240668723d17f45f94c7aa3627c86bfa38e3fca843babfc,,660961,2026-04-23T17:05:58,
2025_朝阳_一模,2025,朝阳,一模,/Users/wanglifei/GaokaoPolitics/2025各区模拟题/2025各区一模/2025朝阳一模/20250329高3阅卷总结17 1题 具身智能 任会波组 阐释论证.doc,/Users/wanglifei/GaokaoPolitics/2025各区模拟题,2025各区一模/2025朝阳一模/20250329高3阅卷总结17 1题 具身智能 任会波组 阐释论证.doc,doc,marking-report,,duplicate-or-drift,f0b3ab889aa0b17b72b6627f65ee642a1808be1522ce2a0be585dffb67a320f6,/Users/wanglifei/Desktop/2025模拟题/2025各区一模/2025朝阳一模/细则/补充材料/20250329高3阅卷总结17 1题 具身智能 任会波组 阐释论证.doc,50176,2026-04-23T17:05:54,exact_duplicate_of=/Users/wanglifei/Desktop/2025模拟题/2025各区一模/2025朝阳一模/细则/补充材料/20250329高3阅卷总结17 1题 具身智能 任会波组 阐释论证.doc
2025_朝阳_一模,2025,朝阳,一模,/Users/wanglifei/GaokaoPolitics/2025各区模拟题/2025各区一模/2025朝阳一模/20250329高3阅卷总结18题 社区治理 汤桃玲组 探究建构.doc,/Users/wanglifei/GaokaoPolitics/2025各区模拟题,2025各区一模/2025朝阳一模/20250329高3阅卷总结18题 社区治理 汤桃玲组 探究建构.doc,doc,marking-report,,duplicate-or-drift,f7bfc3e53261b659a664e7213813d7d0e34535e0a397d6421b873a5b81c509c5,/Users/wanglifei/Desktop/2025模拟题/2025各区一模/2025朝阳一模/细则/补充材料/20250329高3阅卷总结18题 社区治理 汤桃玲组 探究建构.doc,66048,2026-04-23T17:05:55,exact_duplicate_of=/Users/wanglifei/Desktop/2025模拟题/2025各区一模/2025朝阳一模/细则/补充材料/20250329高3阅卷总结18题 社区治理 汤桃玲组 探究建构.doc
2025_朝阳_一模,2025,朝阳,一模,/Users/wanglifei/GaokaoPolitics/2025各区模拟题/2025各区一模/2025朝阳一模/20250329高3阅卷总结19题 合同欺诈  阐释论证.doc,/Users/wanglifei/GaokaoPolitics/2025各区模拟题,2025各区一模/2025朝阳一模/20250329高3阅卷总结19题 合同欺诈  阐释论证.doc,doc,marking-report,,duplicate-or-drift,b51916fe7b59403aa767088ddd506ce037140c2be45dd55106efd9e8e4686ecc,/Users/wanglifei/Desktop/2025模拟题/2025各区一模/2025朝阳一模/细则/补充材料/20250329高3阅卷总结19题 合同欺诈  阐释论证.doc,52736,2026-04-23T17:05:52,exact_duplicate_of=/Users/wanglifei/Desktop/2025模拟题/2025各区一模/2025朝阳一模/细则/补充材料/20250329高3阅卷总结19题 合同欺诈  阐释论证.doc
2025_朝阳_一模,2025,朝阳,一模,/Users/wanglifei/GaokaoPolitics/2025各区模拟题/2025各区一模/2025朝阳一模/高三政治一模试卷讲评.pptx,/Users/wanglifei/GaokaoPolitics/2025各区模拟题,2025各区一模/2025朝阳一模/高三政治一模试卷讲评.pptx,pptx,marking-report,,duplicate-or-drift,ba64c66630749a52d240668723d17f45f94c7aa3627c86bfa38e3fca843babfc,/Users/wanglifei/Desktop/2025模拟题/2025各区一模/2025朝阳一模/其他材料/高三政治一模试卷讲评.pptx,660961,2026-04-23T17:05:58,exact_duplicate_of=/Users/wanglifei/Desktop/2025模拟题/2025各区一模/2025朝阳一模/其他材料/高三政治一模试卷讲评.pptx
2025_朝阳_一模,2025,朝阳,一模,/Users/wanglifei/Desktop/2025模拟题/2025各区一模/2025朝阳一模/试卷/试卷.pdf,/Users/wanglifei/Desktop/2025模拟题,2025各区一模/2025朝阳一模/试卷/试卷.pdf,pdf,paper,,inventory-only,e051761a7fc68fef22be094a9ea823b1ed1e2b56fc4b9cfd6a382f7c7c00011b,,631028,2026-04-23T17:05:53,
2025_朝阳_一模,2025,朝阳,一模,/Users/wanglifei/GaokaoPolitics/2025各区模拟题/2025各区一模/2025朝阳一模/2025北京朝阳高三一模政治（教师版）.pdf,/Users/wanglifei/GaokaoPolitics/2025各区模拟题,2025各区一模/2025朝阳一模/2025北京朝阳高三一模政治（教师版）.pdf,pdf,paper,,duplicate-or-drift,e051761a7fc68fef22be094a9ea823b1ed1e2b56fc4b9cfd6a382f7c7c00011b,/Users/wanglifei/Desktop/2025模拟题/2025各区一模/2025朝阳一模/试卷/试卷.pdf,631028,2026-04-23T17:05:53,exact_duplicate_of=/Users/wanglifei/Desktop/2025模拟题/2025各区一模/2025朝阳一模/试卷/试卷.pdf
2025_朝阳_一模,2025,朝阳,一模,/Users/wanglifei/Desktop/2025模拟题/2025各区一模/2025朝阳一模/细则/细则.pdf,/Users/wanglifei/Desktop/2025模拟题,2025各区一模/2025朝阳一模/细则/细则.pdf,pdf,rubric,,inventory-only,f5f683a900508fd228d6591418f9ef75d8a95ae09cf1b16d3b0427017234468b,,731224,2026-04-23T17:05:57,
2025_朝阳_一模,2025,朝阳,一模,/Users/wanglifei/Desktop/2025模拟题/2025各区一模/2025朝阳一模/细则/补充材料/20250329高3阅卷总结17 1题 具身智能 任会波组 阐释论证.doc,/Users/wanglifei/Desktop/2025模拟题,2025各区一模/2025朝阳一模/细则/补充材料/20250329高3阅卷总结17 1题 具身智能 任会波组 阐释论证.doc,doc,rubric,,inventory-only,f0b3ab889aa0b17b72b6627f65ee642a1808be1522ce2a0be585dffb67a320f6,,50176,2026-04-23T17:05:54,
2025_朝阳_一模,2025,朝阳,一模,/Users/wanglifei/Desktop/2025模拟题/2025各区一模/2025朝阳一模/细则/补充材料/20250329高3阅卷总结18题 社区治理 汤桃玲组 探究建构.doc,/Users/wanglifei/Desktop/2025模拟题,2025各区一模/2025朝阳一模/细则/补充材料/20250329高3阅卷总结18题 社区治理 汤桃玲组 探究建构.doc,doc,rubric,,inventory-only,f7bfc3e53261b659a664e7213813d7d0e34535e0a397d6421b873a5b81c509c5,,66048,2026-04-23T17:05:55,
2025_朝阳_一模,2025,朝阳,一模,/Users/wanglifei/Desktop/2025模拟题/2025各区一模/2025朝阳一模/细则/补充材料/20250329高3阅卷总结19题 合同欺诈  阐释论证.doc,/Users/wanglifei/Desktop/2025模拟题,2025各区一模/2025朝阳一模/细则/补充材料/20250329高3阅卷总结19题 合同欺诈  阐释论证.doc,doc,rubric,,inventory-only,b51916fe7b59403aa767088ddd506ce037140c2be45dd55106efd9e8e4686ecc,,52736,2026-04-23T17:05:52,
2025_朝阳_一模,2025,朝阳,一模,/Users/wanglifei/GaokaoPolitics/2025各区模拟题/2025各区一模/2025朝阳一模/2025朝阳一模细则.pdf,/Users/wanglifei/GaokaoPolitics/2025各区模拟题,2025各区一模/2025朝阳一模/2025朝阳一模细则.pdf,pdf,rubric,,duplicate-or-drift,f5f683a900508fd228d6591418f9ef75d8a95ae09cf1b16d3b0427017234468b,/Users/wanglifei/Desktop/2025模拟题/2025各区一模/2025朝阳一模/细则/细则.pdf,731224,2026-04-23T17:05:57,exact_duplicate_of=/Users/wanglifei/Desktop/2025模拟题/2025各区一模/2025朝阳一模/细则/细则.pdf
2025_朝阳_二模,2025,朝阳,二模,/Users/wanglifei/Desktop/2025模拟题/2025各区二模/2025朝阳二模/试卷/补充材料/扫描全能王 2025-05-13 21.42.pdf,/Users/wanglifei/Desktop/2025模拟题,2025各区二模/2025朝阳二模/试卷/补充材料/扫描全能王 2025-05-13 21.42.pdf,pdf,paper,,inventory-only,613f35ecb7c41e670656f980cc718cc30ef26ea1733cf32e523b9cb7b59bad04,,4268564,2026-04-23T17:07:00,
2025_朝阳_二模,2025,朝阳,二模,/Users/wanglifei/Desktop/2025模拟题/2025各区二模/2025朝阳二模/试卷/试卷.pdf,/Users/wanglifei/Desktop/2025模拟题,2025各区二模/2025朝阳二模/试卷/试卷.pdf,pdf,paper,,inventory-only,6009b3f19a33a729602d7a5bc5b6c8ca2b59ed1392c6c753df7d14695ce84d5e,,704674,2026-04-23T17:06:29,
2025_朝阳_二模,2025,朝阳,二模,/Users/wanglifei/GaokaoPolitics/2025各区模拟题/2025各区二模/2025朝阳二模/2025北京朝阳高三二模政治（教师版）.pdf,/Users/wanglifei/GaokaoPolitics/2025各区模拟题,2025各区二模/2025朝阳二模/2025北京朝阳高三二模政治（教师版）.pdf,pdf,paper,,duplicate-or-drift,6009b3f19a33a729602d7a5bc5b6c8ca2b59ed1392c6c753df7d14695ce84d5e,/Users/wanglifei/Desktop/2025模拟题/2025各区二模/2025朝阳二模/试卷/试卷.pdf,704674,2026-04-23T17:06:29,exact_duplicate_of=/Users/wanglifei/Desktop/2025模拟题/2025各区二模/2025朝阳二模/试卷/试卷.pdf
2025_朝阳_二模,2025,朝阳,二模,/Users/wanglifei/GaokaoPolitics/2025各区模拟题/2025各区二模/2025朝阳二模/扫描全能王 2025-05-13 21.42.pdf,/Users/wanglifei/GaokaoPolitics/2025各区模拟题,2025各区二模/2025朝阳二模/扫描全能王 2025-05-13 21.42.pdf,pdf,paper,,duplicate-or-drift,613f35ecb7c41e670656f980cc718cc30ef26ea1733cf32e523b9cb7b59bad04,/Users/wanglifei/Desktop/2025模拟题/2025各区二模/2025朝阳二模/试卷/补充材料/扫描全能王 2025-05-13 21.42.pdf,4268564,2026-04-23T17:07:00,exact_duplicate_of=/Users/wanglifei/Desktop/2025模拟题/2025各区二模/2025朝阳二模/试卷/补充材料/扫描全能王 2025-05-13 21.42.pdf
2025_朝阳_二模,2025,朝阳,二模,/Users/wanglifei/GaokaoPolitics/2025各区模拟题/2025各区二模/2025朝阳二模/朝阳.docx,/Users/wanglifei/GaokaoPolitics/2025各区模拟题,2025各区二模/2025朝阳二模/朝阳.docx,docx,paper,,duplicate-or-drift,73c36c3077dced724eb48b81aec7492e8e5ac59a7f72d7fb729d3581ea3fb5e8,/Users/wanglifei/Desktop/2025模拟题/2025各区二模/2025朝阳二模/细则/细则.docx,29885,2026-04-23T17:06:30,exact_duplicate_of=/Users/wanglifei/Desktop/2025模拟题/2025各区二模/2025朝阳二模/细则/细则.docx
2025_朝阳_二模,2025,朝阳,二模,/Users/wanglifei/Desktop/2025模拟题/2025各区二模/2025朝阳二模/细则/细则.docx,/Users/wanglifei/Desktop/2025模拟题,2025各区二模/2025朝阳二模/细则/细则.docx,docx,rubric,,inventory-only,73c36c3077dced724eb48b81aec7492e8e5ac59a7f72d7fb729d3581ea3fb5e8,,29885,2026-04-23T17:06:30,
2025_朝阳_期末,2025,朝阳,期末,/Users/wanglifei/Desktop/2025模拟题/2025各区期末/2025朝阳期末/其他材料/朝阳高三期末2025.pptx,/Users/wanglifei/Desktop/2025模拟题,2025各区期末/2025朝阳期末/其他材料/朝阳高三期末2025.pptx,pptx,paper,,inventory-only,195324f05d7e2feaa6b932a640fc6fd4c28d2b5b2a7e0e07630096369af21bc6,,123585,2026-04-23T17:07:48,
2025_朝阳_期末,2025,朝阳,期末,/Users/wanglifei/Desktop/2025模拟题/2025各区期末/2025朝阳期末/试卷/试卷.pdf,/Users/wanglifei/Desktop/2025模拟题,2025各区期末/2025朝阳期末/试卷/试卷.pdf,pdf,paper,,inventory-only,ec82917288aa877415f3102533002f8eb7e891afee82b498d3df253e01833bbe,,707918,2026-04-23T17:07:46,
2025_朝阳_期末,2025,朝阳,期末,/Users/wanglifei/GaokaoPolitics/2025各区模拟题/2025各区期末/2025朝阳期末/2025北京朝阳高三（上）期末政治（教师版）.pdf,/Users/wanglifei/GaokaoPolitics/2025各区模拟题,2025各区期末/2025朝阳期末/2025北京朝阳高三（上）期末政治（教师版）.pdf,pdf,paper,,duplicate-or-drift,ec82917288aa877415f3102533002f8eb7e891afee82b498d3df253e01833bbe,/Users/wanglifei/Desktop/2025模拟题/2025各区期末/2025朝阳期末/试卷/试卷.pdf,707918,2026-04-23T17:07:46,exact_duplicate_of=/Users/wanglifei/Desktop/2025模拟题/2025各区期末/2025朝阳期末/试卷/试卷.pdf
2025_朝阳_期末,2025,朝阳,期末,/Users/wanglifei/GaokaoPolitics/2025各区模拟题/2025各区期末/2025朝阳期末/朝阳高三期末2025.pptx,/Users/wanglifei/GaokaoPolitics/2025各区模拟题,2025各区期末/2025朝阳期末/朝阳高三期末2025.pptx,pptx,paper,,duplicate-or-drift,195324f05d7e2feaa6b932a640fc6fd4c28d2b5b2a7e0e07630096369af21bc6,/Users/wanglifei/Desktop/2025模拟题/2025各区期末/2025朝阳期末/其他材料/朝阳高三期末2025.pptx,123585,2026-04-23T17:07:48,exact_duplicate_of=/Users/wanglifei/Desktop/2025模拟题/2025各区期末/2025朝阳期末/其他材料/朝阳高三期末2025.pptx
2025_朝阳_期末,2025,朝阳,期末,/Users/wanglifei/Desktop/2025模拟题/2025各区期末/2025朝阳期末/细则/细则.pdf,/Users/wanglifei/Desktop/2025模拟题,2025各区期末/2025朝阳期末/细则/细则.pdf,pdf,rubric,,inventory-only,953eaee3f98d8598c4fb28ddc0c3a2196d78fb03b0f83b5682ab995ada697ab1,,2249777,2026-04-23T17:07:46,
2025_朝阳_期末,2025,朝阳,期末,/Users/wanglifei/GaokaoPolitics/2025各区模拟题/2025各区期末/2025朝阳期末/朝阳期末评标.pdf,/Users/wanglifei/GaokaoPolitics/2025各区模拟题,2025各区期末/2025朝阳期末/朝阳期末评标.pdf,pdf,rubric,,duplicate-or-drift,953eaee3f98d8598c4fb28ddc0c3a2196d78fb03b0f83b5682ab995ada697ab1,/Users/wanglifei/Desktop/2025模拟题/2025各区期末/2025朝阳期末/细则/细则.pdf,2249777,2026-04-23T17:07:46,exact_duplicate_of=/Users/wanglifei/Desktop/2025模拟题/2025各区期末/2025朝阳期末/细则/细则.pdf
2025_海淀_一模,2025,海淀,一模,/Users/wanglifei/Desktop/2025模拟题/2025各区一模/2025海淀一模/试卷/补充材料/EDU_1500334100000021014_61af1789-0742-472d-86cd-e6cb420b0ecb.pdf,/Users/wanglifei/Desktop/2025模拟题,2025各区一模/2025海淀一模/试卷/补充材料/EDU_1500334100000021014_61af1789-0742-472d-86cd-e6cb420b0ecb.pdf,pdf,paper,,inventory-only,be30611f2f07a1374caa94169907a379ab23b6d6ef390647ca58b64e577b833a,,1672781,2026-04-23T17:06:19,
2025_海淀_一模,2025,海淀,一模,/Users/wanglifei/Desktop/2025模拟题/2025各区一模/2025海淀一模/试卷/试卷.pdf,/Users/wanglifei/Desktop/2025模拟题,2025各区一模/2025海淀一模/试卷/试卷.pdf,pdf,paper,,inventory-only,7ebce670784d805ee092db689d2bca675ca5ef4f7394a3229530a1423341fbd9,,692410,2026-04-23T17:06:13,
2025_海淀_一模,2025,海淀,一模,/Users/wanglifei/GaokaoPolitics/2025各区模拟题/2025各区一模/2025海淀一模/2025北京海淀高三一模政治（教师版）.pdf,/Users/wanglifei/GaokaoPolitics/2025各区模拟题,2025各区一模/2025海淀一模/2025北京海淀高三一模政治（教师版）.pdf,pdf,paper,,duplicate-or-drift,7ebce670784d805ee092db689d2bca675ca5ef4f7394a3229530a1423341fbd9,/Users/wanglifei/Desktop/2025模拟题/2025各区一模/2025海淀一模/试卷/试卷.pdf,692410,2026-04-23T17:06:13,exact_duplicate_of=/Users/wanglifei/Desktop/2025模拟题/2025各区一模/2025海淀一模/试卷/试卷.pdf
2025_海淀_一模,2025,海淀,一模,/Users/wanglifei/GaokaoPolitics/2025各区模拟题/2025各区一模/2025海淀一模/EDU_1500334100000021014_61af1789-0742-472d-86cd-e6cb420b0ecb.pdf,/Users/wanglifei/GaokaoPolitics/2025各区模拟题,2025各区一模/2025海淀一模/EDU_1500334100000021014_61af1789-0742-472d-86cd-e6cb420b0ecb.pdf,pdf,paper,,duplicate-or-drift,be30611f2f07a1374caa94169907a379ab23b6d6ef390647ca58b64e577b833a,/Users/wanglifei/Desktop/2025模拟题/2025各区一模/2025海淀一模/试卷/补充材料/EDU_1500334100000021014_61af1789-0742-472d-86cd-e6cb420b0ecb.pdf,1672781,2026-04-23T17:06:19,exact_duplicate_of=/Users/wanglifei/Desktop/2025模拟题/2025各区一模/2025海淀一模/试卷/补充材料/EDU_1500334100000021014_61af1789-0742-472d-86cd-e6cb420b0ecb.pdf
2025_海淀_一模,2025,海淀,一模,/Users/wanglifei/Desktop/2025模拟题/2025各区一模/2025海淀一模/细则/细则.docx,/Users/wanglifei/Desktop/2025模拟题,2025各区一模/2025海淀一模/细则/细则.docx,docx,rubric,,inventory-only,506347bd4a7061dd62d9c39a7d0a86036d7beb2e3bd6bdabfb69482595771036,,9649034,2026-04-23T17:12:13,
2025_海淀_一模,2025,海淀,一模,/Users/wanglifei/GaokaoPolitics/2025各区模拟题/2025各区一模/2025海淀一模/一模评分细则.docx,/Users/wanglifei/GaokaoPolitics/2025各区模拟题,2025各区一模/2025海淀一模/一模评分细则.docx,docx,rubric,,duplicate-or-drift,506347bd4a7061dd62d9c39a7d0a86036d7beb2e3bd6bdabfb69482595771036,/Users/wanglifei/Desktop/2025模拟题/2025各区一模/2025海淀一模/细则/细则.docx,9649034,2026-04-23T17:12:13,exact_duplicate_of=/Users/wanglifei/Desktop/2025模拟题/2025各区一模/2025海淀一模/细则/细则.docx
2025_海淀_二模,2025,海淀,二模,/Users/wanglifei/Desktop/2025模拟题/2025各区二模/2025海淀二模/其他材料/2025届二模考试讲评0510.pdf,/Users/wanglifei/Desktop/2025模拟题,2025各区二模/2025海淀二模/其他材料/2025届二模考试讲评0510.pdf,pdf,marking-report,,inventory-only,086cafc0d843cdfd93b0cbd53734ccbf74326a488ee0fb678af270ed4961625e,,5903279,2026-04-23T17:07:00,
2025_海淀_二模,2025,海淀,二模,/Users/wanglifei/GaokaoPolitics/2025各区模拟题/2025各区二模/2025海淀二模/2025届二模考试讲评0510.pdf,/Users/wanglifei/GaokaoPolitics/2025各区模拟题,2025各区二模/2025海淀二模/2025届二模考试讲评0510.pdf,pdf,marking-report,,duplicate-or-drift,086cafc0d843cdfd93b0cbd53734ccbf74326a488ee0fb678af270ed4961625e,/Users/wanglifei/Desktop/2025模拟题/2025各区二模/2025海淀二模/其他材料/2025届二模考试讲评0510.pdf,5903279,2026-04-23T17:07:00,exact_duplicate_of=/Users/wanglifei/Desktop/2025模拟题/2025各区二模/2025海淀二模/其他材料/2025届二模考试讲评0510.pdf
2025_海淀_二模,2025,海淀,二模,/Users/wanglifei/Desktop/2025模拟题/2025各区二模/2025海淀二模/试卷/试卷.pdf,/Users/wanglifei/Desktop/2025模拟题,2025各区二模/2025海淀二模/试卷/试卷.pdf,pdf,paper,,inventory-only,7ff16fecb25f793fecbf8e37570a1cf8e2b281b61696a6cc3e27a9ee6c03da1c,,7863464,2026-04-23T17:07:07,
2025_海淀_二模,2025,海淀,二模,/Users/wanglifei/GaokaoPolitics/2025各区模拟题/2025各区二模/2025海淀二模/2025北京海淀高三二模政治.pdf,/Users/wanglifei/GaokaoPolitics/2025各区模拟题,2025各区二模/2025海淀二模/2025北京海淀高三二模政治.pdf,pdf,paper,,duplicate-or-drift,7ff16fecb25f793fecbf8e37570a1cf8e2b281b61696a6cc3e27a9ee6c03da1c,/Users/wanglifei/Desktop/2025模拟题/2025各区二模/2025海淀二模/试卷/试卷.pdf,7863464,2026-04-23T17:07:07,exact_duplicate_of=/Users/wanglifei/Desktop/2025模拟题/2025各区二模/2025海淀二模/试卷/试卷.pdf
2025_海淀_二模,2025,海淀,二模,/Users/wanglifei/Desktop/2025模拟题/2025各区二模/2025海淀二模/细则/细则.docx,/Users/wanglifei/Desktop/2025模拟题,2025各区二模/2025海淀二模/细则/细则.docx,docx,rubric,,inventory-only,fc56fdd304fde11818aaa71317163fea8de97571d25365dc322452ca95db0b43,,146207,2026-04-23T17:06:23,
2025_海淀_二模,2025,海淀,二模,/Users/wanglifei/Desktop/2025模拟题/2025各区二模/2025海淀二模/细则/补充材料/2025年海淀二模评标实录.docx,/Users/wanglifei/Desktop/2025模拟题,2025各区二模/2025海淀二模/细则/补充材料/2025年海淀二模评标实录.docx,docx,rubric,,inventory-only,10b5fafe8824526452c8653a8ed509c30d50060286161282e41753bc05d8728d,,15122,2026-04-23T17:06:20,
2025_海淀_二模,2025,海淀,二模,/Users/wanglifei/GaokaoPolitics/2025各区模拟题/2025各区二模/2025海淀二模/2025年海淀二模评标实录.docx,/Users/wanglifei/GaokaoPolitics/2025各区模拟题,2025各区二模/2025海淀二模/2025年海淀二模评标实录.docx,docx,rubric,,duplicate-or-drift,10b5fafe8824526452c8653a8ed509c30d50060286161282e41753bc05d8728d,/Users/wanglifei/Desktop/2025模拟题/2025各区二模/2025海淀二模/细则/补充材料/2025年海淀二模评标实录.docx,15122,2026-04-23T17:06:20,exact_duplicate_of=/Users/wanglifei/Desktop/2025模拟题/2025各区二模/2025海淀二模/细则/补充材料/2025年海淀二模评标实录.docx
2025_海淀_二模,2025,海淀,二模,/Users/wanglifei/GaokaoPolitics/2025各区模拟题/2025各区二模/2025海淀二模/2025海淀二模政治评标-1.docx,/Users/wanglifei/GaokaoPolitics/2025各区模拟题,2025各区二模/2025海淀二模/2025海淀二模政治评标-1.docx,docx,rubric,,duplicate-or-drift,fc56fdd304fde11818aaa71317163fea8de97571d25365dc322452ca95db0b43,/Users/wanglifei/Desktop/2025模拟题/2025各区二模/2025海淀二模/细则/细则.docx,146207,2026-04-23T17:06:23,exact_duplicate_of=/Users/wanglifei/Desktop/2025模拟题/2025各区二模/2025海淀二模/细则/细则.docx
2025_海淀_期中,2025,海淀,期中,/Users/wanglifei/Desktop/2025模拟题/2025各区期末/2025海淀期中/试卷/试卷.pdf,/Users/wanglifei/Desktop/2025模拟题,2025各区期末/2025海淀期中/试卷/试卷.pdf,pdf,paper,,inventory-only,b452d8b4e21b94beafb2a30a187501771e1c2df3f00495b7b613f90ecc409012,,773864,2026-04-23T17:07:22,
2025_海淀_期末,2025,海淀,期末,/Users/wanglifei/Desktop/2025模拟题/2025各区期末/2025海淀期末/试卷/试卷.docx,/Users/wanglifei/Desktop/2025模拟题,2025各区期末/2025海淀期末/试卷/试卷.docx,docx,paper,,inventory-only,b960993a71bd93cae7549bc5ccb0b114fdaee6675e64a1d1934b2b9ed5a83542,,667420,2026-04-23T17:07:33,
2025_海淀_期中,2025,海淀,期中,/Users/wanglifei/GaokaoPolitics/2025各区模拟题/2025各区期末/2025海淀期中/2024北京海淀高三（上）期中政治（教师版）.pdf,/Users/wanglifei/GaokaoPolitics/2025各区模拟题,2025各区期末/2025海淀期中/2024北京海淀高三（上）期中政治（教师版）.pdf,pdf,paper,,duplicate-or-drift,b452d8b4e21b94beafb2a30a187501771e1c2df3f00495b7b613f90ecc409012,/Users/wanglifei/Desktop/2025模拟题/2025各区期末/2025海淀期中/试卷/试卷.pdf,773864,2026-04-23T17:07:22,exact_duplicate_of=/Users/wanglifei/Desktop/2025模拟题/2025各区期末/2025海淀期中/试卷/试卷.pdf
2025_海淀_期末,2025,海淀,期末,/Users/wanglifei/GaokaoPolitics/2025各区模拟题/2025各区期末/2025海淀期末/2025北京海淀高三（上）期末政治（教师版）.docx,/Users/wanglifei/GaokaoPolitics/2025各区模拟题,2025各区期末/2025海淀期末/2025北京海淀高三（上）期末政治（教师版）.docx,docx,paper,,duplicate-or-drift,b960993a71bd93cae7549bc5ccb0b114fdaee6675e64a1d1934b2b9ed5a83542,/Users/wanglifei/Desktop/2025模拟题/2025各区期末/2025海淀期末/试卷/试卷.docx,667420,2026-04-23T17:07:33,exact_duplicate_of=/Users/wanglifei/Desktop/2025模拟题/2025各区期末/2025海淀期末/试卷/试卷.docx
2025_海淀_期末,2025,海淀,期末,/Users/wanglifei/GaokaoPolitics/2025各区模拟题/2025各区期末/2025海淀期末/2025届期末考试0118(2).pptx,/Users/wanglifei/GaokaoPolitics/2025各区模拟题,2025各区期末/2025海淀期末/2025届期末考试0118(2).pptx,pptx,paper,,duplicate-or-drift,4b22b6c78aaddb3eee446f8030c05abd52c67ca1ba6172e0075474206444e532,/Users/wanglifei/Desktop/2025模拟题/2025各区期末/2025海淀期末/细则/细则.pptx,8891068,2026-04-23T17:10:25,exact_duplicate_of=/Users/wanglifei/Desktop/2025模拟题/2025各区期末/2025海淀期末/细则/细则.pptx
2025_海淀_期中,2025,海淀,期中,/Users/wanglifei/GaokaoPolitics/2025各区模拟题/2025各区期末/2025海淀期中/海淀区2024～2025学年第一学期期中练习政治参考答案(2).docx,/Users/wanglifei/GaokaoPolitics/2025各区模拟题,2025各区期末/2025海淀期中/海淀区2024～2025学年第一学期期中练习政治参考答案(2).docx,docx,reference-answer,,duplicate-or-drift,7bbd92bd3b93e5312173bf19e5608398a262811d7ccd866583a72a8ff2c9f999,/Users/wanglifei/Desktop/2025模拟题/2025各区期末/2025海淀期中/细则/细则.docx,1478316,2026-04-23T17:07:25,exact_duplicate_of=/Users/wanglifei/Desktop/2025模拟题/2025各区期末/2025海淀期中/细则/细则.docx
2025_海淀_期中,2025,海淀,期中,/Users/wanglifei/Desktop/2025模拟题/2025各区期末/2025海淀期中/细则/细则.docx,/Users/wanglifei/Desktop/2025模拟题,2025各区期末/2025海淀期中/细则/细则.docx,docx,rubric,,inventory-only,7bbd92bd3b93e5312173bf19e5608398a262811d7ccd866583a72a8ff2c9f999,,1478316,2026-04-23T17:07:25,
2025_海淀_期末,2025,海淀,期末,/Users/wanglifei/Desktop/2025模拟题/2025各区期末/2025海淀期末/细则/细则.pptx,/Users/wanglifei/Desktop/2025模拟题,2025各区期末/2025海淀期末/细则/细则.pptx,pptx,rubric,,inventory-only,4b22b6c78aaddb3eee446f8030c05abd52c67ca1ba6172e0075474206444e532,,8891068,2026-04-23T17:10:25,
2025_石景山_一模,2025,石景山,一模,/Users/wanglifei/Desktop/2025模拟题/2025各区一模/2025石景山一模/试卷/试卷.pdf,/Users/wanglifei/Desktop/2025模拟题,2025各区一模/2025石景山一模/试卷/试卷.pdf,pdf,paper,,inventory-only,fb8717be46dabe77b9b92db5b9fac854bee5c11c7cac53704bcdd1abca2676f5,,761460,2026-04-23T17:06:01,
2025_石景山_一模,2025,石景山,一模,/Users/wanglifei/GaokaoPolitics/2025各区模拟题/2025各区一模/2025石景山一模/2025北京石景山高三一模政治（教师版）.pdf,/Users/wanglifei/GaokaoPolitics/2025各区模拟题,2025各区一模/2025石景山一模/2025北京石景山高三一模政治（教师版）.pdf,pdf,paper,,duplicate-or-drift,fb8717be46dabe77b9b92db5b9fac854bee5c11c7cac53704bcdd1abca2676f5,/Users/wanglifei/Desktop/2025模拟题/2025各区一模/2025石景山一模/试卷/试卷.pdf,761460,2026-04-23T17:06:01,exact_duplicate_of=/Users/wanglifei/Desktop/2025模拟题/2025各区一模/2025石景山一模/试卷/试卷.pdf
2025_石景山_一模,2025,石景山,一模,/Users/wanglifei/Desktop/2025模拟题/2025各区一模/2025石景山一模/细则/细则.doc,/Users/wanglifei/Desktop/2025模拟题,2025各区一模/2025石景山一模/细则/细则.doc,doc,rubric,,inventory-only,0b97375f2f69e53d9d17a16ce32d06d76fc069edba4884aae8d0750ec88e1288,,47104,2026-04-23T17:05:58,
2025_石景山_一模,2025,石景山,一模,/Users/wanglifei/GaokaoPolitics/2025各区模拟题/2025各区一模/2025石景山一模/石景山 高三政治评分细则.doc,/Users/wanglifei/GaokaoPolitics/2025各区模拟题,2025各区一模/2025石景山一模/石景山 高三政治评分细则.doc,doc,rubric,,duplicate-or-drift,0b97375f2f69e53d9d17a16ce32d06d76fc069edba4884aae8d0750ec88e1288,/Users/wanglifei/Desktop/2025模拟题/2025各区一模/2025石景山一模/细则/细则.doc,47104,2026-04-23T17:05:58,exact_duplicate_of=/Users/wanglifei/Desktop/2025模拟题/2025各区一模/2025石景山一模/细则/细则.doc
2025_西城_一模,2025,西城,一模,/Users/wanglifei/Desktop/2025模拟题/2025各区一模/2025西城一模/试卷/试卷.pdf,/Users/wanglifei/Desktop/2025模拟题,2025各区一模/2025西城一模/试卷/试卷.pdf,pdf,paper,,inventory-only,2542f29bb04e2ae014d6d61f553b812926c2a998785ce44cb815ef347d5deca5,,847160,2026-04-23T17:06:19,
2025_西城_一模,2025,西城,一模,/Users/wanglifei/GaokaoPolitics/2025各区模拟题/2025各区一模/2025西城一模/2025北京西城高三一模政治（教师版）.pdf,/Users/wanglifei/GaokaoPolitics/2025各区模拟题,2025各区一模/2025西城一模/2025北京西城高三一模政治（教师版）.pdf,pdf,paper,,duplicate-or-drift,2542f29bb04e2ae014d6d61f553b812926c2a998785ce44cb815ef347d5deca5,/Users/wanglifei/Desktop/2025模拟题/2025各区一模/2025西城一模/试卷/试卷.pdf,847160,2026-04-23T17:06:19,exact_duplicate_of=/Users/wanglifei/Desktop/2025模拟题/2025各区一模/2025西城一模/试卷/试卷.pdf
2025_西城_一模,2025,西城,一模,/Users/wanglifei/Desktop/2025模拟题/2025各区一模/2025西城一模/细则/细则.docx,/Users/wanglifei/Desktop/2025模拟题,2025各区一模/2025西城一模/细则/细则.docx,docx,rubric,,inventory-only,af675a5d751f41db34d996ea71aeb9dfcb9ac0e86ef2acf40e2f7fd03ca99939,,29503,2026-04-23T17:06:16,
2025_西城_一模,2025,西城,一模,/Users/wanglifei/GaokaoPolitics/2025各区模拟题/2025各区一模/2025西城一模/细则-西城一模政治25.4.docx,/Users/wanglifei/GaokaoPolitics/2025各区模拟题,2025各区一模/2025西城一模/细则-西城一模政治25.4.docx,docx,rubric,,duplicate-or-drift,af675a5d751f41db34d996ea71aeb9dfcb9ac0e86ef2acf40e2f7fd03ca99939,/Users/wanglifei/Desktop/2025模拟题/2025各区一模/2025西城一模/细则/细则.docx,29503,2026-04-23T17:06:16,exact_duplicate_of=/Users/wanglifei/Desktop/2025模拟题/2025各区一模/2025西城一模/细则/细则.docx
2025_西城_二模,2025,西城,二模,/Users/wanglifei/Desktop/2025模拟题/2025各区二模/2025西城二模/试卷/试卷.pdf,/Users/wanglifei/Desktop/2025模拟题,2025各区二模/2025西城二模/试卷/试卷.pdf,pdf,paper,,inventory-only,06c08602a2f5c20b87d80e19d16f44954ffac7f4c0442ae03fcb35d5153064f3,,971063,2026-04-23T17:07:08,
2025_西城_二模,2025,西城,二模,/Users/wanglifei/GaokaoPolitics/2025各区模拟题/2025各区二模/2025西城二模/2025北京西城高三二模政治（教师版）.pdf,/Users/wanglifei/GaokaoPolitics/2025各区模拟题,2025各区二模/2025西城二模/2025北京西城高三二模政治（教师版）.pdf,pdf,paper,,duplicate-or-drift,06c08602a2f5c20b87d80e19d16f44954ffac7f4c0442ae03fcb35d5153064f3,/Users/wanglifei/Desktop/2025模拟题/2025各区二模/2025西城二模/试卷/试卷.pdf,971063,2026-04-23T17:07:08,exact_duplicate_of=/Users/wanglifei/Desktop/2025模拟题/2025各区二模/2025西城二模/试卷/试卷.pdf
2025_西城_二模,2025,西城,二模,/Users/wanglifei/Desktop/2025模拟题/2025各区二模/2025西城二模/细则/细则.docx,/Users/wanglifei/Desktop/2025模拟题,2025各区二模/2025西城二模/细则/细则.docx,docx,rubric,,inventory-only,cfb0f19ef38aafd7b6376a003734f11398ff25ed6be60e6a22ffc145d4aad78e,,43967,2026-04-23T17:07:02,
2025_西城_二模,2025,西城,二模,/Users/wanglifei/GaokaoPolitics/2025各区模拟题/2025各区二模/2025西城二模/讨论定稿-答案细则 -25.5西城高三政治二模-1.docx,/Users/wanglifei/GaokaoPolitics/2025各区模拟题,2025各区二模/2025西城二模/讨论定稿-答案细则 -25.5西城高三政治二模-1.docx,docx,rubric,,duplicate-or-drift,cfb0f19ef38aafd7b6376a003734f11398ff25ed6be60e6a22ffc145d4aad78e,/Users/wanglifei/Desktop/2025模拟题/2025各区二模/2025西城二模/细则/细则.docx,43967,2026-04-23T17:07:02,exact_duplicate_of=/Users/wanglifei/Desktop/2025模拟题/2025各区二模/2025西城二模/细则/细则.docx
2025_西城_期末,2025,西城,期末,/Users/wanglifei/Desktop/2025模拟题/2025各区期末/2025西城期末/试卷/试卷.pdf,/Users/wanglifei/Desktop/2025模拟题,2025各区期末/2025西城期末/试卷/试卷.pdf,pdf,paper,,inventory-only,6662da1c2772cc380bf8a297d9a8a6e179867e78344a4263fc97eb1c3b609f9d,,998833,2026-04-23T17:07:33,
2025_西城_期末,2025,西城,期末,/Users/wanglifei/GaokaoPolitics/2025各区模拟题/2025各区期末/2025西城期末/2025北京西城高三（上）期末政治（教师版）.pdf,/Users/wanglifei/GaokaoPolitics/2025各区模拟题,2025各区期末/2025西城期末/2025北京西城高三（上）期末政治（教师版）.pdf,pdf,paper,,duplicate-or-drift,6662da1c2772cc380bf8a297d9a8a6e179867e78344a4263fc97eb1c3b609f9d,/Users/wanglifei/Desktop/2025模拟题/2025各区期末/2025西城期末/试卷/试卷.pdf,998833,2026-04-23T17:07:33,exact_duplicate_of=/Users/wanglifei/Desktop/2025模拟题/2025各区期末/2025西城期末/试卷/试卷.pdf
2025_西城_期末,2025,西城,期末,/Users/wanglifei/GaokaoPolitics/2025各区模拟题/2025各区期末/2025西城期末/西城期末答案 解析.pdf,/Users/wanglifei/GaokaoPolitics/2025各区模拟题,2025各区期末/2025西城期末/西城期末答案 解析.pdf,pdf,reference-answer,,duplicate-or-drift,89d264a31e348be6b411fcef6c8c5dd3979dc666dfc1f2c95c244cebdae6d0cd,/Users/wanglifei/Desktop/2025模拟题/2025各区期末/2025西城期末/细则/细则.pdf,503340,2026-04-23T17:07:28,exact_duplicate_of=/Users/wanglifei/Desktop/2025模拟题/2025各区期末/2025西城期末/细则/细则.pdf
2025_西城_期末,2025,西城,期末,/Users/wanglifei/Desktop/2025模拟题/2025各区期末/2025西城期末/细则/细则.pdf,/Users/wanglifei/Desktop/2025模拟题,2025各区期末/2025西城期末/细则/细则.pdf,pdf,rubric,,inventory-only,89d264a31e348be6b411fcef6c8c5dd3979dc666dfc1f2c95c244cebdae6d0cd,,503340,2026-04-23T17:07:28,
2025_门头沟_一模,2025,门头沟,一模,/Users/wanglifei/Desktop/2025模拟题/2025各区一模/2025门头沟一模/试卷/试卷.pdf,/Users/wanglifei/Desktop/2025模拟题,2025各区一模/2025门头沟一模/试卷/试卷.pdf,pdf,paper,,inventory-only,1d8a23fe11f59810bcbe7bb7bfd3ecdd9ff89e3bfd5e422559ca6200e18cc009,,754233,2026-04-23T17:06:07,
2025_门头沟_一模,2025,门头沟,一模,/Users/wanglifei/GaokaoPolitics/2025各区模拟题/2025各区一模/2025门头沟一模/2025北京门头沟高三一模政治（教师版）.pdf,/Users/wanglifei/GaokaoPolitics/2025各区模拟题,2025各区一模/2025门头沟一模/2025北京门头沟高三一模政治（教师版）.pdf,pdf,paper,,duplicate-or-drift,1d8a23fe11f59810bcbe7bb7bfd3ecdd9ff89e3bfd5e422559ca6200e18cc009,/Users/wanglifei/Desktop/2025模拟题/2025各区一模/2025门头沟一模/试卷/试卷.pdf,754233,2026-04-23T17:06:07,exact_duplicate_of=/Users/wanglifei/Desktop/2025模拟题/2025各区一模/2025门头沟一模/试卷/试卷.pdf
2025_门头沟_一模,2025,门头沟,一模,/Users/wanglifei/Desktop/2025模拟题/2025各区一模/2025门头沟一模/细则/细则.doc,/Users/wanglifei/Desktop/2025模拟题,2025各区一模/2025门头沟一模/细则/细则.doc,doc,rubric,,inventory-only,26d9b228064053c19109fc9d3462d2e4cc561009b2d2229d4ec60055a2229973,,29742,2026-04-23T17:06:05,
2025_门头沟_一模,2025,门头沟,一模,/Users/wanglifei/GaokaoPolitics/2025各区模拟题/2025各区一模/2025门头沟一模/门头沟一模细则.doc,/Users/wanglifei/GaokaoPolitics/2025各区模拟题,2025各区一模/2025门头沟一模/门头沟一模细则.doc,doc,rubric,,duplicate-or-drift,26d9b228064053c19109fc9d3462d2e4cc561009b2d2229d4ec60055a2229973,/Users/wanglifei/Desktop/2025模拟题/2025各区一模/2025门头沟一模/细则/细则.doc,29742,2026-04-23T17:06:05,exact_duplicate_of=/Users/wanglifei/Desktop/2025模拟题/2025各区一模/2025门头沟一模/细则/细则.doc
2025_顺义_一模,2025,顺义,一模,/Users/wanglifei/Desktop/2025模拟题/2025各区一模/2025顺义一模/试卷/试卷.pdf,/Users/wanglifei/Desktop/2025模拟题,2025各区一模/2025顺义一模/试卷/试卷.pdf,pdf,paper,,inventory-only,9dd43cae443f853c0799034210e45b3e1040c48facb2cdf3d42dbba195ee4b16,,945155,2026-04-23T17:06:04,
2025_顺义_一模,2025,顺义,一模,/Users/wanglifei/GaokaoPolitics/2025各区模拟题/2025各区一模/2025顺义一模/2025北京顺义高三一模政治（教师版）.pdf,/Users/wanglifei/GaokaoPolitics/2025各区模拟题,2025各区一模/2025顺义一模/2025北京顺义高三一模政治（教师版）.pdf,pdf,paper,,duplicate-or-drift,9dd43cae443f853c0799034210e45b3e1040c48facb2cdf3d42dbba195ee4b16,/Users/wanglifei/Desktop/2025模拟题/2025各区一模/2025顺义一模/试卷/试卷.pdf,945155,2026-04-23T17:06:04,exact_duplicate_of=/Users/wanglifei/Desktop/2025模拟题/2025各区一模/2025顺义一模/试卷/试卷.pdf
2025_顺义_一模,2025,顺义,一模,/Users/wanglifei/Desktop/2025模拟题/2025各区一模/2025顺义一模/细则/细则.docx,/Users/wanglifei/Desktop/2025模拟题,2025各区一模/2025顺义一模/细则/细则.docx,docx,rubric,,inventory-only,bef8332e23ce30ac4e04eef21ff030c777eb4088111eb581c4b5257ae37a8fcc,,2827816,2026-04-23T17:06:15,
2025_顺义_一模,2025,顺义,一模,/Users/wanglifei/GaokaoPolitics/2025各区模拟题/2025各区一模/2025顺义一模/顺义区2025届高三第一次模拟考试参考答案—评分细则.docx,/Users/wanglifei/GaokaoPolitics/2025各区模拟题,2025各区一模/2025顺义一模/顺义区2025届高三第一次模拟考试参考答案—评分细则.docx,docx,rubric,,duplicate-or-drift,bef8332e23ce30ac4e04eef21ff030c777eb4088111eb581c4b5257ae37a8fcc,/Users/wanglifei/Desktop/2025模拟题/2025各区一模/2025顺义一模/细则/细则.docx,2827816,2026-04-23T17:06:15,exact_duplicate_of=/Users/wanglifei/Desktop/2025模拟题/2025各区一模/2025顺义一模/细则/细则.docx
2026_东城_一模,2026,东城,一模,/Users/wanglifei/Desktop/2026模拟题/2026各区一模/2026东城一模/试卷/补充材料/2026东城一模 原卷扫描版.pdf,/Users/wanglifei/Desktop/2026模拟题,2026各区一模/2026东城一模/试卷/补充材料/2026东城一模 原卷扫描版.pdf,pdf,paper,,inventory-only,34b21a3a804e567c86b3805158e9209c44bd9b8b4ee891f79145f19e889de472,,5246761,2026-04-23T17:00:27,
2026_东城_一模,2026,东城,一模,/Users/wanglifei/Desktop/2026模拟题/2026各区一模/2026东城一模/试卷/试卷.pdf,/Users/wanglifei/Desktop/2026模拟题,2026各区一模/2026东城一模/试卷/试卷.pdf,pdf,paper,,inventory-only,0dafc181e82eb031dae6bc668d9e0f91cb614dfbc09cb48711d5c97a93b7a195,,945774,2026-04-23T17:00:39,
2026_东城_一模,2026,东城,一模,/Users/wanglifei/GaokaoPolitics/2026各区模拟题/2026各区一模/2026东城一模/2026东城一模 原卷扫描版.pdf,/Users/wanglifei/GaokaoPolitics/2026各区模拟题,2026各区一模/2026东城一模/2026东城一模 原卷扫描版.pdf,pdf,paper,,duplicate-or-drift,34b21a3a804e567c86b3805158e9209c44bd9b8b4ee891f79145f19e889de472,/Users/wanglifei/Desktop/2026模拟题/2026各区一模/2026东城一模/试卷/补充材料/2026东城一模 原卷扫描版.pdf,5246761,2026-04-23T17:00:27,exact_duplicate_of=/Users/wanglifei/Desktop/2026模拟题/2026各区一模/2026东城一模/试卷/补充材料/2026东城一模 原卷扫描版.pdf
2026_东城_一模,2026,东城,一模,/Users/wanglifei/GaokaoPolitics/2026各区模拟题/2026各区一模/2026东城一模/2026北京东城高三一模政治（教师版）.pdf,/Users/wanglifei/GaokaoPolitics/2026各区模拟题,2026各区一模/2026东城一模/2026北京东城高三一模政治（教师版）.pdf,pdf,paper,,duplicate-or-drift,0dafc181e82eb031dae6bc668d9e0f91cb614dfbc09cb48711d5c97a93b7a195,/Users/wanglifei/Desktop/2026模拟题/2026各区一模/2026东城一模/试卷/试卷.pdf,945774,2026-04-23T17:00:39,exact_duplicate_of=/Users/wanglifei/Desktop/2026模拟题/2026各区一模/2026东城一模/试卷/试卷.pdf
2026_东城_一模,2026,东城,一模,/Users/wanglifei/Desktop/2026模拟题/2026各区一模/2026东城一模/细则/分题细则/东城一模评标细则（勿传）/16.pptx,/Users/wanglifei/Desktop/2026模拟题,2026各区一模/2026东城一模/细则/分题细则/东城一模评标细则（勿传）/16.pptx,pptx,rubric,,inventory-only,bbcb45c7197fffbb20ac6b8343a9a44ffd05f04d3b7d37965d11892a35b63ed5,,33684424,2026-04-23T17:14:09,
2026_东城_一模,2026,东城,一模,/Users/wanglifei/Desktop/2026模拟题/2026各区一模/2026东城一模/细则/分题细则/东城一模评标细则（勿传）/17.pptx,/Users/wanglifei/Desktop/2026模拟题,2026各区一模/2026东城一模/细则/分题细则/东城一模评标细则（勿传）/17.pptx,pptx,rubric,,inventory-only,3566266405cdbdddbf6a4aaf2d96630aaee0eb8884a608e6c49f86a15b66e08d,,12028511,2026-04-23T17:03:57,
2026_东城_一模,2026,东城,一模,/Users/wanglifei/Desktop/2026模拟题/2026各区一模/2026东城一模/细则/分题细则/东城一模评标细则（勿传）/18+选择7、13.pptx,/Users/wanglifei/Desktop/2026模拟题,2026各区一模/2026东城一模/细则/分题细则/东城一模评标细则（勿传）/18+选择7、13.pptx,pptx,rubric,,inventory-only,5a07157a05d12bcf3b87917c8c398ade6ae7c38718f386de1ec25a6a7ed62b49,,19133563,2026-04-23T17:01:48,
2026_东城_一模,2026,东城,一模,/Users/wanglifei/Desktop/2026模拟题/2026各区一模/2026东城一模/细则/分题细则/东城一模评标细则（勿传）/19（1）.pptx,/Users/wanglifei/Desktop/2026模拟题,2026各区一模/2026东城一模/细则/分题细则/东城一模评标细则（勿传）/19（1）.pptx,pptx,rubric,,inventory-only,88c00449e9f02504757db9cab62d5956f249e4a336475b1efaea5f7860bad042,,17424512,2026-04-23T17:08:40,
2026_东城_一模,2026,东城,一模,/Users/wanglifei/Desktop/2026模拟题/2026各区一模/2026东城一模/细则/分题细则/东城一模评标细则（勿传）/19（2）.pptx,/Users/wanglifei/Desktop/2026模拟题,2026各区一模/2026东城一模/细则/分题细则/东城一模评标细则（勿传）/19（2）.pptx,pptx,rubric,,inventory-only,4e0ae5b46ae638b90102f9875d5b9de13d8495695693bf8e080e4732d8ecb006,,16444486,2026-04-23T17:02:00,
2026_东城_一模,2026,东城,一模,/Users/wanglifei/Desktop/2026模拟题/2026各区一模/2026东城一模/细则/分题细则/东城一模评标细则（勿传）/19（3）.pptx,/Users/wanglifei/Desktop/2026模拟题,2026各区一模/2026东城一模/细则/分题细则/东城一模评标细则（勿传）/19（3）.pptx,pptx,rubric,,inventory-only,aa63045ae37602583ef2bf7afc1560f16cef636850303c9db9d8b92e35a7c4f6,,6794799,2026-04-23T17:01:09,
2026_东城_一模,2026,东城,一模,/Users/wanglifei/Desktop/2026模拟题/2026各区一模/2026东城一模/细则/分题细则/东城一模评标细则（勿传）/19（4）.pptx,/Users/wanglifei/Desktop/2026模拟题,2026各区一模/2026东城一模/细则/分题细则/东城一模评标细则（勿传）/19（4）.pptx,pptx,rubric,,inventory-only,04de6654b5f867015500adb7e573ee9868caf213c7bb6180d5b4c8458271ef3f,,48215605,2026-04-23T17:14:06,
2026_东城_一模,2026,东城,一模,/Users/wanglifei/Desktop/2026模拟题/2026各区一模/2026东城一模/细则/分题细则/东城一模评标细则（勿传）/20.pptx,/Users/wanglifei/Desktop/2026模拟题,2026各区一模/2026东城一模/细则/分题细则/东城一模评标细则（勿传）/20.pptx,pptx,rubric,,inventory-only,16fa597a98fe48b9ede4725233a6971ce13b172dafc4b4997201dd4d1293b299,,5399320,2026-04-23T17:01:05,
2026_东城_一模,2026,东城,一模,/Users/wanglifei/Desktop/2026模拟题/2026各区一模/2026东城一模/细则/细则.pdf,/Users/wanglifei/Desktop/2026模拟题,2026各区一模/2026东城一模/细则/细则.pdf,pdf,rubric,,inventory-only,eaae525d6ec9cabbbfc2786669579e5cd251178accc5ed4432223c6196d28929,,6179160,2026-04-23T17:03:58,
2026_东城_一模,2026,东城,一模,/Users/wanglifei/Desktop/2026模拟题/2026各区一模/2026东城一模/细则/补充材料/26东城一模细则.pdf,/Users/wanglifei/Desktop/2026模拟题,2026各区一模/2026东城一模/细则/补充材料/26东城一模细则.pdf,pdf,rubric,,inventory-only,99e851c9338f0983927c8f90551e5d7f7a5b6a1806599448ab4e8fd12fe9251f,,668225,2026-04-23T17:00:27,
2026_东城_一模,2026,东城,一模,/Users/wanglifei/GaokaoPolitics/2026各区模拟题/2026各区一模/2026东城一模/26东城一模细则.pdf,/Users/wanglifei/GaokaoPolitics/2026各区模拟题,2026各区一模/2026东城一模/26东城一模细则.pdf,pdf,rubric,,duplicate-or-drift,99e851c9338f0983927c8f90551e5d7f7a5b6a1806599448ab4e8fd12fe9251f,/Users/wanglifei/Desktop/2026模拟题/2026各区一模/2026东城一模/细则/补充材料/26东城一模细则.pdf,668225,2026-04-23T17:00:27,exact_duplicate_of=/Users/wanglifei/Desktop/2026模拟题/2026各区一模/2026东城一模/细则/补充材料/26东城一模细则.pdf
2026_东城_一模,2026,东城,一模,/Users/wanglifei/GaokaoPolitics/2026各区模拟题/2026各区一模/2026东城一模/东城一模细则.pdf,/Users/wanglifei/GaokaoPolitics/2026各区模拟题,2026各区一模/2026东城一模/东城一模细则.pdf,pdf,rubric,,duplicate-or-drift,eaae525d6ec9cabbbfc2786669579e5cd251178accc5ed4432223c6196d28929,/Users/wanglifei/Desktop/2026模拟题/2026各区一模/2026东城一模/细则/细则.pdf,6179160,2026-04-23T17:03:58,exact_duplicate_of=/Users/wanglifei/Desktop/2026模拟题/2026各区一模/2026东城一模/细则/细则.pdf
2026_东城_一模,2026,东城,一模,/Users/wanglifei/GaokaoPolitics/2026各区模拟题/2026各区一模/2026东城一模/东城一模评标细则（勿传）/16.pptx,/Users/wanglifei/GaokaoPolitics/2026各区模拟题,2026各区一模/2026东城一模/东城一模评标细则（勿传）/16.pptx,pptx,rubric,,duplicate-or-drift,bbcb45c7197fffbb20ac6b8343a9a44ffd05f04d3b7d37965d11892a35b63ed5,/Users/wanglifei/Desktop/2026模拟题/2026各区一模/2026东城一模/细则/分题细则/东城一模评标细则（勿传）/16.pptx,33684424,2026-04-23T17:14:09,exact_duplicate_of=/Users/wanglifei/Desktop/2026模拟题/2026各区一模/2026东城一模/细则/分题细则/东城一模评标细则（勿传）/16.pptx
2026_东城_一模,2026,东城,一模,/Users/wanglifei/GaokaoPolitics/2026各区模拟题/2026各区一模/2026东城一模/东城一模评标细则（勿传）/17.pptx,/Users/wanglifei/GaokaoPolitics/2026各区模拟题,2026各区一模/2026东城一模/东城一模评标细则（勿传）/17.pptx,pptx,rubric,,duplicate-or-drift,3566266405cdbdddbf6a4aaf2d96630aaee0eb8884a608e6c49f86a15b66e08d,/Users/wanglifei/Desktop/2026模拟题/2026各区一模/2026东城一模/细则/分题细则/东城一模评标细则（勿传）/17.pptx,12028511,2026-04-23T17:03:57,exact_duplicate_of=/Users/wanglifei/Desktop/2026模拟题/2026各区一模/2026东城一模/细则/分题细则/东城一模评标细则（勿传）/17.pptx
2026_东城_一模,2026,东城,一模,/Users/wanglifei/GaokaoPolitics/2026各区模拟题/2026各区一模/2026东城一模/东城一模评标细则（勿传）/18+选择7、13.pptx,/Users/wanglifei/GaokaoPolitics/2026各区模拟题,2026各区一模/2026东城一模/东城一模评标细则（勿传）/18+选择7、13.pptx,pptx,rubric,,duplicate-or-drift,5a07157a05d12bcf3b87917c8c398ade6ae7c38718f386de1ec25a6a7ed62b49,/Users/wanglifei/Desktop/2026模拟题/2026各区一模/2026东城一模/细则/分题细则/东城一模评标细则（勿传）/18+选择7、13.pptx,19133563,2026-04-23T17:01:48,exact_duplicate_of=/Users/wanglifei/Desktop/2026模拟题/2026各区一模/2026东城一模/细则/分题细则/东城一模评标细则（勿传）/18+选择7、13.pptx
2026_东城_一模,2026,东城,一模,/Users/wanglifei/GaokaoPolitics/2026各区模拟题/2026各区一模/2026东城一模/东城一模评标细则（勿传）/19（1）.pptx,/Users/wanglifei/GaokaoPolitics/2026各区模拟题,2026各区一模/2026东城一模/东城一模评标细则（勿传）/19（1）.pptx,pptx,rubric,,duplicate-or-drift,88c00449e9f02504757db9cab62d5956f249e4a336475b1efaea5f7860bad042,/Users/wanglifei/Desktop/2026模拟题/2026各区一模/2026东城一模/细则/分题细则/东城一模评标细则（勿传）/19（1）.pptx,17424512,2026-04-23T17:08:40,exact_duplicate_of=/Users/wanglifei/Desktop/2026模拟题/2026各区一模/2026东城一模/细则/分题细则/东城一模评标细则（勿传）/19（1）.pptx
2026_东城_一模,2026,东城,一模,/Users/wanglifei/GaokaoPolitics/2026各区模拟题/2026各区一模/2026东城一模/东城一模评标细则（勿传）/19（2）.pptx,/Users/wanglifei/GaokaoPolitics/2026各区模拟题,2026各区一模/2026东城一模/东城一模评标细则（勿传）/19（2）.pptx,pptx,rubric,,duplicate-or-drift,4e0ae5b46ae638b90102f9875d5b9de13d8495695693bf8e080e4732d8ecb006,/Users/wanglifei/Desktop/2026模拟题/2026各区一模/2026东城一模/细则/分题细则/东城一模评标细则（勿传）/19（2）.pptx,16444486,2026-04-23T17:02:00,exact_duplicate_of=/Users/wanglifei/Desktop/2026模拟题/2026各区一模/2026东城一模/细则/分题细则/东城一模评标细则（勿传）/19（2）.pptx
2026_东城_一模,2026,东城,一模,/Users/wanglifei/GaokaoPolitics/2026各区模拟题/2026各区一模/2026东城一模/东城一模评标细则（勿传）/19（3）.pptx,/Users/wanglifei/GaokaoPolitics/2026各区模拟题,2026各区一模/2026东城一模/东城一模评标细则（勿传）/19（3）.pptx,pptx,rubric,,duplicate-or-drift,aa63045ae37602583ef2bf7afc1560f16cef636850303c9db9d8b92e35a7c4f6,/Users/wanglifei/Desktop/2026模拟题/2026各区一模/2026东城一模/细则/分题细则/东城一模评标细则（勿传）/19（3）.pptx,6794799,2026-04-23T17:01:09,exact_duplicate_of=/Users/wanglifei/Desktop/2026模拟题/2026各区一模/2026东城一模/细则/分题细则/东城一模评标细则（勿传）/19（3）.pptx
2026_东城_一模,2026,东城,一模,/Users/wanglifei/GaokaoPolitics/2026各区模拟题/2026各区一模/2026东城一模/东城一模评标细则（勿传）/19（4）.pptx,/Users/wanglifei/GaokaoPolitics/2026各区模拟题,2026各区一模/2026东城一模/东城一模评标细则（勿传）/19（4）.pptx,pptx,rubric,,duplicate-or-drift,04de6654b5f867015500adb7e573ee9868caf213c7bb6180d5b4c8458271ef3f,/Users/wanglifei/Desktop/2026模拟题/2026各区一模/2026东城一模/细则/分题细则/东城一模评标细则（勿传）/19（4）.pptx,48215605,2026-04-23T17:14:06,exact_duplicate_of=/Users/wanglifei/Desktop/2026模拟题/2026各区一模/2026东城一模/细则/分题细则/东城一模评标细则（勿传）/19（4）.pptx
2026_东城_一模,2026,东城,一模,/Users/wanglifei/GaokaoPolitics/2026各区模拟题/2026各区一模/2026东城一模/东城一模评标细则（勿传）/20.pptx,/Users/wanglifei/GaokaoPolitics/2026各区模拟题,2026各区一模/2026东城一模/东城一模评标细则（勿传）/20.pptx,pptx,rubric,,duplicate-or-drift,16fa597a98fe48b9ede4725233a6971ce13b172dafc4b4997201dd4d1293b299,/Users/wanglifei/Desktop/2026模拟题/2026各区一模/2026东城一模/细则/分题细则/东城一模评标细则（勿传）/20.pptx,5399320,2026-04-23T17:01:05,exact_duplicate_of=/Users/wanglifei/Desktop/2026模拟题/2026各区一模/2026东城一模/细则/分题细则/东城一模评标细则（勿传）/20.pptx
2026_东城_二模,2026,东城,二模,/Users/wanglifei/Desktop/2026模拟题/2026各区二模/2026东城二模/试卷/2026北京东城高三二模政治（教师版）.docx,/Users/wanglifei/Desktop/2026模拟题,2026各区二模/2026东城二模/试卷/2026北京东城高三二模政治（教师版）.docx,docx,paper,,inventory-only,c751cfa77650b9c3456aa333252513108d352756ad8426974305963145e62647,,1008214,2026-05-18T21:19:56,
2026_东城_二模,2026,东城,二模,/Users/wanglifei/Desktop/2026模拟题/2026各区二模/2026东城二模/细则/16.pdf,/Users/wanglifei/Desktop/2026模拟题,2026各区二模/2026东城二模/细则/16.pdf,pdf,rubric,,inventory-only,c4b3300418aef3c016660d764b9ce2daec79d5626840f534a44adb2433717738,,638739,2026-05-18T21:19:53,
2026_东城_二模,2026,东城,二模,/Users/wanglifei/Desktop/2026模拟题/2026各区二模/2026东城二模/细则/17题评标.pdf,/Users/wanglifei/Desktop/2026模拟题,2026各区二模/2026东城二模/细则/17题评标.pdf,pdf,rubric,,inventory-only,e90ac6d5f3ee246fd74870d44cfe1b2a12cb2fd261a8ab236418cf60fca30a20,,159887,2026-05-18T21:19:38,
2026_东城_二模,2026,东城,二模,/Users/wanglifei/Desktop/2026模拟题/2026各区二模/2026东城二模/细则/18题阅卷细则(5.9).pdf,/Users/wanglifei/Desktop/2026模拟题,2026各区二模/2026东城二模/细则/18题阅卷细则(5.9).pdf,pdf,rubric,,inventory-only,d007267f6e1c8f6225cba4547e5ccbd8108f1f15a0505dd3d8edb304aeb1ceda,,520382,2026-05-18T21:19:40,
2026_东城_二模,2026,东城,二模,/Users/wanglifei/Desktop/2026模拟题/2026各区二模/2026东城二模/细则/20题（1+2）.pdf,/Users/wanglifei/Desktop/2026模拟题,2026各区二模/2026东城二模/细则/20题（1+2）.pdf,pdf,rubric,,inventory-only,db4b22917a3fd5dfa271e59795a7f3ddefa7870930903cb834163a297f75980e,,191503,2026-05-18T21:19:43,
2026_东城_二模,2026,东城,二模,/Users/wanglifei/Desktop/2026模拟题/2026各区二模/2026东城二模/细则/26年东城二模20（3）.pdf,/Users/wanglifei/Desktop/2026模拟题,2026各区二模/2026东城二模/细则/26年东城二模20（3）.pdf,pdf,rubric,,inventory-only,34f69bdaf40f8c5372ccd2cad7a68574f2e3395463492739cf3518a69817d87e,,650708,2026-05-18T21:19:40,
2026_东城_二模,2026,东城,二模,/Users/wanglifei/Desktop/2026模拟题/2026各区二模/2026东城二模/细则/东城二模 19题阅卷细则.pdf,/Users/wanglifei/Desktop/2026模拟题,2026各区二模/2026东城二模/细则/东城二模 19题阅卷细则.pdf,pdf,rubric,,inventory-only,c6d95d8dc9451bf8eeba2bf4830da0fc364de00b80a36337cc4d34e4ecdb8ed6,,750700,2026-05-18T21:19:48,
2026_东城_二模,2026,东城,二模,/Users/wanglifei/Desktop/2026模拟题/2026各区二模/2026东城二模/细则/二模21题细则模版.pdf,/Users/wanglifei/Desktop/2026模拟题,2026各区二模/2026东城二模/细则/二模21题细则模版.pdf,pdf,rubric,,inventory-only,05524582484d814f84d34e2e0984504bcb436251968af9485901c3d7cc4870bc,,359677,2026-05-18T21:19:31,
2026_东城_期末,2026,东城,期末,/Users/wanglifei/Desktop/2026模拟题/2026各区期末和期中/2026东城期末/试卷/试卷.pdf,/Users/wanglifei/Desktop/2026模拟题,2026各区期末和期中/2026东城期末/试卷/试卷.pdf,pdf,paper,,inventory-only,15664381470d8300c72773a332ddb60167ba1ee9511ba96df0f5e3f703c1731f,,917160,2026-04-23T17:01:13,
2026_东城_期末,2026,东城,期末,/Users/wanglifei/GaokaoPolitics/2026各区模拟题/2026各区期末和期中/2026东城期末/2026北京东城高三（上）期末政治（教师版）.pdf,/Users/wanglifei/GaokaoPolitics/2026各区模拟题,2026各区期末和期中/2026东城期末/2026北京东城高三（上）期末政治（教师版）.pdf,pdf,paper,,duplicate-or-drift,15664381470d8300c72773a332ddb60167ba1ee9511ba96df0f5e3f703c1731f,/Users/wanglifei/Desktop/2026模拟题/2026各区期末和期中/2026东城期末/试卷/试卷.pdf,917160,2026-04-23T17:01:13,exact_duplicate_of=/Users/wanglifei/Desktop/2026模拟题/2026各区期末和期中/2026东城期末/试卷/试卷.pdf
2026_东城_期末,2026,东城,期末,/Users/wanglifei/GaokaoPolitics/2026各区模拟题/2026各区期末和期中/2026东城期末/东城期末.pptx,/Users/wanglifei/GaokaoPolitics/2026各区模拟题,2026各区期末和期中/2026东城期末/东城期末.pptx,pptx,paper,,duplicate-or-drift,e4d67789c91d1b92bfe400927f2ea389a7b4fb3a0ce70f4bc162aac6f7c9e832,/Users/wanglifei/Desktop/2026模拟题/2026各区期末和期中/2026东城期末/细则/细则.pptx,312723506,2026-04-23T17:19:23,exact_duplicate_of=/Users/wanglifei/Desktop/2026模拟题/2026各区期末和期中/2026东城期末/细则/细则.pptx
2026_东城_期末,2026,东城,期末,/Users/wanglifei/Desktop/2026模拟题/2026各区期末和期中/2026东城期末/细则/细则.pptx,/Users/wanglifei/Desktop/2026模拟题,2026各区期末和期中/2026东城期末/细则/细则.pptx,pptx,rubric,,inventory-only,e4d67789c91d1b92bfe400927f2ea389a7b4fb3a0ce70f4bc162aac6f7c9e832,,312723506,2026-04-23T17:19:23,
2026_丰台_一模,2026,丰台,一模,/Users/wanglifei/Desktop/2026模拟题/2026各区一模/2026丰台一模/试卷/试卷.pdf,/Users/wanglifei/Desktop/2026模拟题,2026各区一模/2026丰台一模/试卷/试卷.pdf,pdf,paper,,inventory-only,6e8f2df5ef86ff9e362187a1d36fce5a516ea1729d49807243da9a9b0fa73847,,5971693,2026-04-23T17:00:31,
2026_丰台_一模,2026,丰台,一模,/Users/wanglifei/GaokaoPolitics/2026各区模拟题/2026各区一模/2026丰台一模/26 丰台一模政治(1).pptx,/Users/wanglifei/GaokaoPolitics/2026各区模拟题,2026各区一模/2026丰台一模/26 丰台一模政治(1).pptx,pptx,paper,,duplicate-or-drift,26649804f1de31f52829752b234da32ee8eb8e383501b558ab6c598dd3f9155d,/Users/wanglifei/Desktop/2026模拟题/2026各区一模/2026丰台一模/细则/细则.pptx,23449985,2026-04-23T17:11:28,exact_duplicate_of=/Users/wanglifei/Desktop/2026模拟题/2026各区一模/2026丰台一模/细则/细则.pptx
2026_丰台_一模,2026,丰台,一模,/Users/wanglifei/GaokaoPolitics/2026各区模拟题/2026各区一模/2026丰台一模/丰台一模.pdf,/Users/wanglifei/GaokaoPolitics/2026各区模拟题,2026各区一模/2026丰台一模/丰台一模.pdf,pdf,paper,,duplicate-or-drift,6e8f2df5ef86ff9e362187a1d36fce5a516ea1729d49807243da9a9b0fa73847,/Users/wanglifei/Desktop/2026模拟题/2026各区一模/2026丰台一模/试卷/试卷.pdf,5971693,2026-04-23T17:00:31,exact_duplicate_of=/Users/wanglifei/Desktop/2026模拟题/2026各区一模/2026丰台一模/试卷/试卷.pdf
2026_丰台_一模,2026,丰台,一模,/Users/wanglifei/Desktop/2026模拟题/2026各区一模/2026丰台一模/细则/细则.pptx,/Users/wanglifei/Desktop/2026模拟题,2026各区一模/2026丰台一模/细则/细则.pptx,pptx,rubric,,inventory-only,26649804f1de31f52829752b234da32ee8eb8e383501b558ab6c598dd3f9155d,,23449985,2026-04-23T17:11:28,
2026_丰台_二模,2026,丰台,二模,/Users/wanglifei/Desktop/2026模拟题/2026各区二模/2026丰台二模/试卷/2026北京丰台高三二模政治（教师版）.pdf,/Users/wanglifei/Desktop/2026模拟题,2026各区二模/2026丰台二模/试卷/2026北京丰台高三二模政治（教师版）.pdf,pdf,paper,,inventory-only,f7b3a73c9296b17889cada79c5a5256bda639d2bec8a2f0091d21a15541253b0,,1856697,2026-05-18T21:19:44,
2026_丰台_二模,2026,丰台,二模,/Users/wanglifei/Desktop/2026模拟题/2026各区二模/2026丰台二模/细则/2026丰台区二模主观题阅卷细则(1).pptx,/Users/wanglifei/Desktop/2026模拟题,2026各区二模/2026丰台二模/细则/2026丰台区二模主观题阅卷细则(1).pptx,pptx,rubric,,inventory-only,10275a1dafa3a824edbd50b523b8ef31dca9b7d6c2f34964b4740f4f45cbf044,,15327627,2026-05-18T21:22:20,
2026_丰台_期末,2026,丰台,期末,/Users/wanglifei/Desktop/2026模拟题/2026各区期末和期中/2026丰台期末/试卷/试卷.pdf,/Users/wanglifei/Desktop/2026模拟题,2026各区期末和期中/2026丰台期末/试卷/试卷.pdf,pdf,paper,,inventory-only,6553ff85e09d299a059ed4720fe324d83ec1da37418ea11f7d4a2d8beeec37b0,,6789048,2026-04-23T17:02:26,
2026_丰台_期末,2026,丰台,期末,/Users/wanglifei/GaokaoPolitics/2026各区模拟题/2026各区期末和期中/2026丰台期末/2026北京丰台高三（上）期末政治.pdf,/Users/wanglifei/GaokaoPolitics/2026各区模拟题,2026各区期末和期中/2026丰台期末/2026北京丰台高三（上）期末政治.pdf,pdf,paper,,duplicate-or-drift,6553ff85e09d299a059ed4720fe324d83ec1da37418ea11f7d4a2d8beeec37b0,/Users/wanglifei/Desktop/2026模拟题/2026各区期末和期中/2026丰台期末/试卷/试卷.pdf,6789048,2026-04-23T17:02:26,exact_duplicate_of=/Users/wanglifei/Desktop/2026模拟题/2026各区期末和期中/2026丰台期末/试卷/试卷.pdf
2026_丰台_期末,2026,丰台,期末,/Users/wanglifei/Desktop/2026模拟题/2026各区期末和期中/2026丰台期末/细则/细则.pdf,/Users/wanglifei/Desktop/2026模拟题,2026各区期末和期中/2026丰台期末/细则/细则.pdf,pdf,rubric,,inventory-only,dbc93cbfd3a93eff18a74e571039c91200fc062aa0d4465449a94a8a469d09fa,,10715348,2026-04-23T17:02:47,
2026_丰台_期末,2026,丰台,期末,/Users/wanglifei/GaokaoPolitics/2026各区模拟题/2026各区期末和期中/2026丰台期末/丰台高三期末主观题评标.pdf,/Users/wanglifei/GaokaoPolitics/2026各区模拟题,2026各区期末和期中/2026丰台期末/丰台高三期末主观题评标.pdf,pdf,rubric,,duplicate-or-drift,dbc93cbfd3a93eff18a74e571039c91200fc062aa0d4465449a94a8a469d09fa,/Users/wanglifei/Desktop/2026模拟题/2026各区期末和期中/2026丰台期末/细则/细则.pdf,10715348,2026-04-23T17:02:47,exact_duplicate_of=/Users/wanglifei/Desktop/2026模拟题/2026各区期末和期中/2026丰台期末/细则/细则.pdf
2026_延庆_一模,2026,延庆,一模,/Users/wanglifei/Desktop/2026模拟题/2026各区一模/2026延庆一模/试卷/试卷.pdf,/Users/wanglifei/Desktop/2026模拟题,2026各区一模/2026延庆一模/试卷/试卷.pdf,pdf,paper,,inventory-only,cc91930411716013bd6f2388cdd62ec95ccd6409a6328abd732df10553726e41,,694178,2026-04-23T17:04:03,
2026_延庆_一模,2026,延庆,一模,/Users/wanglifei/GaokaoPolitics/2026各区模拟题/2026各区一模/2026延庆一模/2026北京延庆高三一模政治（教师版）.pdf,/Users/wanglifei/GaokaoPolitics/2026各区模拟题,2026各区一模/2026延庆一模/2026北京延庆高三一模政治（教师版）.pdf,pdf,paper,,duplicate-or-drift,cc91930411716013bd6f2388cdd62ec95ccd6409a6328abd732df10553726e41,/Users/wanglifei/Desktop/2026模拟题/2026各区一模/2026延庆一模/试卷/试卷.pdf,694178,2026-04-23T17:04:03,exact_duplicate_of=/Users/wanglifei/Desktop/2026模拟题/2026各区一模/2026延庆一模/试卷/试卷.pdf
2026_延庆_一模,2026,延庆,一模,/Users/wanglifei/Desktop/2026模拟题/2026各区一模/2026延庆一模/细则/细则.docx,/Users/wanglifei/Desktop/2026模拟题,2026各区一模/2026延庆一模/细则/细则.docx,docx,rubric,,inventory-only,2e0f67df1ab78a60dccde6bec64faee10f32e14f8feed1c53959d700e5c8afcb,,24071,2026-04-23T17:04:04,
2026_延庆_一模,2026,延庆,一模,/Users/wanglifei/GaokaoPolitics/2026各区模拟题/2026各区一模/2026延庆一模/26 延庆一模评标.docx,/Users/wanglifei/GaokaoPolitics/2026各区模拟题,2026各区一模/2026延庆一模/26 延庆一模评标.docx,docx,rubric,,duplicate-or-drift,2e0f67df1ab78a60dccde6bec64faee10f32e14f8feed1c53959d700e5c8afcb,/Users/wanglifei/Desktop/2026模拟题/2026各区一模/2026延庆一模/细则/细则.docx,24071,2026-04-23T17:04:04,exact_duplicate_of=/Users/wanglifei/Desktop/2026模拟题/2026各区一模/2026延庆一模/细则/细则.docx
2026_房山_一模,2026,房山,一模,/Users/wanglifei/Desktop/2026模拟题/2026各区一模/2026房山一模/试卷/试卷.pdf,/Users/wanglifei/Desktop/2026模拟题,2026各区一模/2026房山一模/试卷/试卷.pdf,pdf,paper,,inventory-only,e37482eff39f36180903a44c78d4f80464c817cd0ceeca5c35c51f5c4a7b5bf9,,4378557,2026-04-23T17:00:20,
2026_房山_一模,2026,房山,一模,/Users/wanglifei/GaokaoPolitics/2026各区模拟题/2026各区一模/2026房山一模/2026北京房山高三一模政治.pdf,/Users/wanglifei/GaokaoPolitics/2026各区模拟题,2026各区一模/2026房山一模/2026北京房山高三一模政治.pdf,pdf,paper,,duplicate-or-drift,e37482eff39f36180903a44c78d4f80464c817cd0ceeca5c35c51f5c4a7b5bf9,/Users/wanglifei/Desktop/2026模拟题/2026各区一模/2026房山一模/试卷/试卷.pdf,4378557,2026-04-23T17:00:20,exact_duplicate_of=/Users/wanglifei/Desktop/2026模拟题/2026各区一模/2026房山一模/试卷/试卷.pdf
2026_房山_一模,2026,房山,一模,/Users/wanglifei/Desktop/2026模拟题/2026各区一模/2026房山一模/细则/细则.docx,/Users/wanglifei/Desktop/2026模拟题,2026各区一模/2026房山一模/细则/细则.docx,docx,rubric,,inventory-only,0ca482adfc64b0d7023d9f1012005aa3ebd02abee75eb9451c97ad8d281c0d96,,45608,2026-04-23T16:59:55,
2026_房山_一模,2026,房山,一模,/Users/wanglifei/GaokaoPolitics/2026各区模拟题/2026各区一模/2026房山一模/26 房山一模评标 全.docx,/Users/wanglifei/GaokaoPolitics/2026各区模拟题,2026各区一模/2026房山一模/26 房山一模评标 全.docx,docx,rubric,,duplicate-or-drift,0ca482adfc64b0d7023d9f1012005aa3ebd02abee75eb9451c97ad8d281c0d96,/Users/wanglifei/Desktop/2026模拟题/2026各区一模/2026房山一模/细则/细则.docx,45608,2026-04-23T16:59:55,exact_duplicate_of=/Users/wanglifei/Desktop/2026模拟题/2026各区一模/2026房山一模/细则/细则.docx
2026_房山_二模,2026,房山,二模,/Users/wanglifei/Desktop/2026模拟题/2026各区二模/2026房山二模/试卷/2026北京房山高三二模政治（教师版）.pdf,/Users/wanglifei/Desktop/2026模拟题,2026各区二模/2026房山二模/试卷/2026北京房山高三二模政治（教师版）.pdf,pdf,paper,,inventory-only,ffe050fd8f7eb7b0cd6c43cd9c1724c3defbbc45509204254aee80060b42e82b,,12444404,2026-05-18T21:22:49,
2026_房山_二模,2026,房山,二模,/Users/wanglifei/Desktop/2026模拟题/2026各区二模/2026房山二模/细则/26房山评标(2).docx,/Users/wanglifei/Desktop/2026模拟题,2026各区二模/2026房山二模/细则/26房山评标(2).docx,docx,rubric,,duplicate-or-drift,51621a4abaad70789a89e04e7096655e76cd19620a4086762db4d45f5c407876,/Users/wanglifei/Desktop/2026模拟题/2026各区二模/2026房山二模/细则/26房山评标.docx,34129,2026-05-18T21:19:23,exact_duplicate_of=/Users/wanglifei/Desktop/2026模拟题/2026各区二模/2026房山二模/细则/26房山评标.docx
2026_房山_二模,2026,房山,二模,/Users/wanglifei/Desktop/2026模拟题/2026各区二模/2026房山二模/细则/26房山评标.docx,/Users/wanglifei/Desktop/2026模拟题,2026各区二模/2026房山二模/细则/26房山评标.docx,docx,rubric,,inventory-only,51621a4abaad70789a89e04e7096655e76cd19620a4086762db4d45f5c407876,,34129,2026-05-18T21:19:24,
2026_朝阳_一模,2026,朝阳,一模,/Users/wanglifei/Desktop/2026模拟题/2026各区一模/2026朝阳一模/试卷/试卷.pdf,/Users/wanglifei/Desktop/2026模拟题,2026各区一模/2026朝阳一模/试卷/试卷.pdf,pdf,paper,,inventory-only,585b15124610aff7afffd93a3c4753f4b89eb9cd2dc1060a17022cecb4d8a8d9,,668962,2026-04-23T16:59:57,
2026_朝阳_一模,2026,朝阳,一模,/Users/wanglifei/GaokaoPolitics/2026各区模拟题/2026各区一模/2026朝阳一模/2026北京朝阳高三一模政治（教师版）.pdf,/Users/wanglifei/GaokaoPolitics/2026各区模拟题,2026各区一模/2026朝阳一模/2026北京朝阳高三一模政治（教师版）.pdf,pdf,paper,,duplicate-or-drift,585b15124610aff7afffd93a3c4753f4b89eb9cd2dc1060a17022cecb4d8a8d9,/Users/wanglifei/Desktop/2026模拟题/2026各区一模/2026朝阳一模/试卷/试卷.pdf,668962,2026-04-23T16:59:57,exact_duplicate_of=/Users/wanglifei/Desktop/2026模拟题/2026各区一模/2026朝阳一模/试卷/试卷.pdf
2026_朝阳_一模,2026,朝阳,一模,/Users/wanglifei/Desktop/2026模拟题/2026各区一模/2026朝阳一模/细则/细则.docx,/Users/wanglifei/Desktop/2026模拟题,2026各区一模/2026朝阳一模/细则/细则.docx,docx,rubric,,inventory-only,3a11db4bade216d1f174fab8e1b27f29e9b12e1a6b309296103b20e7c67c230d,,24525,2026-04-23T16:59:54,
2026_朝阳_一模,2026,朝阳,一模,/Users/wanglifei/GaokaoPolitics/2026各区模拟题/2026各区一模/2026朝阳一模/朝阳高三政治一模阅卷细则.docx,/Users/wanglifei/GaokaoPolitics/2026各区模拟题,2026各区一模/2026朝阳一模/朝阳高三政治一模阅卷细则.docx,docx,rubric,,duplicate-or-drift,3a11db4bade216d1f174fab8e1b27f29e9b12e1a6b309296103b20e7c67c230d,/Users/wanglifei/Desktop/2026模拟题/2026各区一模/2026朝阳一模/细则/细则.docx,24525,2026-04-23T16:59:54,exact_duplicate_of=/Users/wanglifei/Desktop/2026模拟题/2026各区一模/2026朝阳一模/细则/细则.docx
2026_朝阳_二模,2026,朝阳,二模,/Users/wanglifei/Desktop/2026模拟题/2026各区二模/2026朝阳二模/试卷/2026北京朝阳高三二模政治（教师版）.docx,/Users/wanglifei/Desktop/2026模拟题,2026各区二模/2026朝阳二模/试卷/2026北京朝阳高三二模政治（教师版）.docx,docx,paper,,inventory-only,c8856680a9a67b604d7939c72dd0b3b0d749a80f7d9ee4c5d35d6cdc98b4c396,,78338,2026-05-18T21:19:25,
2026_朝阳_二模,2026,朝阳,二模,/Users/wanglifei/Desktop/2026模拟题/2026各区二模/2026朝阳二模/细则/202605朝阳高三政治二模阅卷细则(1).docx,/Users/wanglifei/Desktop/2026模拟题,2026各区二模/2026朝阳二模/细则/202605朝阳高三政治二模阅卷细则(1).docx,docx,rubric,,inventory-only,8cb07a7f650e041c062b0f1a96ee53c20964ebc71c1a30af8697809adc4bb62c,,27992,2026-05-18T21:19:26,
2026_朝阳_期中,2026,朝阳,期中,/Users/wanglifei/Desktop/2026模拟题/2026各区期末和期中/2026朝阳期中/试卷/试卷.pdf,/Users/wanglifei/Desktop/2026模拟题,2026各区期末和期中/2026朝阳期中/试卷/试卷.pdf,pdf,paper,,inventory-only,5a53b5c6863d7f952d732bef6b21013438957929a6748c575ed46331be9cd5a0,,1051598,2026-04-23T17:03:08,
2026_朝阳_期末,2026,朝阳,期末,/Users/wanglifei/Desktop/2026模拟题/2026各区期末和期中/2026朝阳期末/试卷/试卷.pdf,/Users/wanglifei/Desktop/2026模拟题,2026各区期末和期中/2026朝阳期末/试卷/试卷.pdf,pdf,paper,,inventory-only,e1a49527cb4c175f3de69c5cb429216b35938f336f1417fd9df9d955c3e98399,,11974231,2026-04-23T17:03:39,
2026_朝阳_期中,2026,朝阳,期中,/Users/wanglifei/GaokaoPolitics/2026各区模拟题/2026各区期末和期中/2026朝阳期中/2025北京朝阳高三（上）期中政治（教师版）.pdf,/Users/wanglifei/GaokaoPolitics/2026各区模拟题,2026各区期末和期中/2026朝阳期中/2025北京朝阳高三（上）期中政治（教师版）.pdf,pdf,paper,,duplicate-or-drift,5a53b5c6863d7f952d732bef6b21013438957929a6748c575ed46331be9cd5a0,/Users/wanglifei/Desktop/2026模拟题/2026各区期末和期中/2026朝阳期中/试卷/试卷.pdf,1051598,2026-04-23T17:03:08,exact_duplicate_of=/Users/wanglifei/Desktop/2026模拟题/2026各区期末和期中/2026朝阳期中/试卷/试卷.pdf
2026_朝阳_期末,2026,朝阳,期末,/Users/wanglifei/GaokaoPolitics/2026各区模拟题/2026各区期末和期中/2026朝阳期末/2026北京朝阳高三（上）期末政治.pdf,/Users/wanglifei/GaokaoPolitics/2026各区模拟题,2026各区期末和期中/2026朝阳期末/2026北京朝阳高三（上）期末政治.pdf,pdf,paper,,duplicate-or-drift,e1a49527cb4c175f3de69c5cb429216b35938f336f1417fd9df9d955c3e98399,/Users/wanglifei/Desktop/2026模拟题/2026各区期末和期中/2026朝阳期末/试卷/试卷.pdf,11974231,2026-04-23T17:03:39,exact_duplicate_of=/Users/wanglifei/Desktop/2026模拟题/2026各区期末和期中/2026朝阳期末/试卷/试卷.pdf
2026_朝阳_期中,2026,朝阳,期中,/Users/wanglifei/Desktop/2026模拟题/2026各区期末和期中/2026朝阳期中/细则/细则.docx,/Users/wanglifei/Desktop/2026模拟题,2026各区期末和期中/2026朝阳期中/细则/细则.docx,docx,rubric,,inventory-only,885e694cf464c22b3e899be93e422de46ccefd2efe8d66fd03fefc93d186f965,,32954,2026-04-23T17:03:06,
2026_朝阳_期中,2026,朝阳,期中,/Users/wanglifei/Desktop/2026模拟题/2026各区期末和期中/2026朝阳期中/细则/补充材料/细则.docx,/Users/wanglifei/Desktop/2026模拟题,2026各区期末和期中/2026朝阳期中/细则/补充材料/细则.docx,docx,rubric,,duplicate-or-drift,885e694cf464c22b3e899be93e422de46ccefd2efe8d66fd03fefc93d186f965,/Users/wanglifei/Desktop/2026模拟题/2026各区期末和期中/2026朝阳期中/细则/细则.docx,32954,2026-04-23T17:03:01,exact_duplicate_of=/Users/wanglifei/Desktop/2026模拟题/2026各区期末和期中/2026朝阳期中/细则/细则.docx
2026_朝阳_期末,2026,朝阳,期末,/Users/wanglifei/Desktop/2026模拟题/2026各区期末和期中/2026朝阳期末/细则/细则.pdf,/Users/wanglifei/Desktop/2026模拟题,2026各区期末和期中/2026朝阳期末/细则/细则.pdf,pdf,rubric,,inventory-only,487b2d15b3a3ac2b14567989edfb4195dd3f776437ec0853a7bd39a5a700859a,,1423094,2026-04-23T17:03:00,
2026_朝阳_期中,2026,朝阳,期中,/Users/wanglifei/GaokaoPolitics/2026各区模拟题/2026各区期末和期中/2026朝阳期中/2025.11朝阳期中政治评标.docx,/Users/wanglifei/GaokaoPolitics/2026各区模拟题,2026各区期末和期中/2026朝阳期中/2025.11朝阳期中政治评标.docx,docx,rubric,,duplicate-or-drift,885e694cf464c22b3e899be93e422de46ccefd2efe8d66fd03fefc93d186f965,/Users/wanglifei/Desktop/2026模拟题/2026各区期末和期中/2026朝阳期中/细则/细则.docx,32954,2026-04-23T17:03:06,exact_duplicate_of=/Users/wanglifei/Desktop/2026模拟题/2026各区期末和期中/2026朝阳期中/细则/细则.docx
2026_朝阳_期中,2026,朝阳,期中,/Users/wanglifei/GaokaoPolitics/2026各区模拟题/2026各区期末和期中/2026朝阳期中/2025.11朝阳高三政治期中阅卷细则.docx,/Users/wanglifei/GaokaoPolitics/2026各区模拟题,2026各区期末和期中/2026朝阳期中/2025.11朝阳高三政治期中阅卷细则.docx,docx,rubric,,duplicate-or-drift,885e694cf464c22b3e899be93e422de46ccefd2efe8d66fd03fefc93d186f965,/Users/wanglifei/Desktop/2026模拟题/2026各区期末和期中/2026朝阳期中/细则/细则.docx,32954,2026-04-23T17:03:01,exact_duplicate_of=/Users/wanglifei/Desktop/2026模拟题/2026各区期末和期中/2026朝阳期中/细则/细则.docx
2026_朝阳_期末,2026,朝阳,期末,/Users/wanglifei/GaokaoPolitics/2026各区模拟题/2026各区期末和期中/2026朝阳期末/2026朝阳期末细则.pdf,/Users/wanglifei/GaokaoPolitics/2026各区模拟题,2026各区期末和期中/2026朝阳期末/2026朝阳期末细则.pdf,pdf,rubric,,duplicate-or-drift,487b2d15b3a3ac2b14567989edfb4195dd3f776437ec0853a7bd39a5a700859a,/Users/wanglifei/Desktop/2026模拟题/2026各区期末和期中/2026朝阳期末/细则/细则.pdf,1423094,2026-04-23T17:03:00,exact_duplicate_of=/Users/wanglifei/Desktop/2026模拟题/2026各区期末和期中/2026朝阳期末/细则/细则.pdf
2026_海淀_一模,2026,海淀,一模,/Users/wanglifei/Desktop/2026模拟题/2026各区一模/2026海淀一模/试卷/试卷.pdf,/Users/wanglifei/Desktop/2026模拟题,2026各区一模/2026海淀一模/试卷/试卷.pdf,pdf,paper,,inventory-only,03e0412bb80579d817c36d81a80cbe3caaf6ba114b5ff7272a9ec5582696b547,,1739453,2026-04-23T17:00:36,
2026_海淀_一模,2026,海淀,一模,/Users/wanglifei/GaokaoPolitics/2026各区模拟题/2026各区一模/2026海淀一模/2026海淀一模 试卷扫描版_去水印.pdf,/Users/wanglifei/GaokaoPolitics/2026各区模拟题,2026各区一模/2026海淀一模/2026海淀一模 试卷扫描版_去水印.pdf,pdf,paper,,duplicate-or-drift,03e0412bb80579d817c36d81a80cbe3caaf6ba114b5ff7272a9ec5582696b547,/Users/wanglifei/Desktop/2026模拟题/2026各区一模/2026海淀一模/试卷/试卷.pdf,1739453,2026-04-23T17:00:36,exact_duplicate_of=/Users/wanglifei/Desktop/2026模拟题/2026各区一模/2026海淀一模/试卷/试卷.pdf
2026_海淀_一模,2026,海淀,一模,/Users/wanglifei/Desktop/2026模拟题/2026各区一模/2026海淀一模/细则/细则.pdf,/Users/wanglifei/Desktop/2026模拟题,2026各区一模/2026海淀一模/细则/细则.pdf,pdf,rubric,,inventory-only,9b5ac8fd0cfe59cb5dd47ea200078c3342a8cfc212be1cbe8a8f13044a540111,,2405986,2026-04-23T17:00:15,
2026_海淀_一模,2026,海淀,一模,/Users/wanglifei/GaokaoPolitics/2026各区模拟题/2026各区一模/2026海淀一模/26海淀一模政治评分标准.pdf,/Users/wanglifei/GaokaoPolitics/2026各区模拟题,2026各区一模/2026海淀一模/26海淀一模政治评分标准.pdf,pdf,rubric,,duplicate-or-drift,9b5ac8fd0cfe59cb5dd47ea200078c3342a8cfc212be1cbe8a8f13044a540111,/Users/wanglifei/Desktop/2026模拟题/2026各区一模/2026海淀一模/细则/细则.pdf,2405986,2026-04-23T17:00:15,exact_duplicate_of=/Users/wanglifei/Desktop/2026模拟题/2026各区一模/2026海淀一模/细则/细则.pdf
2026_海淀_二模,2026,海淀,二模,/Users/wanglifei/Desktop/2026模拟题/2026各区二模/2026海淀二模/试卷/2026北京海淀高三二模政治（教师版）.docx,/Users/wanglifei/Desktop/2026模拟题,2026各区二模/2026海淀二模/试卷/2026北京海淀高三二模政治（教师版）.docx,docx,paper,,inventory-only,e7b70a05645843b69ea049c64c2e691591a489107d1c2b67992112035ee0b862,,1255518,2026-05-18T21:20:02,
2026_海淀_二模,2026,海淀,二模,/Users/wanglifei/Desktop/2026模拟题/2026各区二模/2026海淀二模/细则/26海淀高三政治二模讲评.pdf,/Users/wanglifei/Desktop/2026模拟题,2026各区二模/2026海淀二模/细则/26海淀高三政治二模讲评.pdf,pdf,rubric,,inventory-only,c2f6013f0e13fcbe848bf114d1df7e06c12b48542597cd6a357840137638daa3,,90283098,2026-05-18T21:23:07,
2026_海淀_期中,2026,海淀,期中,/Users/wanglifei/Desktop/2026模拟题/2026各区期末和期中/2026海淀期中/其他材料/期中讲评20251106.pdf,/Users/wanglifei/Desktop/2026模拟题,2026各区期末和期中/2026海淀期中/其他材料/期中讲评20251106.pdf,pdf,marking-report,,inventory-only,e65381bd22912637421c0d9922f3617428c82204555954e7b760cea9c7fe6cb9,,83737967,2026-04-23T17:09:48,
2026_海淀_期中,2026,海淀,期中,/Users/wanglifei/GaokaoPolitics/2026各区模拟题/2026各区期末和期中/2026海淀期中/期中讲评20251106.pdf,/Users/wanglifei/GaokaoPolitics/2026各区模拟题,2026各区期末和期中/2026海淀期中/期中讲评20251106.pdf,pdf,marking-report,,duplicate-or-drift,e65381bd22912637421c0d9922f3617428c82204555954e7b760cea9c7fe6cb9,/Users/wanglifei/Desktop/2026模拟题/2026各区期末和期中/2026海淀期中/其他材料/期中讲评20251106.pdf,83737967,2026-04-23T17:09:48,exact_duplicate_of=/Users/wanglifei/Desktop/2026模拟题/2026各区期末和期中/2026海淀期中/其他材料/期中讲评20251106.pdf
2026_海淀_期中,2026,海淀,期中,/Users/wanglifei/Desktop/2026模拟题/2026各区期末和期中/2026海淀期中/试卷/试卷.docx,/Users/wanglifei/Desktop/2026模拟题,2026各区期末和期中/2026海淀期中/试卷/试卷.docx,docx,paper,,inventory-only,11cac42f979196cd879bb2d88efd7984e64cc0c19cdb57cbe1b0a6121ae13e3c,,262700,2026-04-23T17:03:09,
2026_海淀_期末,2026,海淀,期末,/Users/wanglifei/Desktop/2026模拟题/2026各区期末和期中/2026海淀期末/试卷/试卷.pdf,/Users/wanglifei/Desktop/2026模拟题,2026各区期末和期中/2026海淀期末/试卷/试卷.pdf,pdf,paper,,inventory-only,ac3124113aec7062dd70042a1dbd88724d31175c797b380025c53b1fe1ff25e8,,9185851,2026-04-23T17:03:03,
2026_海淀_期中,2026,海淀,期中,/Users/wanglifei/GaokaoPolitics/2026各区模拟题/2026各区期末和期中/2026海淀期中/2025北京海淀高三（上）期中政治（教师版）.docx,/Users/wanglifei/GaokaoPolitics/2026各区模拟题,2026各区期末和期中/2026海淀期中/2025北京海淀高三（上）期中政治（教师版）.docx,docx,paper,,duplicate-or-drift,11cac42f979196cd879bb2d88efd7984e64cc0c19cdb57cbe1b0a6121ae13e3c,/Users/wanglifei/Desktop/2026模拟题/2026各区期末和期中/2026海淀期中/试卷/试卷.docx,262700,2026-04-23T17:03:09,exact_duplicate_of=/Users/wanglifei/Desktop/2026模拟题/2026各区期末和期中/2026海淀期中/试卷/试卷.docx
2026_海淀_期末,2026,海淀,期末,/Users/wanglifei/GaokaoPolitics/2026各区模拟题/2026各区期末和期中/2026海淀期末/2026北京海淀高三（上）期末政治（教师版）.pdf,/Users/wanglifei/GaokaoPolitics/2026各区模拟题,2026各区期末和期中/2026海淀期末/2026北京海淀高三（上）期末政治（教师版）.pdf,pdf,paper,,duplicate-or-drift,ac3124113aec7062dd70042a1dbd88724d31175c797b380025c53b1fe1ff25e8,/Users/wanglifei/Desktop/2026模拟题/2026各区期末和期中/2026海淀期末/试卷/试卷.pdf,9185851,2026-04-23T17:03:03,exact_duplicate_of=/Users/wanglifei/Desktop/2026模拟题/2026各区期末和期中/2026海淀期末/试卷/试卷.pdf
2026_海淀_期末,2026,海淀,期末,/Users/wanglifei/Desktop/2026模拟题/2026各区期末和期中/2026海淀期末/细则/细则.pdf,/Users/wanglifei/Desktop/2026模拟题,2026各区期末和期中/2026海淀期末/细则/细则.pdf,pdf,rubric,,inventory-only,7832041a93d37e1f1c235dd25d2204090a8616c93d855e2e3a1b1f266f96d1ca,,2944879,2026-04-23T17:02:18,
2026_海淀_期末,2026,海淀,期末,/Users/wanglifei/GaokaoPolitics/2026各区模拟题/2026各区期末和期中/2026海淀期末/2025-2026海淀期末政治评分标准(1).pdf,/Users/wanglifei/GaokaoPolitics/2026各区模拟题,2026各区期末和期中/2026海淀期末/2025-2026海淀期末政治评分标准(1).pdf,pdf,rubric,,duplicate-or-drift,7832041a93d37e1f1c235dd25d2204090a8616c93d855e2e3a1b1f266f96d1ca,/Users/wanglifei/Desktop/2026模拟题/2026各区期末和期中/2026海淀期末/细则/细则.pdf,2944879,2026-04-23T17:02:18,exact_duplicate_of=/Users/wanglifei/Desktop/2026模拟题/2026各区期末和期中/2026海淀期末/细则/细则.pdf
2026_石景山_一模,2026,石景山,一模,/Users/wanglifei/Desktop/2026模拟题/2026各区一模/2026石景山一模/试卷/试卷.pdf,/Users/wanglifei/Desktop/2026模拟题,2026各区一模/2026石景山一模/试卷/试卷.pdf,pdf,paper,,inventory-only,0d4a5cd29c2e69615b523f3c9a7d0170dcc7a1e3362e8e1e1f68ab6c2cd7a2de,,701385,2026-04-23T17:04:14,
2026_石景山_一模,2026,石景山,一模,/Users/wanglifei/GaokaoPolitics/2026各区模拟题/2026各区一模/2026石景山一模/2026北京石景山高三一模政治（教师版）.pdf,/Users/wanglifei/GaokaoPolitics/2026各区模拟题,2026各区一模/2026石景山一模/2026北京石景山高三一模政治（教师版）.pdf,pdf,paper,,duplicate-or-drift,0d4a5cd29c2e69615b523f3c9a7d0170dcc7a1e3362e8e1e1f68ab6c2cd7a2de,/Users/wanglifei/Desktop/2026模拟题/2026各区一模/2026石景山一模/试卷/试卷.pdf,701385,2026-04-23T17:04:14,exact_duplicate_of=/Users/wanglifei/Desktop/2026模拟题/2026各区一模/2026石景山一模/试卷/试卷.pdf
2026_石景山_一模,2026,石景山,一模,/Users/wanglifei/Desktop/2026模拟题/2026各区一模/2026石景山一模/细则/细则.doc,/Users/wanglifei/Desktop/2026模拟题,2026各区一模/2026石景山一模/细则/细则.doc,doc,rubric,,inventory-only,78d97b669465d8a5bf5290a80e0c500f202c2ee8aa2e7bf6ed082a1be6a57ef3,,61440,2026-04-23T17:04:08,
2026_石景山_一模,2026,石景山,一模,/Users/wanglifei/GaokaoPolitics/2026各区模拟题/2026各区一模/2026石景山一模/2026石景山区高三一模评分细则.doc,/Users/wanglifei/GaokaoPolitics/2026各区模拟题,2026各区一模/2026石景山一模/2026石景山区高三一模评分细则.doc,doc,rubric,,duplicate-or-drift,78d97b669465d8a5bf5290a80e0c500f202c2ee8aa2e7bf6ed082a1be6a57ef3,/Users/wanglifei/Desktop/2026模拟题/2026各区一模/2026石景山一模/细则/细则.doc,61440,2026-04-23T17:04:08,exact_duplicate_of=/Users/wanglifei/Desktop/2026模拟题/2026各区一模/2026石景山一模/细则/细则.doc
2026_石景山_二模,2026,石景山,二模,/Users/wanglifei/Desktop/2026模拟题/2026各区二模/2026石景山二模/试卷/2026北京石景山高三二模政治（教师版）.docx,/Users/wanglifei/Desktop/2026模拟题,2026各区二模/2026石景山二模/试卷/2026北京石景山高三二模政治（教师版）.docx,docx,paper,,inventory-only,00b61bbb2c75b4bed90f34f4d93bcc91168d2b05a597a20a0fc3964bacbe5c6c,,258696,2026-05-18T21:19:27,
2026_石景山_二模,2026,石景山,二模,/Users/wanglifei/Desktop/2026模拟题/2026各区二模/2026石景山二模/细则/石景山区高三政治第二次模拟考试答案评分细则(1).doc,/Users/wanglifei/Desktop/2026模拟题,2026各区二模/2026石景山二模/细则/石景山区高三政治第二次模拟考试答案评分细则(1).doc,doc,rubric,,inventory-only,404f493eede90c04cb04d90cdfa97d468d7df5885b1848699d3d24c53cd32173,,44032,2026-05-18T21:19:23,
2026_石景山_期末,2026,石景山,期末,/Users/wanglifei/GaokaoPolitics/2026各区模拟题/2026各区期末和期中/2026石景山期末/2026北京石景山高三（上）期末政治.pdf,/Users/wanglifei/GaokaoPolitics/2026各区模拟题,2026各区期末和期中/2026石景山期末/2026北京石景山高三（上）期末政治.pdf,pdf,paper,,module-boundary-excluded,22c2a9a9dc00eb284d39bc932bcdffe8565f0511c856c6deb1bdf422c77c38a8,/Users/wanglifei/Desktop/2026模拟题/已放弃/2026石景山期末/其他材料/答案及评分参考.pdf,6826389,2026-04-23T17:05:15,excluded_by_hard_rule_2026_shijingshan_final_no_usable_rubric; exact_duplicate_of=/Users/wanglifei/Desktop/2026模拟题/已放弃/2026石景山期末/其他材料/答案及评分参考.pdf
2026_石景山_期末,2026,石景山,期末,/Users/wanglifei/Desktop/2026模拟题/已放弃/2026石景山期末/其他材料/答案及评分参考.pdf,/Users/wanglifei/Desktop/2026模拟题,已放弃/2026石景山期末/其他材料/答案及评分参考.pdf,pdf,reference-answer,,module-boundary-excluded,22c2a9a9dc00eb284d39bc932bcdffe8565f0511c856c6deb1bdf422c77c38a8,,6826389,2026-04-23T17:05:15,excluded_by_hard_rule_2026_shijingshan_final_no_usable_rubric; under_abandoned_folder
2026_西城_一模,2026,西城,一模,/Users/wanglifei/Desktop/2026模拟题/2026各区一模/2026西城一模/试卷/补充材料/2026北京西城高三一模政治.pdf,/Users/wanglifei/Desktop/2026模拟题,2026各区一模/2026西城一模/试卷/补充材料/2026北京西城高三一模政治.pdf,pdf,paper,,inventory-only,5581e0237e861511efb8400525d43aa042ca59a4fa0878e1e249617f4397ecc2,,13170039,2026-04-23T17:05:17,
2026_西城_一模,2026,西城,一模,/Users/wanglifei/Desktop/2026模拟题/2026各区一模/2026西城一模/试卷/试卷.docx,/Users/wanglifei/Desktop/2026模拟题,2026各区一模/2026西城一模/试卷/试卷.docx,docx,paper,,inventory-only,795b221243cdf7b62b7199bf41649f11c1e749c2c9199b3afbe13b6489e1dc61,,4178588,2026-04-23T17:04:38,
2026_西城_一模,2026,西城,一模,/Users/wanglifei/GaokaoPolitics/2026各区模拟题/2026各区一模/2026西城一模/2026北京西城高三一模政治.pdf,/Users/wanglifei/GaokaoPolitics/2026各区模拟题,2026各区一模/2026西城一模/2026北京西城高三一模政治.pdf,pdf,paper,,duplicate-or-drift,5581e0237e861511efb8400525d43aa042ca59a4fa0878e1e249617f4397ecc2,/Users/wanglifei/Desktop/2026模拟题/2026各区一模/2026西城一模/试卷/补充材料/2026北京西城高三一模政治.pdf,13170039,2026-04-23T17:05:17,exact_duplicate_of=/Users/wanglifei/Desktop/2026模拟题/2026各区一模/2026西城一模/试卷/补充材料/2026北京西城高三一模政治.pdf
2026_西城_一模,2026,西城,一模,/Users/wanglifei/GaokaoPolitics/2026各区模拟题/2026各区一模/2026西城一模/高三统一测试思想政治试卷.docx,/Users/wanglifei/GaokaoPolitics/2026各区模拟题,2026各区一模/2026西城一模/高三统一测试思想政治试卷.docx,docx,paper,,duplicate-or-drift,795b221243cdf7b62b7199bf41649f11c1e749c2c9199b3afbe13b6489e1dc61,/Users/wanglifei/Desktop/2026模拟题/2026各区一模/2026西城一模/试卷/试卷.docx,4178588,2026-04-23T17:04:38,exact_duplicate_of=/Users/wanglifei/Desktop/2026模拟题/2026各区一模/2026西城一模/试卷/试卷.docx
2026_西城_一模,2026,西城,一模,/Users/wanglifei/Desktop/2026模拟题/2026各区一模/2026西城一模/细则/细则.docx,/Users/wanglifei/Desktop/2026模拟题,2026各区一模/2026西城一模/细则/细则.docx,docx,rubric,,inventory-only,22206a780a1503a6d8a61a86f8f18a8c5cfac2d7cb1851a84e668d8dd356eae0,,21457,2026-04-23T17:04:39,
2026_西城_一模,2026,西城,一模,/Users/wanglifei/GaokaoPolitics/2026各区模拟题/2026各区一模/2026西城一模/高三一模阅卷细则26.04(1).docx,/Users/wanglifei/GaokaoPolitics/2026各区模拟题,2026各区一模/2026西城一模/高三一模阅卷细则26.04(1).docx,docx,rubric,,duplicate-or-drift,22206a780a1503a6d8a61a86f8f18a8c5cfac2d7cb1851a84e668d8dd356eae0,/Users/wanglifei/Desktop/2026模拟题/2026各区一模/2026西城一模/细则/细则.docx,21457,2026-04-23T17:04:39,exact_duplicate_of=/Users/wanglifei/Desktop/2026模拟题/2026各区一模/2026西城一模/细则/细则.docx
2026_西城_二模,2026,西城,二模,/Users/wanglifei/Desktop/2026模拟题/2026各区二模/2026西城二模/试卷/2026北京西城高三二模政治（教师版）.docx,/Users/wanglifei/Desktop/2026模拟题,2026各区二模/2026西城二模/试卷/2026北京西城高三二模政治（教师版）.docx,docx,paper,,inventory-only,21ae4c2f7aee5465aaab52ff719c252f035ce39bbf34927bcacb1d15e0e695d5,,317572,2026-05-18T21:19:32,
2026_西城_二模,2026,西城,二模,/Users/wanglifei/Desktop/2026模拟题/2026各区二模/2026西城二模/细则/西城二模评标.pdf,/Users/wanglifei/Desktop/2026模拟题,2026各区二模/2026西城二模/细则/西城二模评标.pdf,pdf,rubric,,inventory-only,f414cf7940ad820265da0a6b31d1a822b0fbe5f21a89bfea71b42be598f32cdc,,5841277,2026-05-18T21:20:02,
2026_西城_期末,2026,西城,期末,/Users/wanglifei/Desktop/2026模拟题/2026各区期末和期中/2026西城期末/试卷/2026北京西城高三上期末政治教师版.pdf,/Users/wanglifei/Desktop/2026模拟题,2026各区期末和期中/2026西城期末/试卷/2026北京西城高三上期末政治教师版.pdf,pdf,paper,,duplicate-or-drift,efbc5507a38dbd4f41a57acd1dfe4877df191813555b2318d451a1b3a855f230,/Users/wanglifei/Desktop/2026模拟题/2026各区期末和期中/2026西城期末/细则/补充材料/高三思想政治参考答案.pdf,11156816,2026-04-23T17:04:04,exact_duplicate_of=/Users/wanglifei/Desktop/2026模拟题/2026各区期末和期中/2026西城期末/细则/补充材料/高三思想政治参考答案.pdf
2026_西城_期末,2026,西城,期末,/Users/wanglifei/GaokaoPolitics/2026各区模拟题/2026各区期末和期中/2026西城期末/2026北京西城高三（上）期末政治（教师版）.pdf,/Users/wanglifei/GaokaoPolitics/2026各区模拟题,2026各区期末和期中/2026西城期末/2026北京西城高三（上）期末政治（教师版）.pdf,pdf,paper,,duplicate-or-drift,efbc5507a38dbd4f41a57acd1dfe4877df191813555b2318d451a1b3a855f230,/Users/wanglifei/Desktop/2026模拟题/2026各区期末和期中/2026西城期末/细则/补充材料/高三思想政治参考答案.pdf,11156816,2026-04-23T17:04:04,exact_duplicate_of=/Users/wanglifei/Desktop/2026模拟题/2026各区期末和期中/2026西城期末/细则/补充材料/高三思想政治参考答案.pdf
2026_西城_期末,2026,西城,期末,/Users/wanglifei/Desktop/2026模拟题/2026各区期末和期中/2026西城期末/细则/细则.pdf,/Users/wanglifei/Desktop/2026模拟题,2026各区期末和期中/2026西城期末/细则/细则.pdf,pdf,rubric,,inventory-only,54715a1e650d940e1470d8348f9c4cfaaa4a92cb983965a022b2fae5049ca1a4,,2838973,2026-04-23T17:04:41,
2026_西城_期末,2026,西城,期末,/Users/wanglifei/Desktop/2026模拟题/2026各区期末和期中/2026西城期末/细则/补充材料/西城高三期末评标.pptx,/Users/wanglifei/Desktop/2026模拟题,2026各区期末和期中/2026西城期末/细则/补充材料/西城高三期末评标.pptx,pptx,rubric,,inventory-only,9aecfff2e370dc980e0ceb4805b28f66ebfbbeffa7ccdbd4b909dc96b01a3cbe,,1259440,2026-04-23T17:03:50,
2026_西城_期末,2026,西城,期末,/Users/wanglifei/Desktop/2026模拟题/2026各区期末和期中/2026西城期末/细则/补充材料/高三思想政治参考答案.pdf,/Users/wanglifei/Desktop/2026模拟题,2026各区期末和期中/2026西城期末/细则/补充材料/高三思想政治参考答案.pdf,pdf,rubric,,inventory-only,efbc5507a38dbd4f41a57acd1dfe4877df191813555b2318d451a1b3a855f230,,11156816,2026-04-23T17:04:04,
2026_西城_期末,2026,西城,期末,/Users/wanglifei/GaokaoPolitics/2026各区模拟题/2026各区期末和期中/2026西城期末/2026西城期末细则.pdf,/Users/wanglifei/GaokaoPolitics/2026各区模拟题,2026各区期末和期中/2026西城期末/2026西城期末细则.pdf,pdf,rubric,,duplicate-or-drift,54715a1e650d940e1470d8348f9c4cfaaa4a92cb983965a022b2fae5049ca1a4,/Users/wanglifei/Desktop/2026模拟题/2026各区期末和期中/2026西城期末/细则/细则.pdf,2838973,2026-04-23T17:04:41,exact_duplicate_of=/Users/wanglifei/Desktop/2026模拟题/2026各区期末和期中/2026西城期末/细则/细则.pdf
2026_西城_期末,2026,西城,期末,/Users/wanglifei/GaokaoPolitics/2026各区模拟题/2026各区期末和期中/2026西城期末/西城高三期末评标.pptx,/Users/wanglifei/GaokaoPolitics/2026各区模拟题,2026各区期末和期中/2026西城期末/西城高三期末评标.pptx,pptx,rubric,,duplicate-or-drift,9aecfff2e370dc980e0ceb4805b28f66ebfbbeffa7ccdbd4b909dc96b01a3cbe,/Users/wanglifei/Desktop/2026模拟题/2026各区期末和期中/2026西城期末/细则/补充材料/西城高三期末评标.pptx,1259440,2026-04-23T17:03:50,exact_duplicate_of=/Users/wanglifei/Desktop/2026模拟题/2026各区期末和期中/2026西城期末/细则/补充材料/西城高三期末评标.pptx
2026_通州_一模,2026,通州,一模,/Users/wanglifei/Desktop/2026模拟题/2026各区一模/2026通州一模/试卷/2026北京通州高三一模政治.pdf,/Users/wanglifei/Desktop/2026模拟题,2026各区一模/2026通州一模/试卷/2026北京通州高三一模政治.pdf,pdf,paper,,inventory-only,dced3f3054457ebcf15b8217e10703e359761f0c131ea57678cfea5dbada1c34,,8260419,2026-05-18T21:25:06,
2026_通州_一模,2026,通州,一模,/Users/wanglifei/Desktop/2026模拟题/2026各区一模/2026通州一模/细则/26 通州一模评标.pdf,/Users/wanglifei/Desktop/2026模拟题,2026各区一模/2026通州一模/细则/26 通州一模评标.pdf,pdf,rubric,,inventory-only,7100a8d418c6747d2d80d4cc83813f8622589640882ebd92f5e09fbb29fb3e5e,,1769056,2026-05-18T21:24:14,
2026_通州_期末,2026,通州,期末,/Users/wanglifei/GaokaoPolitics/2026各区模拟题/2026各区期末和期中/2026通州期末/2026通州期末试卷讲评.pptx,/Users/wanglifei/GaokaoPolitics/2026各区模拟题,2026各区期末和期中/2026通州期末/2026通州期末试卷讲评.pptx,pptx,marking-report,,duplicate-or-drift,44537714bd68a7c15d4311b1317c0cc0c321158c93eae8092ae7f8db161b5317,/Users/wanglifei/Desktop/2026模拟题/2026各区期末和期中/2026通州期末/细则/细则.pptx,845024,2026-04-23T17:02:31,exact_duplicate_of=/Users/wanglifei/Desktop/2026模拟题/2026各区期末和期中/2026通州期末/细则/细则.pptx
2026_通州_期末,2026,通州,期末,/Users/wanglifei/Desktop/2026模拟题/2026各区期末和期中/2026通州期末/试卷/试卷.pdf,/Users/wanglifei/Desktop/2026模拟题,2026各区期末和期中/2026通州期末/试卷/试卷.pdf,pdf,paper,,inventory-only,7f3083ea306ea1e92b3d368942a6bbd22124af6563a3bca0886f800b2b1af857,,1136980,2026-04-23T17:02:40,
2026_通州_期末,2026,通州,期末,/Users/wanglifei/GaokaoPolitics/2026各区模拟题/2026各区期末和期中/2026通州期末/2026北京通州高三（上）期末政治（教师版）.pdf,/Users/wanglifei/GaokaoPolitics/2026各区模拟题,2026各区期末和期中/2026通州期末/2026北京通州高三（上）期末政治（教师版）.pdf,pdf,paper,,duplicate-or-drift,7f3083ea306ea1e92b3d368942a6bbd22124af6563a3bca0886f800b2b1af857,/Users/wanglifei/Desktop/2026模拟题/2026各区期末和期中/2026通州期末/试卷/试卷.pdf,1136980,2026-04-23T17:02:40,exact_duplicate_of=/Users/wanglifei/Desktop/2026模拟题/2026各区期末和期中/2026通州期末/试卷/试卷.pdf
2026_通州_期末,2026,通州,期末,/Users/wanglifei/Desktop/2026模拟题/2026各区期末和期中/2026通州期末/细则/细则.pptx,/Users/wanglifei/Desktop/2026模拟题,2026各区期末和期中/2026通州期末/细则/细则.pptx,pptx,rubric,,inventory-only,44537714bd68a7c15d4311b1317c0cc0c321158c93eae8092ae7f8db161b5317,,845024,2026-04-23T17:02:31,
2026_门头沟_一模,2026,门头沟,一模,/Users/wanglifei/Desktop/2026模拟题/2026各区一模/2026门头沟一模/试卷/试卷.pdf,/Users/wanglifei/Desktop/2026模拟题,2026各区一模/2026门头沟一模/试卷/试卷.pdf,pdf,paper,,inventory-only,e84e6bbdd89889788d65b9e10336673c02fbe30f450617204af1a41d5136b711,,1288180,2026-04-23T17:05:27,
2026_门头沟_一模,2026,门头沟,一模,/Users/wanglifei/GaokaoPolitics/2026各区模拟题/2026各区一模/2026门头沟一模/门头沟区高三政治一模试卷.pdf,/Users/wanglifei/GaokaoPolitics/2026各区模拟题,2026各区一模/2026门头沟一模/门头沟区高三政治一模试卷.pdf,pdf,paper,,duplicate-or-drift,e84e6bbdd89889788d65b9e10336673c02fbe30f450617204af1a41d5136b711,/Users/wanglifei/Desktop/2026模拟题/2026各区一模/2026门头沟一模/试卷/试卷.pdf,1288180,2026-04-23T17:05:27,exact_duplicate_of=/Users/wanglifei/Desktop/2026模拟题/2026各区一模/2026门头沟一模/试卷/试卷.pdf
2026_门头沟_一模,2026,门头沟,一模,/Users/wanglifei/Desktop/2026模拟题/2026各区一模/2026门头沟一模/细则/细则.docx,/Users/wanglifei/Desktop/2026模拟题,2026各区一模/2026门头沟一模/细则/细则.docx,docx,rubric,,inventory-only,89313bd871502cf49c53f220152183ae2ba55a2dd906afe5e8553f1a91d1f155,,23845,2026-04-23T17:04:40,
2026_门头沟_一模,2026,门头沟,一模,/Users/wanglifei/GaokaoPolitics/2026各区模拟题/2026各区一模/2026门头沟一模/门头沟高三政治一模参考答案及评标细则新.docx,/Users/wanglifei/GaokaoPolitics/2026各区模拟题,2026各区一模/2026门头沟一模/门头沟高三政治一模参考答案及评标细则新.docx,docx,rubric,,duplicate-or-drift,89313bd871502cf49c53f220152183ae2ba55a2dd906afe5e8553f1a91d1f155,/Users/wanglifei/Desktop/2026模拟题/2026各区一模/2026门头沟一模/细则/细则.docx,23845,2026-04-23T17:04:40,exact_duplicate_of=/Users/wanglifei/Desktop/2026模拟题/2026各区一模/2026门头沟一模/细则/细则.docx
2026_顺义_一模,2026,顺义,一模,/Users/wanglifei/Desktop/2026模拟题/2026各区一模/2026顺义一模/试卷/试卷.pdf,/Users/wanglifei/Desktop/2026模拟题,2026各区一模/2026顺义一模/试卷/试卷.pdf,pdf,paper,,inventory-only,8d19592ca0679f21b03f2934dabb0ae46fae9c5b58dbb8e8b79607e35bd9fa06,,2907362,2026-04-23T17:01:47,
2026_顺义_一模,2026,顺义,一模,/Users/wanglifei/GaokaoPolitics/2026各区模拟题/2026各区一模/2026顺义一模/2026顺义一模.pdf,/Users/wanglifei/GaokaoPolitics/2026各区模拟题,2026各区一模/2026顺义一模/2026顺义一模.pdf,pdf,paper,,duplicate-or-drift,8d19592ca0679f21b03f2934dabb0ae46fae9c5b58dbb8e8b79607e35bd9fa06,/Users/wanglifei/Desktop/2026模拟题/2026各区一模/2026顺义一模/试卷/试卷.pdf,2907362,2026-04-23T17:01:47,exact_duplicate_of=/Users/wanglifei/Desktop/2026模拟题/2026各区一模/2026顺义一模/试卷/试卷.pdf
2026_顺义_一模,2026,顺义,一模,/Users/wanglifei/Desktop/2026模拟题/2026各区一模/2026顺义一模/细则/细则.pptx,/Users/wanglifei/Desktop/2026模拟题,2026各区一模/2026顺义一模/细则/细则.pptx,pptx,rubric,,inventory-only,de758e5e79500dd06e08fd5c9bb4ddc1a7dfcd46546912d0b3a0c989fda7e724,,119656,2026-04-23T17:00:01,
2026_顺义_一模,2026,顺义,一模,/Users/wanglifei/GaokaoPolitics/2026各区模拟题/2026各区一模/2026顺义一模/2026年顺义一模  细则.pptx,/Users/wanglifei/GaokaoPolitics/2026各区模拟题,2026各区一模/2026顺义一模/2026年顺义一模  细则.pptx,pptx,rubric,,duplicate-or-drift,de758e5e79500dd06e08fd5c9bb4ddc1a7dfcd46546912d0b3a0c989fda7e724,/Users/wanglifei/Desktop/2026模拟题/2026各区一模/2026顺义一模/细则/细则.pptx,119656,2026-04-23T17:00:01,exact_duplicate_of=/Users/wanglifei/Desktop/2026模拟题/2026各区一模/2026顺义一模/细则/细则.pptx
2026_顺义_二模,2026,顺义,二模,/Users/wanglifei/Desktop/2026模拟题/2026各区二模/2026顺义二模/试卷/26顺义二模(1).pdf,/Users/wanglifei/Desktop/2026模拟题,2026各区二模/2026顺义二模/试卷/26顺义二模(1).pdf,pdf,paper,,inventory-only,fb15943f37f694ac19837e8c5e75fb0272b38eae27ec5529bb037fa163c2a403,,5780991,2026-05-18T21:19:22,
2026_顺义_二模,2026,顺义,二模,/Users/wanglifei/Desktop/2026模拟题/2026各区二模/2026顺义二模/细则/26顺义二模评标.doc,/Users/wanglifei/Desktop/2026模拟题,2026各区二模/2026顺义二模/细则/26顺义二模评标.doc,doc,rubric,,inventory-only,643322688930483cce2aebff33fca339c45d22d7a0f6b9f98970c353fe8ee961,,60416,2026-05-18T21:32:19,
